Label	Assembly	Domain	Phylum	Class	Order	Family	Genus	Species
GCF_003992725.1|WP_127079945.1	GCF_003992725.1	Bacteria	Pseudomonadota	Alphaproteobacteria	Hyphomicrobiales	Hyphomicrobiaceae	Rhodomicrobium	Rhodomicrobium lacus
GCF_000202835.1|WP_013639888.1	GCF_000202835.1	Bacteria	Pseudomonadota	Alphaproteobacteria	Acetobacterales	Acidocellaceae	Acidiphilium	Acidiphilium multivorum
GCF_000701585.1|WP_029312851.1	GCF_000701585.1	Bacteria	Pseudomonadota	Alphaproteobacteria	Acetobacterales	Acidocellaceae	Acidiphilium	Acidiphilium angustum
GCF_900156265.1|WP_029312851.1	GCF_900156265.1	Bacteria	Pseudomonadota	Alphaproteobacteria	Acetobacterales	Acidocellaceae	Acidiphilium	Acidiphilium rubrum
GCF_033842475.1|WP_319614508.1	GCF_033842475.1	Bacteria	Pseudomonadota	Alphaproteobacteria	Acetobacterales	Acidocellaceae	Acidiphilium	Acidiphilium acidophilum
GCF_947090205.1|WP_276874477.1	GCF_947090205.1	Bacteria	Bacillota	Negativicutes	Veillonellales	Veillonellaceae	Dialister	Dialister micraerophilus
GCF_004363775.1|WP_133621392.1	GCF_004363775.1	Bacteria	Pseudomonadota	Betaproteobacteria	Burkholderiales	Burkholderiaceae	Hydromonas	Hydromonas duriensis
GCF_003339525.1|WP_114562677.1	GCF_003339525.1	Bacteria	Pseudomonadota	Betaproteobacteria	Burkholderiales	Burkholderiaceae	Ephemeroptericola	Ephemeroptericola cinctiostellae
GCF_014652675.1|WP_189493820.1	GCF_014652675.1	Bacteria	Pseudomonadota	Betaproteobacteria	Burkholderiales	Burkholderiaceae	Formosimonas	Formosimonas limnophila
GCF_007992495.1|WP_147156315.1	GCF_007992495.1	Bacteria	Pseudomonadota	Alphaproteobacteria	Hyphomicrobiales	Reyranellaceae	Reyranella	Reyranella soli
GCF_020880995.1|WP_230550927.1	GCF_020880995.1	Bacteria	Pseudomonadota	Alphaproteobacteria	Hyphomicrobiales	Reyranellaceae	Reyranella	Reyranella aquatilis
GCF_014925385.1|WP_193369466.1	GCF_014925385.1	Bacteria	Pseudomonadota	Alphaproteobacteria	Rhodospirillales	Rhodovibrionaceae	Pelagibius	Pelagibius marinus
GCF_900188055.1|WP_143596377.1	GCF_900188055.1	Bacteria	Pseudomonadota	Alphaproteobacteria	Rhodospirillales	Rhodovibrionaceae	Tistlia	Tistlia consotensis
GCF_011777495.1|WP_167673441.1	GCF_011777495.1	Bacteria	Pseudomonadota	Alphaproteobacteria	Hyphomicrobiales	Methylobacteriaceae	Microvirga	Microvirga terricola
GCF_000423185.1|WP_162146080.1	GCF_000423185.1	Bacteria	Pseudomonadota	Alphaproteobacteria	Rhodospirillales	Rhodospirillaceae	Inquilinus	Inquilinus limosus
GCF_014196765.1|WP_183798277.1	GCF_014196765.1	Bacteria	Pseudomonadota	Alphaproteobacteria	Hyphomicrobiales	Rhizobiaceae	Mycoplana	Mycoplana azooxidifex
GCF_900445235.1|WP_115733654.1	GCF_900445235.1	Bacteria	Pseudomonadota	Alphaproteobacteria	Hyphomicrobiales	Phyllobacteriaceae	Aminobacter	Aminobacter aminovorans
GCF_003403035.1|WP_116623665.1	GCF_003403035.1	Bacteria	Pseudomonadota	Alphaproteobacteria	Hyphomicrobiales	Phyllobacteriaceae	Mesorhizobium	Mesorhizobium denitrificans
GCF_900114255.1|WP_149759132.1	GCF_900114255.1	Bacteria	Pseudomonadota	Alphaproteobacteria	Hyphomicrobiales	Phyllobacteriaceae	Neomesorhizobium	Neomesorhizobium albiziae
GCF_009826895.1|WP_160773856.1	GCF_009826895.1	Bacteria	Pseudomonadota	Alphaproteobacteria	Hyphomicrobiales	Stappiaceae	Stappia	Stappia sediminis
GCF_023487995.1|WP_249579083.1	GCF_023487995.1	Bacteria	Pseudomonadota	Alphaproteobacteria	Rhodobacterales	Paracoccaceae	Thermohalobaculum	Thermohalobaculum sediminis
GCF_900231165.1|WP_162292610.1	GCF_900231165.1	Bacteria	Pseudomonadota	Alphaproteobacteria	Hyphomicrobiales	Pleomorphomonadaceae	Hartmannibacter	Hartmannibacter diazotrophicus
GCF_011068405.5|WP_166346656.1	GCF_011068405.5	Bacteria	Pseudomonadota	Alphaproteobacteria	Hyphomicrobiales	Nitrobacteraceae	Bradyrhizobium	Bradyrhizobium barranii
GCF_011604665.2|WP_166469373.1	GCF_011604665.2	Bacteria	Pseudomonadota	Alphaproteobacteria	Hyphomicrobiales	Nitrobacteraceae	Bradyrhizobium	Bradyrhizobium symbiodeficiens
GCF_021088345.1|WP_231319178.1	GCF_021088345.1	Bacteria	Pseudomonadota	Alphaproteobacteria	Hyphomicrobiales	Nitrobacteraceae	Bradyrhizobium	Bradyrhizobium ontarionense
GCF_001305515.1|WP_054358036.1	GCF_001305515.1	Bacteria	Pseudomonadota	Alphaproteobacteria	Hyphomicrobiales	Ancalomicrobiaceae	Prosthecodimorpha	Prosthecodimorpha hirschii
GCF_018729455.1|WP_261967145.1	GCF_018729455.1	Bacteria	Pseudomonadota	Alphaproteobacteria	Hyphomicrobiales	Ancalomicrobiaceae	Prosthecodimorpha	Prosthecodimorpha staleyi
GCF_024294805.1|WP_254742907.1	GCF_024294805.1	Bacteria	Pseudomonadota	Alphaproteobacteria	Hyphomicrobiales	Alsobacteraceae	Alsobacter	Alsobacter ponti
GCF_000518665.1|WP_161634662.1	GCF_000518665.1	Bacteria	Pseudomonadota	Alphaproteobacteria	Hyphomicrobiales	Methylobacteriaceae	Microvirga	Microvirga flocculans
GCF_014191055.1|WP_183446075.1	GCF_014191055.1	Bacteria	Pseudomonadota	Alphaproteobacteria	Hyphomicrobiales	Methylobacteriaceae	Microvirga	Microvirga lupini
GCF_015694425.1|WP_196263450.1	GCF_015694425.1	Bacteria	Pseudomonadota	Alphaproteobacteria	Hyphomicrobiales	Methylobacteriaceae	Microvirga	Microvirga terrestris
GCF_016811235.1|WP_203273522.1	GCF_016811235.1	Bacteria	Pseudomonadota	Alphaproteobacteria	Hyphomicrobiales	Methylobacteriaceae	Microvirga	Microvirga arabica
GCF_016735695.1|WP_210381282.1	GCF_016735695.1	Bacteria	Pseudomonadota	Alphaproteobacteria	Hyphomicrobiales	Methylobacteriaceae	Microvirga	Microvirga zambiensis
GCF_013307435.2|WP_173948150.1	GCF_013307435.2	Bacteria	Pseudomonadota	Alphaproteobacteria	Hyphomicrobiales	Methylobacteriaceae	Microvirga	Microvirga terrae
GCF_025460805.1|WP_262273438.1	GCF_025460805.1	Bacteria	Pseudomonadota	Alphaproteobacteria	Hyphomicrobiales	Methylobacteriaceae	Microvirga	Microvirga sesbaniae
GCF_025460875.1|WP_262273438.1	GCF_025460875.1	Bacteria	Pseudomonadota	Alphaproteobacteria	Hyphomicrobiales	Methylobacteriaceae	Microvirga	Microvirga yunnanensis
GCF_013520865.1|WP_181050586.1	GCF_013520865.1	Bacteria	Pseudomonadota	Alphaproteobacteria	Hyphomicrobiales	Methylobacteriaceae	Microvirga	Microvirga mediterraneensis
GCF_003347665.1|WP_114943360.1	GCF_003347665.1	Bacteria	Pseudomonadota	Alphaproteobacteria	Hyphomicrobiales	Methylobacteriaceae	Microvirga	Microvirga calopogonii
GCF_034627025.1|WP_009493328.1	GCF_034627025.1	Bacteria	Pseudomonadota	Alphaproteobacteria	Hyphomicrobiales	Methylobacteriaceae	Microvirga	Microvirga lotononidis
GCF_009910725.1|WP_161722113.1	GCF_009910725.1	Bacteria	Pseudomonadota	Alphaproteobacteria	Hyphomicrobiales	Methylobacteriaceae	Microvirga	Microvirga arsenatis
GCF_001017175.1|WP_160310479.1	GCF_001017175.1	Bacteria	Pseudomonadota	Alphaproteobacteria	Hyphomicrobiales	Methylobacteriaceae	Microvirga	Microvirga vignae
GCF_900102135.1|WP_091131014.1	GCF_900102135.1	Bacteria	Pseudomonadota	Alphaproteobacteria	Hyphomicrobiales	Methylobacteriaceae	Microvirga	Microvirga guangxiensis
GCF_004458765.1|WP_134500500.1	GCF_004458765.1	Bacteria	Pseudomonadota	Alphaproteobacteria	Hyphomicrobiales	Methylobacteriaceae	Microvirga	Microvirga pakistanensis
GCF_009830105.1|WP_160883892.1	GCF_009830105.1	Bacteria	Pseudomonadota	Alphaproteobacteria	Hyphomicrobiales	Methylobacteriaceae	Microvirga	Microvirga makkahensis
GCF_022808595.1|WP_243370345.1	GCF_022808595.1	Bacteria	Pseudomonadota	Alphaproteobacteria	Hyphomicrobiales	Methylobacteriaceae	Microvirga	Microvirga solisilvae
GCF_002741015.1|WP_210422189.1	GCF_002741015.1	Bacteria	Pseudomonadota	Alphaproteobacteria	Hyphomicrobiales	Methylobacteriaceae	Microvirga	Microvirga ossetica
GCF_003332305.1|WP_114184757.1	GCF_003332305.1	Bacteria	Pseudomonadota	Alphaproteobacteria	Hyphomicrobiales	Methylobacteriaceae	Microvirga	Microvirga aerophila
GCF_003350535.1|WP_114772928.1	GCF_003350535.1	Bacteria	Pseudomonadota	Alphaproteobacteria	Hyphomicrobiales	Methylobacteriaceae	Microvirga	Microvirga subterranea
GCF_016734765.1|WP_281401795.1	GCF_016734765.1	Bacteria	Pseudomonadota	Alphaproteobacteria	Hyphomicrobiales	Methylobacteriaceae	Microvirga	Microvirga soli
GCF_016892765.1|WP_307826649.1	GCF_016892765.1	Bacteria	Pseudomonadota	Alphaproteobacteria	Hyphomicrobiales	Methylobacteriaceae	Microvirga	Microvirga arvi
GCF_016427565.1|WP_199050242.1	GCF_016427565.1	Bacteria	Pseudomonadota	Alphaproteobacteria	Hyphomicrobiales	Methylobacteriaceae	Microvirga	Microvirga splendida
GCF_000711725.1|WP_156963696.1	GCF_000711725.1	Bacteria	Pseudomonadota	Alphaproteobacteria	Acetobacterales	Roseomonadaceae	Muricoccus	Muricoccus aerilatus
GCF_006438825.1|WP_140886157.1	GCF_006438825.1	Bacteria	Pseudomonadota	Alphaproteobacteria	Acetobacterales	Roseomonadaceae	Muricoccus	Muricoccus nepalensis
GCF_009848505.1|WP_159349813.1	GCF_009848505.1	Bacteria	Pseudomonadota	Alphaproteobacteria	Acetobacterales	Roseomonadaceae	Muricoccus	Muricoccus harenae
GCF_900141905.1|WP_073136692.1	GCF_900141905.1	Bacteria	Pseudomonadota	Alphaproteobacteria	Acetobacterales	Roseomonadaceae	Muricoccus	Muricoccus roseus
GCF_017813365.1|WP_209373738.1	GCF_017813365.1	Bacteria	Pseudomonadota	Alphaproteobacteria	Acetobacterales	Roseomonadaceae	Roseomonas	Roseomonas indoligenes
GCF_004005855.1|WP_127789362.1	GCF_004005855.1	Bacteria	Pseudomonadota	Alphaproteobacteria	Acetobacterales	Roseomonadaceae	Rhodovarius	Rhodovarius crocodyli
GCF_009900765.1|WP_160123182.1	GCF_009900765.1	Bacteria	Pseudomonadota	Alphaproteobacteria	Acetobacterales	Roseomonadaceae	Rhodovarius	Rhodovarius lipocyclicus
GCF_026183895.1|WP_301591369.1	GCF_026183895.1	Bacteria	Pseudomonadota	Alphaproteobacteria	Acetobacterales	Acetobacteraceae	Sabulicella	Sabulicella glaciei
GCF_012163135.1|WP_168042438.1	GCF_012163135.1	Bacteria	Pseudomonadota	Alphaproteobacteria	Acetobacterales	Acetobacteraceae	Neoroseomonas	Neoroseomonas oryzicola
GCF_014644535.1|WP_188967127.1	GCF_014644535.1	Bacteria	Pseudomonadota	Alphaproteobacteria	Acetobacterales	Acetobacteraceae	Neoroseomonas	Neoroseomonas lacus
GCF_019430885.1|WP_219762911.1	GCF_019430885.1	Bacteria	Pseudomonadota	Alphaproteobacteria	Acetobacterales	Roseomonadaceae	Roseomonas	Roseomonas alba
GCF_018128965.1|WP_211873233.1	GCF_018128965.1	Bacteria	Pseudomonadota	Alphaproteobacteria	Acetobacterales	Acetobacteraceae	Plastoroseomonas	Plastoroseomonas arctica
GCF_018129085.1|WP_211856010.1	GCF_018129085.1	Bacteria	Pseudomonadota	Alphaproteobacteria	Acetobacterales	Acetobacteraceae	Plastoroseomonas	Plastoroseomonas hellenica
GCF_021864505.1|WP_237217591.1	GCF_021864505.1	Bacteria	Pseudomonadota	Alphaproteobacteria	Acetobacterales	Roseomonadaceae	Falsiroseomonas	Falsiroseomonas oryziterrae
GCF_011040385.1|WP_164693873.1	GCF_011040385.1	Bacteria	Pseudomonadota	Alphaproteobacteria	Acetobacterales	Roseomonadaceae	Falsiroseomonas	Falsiroseomonas algicola
GCF_900114315.1|WP_092958531.1	GCF_900114315.1	Bacteria	Pseudomonadota	Alphaproteobacteria	Acetobacterales	Roseomonadaceae	Falsiroseomonas	Falsiroseomonas stagni
GCF_012163145.1|WP_168054603.1	GCF_012163145.1	Bacteria	Pseudomonadota	Alphaproteobacteria	Acetobacterales	Roseomonadaceae	Falsiroseomonas	Falsiroseomonas frigidaquae
GCF_019024325.1|WP_216836968.1	GCF_019024325.1	Bacteria	Pseudomonadota	Alphaproteobacteria	Acetobacterales	Roseomonadaceae	Falsiroseomonas	Falsiroseomonas tokyonensis
GCF_012103215.1|WP_168033782.1	GCF_012103215.1	Bacteria	Pseudomonadota	Alphaproteobacteria	Acetobacterales	Roseomonadaceae	Falsiroseomonas	Falsiroseomonas selenitidurans
GCF_019029495.1|WP_216877674.1	GCF_019029495.1	Bacteria	Pseudomonadota	Alphaproteobacteria	Acetobacterales	Roseomonadaceae	Falsiroseomonas	Falsiroseomonas oleicola
GCF_024594815.1|WP_257719069.1	GCF_024594815.1	Bacteria	Pseudomonadota	Alphaproteobacteria	Acetobacterales	Roseomonadaceae	Roseomonas	Roseomonas populi
GCF_050154705.1|WP_426957874.1	GCF_050154705.1	Bacteria	Pseudomonadota	Alphaproteobacteria	Acetobacterales	Roseomonadaceae	Muricoccus	Muricoccus radiodurans
GCF_023223525.1|WP_248668602.1	GCF_023223525.1	Bacteria	Pseudomonadota	Alphaproteobacteria	Acetobacterales	Roseomonadaceae	Roseomonas	Roseomonas acroporae
GCF_030657435.1|WP_305106039.1	GCF_030657435.1	Bacteria	Pseudomonadota	Alphaproteobacteria	Acetobacterales	Roseomonadaceae	Paracraurococcus	Paracraurococcus lichenis
GCF_014283215.1|WP_186772426.1	GCF_014283215.1	Bacteria	Pseudomonadota	Alphaproteobacteria	Acetobacterales	Roseomonadaceae	Siccirubricoccus	Siccirubricoccus deserti
GCF_016773205.1|WP_202832776.1	GCF_016773205.1	Bacteria	Pseudomonadota	Alphaproteobacteria	Acetobacterales	Roseomonadaceae	Belnapia	Belnapia arida
GCF_030409335.1|WP_290319491.1	GCF_030409335.1	Bacteria	Pseudomonadota	Alphaproteobacteria	Acetobacterales	Acetobacteraceae	Paeniroseomonas	Paeniroseomonas aquatica
GCF_039523795.1|WP_343896041.1	GCF_039523795.1	Bacteria	Pseudomonadota	Alphaproteobacteria	Acetobacterales	Acetobacteraceae	Craurococcus	Craurococcus roseus
GCF_016775475.1|WP_202828667.1	GCF_016775475.1	Bacteria	Pseudomonadota	Alphaproteobacteria	Acetobacterales	Roseomonadaceae	Belnapia	Belnapia mucosa
GCF_900101615.1|WP_090665039.1	GCF_900101615.1	Bacteria	Pseudomonadota	Alphaproteobacteria	Acetobacterales	Roseomonadaceae	Belnapia	Belnapia rosea
GCF_003258945.1|WP_128080072.1	GCF_003258945.1	Bacteria	Pseudomonadota	Alphaproteobacteria	Acetobacterales	Roseomonadaceae	Roseicella	Roseicella frigidaeris
GCF_004343615.1|WP_132291649.1	GCF_004343615.1	Bacteria	Pseudomonadota	Alphaproteobacteria	Acetobacterales	Roseomonadaceae	Roseicella	Roseicella aquatilis
GCF_004355005.1|WP_133293150.1	GCF_004355005.1	Bacteria	Pseudomonadota	Alphaproteobacteria	Acetobacterales	Roseomonadaceae	Dankookia	Dankookia rubra
GCF_003004785.1|WP_158266844.1	GCF_003004785.1	Bacteria	Pseudomonadota	Alphaproteobacteria	Hyphomicrobiales	Alsobacteraceae	Alsobacter	Alsobacter soli
GCF_004522175.1|WP_134681728.1	GCF_004522175.1	Bacteria	Pseudomonadota	Alphaproteobacteria	Rhodobacterales	Paracoccaceae	Paracoccus	Paracoccus ravus
GCF_009711205.1|WP_155041828.1	GCF_009711205.1	Bacteria	Pseudomonadota	Alphaproteobacteria	Rhodobacterales	Paracoccaceae	Paracoccus	Paracoccus litorisediminis
GCF_029222685.1|WP_418902894.1	GCF_029222685.1	Bacteria	Pseudomonadota	Alphaproteobacteria	Hyphomicrobiales	Roseiarcaceae	Terripilifer	Terripilifer ovatus
GCF_003290125.1|WP_198411816.1	GCF_003290125.1	Bacteria	Pseudomonadota	Alphaproteobacteria	Hyphomicrobiales	Methylobacteriaceae	Microvirga	Microvirga flavescens
GCF_008757455.1|WP_162419629.1	GCF_008757455.1	Bacteria	Pseudomonadota	Alphaproteobacteria	Hyphomicrobiales	Methylobacteriaceae	Microvirga	Microvirga brassicacearum
GCF_020595095.1|WP_227383321.1	GCF_020595095.1	Bacteria	Pseudomonadota	Alphaproteobacteria	Hyphomicrobiales	Methylobacteriaceae	Microvirga	Microvirga rosea
GCF_000314675.2|WP_006020110.1	GCF_000314675.2	Bacteria	Pseudomonadota	Alphaproteobacteria	Hyphomicrobiales	Nitrobacteraceae	Afipia	Afipia broomeae
GCF_034720605.1|WP_183914317.1	GCF_034720605.1	Bacteria	Pseudomonadota	Alphaproteobacteria	Hyphomicrobiales	Rhizobiaceae	Rhizobium	Rhizobium mulingense
GCF_002355335.1|WP_130364635.1	GCF_002355335.1	Bacteria	Pseudomonadota	Alphaproteobacteria	Hyphomicrobiales	Nitrobacteraceae	Variibacter	Variibacter gotjawalensis
GCF_012910955.1|WP_169262313.1	GCF_012910955.1	Bacteria	Pseudomonadota	Betaproteobacteria	Rhodocyclales	Rhodocyclaceae	Aromatoleum	Aromatoleum diolicum
GCF_027864655.1|WP_337997973.1	GCF_027864655.1	Bacteria	Pseudomonadota	Alphaproteobacteria	Rhodospirillales	Oleispirillaceae	Oleispirillum	Oleispirillum naphthae
GCF_000381985.1|WP_169545054.1	GCF_000381985.1	Bacteria	Pseudomonadota	Alphaproteobacteria	Rhodospirillales	Novispirillaceae	Novispirillum	Novispirillum itersonii
GCF_900156605.1|WP_245821211.1	GCF_900156605.1	Bacteria	Pseudomonadota	Alphaproteobacteria	Rhodospirillales	Novispirillaceae	Insolitispirillum	Insolitispirillum peregrinum
GCF_001650715.1|WP_068495519.1	GCF_001650715.1	Bacteria	Pseudomonadota	Alphaproteobacteria	Rhodospirillales	Magnetospirillaceae	Paramagnetospirillum	Paramagnetospirillum marisnigri
GCF_001650635.1|WP_245644368.1	GCF_001650635.1	Bacteria	Pseudomonadota	Alphaproteobacteria	Rhodospirillales	Rhodospirillaceae	Magnetospirillum	Magnetospirillum moscoviense
GCF_018224925.1|WP_428846057.1	GCF_018224925.1	Bacteria	Pseudomonadota	Alphaproteobacteria	Rhodospirillales	Rhodospirillaceae	Magnetospirillum	Magnetospirillum sulfuroxidans
GCF_021353265.1|WP_233375343.1	GCF_021353265.1	Bacteria	Pseudomonadota	Betaproteobacteria	Burkholderiales	Sphaerotilaceae	Roseateles	Pelomonas cellulosilytica
GCF_001929405.1|WP_075257932.1	GCF_001929405.1	Bacteria	Pseudomonadota	Betaproteobacteria	Burkholderiales	Oxalobacteraceae	Herbaspirillum	Herbaspirillum camelliae
GCF_051251145.1|WP_435639565.1	GCF_051251145.1	Bacteria	Pseudomonadota	Gammaproteobacteria	Oceanospirillales	Halomonadaceae	Carnimonas	Carnimonas bestiolae
GCF_040049155.1|WP_348979906.1	GCF_040049155.1	Bacteria	Pseudomonadota	Alphaproteobacteria	Sphingomonadales	Sphingomonadaceae	Sphingomonas	Sphingomonas silueang
GCF_004138485.1|WP_129778020.1	GCF_004138485.1	Bacteria	Pseudomonadota	Gammaproteobacteria	Steroidobacterales	Steroidobacteraceae	Peristeroidobacter	Peristeroidobacter soli
GCF_042651805.1|WP_380605353.1	GCF_042651805.1	Bacteria	Pseudomonadota	Gammaproteobacteria	Steroidobacterales	Steroidobacteraceae	Steroidobacter	Steroidobacter flavus
GCF_040812335.1|WP_367852364.1	GCF_040812335.1	Bacteria	Pseudomonadota	Gammaproteobacteria	Lysobacterales	Rhodanobacteraceae	Rhodanobacter	Rhodanobacter lycopersici
GCF_900114325.1|WP_092703576.1	GCF_900114325.1	Bacteria	Pseudomonadota	Gammaproteobacteria	Lysobacterales	Rhodanobacteraceae	Rhodanobacter	Rhodanobacter glycinis
GCF_036688725.1|WP_332846292.1	GCF_036688725.1	Bacteria	Pseudomonadota	Gammaproteobacteria	Pseudomonadales	Pseudomonadaceae	Pseudomonas	Pseudomonas lactucae
GCF_037076465.1|WP_261846691.1	GCF_037076465.1	Bacteria	Pseudomonadota	Gammaproteobacteria	Enterobacterales	Pectobacteriaceae	Pectobacterium	Pectobacterium araliae
GCF_011761565.1|WP_167082675.1	GCF_011761565.1	Bacteria	Pseudomonadota	Alphaproteobacteria	Micropepsales	Micropepsaceae	Rhizomicrobium	Rhizomicrobium palustre
GCF_039537525.1|WP_184035847.1	GCF_039537525.1	Bacteria	Pseudomonadota	Alphaproteobacteria	Sphingomonadales	Sphingomonadaceae	Sphingomonas	Sphingomonas endophytica
GCF_005860775.1|WP_138363155.1	GCF_005860775.1	Bacteria	Pseudomonadota	Gammaproteobacteria	Enterobacterales	Enterobacteriaceae	Klebsiella	Klebsiella indica
GCF_900110925.1|WP_069518283.1	GCF_900110925.1	Bacteria	Pseudomonadota	Gammaproteobacteria	Pseudomonadales	Pseudomonadaceae	Pseudomonas	Pseudomonas cuatrocienegasensis
GCF_032395385.1|WP_315708141.1	GCF_032395385.1	Bacteria	Pseudomonadota	Gammaproteobacteria	Enterobacterales	Pectobacteriaceae	Brenneria	Brenneria uluponensis
GCF_008330085.1|WP_158262933.1	GCF_008330085.1	Bacteria	Pseudomonadota	Gammaproteobacteria	Enterobacterales	Enterobacteriaceae	Kosakonia	Kosakonia radicincitans
GCF_016909495.1|WP_205066635.1	GCF_016909495.1	Bacteria	Pseudomonadota	Gammaproteobacteria	Enterobacterales	Erwiniaceae	Pantoea	Pantoea coffeiphila
GCF_051175315.1|WP_435017335.1	GCF_051175315.1	Bacteria	Planctomycetota	Planctomycetia	Isosphaerales	Isosphaeraceae	Tundrisphaera	Tundrisphaera macrotermitis
GCF_964023245.1|WP_348759209.1	GCF_964023245.1	Bacteria	Pseudomonadota	Gammaproteobacteria	Methylococcales	Methylococcaceae	Candidatus Methylocalor	Candidatus Methylocalor cossyra
GCF_004342175.1|WP_132976175.1	GCF_004342175.1	Bacteria	Pseudomonadota	Gammaproteobacteria	Chromatiales	Chromatiaceae	Thiobaca	Thiobaca trueperi
GCF_000223985.1|WP_007191555.1	GCF_000223985.1	Bacteria	Pseudomonadota	Gammaproteobacteria	Chromatiales	Chromatiaceae	Thiocapsa	Thiocapsa marina
GCF_021228795.1|WP_232406509.1	GCF_021228795.1	Bacteria	Pseudomonadota	Gammaproteobacteria	Chromatiales	Chromatiaceae	Thiocapsa	Thiocapsa bogorovii
GCF_018137965.1|WP_211633677.1	GCF_018137965.1	Bacteria	Verrucomicrobiota	Verrucomicrobiia	Verrucomicrobiales	Verrucomicrobiaceae	Luteolibacter	Luteolibacter ambystomatis
GCF_025950095.1|WP_264516334.1	GCF_025950095.1	Bacteria	Verrucomicrobiota	Verrucomicrobiia	Verrucomicrobiales	Verrucomicrobiaceae	Luteolibacter	Luteolibacter rhizosphaerae
GCF_038066715.1|WP_341404756.1	GCF_038066715.1	Bacteria	Verrucomicrobiota	Verrucomicrobiia	Verrucomicrobiales	Verrucomicrobiaceae	Luteolibacter	Luteolibacter soli
GCF_025950235.1|WP_264489657.1	GCF_025950235.1	Bacteria	Verrucomicrobiota	Verrucomicrobiia	Verrucomicrobiales	Verrucomicrobiaceae	Luteolibacter	Luteolibacter arcticus
GCF_025950085.1|WP_264501381.1	GCF_025950085.1	Bacteria	Verrucomicrobiota	Verrucomicrobiia	Verrucomicrobiales	Verrucomicrobiaceae	Luteolibacter	Luteolibacter flavescens
GCF_004341915.1|WP_042724360.1	GCF_004341915.1	Bacteria	Verrucomicrobiota	Spartobacteria	Chthoniobacterales	Chthoniobacteraceae	Chthoniobacter	Chthoniobacter flavus
GCF_016595465.1|WP_200351398.1	GCF_016595465.1	Bacteria	Verrucomicrobiota	Verrucomicrobiia	Verrucomicrobiales	Verrucomicrobiaceae	Luteolibacter	Luteolibacter yonseiensis
GCF_009828925.2|WP_206444618.1	GCF_009828925.2	Bacteria	Pseudomonadota	Gammaproteobacteria	Methylococcales	Methylococcaceae	Methylicorpusculum	Methylicorpusculum oleiharenae
GCF_000379525.1|WP_157639717.1	GCF_000379525.1	Bacteria	Pseudomonadota	Gammaproteobacteria	Chromatiales	Chromatiaceae	Lamprocystis	Lamprocystis purpurea
GCF_002813775.1|WP_236848902.1	GCF_002813775.1	Bacteria	Pseudomonadota	Gammaproteobacteria	Chromatiales	Chromatiaceae	Thiodictyon	Candidatus Thiodictyon syntrophicum
GCF_015207985.1|WP_194020512.1	GCF_015207985.1	Bacteria	Cyanobacteriota	Cyanophyceae	Synechococcales	Merismopediaceae	Synechocystis	Synechocystis salina
GCF_000169335.1|WP_008278067.1	GCF_000169335.1	Bacteria	Cyanobacteriota	Cyanophyceae	Chroococcales	Aphanothecaceae	Crocosphaera	Crocosphaera chwakensis
GCF_000021805.1|WP_012594667.1	GCF_000021805.1	Bacteria	Cyanobacteriota	Cyanophyceae	Chroococcales	Aphanothecaceae	Rippkaea	Rippkaea orientalis
GCF_003864295.1|WP_124975273.1	GCF_003864295.1	Bacteria	Cyanobacteriota	Cyanophyceae	Chroococcales	Aphanothecaceae	Aphanothece	Aphanothece sacrum
GCF_000332315.1|WP_017712780.1	GCF_000332315.1	Bacteria	Cyanobacteriota	Cyanophyceae	Prochlorotrichales	Prochlorotrichaceae	Prochlorothrix	Prochlorothrix hollandica
GCF_000317145.1|WP_015160353.1	GCF_000317145.1	Bacteria	Cyanobacteriota	Cyanophyceae	Gomontiellales	Chamaesiphonaceae	Chamaesiphon	Chamaesiphon minutus
GCF_022848905.1|WP_244351790.1	GCF_022848905.1	Bacteria	Cyanobacteriota	Cyanophyceae	Thermostichales	Thermostichaceae	Thermostichus	Thermostichus vulcanus
GCF_001870225.1|WP_071454132.1	GCF_001870225.1	Bacteria	Cyanobacteriota	Cyanophyceae	Gloeomargaritales	Gloeomargaritaceae	Gloeomargarita	Gloeomargarita lithophora
GCF_026240635.1|WP_265903720.1	GCF_026240635.1	Bacteria	Cyanobacteriota	Cyanophyceae	Leptolyngbyales	Trichocoleusaceae	Trichothermofontia	Trichothermofontia sichuanensis
GCF_022984195.1|WP_011377650.1	GCF_022984195.1	Bacteria	Cyanobacteriota	Cyanophyceae	Synechococcales	Synechococcaceae	Synechococcus	Synechococcus elongatus
GCF_024345595.1|WP_255096924.1	GCF_024345595.1	Bacteria	Cyanobacteriota	Cyanophyceae	Synechococcales	Synechococcaceae	Synechococcus	Synechococcus lacustris
GCF_002252705.1|WP_094591055.1	GCF_002252705.1	Bacteria	Cyanobacteriota	Cyanophyceae	Synechococcales	Synechococcaceae	Vulcanococcus	Vulcanococcus limneticus
GCF_000316515.1|WP_015109107.1	GCF_000316515.1	Bacteria	Cyanobacteriota	Cyanophyceae	Synechococcales	Prochlorococcaceae	Cyanobium	Cyanobium gracile
GCF_003003925.1|WP_106222762.1	GCF_003003925.1	Bacteria	Cyanobacteriota	Cyanophyceae	Chroococcales	Aphanothecaceae	Aphanothece	Aphanothece minutissima
GCF_046613545.2|WP_411424457.1	GCF_046613545.2	Bacteria	Cyanobacteriota	Cyanophyceae	Chroococcales	Aphanothecaceae	Aphanothece	Aphanothece microscopica
GCF_046764815.1|WP_411424457.1	GCF_046764815.1	Bacteria	Cyanobacteriota	Cyanophyceae	Chroococcales	Aphanothecaceae	Aphanothece	Aphanothece stagnina
GCF_963920485.1|WP_322764866.1	GCF_963920485.1	Bacteria	Cyanobacteriota	Cyanophyceae	Synechococcales	Prochlorococcaceae	Cyanobium	Cyanobium usitatum
GCF_002018015.1|WP_078232471.1	GCF_002018015.1	Bacteria	Cyanobacteriota	Cyanophyceae	Synechococcales	Synechococcaceae	Synechococcus	Candidatus Synechococcus spongiarum
GCF_000015665.1|WP_011819400.1	GCF_000015665.1	Bacteria	Cyanobacteriota	Cyanophyceae	Synechococcales	Prochlorococcaceae	Prochlorococcus	Prochlorococcus marinus
GCF_000195975.1|WP_011127203.1	GCF_000195975.1	Bacteria	Cyanobacteriota	Cyanophyceae	Synechococcales	Prochlorococcaceae	Parasynechococcus	Parasynechococcus marenigrum
GCF_000309385.1|WP_017302214.1	GCF_000309385.1	Bacteria	Cyanobacteriota	Cyanophyceae	Nodosilineales	Nodosilineaceae	Nodosilinea	Nodosilinea nodulosa
GCF_001311845.1|WP_218188042.1	GCF_001311845.1	Bacteria	Thermodesulfobacteriota	Desulfobacteria	Desulfobacterales	Desulfosarcinaceae	Desulfosarcina	Desulfosarcina cetonica
GCF_009688985.1|WP_197910373.1	GCF_009688985.1	Bacteria	Thermodesulfobacteriota	Desulfobacteria	Desulfobacterales	Desulfosarcinaceae	Desulfosarcina	Desulfosarcina ovata
GCF_000429925.1|WP_035259150.1	GCF_000429925.1	Bacteria	Thermodesulfobacteriota	Desulfobacteria	Desulfobacterales	Desulfatirhabdiaceae	Desulfatirhabdium	Desulfatirhabdium butyrativorans
GCF_000711225.1|WP_029914726.1	GCF_000711225.1	Bacteria	Thermodesulfobacteriota	Desulfuromonadia	Desulfuromonadales	Desulfuromonadaceae	Pelobacter	Pelobacter seleniigenes
GCF_031729055.1|WP_322879642.1	GCF_031729055.1	Bacteria	Cyanobacteriota	Cyanophyceae	Acaryochloridales	Thermosynechococcaceae	Pseudocalidococcus	Pseudocalidococcus azoricus
GCF_029582805.1|WP_277867975.1	GCF_029582805.1	Bacteria	Cyanobacteriota	Cyanophyceae	Synechococcales	Synechococcaceae	Synechococcus	Candidatus Synechococcus calcipolaris
GCF_002754935.1|WP_198406160.1	GCF_002754935.1	Bacteria	Cyanobacteriota	Cyanophyceae	Acaryochloridales	Thermosynechococcaceae	Parathermosynechococcus	Parathermosynechococcus lividus
GCF_000011345.1|WP_164920652.1	GCF_000011345.1	Bacteria	Cyanobacteriota	Cyanophyceae	Acaryochloridales	Thermosynechococcaceae	Thermosynechococcus	Thermosynechococcus vestitus
GCF_003555505.1|WP_181495413.1	GCF_003555505.1	Bacteria	Cyanobacteriota	Cyanophyceae	Acaryochloridales	Thermosynechococcaceae	Thermosynechococcus	Thermosynechococcus sichuanensis
GCF_041929205.1|WP_413281475.1	GCF_041929205.1	Bacteria	Cyanobacteriota	Cyanophyceae	Aerosakkonematales	Aerosakkonemataceae	Floridanema	Floridanema evergladense
GCF_041929345.1|WP_413269628.1	GCF_041929345.1	Bacteria	Cyanobacteriota	Cyanophyceae	Aerosakkonematales	Aerosakkonemataceae	Floridanema	Floridanema aerugineum
GCF_000332155.1|WP_007358126.1	GCF_000332155.1	Bacteria	Cyanobacteriota	Cyanophyceae	Oscillatoriales	Microcoleaceae	Kamptonema	Kamptonema formosum
GCF_028330895.1|WP_272030185.1	GCF_028330895.1	Bacteria	Cyanobacteriota	Cyanophyceae	Oscillatoriales	Microcoleaceae	Kamptonema	Kamptonema animale
GCF_022701275.1|WP_006635279.1	GCF_022701275.1	Bacteria	Cyanobacteriota	Cyanophyceae	Oscillatoriales	Microcoleaceae	Microcoleus	Microcoleus vaginatus
GCF_000317475.1|WP_015176168.1	GCF_000317475.1	Bacteria	Cyanobacteriota	Cyanophyceae	Oscillatoriales	Oscillatoriaceae	Phormidium	Phormidium nigroviride
GCF_013179805.1|WP_172190822.1	GCF_013179805.1	Bacteria	Cyanobacteriota	Cyanophyceae	Oscillatoriales	Microcoleaceae	Microcoleus	Microcoleus asticus
GCF_003838225.1|WP_133433983.1	GCF_003838225.1	Bacteria	Cyanobacteriota	Cyanophyceae	Oscillatoriales	Microcoleaceae	Okeania	Okeania hirsuta
GCF_900009265.2|WP_083622599.1	GCF_900009265.2	Bacteria	Cyanobacteriota	Cyanophyceae	Oscillatoriales	Microcoleaceae	Planktothrix	Planktothrix paucivesiculata
GCF_900010725.2|WP_083626163.1	GCF_900010725.2	Bacteria	Cyanobacteriota	Cyanophyceae	Oscillatoriales	Microcoleaceae	Planktothrix	Planktothrix serta
GCF_015207485.1|WP_193867723.1	GCF_015207485.1	Bacteria	Cyanobacteriota	Cyanophyceae	Oscillatoriales	Microcoleaceae	Planktothrix	Planktothrix mougeotii
GCF_904830955.1|WP_072721190.1	GCF_904830955.1	Bacteria	Cyanobacteriota	Cyanophyceae	Oscillatoriales	Microcoleaceae	Planktothrix	Planktothrix tepida
GCF_009176225.1|WP_006618624.1	GCF_009176225.1	Bacteria	Cyanobacteriota	Cyanophyceae	Oscillatoriales	Sirenicapillariaceae	Limnospira	Limnospira platensis
GCF_000973065.1|WP_008056793.1	GCF_000973065.1	Bacteria	Cyanobacteriota	Cyanophyceae	Oscillatoriales	Sirenicapillariaceae	Limnospira	Limnospira indica
GCF_034191835.1|WP_315664251.1	GCF_034191835.1	Bacteria	Cyanobacteriota	Cyanophyceae	Oscillatoriales	Sirenicapillariaceae	Limnospira	Limnospira fusiformis
GCF_034932365.1|WP_323223435.1	GCF_034932365.1	Bacteria	Cyanobacteriota	Cyanophyceae	Oscillatoriales	Sirenicapillariaceae	Limnoraphis	Limnoraphis robusta
GCF_000478195.2|WP_023068302.1	GCF_000478195.2	Bacteria	Cyanobacteriota	Cyanophyceae	Oscillatoriales	Microcoleaceae	Lyngbya	Lyngbya aestuarii
GCF_047276495.1|WP_413164469.1	GCF_047276495.1	Bacteria	Cyanobacteriota	Cyanophyceae	Oscillatoriales	Sirenicapillariaceae	Capilliphycus	Capilliphycus salinus
GCF_000147335.1|WP_013334584.1	GCF_000147335.1	Bacteria	Cyanobacteriota	Cyanophyceae	Chroococcales	Aphanothecaceae	Gloeothece	Gloeothece verrucosa
GCF_000317535.1|WP_015208678.1	GCF_000317535.1	Bacteria	Cyanobacteriota	Cyanophyceae	Nostocales	Nostocaceae	Cylindrospermum	Cylindrospermum stagnale
GCF_014698475.1|WP_190966943.1	GCF_014698475.1	Bacteria	Cyanobacteriota	Cyanophyceae	Nostocales	Nostocaceae	Nostoc	Nostoc spongiaeforme
GCF_003003695.1|WP_073072311.1	GCF_003003695.1	Bacteria	Cyanobacteriota	Cyanophyceae	Leptolyngbyales	Leptolyngbyaceae	Phormidesmis	Phormidesmis priestleyi
GCF_904830935.1|WP_254035688.1	GCF_904830935.1	Bacteria	Cyanobacteriota	Cyanophyceae	Oscillatoriales	Microcoleaceae	Planktothrix	Planktothrix agardhii
GCF_003054475.1|WP_017804415.1	GCF_003054475.1	Bacteria	Cyanobacteriota	Cyanophyceae	Nostocales	Nodulariaceae	Nodularia	Nodularia spumigena
GCF_019598945.1|WP_220611714.1	GCF_019598945.1	Bacteria	Cyanobacteriota	Cyanophyceae	Nostocales	Aphanizomenonaceae	Sphaerospermopsis	Sphaerospermopsis torques-reginae
GCF_050500245.1|WP_430012988.1	GCF_050500245.1	Bacteria	Cyanobacteriota	Cyanophyceae	Chroococcales	Microcystaceae	Microcystis	Microcystis ichthyoblabe
GCF_014698335.1|WP_069474629.1	GCF_014698335.1	Bacteria	Cyanobacteriota	Cyanophyceae	Chroococcales	Microcystaceae	Microcystis	Microcystis viridis
GCF_050500235.1|WP_430014800.1	GCF_050500235.1	Bacteria	Cyanobacteriota	Cyanophyceae	Chroococcales	Microcystaceae	Microcystis	Microcystis protocystis
GCF_000346485.2|WP_017742666.1	GCF_000346485.2	Bacteria	Cyanobacteriota	Cyanophyceae	Nostocales	Scytonemataceae	Scytonema	Scytonema hofmannii
GCF_024584745.1|WP_257121861.1	GCF_024584745.1	Bacteria	Cyanobacteriota	Cyanophyceae	Nostocales	Aphanizomenonaceae	Dolichospermum	Dolichospermum heterosporum
GCF_015207005.2|WP_235116075.1	GCF_015207005.2	Bacteria	Cyanobacteriota	Cyanophyceae	Nostocales	Nostocaceae	Desmonostoc	Desmonostoc muscorum
GCF_028330815.1|WP_271835364.1	GCF_028330815.1	Bacteria	Cyanobacteriota	Cyanophyceae	Nostocales	Aphanizomenonaceae	Dolichospermum	Dolichospermum lemmermannii
GCF_000020025.1|WP_012408790.1	GCF_000020025.1	Bacteria	Cyanobacteriota	Cyanophyceae	Nostocales	Nostocaceae	Nostoc	Nostoc punctiforme
GCF_014698505.1|WP_190895484.1	GCF_014698505.1	Bacteria	Cyanobacteriota	Cyanophyceae	Nostocales	Nostocaceae	Nostoc	Nostoc foliaceum
GCF_001298445.1|WP_062298302.1	GCF_001298445.1	Bacteria	Cyanobacteriota	Cyanophyceae	Nostocales	Nostocaceae	Nostoc	Nostoc piscinale
GCF_009856605.1|WP_011318430.1	GCF_009856605.1	Bacteria	Cyanobacteriota	Cyanophyceae	Nostocales	Nostocaceae	Trichormus	Trichormus variabilis
GCF_014023275.1|WP_181931493.1	GCF_014023275.1	Bacteria	Cyanobacteriota	Cyanophyceae	Nostocales	Nostocaceae	Nostoc	Nostoc edaphicum
GCF_041929275.1|WP_413265624.1	GCF_041929275.1	Bacteria	Cyanobacteriota	Cyanophyceae	Aerosakkonematales	Aerosakkonemataceae	Floridanema	Floridanema flaviceps
GCF_001578075.1|WP_061431772.1	GCF_001578075.1	Bacteria	Cyanobacteriota	Cyanophyceae	Chroococcales	Microcystaceae	Microcystis	Microcystis aeruginosa
GCF_014698375.1|WP_190723006.1	GCF_014698375.1	Bacteria	Cyanobacteriota	Cyanophyceae	Chroococcales	Microcystaceae	Microcystis	Microcystis flos-aquae
GCF_016056275.1|WP_214436768.1	GCF_016056275.1	Bacteria	Cyanobacteriota	Cyanophyceae	Nostocales	Nostocaceae	Dendronalium	Dendronalium phyllosphericum
GCF_036688125.1|WP_332866476.1	GCF_036688125.1	Bacteria	Cyanobacteriota	Cyanophyceae	Chroococcales	Microcystaceae	Pannus	Pannus brasiliensis
GCF_040564635.1|WP_354635921.1	GCF_040564635.1	Bacteria	Cyanobacteriota	Cyanophyceae	Oscillatoriales	Oscillatoriaceae	Planktothricoides	Planktothricoides raciborskii
GCF_014696625.1|WP_242053617.1	GCF_014696625.1	Bacteria	Cyanobacteriota	Cyanophyceae	Nostocales	Nostocaceae	Nostoc	Nostoc parmelioides
GCF_020829495.1|WP_229487079.1	GCF_020829495.1	Bacteria	Cyanobacteriota	Cyanophyceae	Nostocales	Nostocaceae	Nostoc	Nostoc favosum
GCF_000235665.1|WP_190273828.1	GCF_000235665.1	Bacteria	Cyanobacteriota	Cyanophyceae	Chroococcales	Aphanothecaceae	Crocosphaera	Crocosphaera watsonii
GCF_003007785.1|WP_106458298.1	GCF_003007785.1	Bacteria	Cyanobacteriota	Cyanophyceae	Chroococcales	Aphanothecaceae	Aphanothece	Aphanothece hegewaldii
GCF_020829645.1|WP_229498123.1	GCF_020829645.1	Bacteria	Cyanobacteriota	Cyanophyceae	Nostocales	Nostocaceae	Nostoc	Nostoc mirabile
GCF_022376295.1|WP_239730107.1	GCF_022376295.1	Bacteria	Cyanobacteriota	Cyanophyceae	Nostocales	Nodulariaceae	Nodularia	Nodularia sphaerocarpa
GCF_000017845.1|WP_009547872.1	GCF_000017845.1	Bacteria	Cyanobacteriota	Cyanophyceae	Chroococcales	Aphanothecaceae	Crocosphaera	Crocosphaera subtropica
GCF_000014265.1|WP_044136287.1	GCF_000014265.1	Bacteria	Cyanobacteriota	Cyanophyceae	Oscillatoriales	Microcoleaceae	Trichodesmium	Trichodesmium erythraeum
GCF_000018105.1|WP_012166084.1	GCF_000018105.1	Bacteria	Cyanobacteriota	Cyanophyceae	Acaryochloridales	Acaryochloridaceae	Acaryochloris	Acaryochloris marina
GCF_003231495.1|WP_110984205.1	GCF_003231495.1	Bacteria	Cyanobacteriota	Cyanophyceae	Acaryochloridales	Acaryochloridaceae	Acaryochloris	Acaryochloris thomasi
GCF_000817775.3|WP_166279539.1	GCF_000817775.3	Bacteria	Cyanobacteriota	Cyanophyceae	Oscillatoriales	Microcoleaceae	Lyngbya	Lyngbya confervoides
GCF_002412335.2|WP_096828843.1	GCF_002412335.2	Bacteria	Cyanobacteriota	Cyanophyceae	Oscillatoriales	Microcoleaceae	Tychonema	Tychonema bourrellyi
GCF_003003845.1|WP_106310370.1	GCF_003003845.1	Bacteria	Cyanobacteriota	Cyanophyceae	Gomontiellales	Chamaesiphonaceae	Chamaesiphon	Chamaesiphon polymorphus
GCF_026802175.1|WP_268608930.1	GCF_026802175.1	Bacteria	Cyanobacteriota	Cyanophyceae	Oculatellales	Oculatellaceae	Thermocoleostomius	Thermocoleostomius sinensis
GCF_039962155.1|WP_348228228.1	GCF_039962155.1	Bacteria	Cyanobacteriota	Cyanophyceae	Leptolyngbyales	Trichocoleusaceae	Trichocoleus	Trichocoleus desertorum
GCF_963877135.1|WP_106255677.1	GCF_963877135.1	Bacteria	Cyanobacteriota	Cyanophyceae	Leptolyngbyales	Leptolyngbyaceae	Stenomitos	Stenomitos frigidus
GCF_021379005.1|WP_233745073.1	GCF_021379005.1	Bacteria	Cyanobacteriota	Cyanophyceae	Leptolyngbyales	Leptolyngbyaceae	Leptodesmis	Leptodesmis sichuanensis
GCF_000317495.1|WP_015204354.1	GCF_000317495.1	Bacteria	Cyanobacteriota	Cyanophyceae	Gomontiellales	Gomontiellaceae	Crinalium	Crinalium epipsammum
GCF_000317515.1|WP_015184986.1	GCF_000317515.1	Bacteria	Cyanobacteriota	Cyanophyceae	Coleofasciculales	Coleofasciculaceae	Allocoleopsis	Allocoleopsis franciscana
GCF_001904725.1|WP_073595646.1	GCF_001904725.1	Bacteria	Cyanobacteriota	Cyanophyceae	Aerosakkonematales	Aerosakkonemataceae	Floridanema	[Phormidium ambiguum] IAM M-71
GCF_039962115.1|WP_190453883.1	GCF_039962115.1	Bacteria	Cyanobacteriota	Cyanophyceae	Coleofasciculales	Coleofasciculaceae	Funiculus	Funiculus sociatus
GCF_001746915.2|WP_069969445.1	GCF_001746915.2	Bacteria	Cyanobacteriota	Cyanophyceae	Desertifilales	Desertifilaceae	Desertifilum	Desertifilum tharense
GCF_002215035.1|WP_088894099.1	GCF_002215035.1	Bacteria	Cyanobacteriota	Cyanophyceae	Leptolyngbyales	Leptolyngbyaceae	Leptolyngbya	Leptolyngbya ohadii
GCF_030405905.1|WP_346292887.1	GCF_030405905.1	Bacteria	Cyanobacteriota	Cyanophyceae	Nodosilineales	Nodosilineaceae	Sphaerothrix	Sphaerothrix gracilis
GCF_042788235.1|WP_377965960.1	GCF_042788235.1	Bacteria	Cyanobacteriota	Cyanophyceae	Nodosilineales	Nodosilineaceae	Almyronema	Almyronema epifaneia
GCF_001904775.1|WP_073606963.1	GCF_001904775.1	Bacteria	Cyanobacteriota	Cyanophyceae	Oscillatoriales	Oscillatoriaceae	Phormidium	Phormidium tenue
GCF_039962255.1|WP_190519148.1	GCF_039962255.1	Bacteria	Cyanobacteriota	Cyanophyceae	Leptolyngbyales	Leptolyngbyaceae	Leptolyngbya	Leptolyngbya subtilissima
GCF_004212215.1|WP_039724834.1	GCF_004212215.1	Bacteria	Cyanobacteriota	Cyanophyceae	Leptolyngbyales	Leptolyngbyaceae	Leptolyngbya	Leptolyngbya iicbica
GCF_011009555.1|WP_163699833.1	GCF_011009555.1	Bacteria	Cyanobacteriota				Adonisia	Adonisia turfae
GCF_018739885.1|WP_215607500.1	GCF_018739885.1	Bacteria	Cyanobacteriota	Cyanophyceae	Nodosilineales	Cymatolegaceae	Leptothoe	Leptothoe spongobia
GCF_000473895.1|WP_022605135.1	GCF_000473895.1	Bacteria	Cyanobacteriota	Cyanophyceae	Chroococcales	Aphanothecaceae	Rubidibacter	Rubidibacter lacunae
GCF_000317615.1|WP_015230582.1	GCF_000317615.1	Bacteria	Cyanobacteriota	Cyanophyceae	Nodosilineales	Cymatolegaceae	Dactylococcopsis	Dactylococcopsis salina
GCF_007904085.1|WP_146296775.1	GCF_007904085.1	Bacteria	Cyanobacteriota	Cyanophyceae	Chroococcales	Halothecacae	Euhalothece	Euhalothece natronophila
GCF_020640915.1|WP_229640699.1	GCF_020640915.1	Bacteria	Cyanobacteriota	Cyanophyceae	Pleurocapsales	Pleurocapsaceae	Waterburya	Waterburya agarophytonicola
GCF_000317575.1|WP_041619060.1	GCF_000317575.1	Bacteria	Cyanobacteriota	Cyanophyceae	Pleurocapsales	Dermocarpellaceae	Stanieria	Stanieria cyanosphaera
GCF_900659865.1|WP_144862893.1	GCF_900659865.1	Bacteria	Cyanobacteriota	Cyanophyceae	Pleurocapsales	Pleurocapsaceae	Hyella	Hyella patelloides
GCF_000021825.1|WP_015957220.1	GCF_000021825.1	Bacteria	Cyanobacteriota	Cyanophyceae	Chroococcales	Aphanothecaceae	Gloeothece	Gloeothece citriformis
GCF_000317675.1|WP_015220900.1	GCF_000317675.1	Bacteria	Cyanobacteriota	Cyanophyceae	Chroococcales	Geminocystaceae	Cyanobacterium	Cyanobacterium aponinum
GCF_000332235.1|WP_017294512.1	GCF_000332235.1	Bacteria	Cyanobacteriota	Cyanophyceae	Chroococcales	Geminocystaceae	Geminocystis	Geminocystis herdmanii
GCF_963874875.1|WP_096580341.1	GCF_963874875.1	Bacteria	Cyanobacteriota	Cyanophyceae	Nostocales	Tolypothrichaceae	Tolypothrix	Tolypothrix tenuis
GCF_000760695.4|WP_050045555.1	GCF_000760695.4	Bacteria	Cyanobacteriota	Cyanophyceae	Nostocales	Tolypothrichaceae	Tolypothrix	Tolypothrix bouteillei
GCF_045950415.1|WP_050045555.1	GCF_045950415.1	Bacteria	Cyanobacteriota	Cyanophyceae	Nostocales	Scytonemataceae	Scytonema	Scytonema tolypothrichoides
GCF_045999855.1|WP_050045555.1	GCF_045999855.1	Bacteria	Cyanobacteriota	Cyanophyceae	Nostocales	Tolypothrichaceae	Tolypothrix	Tolypothrix campylonemoides
GCF_014696435.1|WP_242046230.1	GCF_014696435.1	Bacteria	Cyanobacteriota	Cyanophyceae	Nostocales	Calotrichaceae	Calothrix	Calothrix anomala
GCF_014696555.1|WP_242046230.1	GCF_014696555.1	Bacteria	Cyanobacteriota	Cyanophyceae	Nostocales	Calotrichaceae	Calothrix	Calothrix parietina
GCF_000817785.2|WP_039753395.1	GCF_000817785.2	Bacteria	Cyanobacteriota	Cyanophyceae	Nostocales	Tolypothrichaceae	Hassallia	Hassallia byssoidea
GCF_000582685.1|WP_029637421.1	GCF_000582685.1	Bacteria	Cyanobacteriota	Cyanophyceae	Nostocales	Tolypothrichaceae	Tolypothrix	[Scytonema hofmanni] UTEX B 1581
GCF_025753815.1|WP_263749091.1	GCF_025753815.1	Bacteria	Cyanobacteriota	Cyanophyceae	Oscillatoriales	Microcoleaceae	Plectonema	Plectonema radiosum
GCF_017591595.2|WP_208349234.1	GCF_017591595.2	Bacteria	Cyanobacteriota	Cyanophyceae	Nostocales	Hapalosiphonaceae	Aetokthonos	Aetokthonos hydrillicola
GCF_012516395.1|WP_168653849.1	GCF_012516395.1	Bacteria	Cyanobacteriota	Cyanophyceae	Nostocales	Aphanizomenonaceae	Dolichospermum	Dolichospermum flos-aquae
GCF_003367075.2|WP_006276696.1	GCF_003367075.2	Bacteria	Cyanobacteriota	Cyanophyceae	Nostocales	Aphanizomenonaceae	Cylindrospermopsis	Cylindrospermopsis raciborskii
GCF_014489415.1|WP_096546220.1	GCF_014489415.1	Bacteria	Cyanobacteriota	Cyanophyceae	Nostocales	Aphanizomenonaceae	Cylindrospermopsis	Cylindrospermopsis curvispora
GCF_023333595.1|WP_249103576.1	GCF_023333595.1	Bacteria	Cyanobacteriota	Cyanophyceae	Oscillatoriales	Oscillatoriaceae	Argonema	Argonema galeatum
GCF_028330985.1|WP_271936951.1	GCF_028330985.1	Bacteria	Cyanobacteriota	Cyanophyceae	Desertifilales	Desertifilaceae	Roseofilum	Roseofilum reptotaenium
GCF_000317105.1|WP_015147201.1	GCF_000317105.1	Bacteria	Cyanobacteriota	Cyanophyceae	Oscillatoriales	Oscillatoriaceae	Oxynema	Oxynema acuminatum
GCF_025370785.1|WP_261237671.1	GCF_025370785.1	Bacteria	Cyanobacteriota	Cyanophyceae	Oscillatoriales	Laspinemataceae	Laspinema	Laspinema olomoucense
GCF_019602855.1|WP_140950520.1	GCF_019602855.1	Bacteria	Pseudomonadota	Betaproteobacteria	Burkholderiales	Burkholderiaceae	Cupriavidus	Cupriavidus pinatubonensis
GCF_905397275.1|WP_211949624.1	GCF_905397275.1	Bacteria	Pseudomonadota	Betaproteobacteria	Burkholderiales	Burkholderiaceae	Cupriavidus	Cupriavidus yeoncheonensis
GCF_003353055.1|WP_115216939.1	GCF_003353055.1	Bacteria	Pseudomonadota	Betaproteobacteria	Burkholderiales	Burkholderiaceae	Cupriavidus	Cupriavidus lacunae
GCF_958405935.1|WP_316665689.1	GCF_958405935.1	Bacteria	Pseudomonadota	Betaproteobacteria	Burkholderiales	Burkholderiaceae	Ralstonia	Ralstonia psammae
GCF_000069785.1|WP_012353016.1	GCF_000069785.1	Bacteria	Pseudomonadota	Betaproteobacteria	Burkholderiales	Burkholderiaceae	Cupriavidus	Cupriavidus taiwanensis
GCF_001598055.1|WP_062800255.1	GCF_001598055.1	Bacteria	Pseudomonadota	Betaproteobacteria	Burkholderiales	Burkholderiaceae	Cupriavidus	Cupriavidus nantongensis
GCF_014191175.1|WP_112774156.1	GCF_014191175.1	Bacteria	Pseudomonadota	Betaproteobacteria	Burkholderiales	Burkholderiaceae	Cupriavidus	Cupriavidus alkaliphilus
GCF_000219215.1|WP_013957047.1	GCF_000219215.1	Bacteria	Pseudomonadota	Betaproteobacteria	Burkholderiales	Burkholderiaceae	Cupriavidus	Cupriavidus necator
GCF_016894385.1|WP_063237983.1	GCF_016894385.1	Bacteria	Pseudomonadota	Betaproteobacteria	Burkholderiales	Burkholderiaceae	Cupriavidus	Cupriavidus oxalaticus
GCF_014202215.1|WP_183969899.1	GCF_014202215.1	Bacteria	Pseudomonadota	Betaproteobacteria	Burkholderiales	Burkholderiaceae	Quisquiliibacterium	Quisquiliibacterium transsilvanicum
GCF_008039575.1|WP_147704878.1	GCF_008039575.1	Bacteria	Pseudomonadota	Betaproteobacteria	Burkholderiales	Burkholderiaceae	Zeimonas	Zeimonas arvi
GCF_023721795.1|WP_272486071.1	GCF_023721795.1	Bacteria	Pseudomonadota	Betaproteobacteria	Burkholderiales	Burkholderiaceae	Zeimonas	Zeimonas sediminis
GCF_020387415.1|WP_225864235.1	GCF_020387415.1	Bacteria	Pseudomonadota	Betaproteobacteria	Burkholderiales	Sphaerotilaceae	Ideonella	Ideonella benzenivorans
GCF_021049305.1|WP_151125344.1	GCF_021049305.1	Bacteria	Pseudomonadota	Betaproteobacteria	Burkholderiales	Sphaerotilaceae	Ideonella	Ideonella dechloratans
GCF_024055665.1|WP_252770932.1	GCF_024055665.1	Bacteria	Pseudomonadota	Betaproteobacteria	Burkholderiales	Sphaerotilaceae	Ideonella	Ideonella oryzae
GCF_003568725.2|WP_119013004.1	GCF_003568725.2	Bacteria	Pseudomonadota	Betaproteobacteria	Burkholderiales	Comamonadaceae	Simplicispira	Simplicispira metamorpha
GCF_002157165.1|WP_086911786.1	GCF_002157165.1	Bacteria	Pseudomonadota	Betaproteobacteria	Burkholderiales	Comamonadaceae	Acidovorax	Acidovorax carolinensis
GCF_900107605.1|WP_092698346.1	GCF_900107605.1	Bacteria	Pseudomonadota	Betaproteobacteria	Burkholderiales	Comamonadaceae	Acidovorax	Acidovorax soli
GCF_002837135.1|WP_101101728.1	GCF_002837135.1	Bacteria	Pseudomonadota	Betaproteobacteria	Burkholderiales	Comamonadaceae	Macromonas	Macromonas bipunctata
GCF_000013605.1|WP_041792914.1	GCF_000013605.1	Bacteria	Pseudomonadota	Betaproteobacteria	Burkholderiales	Comamonadaceae	Rhodoferax	Rhodoferax ferrireducens
GCF_000015505.1|WP_011801194.1	GCF_000015505.1	Bacteria	Pseudomonadota	Betaproteobacteria	Burkholderiales	Comamonadaceae	Polaromonas	Polaromonas naphthalenivorans
GCF_025717515.1|WP_263572520.1	GCF_025717515.1	Bacteria	Pseudomonadota	Betaproteobacteria	Burkholderiales	Sphaerotilaceae	Roseateles	Roseateles oligotrophus
GCF_028595345.1|WP_273601508.1	GCF_028595345.1	Bacteria	Pseudomonadota	Betaproteobacteria	Burkholderiales	Sphaerotilaceae	Roseateles	Roseateles albus
GCF_007655255.1|WP_144732872.1	GCF_007655255.1	Bacteria	Pseudomonadota	Betaproteobacteria	Burkholderiales	Comamonadaceae	Extensimonas	Extensimonas perlucida
GCF_003337425.1|WP_114483785.1	GCF_003337425.1	Bacteria	Pseudomonadota	Betaproteobacteria	Burkholderiales	Comamonadaceae	Extensimonas	Extensimonas vulgaris
GCF_029211265.1|WP_275852717.1	GCF_029211265.1	Bacteria	Pseudomonadota	Betaproteobacteria	Burkholderiales	Comamonadaceae	Extensimonas	Extensimonas soli
GCF_003201595.1|WP_110401257.1	GCF_003201595.1	Bacteria	Pseudomonadota	Betaproteobacteria	Burkholderiales	Sphaerotilaceae	Sphaerotilus	Sphaerotilus hippei
GCF_030254645.1|WP_285235411.1	GCF_030254645.1	Bacteria	Pseudomonadota	Betaproteobacteria	Burkholderiales	Sphaerotilaceae	Roseateles	Paucibacter sediminis
GCF_037482845.1|WP_339601044.1	GCF_037482845.1	Bacteria	Pseudomonadota	Betaproteobacteria	Burkholderiales	Sphaerotilaceae	Roseateles	Paucibacter soli
GCF_000019785.1|WP_012348679.1	GCF_000019785.1	Bacteria	Pseudomonadota	Betaproteobacteria	Burkholderiales	Sphaerotilaceae	Leptothrix	Leptothrix cholodnii
GCF_000430725.1|WP_028999607.1	GCF_000430725.1	Bacteria	Pseudomonadota	Betaproteobacteria	Burkholderiales	Sphaerotilaceae	Azohydromonas	Azohydromonas australica
GCF_009760915.1|WP_157269676.1	GCF_009760915.1	Bacteria	Pseudomonadota	Betaproteobacteria	Burkholderiales	Sphaerotilaceae	Azohydromonas	Azohydromonas aeria
GCF_034427735.1|WP_322468568.1	GCF_034427735.1	Bacteria	Pseudomonadota	Betaproteobacteria	Burkholderiales	Sphaerotilaceae	Azohydromonas	Azohydromonas lata
GCF_012927045.1|WP_169160774.1	GCF_012927045.1	Bacteria	Pseudomonadota	Betaproteobacteria	Burkholderiales	Sphaerotilaceae	Azohydromonas	Azohydromonas caseinilytica
GCF_016093275.1|WP_198112182.1	GCF_016093275.1	Bacteria	Pseudomonadota	Betaproteobacteria	Burkholderiales	Sphaerotilaceae	Inhella	Inhella proteolytica
GCF_016093295.1|WP_198101358.1	GCF_016093295.1	Bacteria	Pseudomonadota	Betaproteobacteria	Burkholderiales	Sphaerotilaceae	Inhella	Inhella gelatinilytica
GCF_008329925.1|WP_149504832.1	GCF_008329925.1	Bacteria	Pseudomonadota	Betaproteobacteria	Burkholderiales	Sphaerotilaceae	Sphaerotilus	Sphaerotilus sulfidivorans
GCF_003604195.1|WP_119967147.1	GCF_003604195.1	Bacteria	Pseudomonadota	Betaproteobacteria	Burkholderiales	Comamonadaceae	Simplicispira	Simplicispira lacusdiani
GCF_008107625.1|WP_148580890.1	GCF_008107625.1	Bacteria	Pseudomonadota	Betaproteobacteria	Rhodocyclales	Zoogloeaceae	Zoogloea	Zoogloea oleivorans
GCF_008274805.1|WP_149425448.1	GCF_008274805.1	Bacteria	Pseudomonadota	Betaproteobacteria	Rhodocyclales	Rhodocyclaceae	Oryzomicrobium	Oryzomicrobium terrae
GCF_001551835.1|WP_066885978.1	GCF_001551835.1	Bacteria	Pseudomonadota	Betaproteobacteria	Rhodocyclales	Azonexaceae	Dechloromonas	Dechloromonas denitrificans
GCF_009469765.1|WP_153130143.1	GCF_009469765.1	Bacteria	Pseudomonadota	Betaproteobacteria	Rhodocyclales	Azonexaceae	Dechloromonas	Dechloromonas hortensis
GCF_016858125.1|WP_203389042.1	GCF_016858125.1	Bacteria	Pseudomonadota	Betaproteobacteria	Rhodocyclales	Rhodocyclaceae	Azospira	Azospira restricta
GCF_016653115.1|WP_201209382.1	GCF_016653115.1	Bacteria	Pseudomonadota	Betaproteobacteria	Rhodocyclales	Rhodocyclaceae	Rhodocyclus	Rhodocyclus purpureus
GCF_000519045.1|WP_035854790.1	GCF_000519045.1	Bacteria	Pseudomonadota	Betaproteobacteria	Rhodocyclales	Azonexaceae	Dechloromonas	Dechloromonas agitata
GCF_022012295.1|WP_275710487.1	GCF_022012295.1	Bacteria	Pseudomonadota	Betaproteobacteria	Rhodocyclales	Azonexaceae	Dechloromonas	Dechloromonas hankyongensis
GCF_006539865.1|WP_141349832.1	GCF_006539865.1	Bacteria	Pseudomonadota	Betaproteobacteria	Rhodocyclales	Zoogloeaceae	Zoogloea	Zoogloea ramigera
GCF_000236665.1|WP_014237116.1	GCF_000236665.1	Bacteria	Pseudomonadota	Betaproteobacteria	Rhodocyclales	Rhodocyclaceae	Azospira	Azospira oryzae
GCF_004323595.1|WP_131110447.1	GCF_004323595.1	Bacteria	Pseudomonadota	Betaproteobacteria	Nitrosomonadales	Sterolibacteriaceae	Sulfuricystis	Sulfuricystis thermophila
GCF_000422885.1|WP_084652085.1	GCF_000422885.1	Bacteria	Pseudomonadota	Betaproteobacteria	Burkholderiales	Comamonadaceae	Ottowia	Ottowia thiooxydans
GCF_017498525.1|WP_431191510.1	GCF_017498525.1	Bacteria	Pseudomonadota	Betaproteobacteria	Burkholderiales	Comamonadaceae	Ottowia	Ottowia testudinis
GCF_030410485.1|WP_290361264.1	GCF_030410485.1	Bacteria	Pseudomonadota	Betaproteobacteria	Burkholderiales	Sphaerotilaceae	Roseateles	Roseateles violae
GCF_034043675.1|WP_320422263.1	GCF_034043675.1	Bacteria	Pseudomonadota	Betaproteobacteria	Burkholderiales	Sphaerotilaceae	Roseateles	Roseateles agri
GCF_038066555.1|WP_341427513.1	GCF_038066555.1	Bacteria	Pseudomonadota	Betaproteobacteria	Burkholderiales	Sphaerotilaceae	Ideonella	Ideonella lacteola
GCF_004362525.1|WP_133699896.1	GCF_004362525.1	Bacteria	Pseudomonadota	Betaproteobacteria	Burkholderiales	Sphaerotilaceae	Roseateles	Roseateles toxinivorans
GCF_002760655.1|WP_099787988.1	GCF_002760655.1	Bacteria	Pseudomonadota	Betaproteobacteria	Burkholderiales	Oxalobacteraceae	Massilia	Massilia eurypsychrophila
GCF_024753245.1|WP_258845273.1	GCF_024753245.1	Bacteria	Pseudomonadota	Betaproteobacteria	Burkholderiales	Oxalobacteraceae	Massilia	Massilia norwichensis
GCF_024753215.1|WP_258856398.1	GCF_024753215.1	Bacteria	Pseudomonadota	Betaproteobacteria	Burkholderiales	Oxalobacteraceae	Massilia	Massilia solisilvae
GCF_024756255.1|WP_370660422.1	GCF_024756255.1	Bacteria	Pseudomonadota	Betaproteobacteria	Burkholderiales	Oxalobacteraceae	Massilia	Massilia agilis
GCF_044901715.1|WP_404530529.1	GCF_044901715.1	Bacteria	Pseudomonadota	Betaproteobacteria	Burkholderiales	Oxalobacteraceae	Massilia	Massilia paldalensis
GCF_045984285.3|WP_408001983.1	GCF_045984285.3	Bacteria	Pseudomonadota	Betaproteobacteria	Burkholderiales	Oxalobacteraceae	Pseudoduganella	Pseudoduganella rhizocola
GCF_012849555.1|WP_169433616.1	GCF_012849555.1	Bacteria	Pseudomonadota	Betaproteobacteria	Burkholderiales	Oxalobacteraceae	Massilia	Massilia forsythiae
GCF_042655665.1|WP_379753412.1	GCF_042655665.1	Bacteria	Pseudomonadota	Betaproteobacteria	Burkholderiales	Oxalobacteraceae	Massilia	Massilia suwonensis
GCF_021044825.1|WP_231056906.1	GCF_021044825.1	Bacteria	Pseudomonadota	Betaproteobacteria	Burkholderiales	Oxalobacteraceae	Massilia	Massilia phyllostachyos
GCF_024753255.1|WP_258826198.1	GCF_024753255.1	Bacteria	Pseudomonadota	Betaproteobacteria	Burkholderiales	Oxalobacteraceae	Massilia	Massilia agri
GCF_029223865.1|WP_259448004.1	GCF_029223865.1	Bacteria	Pseudomonadota	Betaproteobacteria	Burkholderiales	Oxalobacteraceae	Telluria	Telluria mixta
GCF_030411975.2|WP_371772039.1	GCF_030411975.2	Bacteria	Pseudomonadota	Betaproteobacteria	Burkholderiales	Oxalobacteraceae	Massilia	Massilia orientalis
GCF_047325105.1|WP_413672753.1	GCF_047325105.1	Bacteria	Pseudomonadota	Betaproteobacteria	Burkholderiales	Oxalobacteraceae	Massilia	Massilia cellulosiltytica
GCF_011682055.1|WP_166859562.1	GCF_011682055.1	Bacteria	Pseudomonadota	Betaproteobacteria	Burkholderiales	Oxalobacteraceae	Telluria	Telluria antibiotica
GCF_024753285.1|WP_258815796.1	GCF_024753285.1	Bacteria	Pseudomonadota	Betaproteobacteria	Burkholderiales	Oxalobacteraceae	Massilia	Massilia pinisoli
GCF_001941825.1|WP_083685324.1	GCF_001941825.1	Bacteria	Pseudomonadota	Betaproteobacteria	Burkholderiales	Oxalobacteraceae	Massilia	Massilia putida
GCF_034420155.1|WP_322405007.1	GCF_034420155.1	Bacteria	Pseudomonadota	Betaproteobacteria	Burkholderiales	Oxalobacteraceae	Massilia	Massilia luteola
GCF_030711405.1|WP_305823994.1	GCF_030711405.1	Bacteria	Pseudomonadota	Betaproteobacteria	Burkholderiales	Oxalobacteraceae	Massilia	Massilia brevitalea
GCF_000427785.1|WP_084416243.1	GCF_000427785.1	Bacteria	Pseudomonadota	Betaproteobacteria	Burkholderiales	Oxalobacteraceae	Massilia	Massilia alkalitolerans
GCF_042660405.1|WP_285378966.1	GCF_042660405.1	Bacteria	Pseudomonadota	Betaproteobacteria	Burkholderiales	Oxalobacteraceae	Massilia	Massilia varians
GCF_042647645.1|WP_379737093.1	GCF_042647645.1	Bacteria	Pseudomonadota	Betaproteobacteria	Burkholderiales	Oxalobacteraceae	Massilia	Massilia haematophila
GCF_034659755.1|WP_323140636.1	GCF_034659755.1	Bacteria	Pseudomonadota	Betaproteobacteria	Burkholderiales	Oxalobacteraceae	Massilia	Massilia phyllosphaerae
GCF_015101885.1|WP_193688155.1	GCF_015101885.1	Bacteria	Pseudomonadota	Betaproteobacteria	Burkholderiales	Oxalobacteraceae	Massilia	Massilia litorea
GCF_042656905.1|WP_379774264.1	GCF_042656905.1	Bacteria	Pseudomonadota	Betaproteobacteria	Burkholderiales	Oxalobacteraceae	Massilia	Massilia aerilata
GCF_014644155.1|WP_155472597.1	GCF_014644155.1	Bacteria	Pseudomonadota	Betaproteobacteria	Burkholderiales	Oxalobacteraceae	Pseudoduganella	Pseudoduganella buxea
GCF_007830455.1|WP_145651478.1	GCF_007830455.1	Bacteria	Pseudomonadota	Betaproteobacteria	Burkholderiales	Oxalobacteraceae	Pseudoduganella	Pseudoduganella lurida
GCF_000425385.1|WP_083940946.1	GCF_000425385.1	Bacteria	Pseudomonadota	Betaproteobacteria	Burkholderiales	Oxalobacteraceae	Pseudoduganella	Pseudoduganella violaceinigra
GCF_009720745.1|WP_155455695.1	GCF_009720745.1	Bacteria	Pseudomonadota	Betaproteobacteria	Burkholderiales	Oxalobacteraceae	Massilia	Massilia eburnea
GCF_000382345.1|WP_020656128.1	GCF_000382345.1	Bacteria	Pseudomonadota	Betaproteobacteria	Burkholderiales	Oxalobacteraceae	Massilia	Massilia niastensis
GCF_900116645.1|WP_093555581.1	GCF_900116645.1	Bacteria	Pseudomonadota	Betaproteobacteria	Burkholderiales	Oxalobacteraceae	Pseudoduganella	Pseudoduganella namucuonensis
GCF_042655085.1|WP_379786203.1	GCF_042655085.1	Bacteria	Pseudomonadota	Betaproteobacteria	Burkholderiales	Oxalobacteraceae	Massilia	Massilia niabensis
GCF_013003915.1|WP_171082317.1	GCF_013003915.1	Bacteria	Pseudomonadota	Betaproteobacteria	Burkholderiales	Oxalobacteraceae	Telluria	Telluria aromaticivorans
GCF_900112225.1|WP_091875079.1	GCF_900112225.1	Bacteria	Pseudomonadota	Betaproteobacteria	Burkholderiales	Oxalobacteraceae	Massilia	Massilia yuzhufengensis
GCF_004322755.1|WP_165497779.1	GCF_004322755.1	Bacteria	Pseudomonadota	Betaproteobacteria	Burkholderiales	Oxalobacteraceae	Pseudoduganella	Pseudoduganella albidiflava
GCF_004209755.1|WP_130185990.1	GCF_004209755.1	Bacteria	Pseudomonadota	Betaproteobacteria	Burkholderiales	Oxalobacteraceae	Pseudoduganella	Pseudoduganella lutea
GCF_005280315.1|WP_137316314.1	GCF_005280315.1	Bacteria	Pseudomonadota	Betaproteobacteria	Burkholderiales	Oxalobacteraceae	Pseudoduganella	Pseudoduganella umbonata
GCF_003028855.1|WP_107141007.1	GCF_003028855.1	Bacteria	Pseudomonadota	Betaproteobacteria	Burkholderiales	Oxalobacteraceae	Pseudoduganella	Pseudoduganella armeniaca
GCF_029028125.1|WP_277413606.1	GCF_029028125.1	Bacteria	Pseudomonadota	Betaproteobacteria	Burkholderiales	Oxalobacteraceae	Pseudoduganella	Pseudoduganella chitinolytica
GCF_009727155.1|WP_371866449.1	GCF_009727155.1	Bacteria	Pseudomonadota	Betaproteobacteria	Burkholderiales	Oxalobacteraceae	Pseudoduganella	Pseudoduganella dura
GCF_014284305.1|WP_246464173.1	GCF_014284305.1	Bacteria	Pseudomonadota	Betaproteobacteria	Burkholderiales	Oxalobacteraceae	Undibacterium	Undibacterium seohonense
GCF_003201815.1|WP_110255329.1	GCF_003201815.1	Bacteria	Pseudomonadota	Betaproteobacteria	Burkholderiales	Oxalobacteraceae	Undibacterium	Undibacterium pigrum
GCF_014284125.1|WP_186956014.1	GCF_014284125.1	Bacteria	Pseudomonadota	Betaproteobacteria	Burkholderiales	Oxalobacteraceae	Undibacterium	Undibacterium umbellatum
GCF_009674485.1|WP_154374700.1	GCF_009674485.1	Bacteria	Pseudomonadota	Betaproteobacteria	Burkholderiales	Oxalobacteraceae	Pseudoduganella	Pseudoduganella rivuli
GCF_009720865.1|WP_170305908.1	GCF_009720865.1	Bacteria	Pseudomonadota	Betaproteobacteria	Burkholderiales	Oxalobacteraceae	Pseudoduganella	Pseudoduganella ginsengisoli
GCF_042656795.1|WP_379726687.1	GCF_042656795.1	Bacteria	Pseudomonadota	Betaproteobacteria	Burkholderiales	Oxalobacteraceae	Massilia	Massilia jejuensis
GCF_009857475.1|WP_161023695.1	GCF_009857475.1	Bacteria	Pseudomonadota	Betaproteobacteria	Burkholderiales	Oxalobacteraceae	Pseudoduganella	Pseudoduganella guangdongensis
GCF_024753205.1|WP_258834933.1	GCF_024753205.1	Bacteria	Pseudomonadota	Betaproteobacteria	Burkholderiales	Oxalobacteraceae	Massilia	Massilia aurea
GCF_030770395.1|WP_306397278.1	GCF_030770395.1	Bacteria	Pseudomonadota	Betaproteobacteria	Burkholderiales	Oxalobacteraceae	Telluria	Telluria beijingensis
GCF_003143515.1|WP_109347043.1	GCF_003143515.1	Bacteria	Pseudomonadota	Betaproteobacteria	Burkholderiales	Oxalobacteraceae	Massilia	Massilia oculi
GCF_008014745.1|WP_147933108.1	GCF_008014745.1	Bacteria	Pseudomonadota	Betaproteobacteria	Burkholderiales	Oxalobacteraceae	Massilia	Massilia arenae
GCF_025398155.2|WP_261760194.1	GCF_025398155.2	Bacteria	Pseudomonadota	Betaproteobacteria	Burkholderiales	Sphaerotilaceae	Roseateles	Roseateles amylovorans
GCF_002205645.1|WP_088384935.1	GCF_002205645.1	Bacteria	Pseudomonadota	Betaproteobacteria	Burkholderiales	Sphaerotilaceae	Roseateles	Roseateles aquatilis
GCF_002761755.1|WP_368372873.1	GCF_002761755.1	Bacteria	Pseudomonadota	Betaproteobacteria	Burkholderiales	Sphaerotilaceae	Roseateles	Roseateles chitinivorans
GCF_050626985.1|WP_431104859.1	GCF_050626985.1	Bacteria	Pseudomonadota	Betaproteobacteria	Burkholderiales	Sphaerotilaceae	Roseateles	Roseateles noduli
GCF_001483865.1|WP_375137528.1	GCF_001483865.1	Bacteria	Pseudomonadota	Betaproteobacteria	Burkholderiales	Sphaerotilaceae	Roseateles	Roseateles depolymerans
GCF_014192155.1|WP_088449061.1	GCF_014192155.1	Bacteria	Pseudomonadota	Betaproteobacteria	Burkholderiales	Sphaerotilaceae	Roseateles	Roseateles terrae
GCF_000688255.1|WP_169737281.1	GCF_000688255.1	Bacteria	Pseudomonadota	Betaproteobacteria	Burkholderiales	Comamonadaceae	Simplicispira	Simplicispira psychrophila
GCF_003570885.1|WP_158606158.1	GCF_003570885.1	Bacteria	Pseudomonadota	Betaproteobacteria	Burkholderiales	Comamonadaceae	Simplicispira	Simplicispira hankyongi
GCF_023913775.1|WP_082437580.1	GCF_023913775.1	Bacteria	Pseudomonadota	Betaproteobacteria	Burkholderiales	Comamonadaceae	Acidovorax	Acidovorax facilis
GCF_028596105.1|WP_273624349.1	GCF_028596105.1	Bacteria	Pseudomonadota	Betaproteobacteria	Burkholderiales	Comamonadaceae	Acidovorax	Acidovorax temperans
GCF_001955695.1|WP_083686065.1	GCF_001955695.1	Bacteria	Pseudomonadota	Betaproteobacteria	Burkholderiales	Comamonadaceae	Rhodoferax	Rhodoferax koreensis
GCF_003350475.1|WP_114804854.1	GCF_003350475.1	Bacteria	Pseudomonadota	Betaproteobacteria	Burkholderiales	Comamonadaceae	Pseudacidovorax	Pseudacidovorax intermedius
GCF_900103645.1|WP_091572820.1	GCF_900103645.1	Bacteria	Pseudomonadota	Betaproteobacteria	Burkholderiales	Comamonadaceae	Oryzisolibacter	Oryzisolibacter propanilivorax
GCF_000687165.1|WP_026433726.1	GCF_000687165.1	Bacteria	Pseudomonadota	Betaproteobacteria	Burkholderiales	Comamonadaceae	Paracidovorax	Paracidovorax oryzae
GCF_900102625.1|WP_175537801.1	GCF_900102625.1	Bacteria	Pseudomonadota	Betaproteobacteria	Burkholderiales	Comamonadaceae	Paracidovorax	Paracidovorax valerianellae
GCF_009906855.1|WP_229722365.1	GCF_009906855.1	Bacteria	Pseudomonadota	Betaproteobacteria	Burkholderiales		Xylophilus	Xylophilus rhododendri
GCF_002205845.1|WP_088486090.1	GCF_002205845.1	Bacteria	Pseudomonadota	Betaproteobacteria	Burkholderiales	Sphaerotilaceae	Roseateles	Roseateles puraquae
GCF_043555935.1|WP_394379957.1	GCF_043555935.1	Bacteria	Pseudomonadota	Betaproteobacteria	Burkholderiales	Sphaerotilaceae	Roseateles	Pelomonas baiyunensis
GCF_021353235.1|WP_233392108.1	GCF_021353235.1	Bacteria	Pseudomonadota	Betaproteobacteria	Burkholderiales	Sphaerotilaceae	Roseateles	Pelomonas caseinilytica
GCF_043555865.1|WP_394471718.1	GCF_043555865.1	Bacteria	Pseudomonadota	Betaproteobacteria	Burkholderiales	Sphaerotilaceae	Roseateles	Pelomonas dachongensis
GCF_043555975.1|WP_394490047.1	GCF_043555975.1	Bacteria	Pseudomonadota	Betaproteobacteria	Burkholderiales	Sphaerotilaceae	Roseateles	Pelomonas nitida
GCF_043555885.1|WP_394511945.1	GCF_043555885.1	Bacteria	Pseudomonadota	Betaproteobacteria	Burkholderiales	Sphaerotilaceae	Roseateles	Pelomonas lactea
GCF_014652235.1|WP_229883125.1	GCF_014652235.1	Bacteria	Pseudomonadota	Betaproteobacteria	Burkholderiales	Comamonadaceae	Pseudorhodoferax	Pseudorhodoferax aquiterrae
GCF_002980595.1|WP_105747115.1	GCF_002980595.1	Bacteria	Pseudomonadota	Betaproteobacteria	Burkholderiales	Comamonadaceae	Malikia	Malikia granosa
GCF_002980625.1|WP_105728639.1	GCF_002980625.1	Bacteria	Pseudomonadota	Betaproteobacteria	Burkholderiales	Comamonadaceae	Malikia	Malikia spinosa
GCF_020510565.1|WP_226498407.1	GCF_020510565.1	Bacteria	Pseudomonadota	Betaproteobacteria	Rhodocyclales	Azonexaceae	Ferribacterium	Ferribacterium limneticum
GCF_003851125.1|WP_223247813.1	GCF_003851125.1	Bacteria	Pseudomonadota	Betaproteobacteria	Nitrosomonadales	Sulfuricellaceae	Sulfuriferula	Sulfuriferula multivorans
GCF_003864975.1|WP_124950486.1	GCF_003864975.1	Bacteria	Pseudomonadota	Betaproteobacteria	Nitrosomonadales	Sulfuricellaceae	Sulfuriferula	Sulfuriferula thiophila
GCF_009937995.1|WP_162084451.1	GCF_009937995.1	Bacteria	Pseudomonadota	Betaproteobacteria	Nitrosomonadales	Sulfuricellaceae	Sulfuriferula	Sulfuriferula nivalis
GCF_000024165.1|WP_015766899.1	GCF_000024165.1	Bacteria	Pseudomonadota	Betaproteobacteria			Candidatus Accumulibacter	Candidatus Accumulibacter phosphatis
GCF_012927165.1|WP_169144135.1	GCF_012927165.1	Bacteria	Pseudomonadota	Betaproteobacteria	Rhodocyclales	Zoogloeaceae	Zoogloea	Zoogloea dura
GCF_030161255.1|WP_284189620.1	GCF_030161255.1	Bacteria	Pseudomonadota	Betaproteobacteria	Rhodocyclales	Zoogloeaceae	Zoogloea	Zoogloea oryzae
GCF_000702445.1|WP_031495896.1	GCF_000702445.1	Bacteria	Acidobacteriota	Terriglobia	Bryobacterales	Bryobacteraceae	Bryobacter	Bryobacter aggregatus
GCF_030622045.1|WP_336518649.1	GCF_030622045.1	Bacteria	Planctomycetota	Planctomycetia	Planctomycetales	Planctomycetaceae	Planctellipticum	Planctellipticum variicoloris
GCF_000255655.1|WP_010586754.1	GCF_000255655.1	Bacteria	Planctomycetota	Planctomycetia	Planctomycetales	Planctomycetaceae	Schlesneria	Schlesneria paludicola
GCF_044336245.1|WP_397571764.1	GCF_044336245.1	Bacteria	Planctomycetota	Planctomycetia	Planctomycetales	Planctomycetaceae	Schlesneria	Schlesneria sphaerica
GCF_010499255.1|WP_163651521.1	GCF_010499255.1	Bacteria	Pseudomonadota	Betaproteobacteria	Burkholderiales	Alcaligenaceae	Sheuella	Sheuella amnicola
GCF_900167465.1|WP_208610576.1	GCF_900167465.1	Bacteria	Thermodesulfobacteriota	Desulfuromonadia	Geobacterales	Geobacteraceae	Trichlorobacter	Trichlorobacter thiogenes
GCF_014696265.1|WP_190464799.1	GCF_014696265.1	Bacteria	Cyanobacteriota	Cyanophyceae	Aerosakkonematales	Aerosakkonemataceae	Aerosakkonema	Aerosakkonema funiforme
GCF_024178385.1|WP_254013571.1	GCF_024178385.1	Bacteria	Cyanobacteriota	Cyanophyceae	Coleofasciculales	Coleofasciculaceae	Limnofasciculus	Limnofasciculus baicalensis
GCF_048077055.1|WP_416670660.1	GCF_048077055.1	Bacteria	Cyanobacteriota	Cyanophyceae	Oculatellales	Oculatellaceae	Egbenema	Egbenema bharatensis
GCF_020521235.1|WP_226594085.1	GCF_020521235.1	Bacteria	Cyanobacteriota	Cyanophyceae	Aerosakkonematales	Aerosakkonemataceae	Microseira	Microseira wollei
GCF_015207365.1|WP_439344616.1	GCF_015207365.1	Bacteria	Cyanobacteriota	Cyanophyceae	Oculatellales	Oculatellaceae	Vacuolonema	Vacuolonema iberomarrocanum
GCF_013177315.1|WP_172354267.1	GCF_013177315.1	Bacteria	Cyanobacteriota	Cyanophyceae	Oculatellales	Oculatellaceae	Thermoleptolyngbya	Thermoleptolyngbya sichuanensis
GCF_032705245.1|WP_316788694.1	GCF_032705245.1	Bacteria	Cyanobacteriota	Cyanophyceae	Oculatellales	Oculatellaceae	Thermoleptolyngbya	Thermoleptolyngbya oregonensis
GCF_000952155.1|WP_082065463.1	GCF_000952155.1	Bacteria	Cyanobacteriota	Cyanophyceae	Chroococcidiopsidales	Aliterellaceae	Aliterella	Aliterella atlantica
GCF_000317285.1|WP_071588495.1	GCF_000317285.1	Bacteria	Cyanobacteriota	Cyanophyceae	Nostocales	Chlorogloeopsidaceae	Chlorogloeopsis	Chlorogloeopsis fritschii
GCF_015245355.1|WP_200989057.1	GCF_015245355.1	Bacteria	Cyanobacteriota	Cyanophyceae	Nostocales	Nodulariaceae	Anabaenopsis	Anabaenopsis elenkinii
GCF_028331025.1|WP_271734176.1	GCF_028331025.1	Bacteria	Cyanobacteriota	Cyanophyceae	Nostocales	Nodulariaceae	Anabaenopsis	Anabaenopsis arnoldii
GCF_029891675.1|WP_271734176.1	GCF_029891675.1	Bacteria	Cyanobacteriota	Cyanophyceae	Nostocales	Nodulariaceae	Anabaenopsis	Anabaenopsis tanganyikae
GCF_029891685.1|WP_280649736.1	GCF_029891685.1	Bacteria	Cyanobacteriota	Cyanophyceae	Nostocales	Nodulariaceae	Umezakia	Umezakia ovalisporum
GCF_029891735.1|WP_280655224.1	GCF_029891735.1	Bacteria	Cyanobacteriota	Cyanophyceae	Nostocales	Nodulariaceae	Chrysosporum	Chrysosporum bergii
GCF_034931085.1|WP_323197180.1	GCF_034931085.1	Bacteria	Cyanobacteriota	Cyanophyceae	Nostocales	Nodulariaceae	Nodularia	Nodularia harveyana
GCF_963923915.1|WP_414530340.1	GCF_963923915.1	Bacteria	Cyanobacteriota	Cyanophyceae	Nostocales	Nodulariaceae	Nodularia	Nodularia chucula
GCF_014698965.1|WP_202895975.1	GCF_014698965.1	Bacteria	Cyanobacteriota	Cyanophyceae	Nostocales	Scytonemataceae	Iningainema	Iningainema tapete
GCF_000317125.1|WP_015153843.1	GCF_000317125.1	Bacteria	Cyanobacteriota	Cyanophyceae	Chroococcidiopsidales	Chroococcidiopsidaceae	Chroococcidiopsis	Chroococcidiopsis thermalis
GCF_000817735.3|WP_132866786.1	GCF_000817735.3	Bacteria	Cyanobacteriota	Cyanophyceae	Nostocales	Scytonemataceae	Scytonema	Scytonema millei
GCF_963675105.2|WP_319550246.1	GCF_963675105.2	Bacteria	Thermodesulfobacteriota	Desulfobulbia	Desulfobulbales	Desulfobulbaceae	Desulfogranum	Desulfogranum marinum
GCF_000233695.2|WP_004073884.1	GCF_000233695.2	Bacteria	Thermodesulfobacteriota	Desulfobacteria	Desulfobacterales	Desulfobacteraceae	Desulfobacter	Desulfobacter postgatei
GCF_000373985.1|WP_020589457.1	GCF_000373985.1	Bacteria	Thermodesulfobacteriota	Desulfobacteria	Desulfobacterales	Desulfobacteraceae	Desulfobacter	Desulfobacter curvatus
GCF_004319545.1|WP_111956950.1	GCF_004319545.1	Bacteria	Thermodesulfobacteriota	Desulfobacteria	Desulfobacterales	Desulfobacteraceae	Desulfobacter	Desulfobacter hydrogenophilus
GCF_014054965.1|WP_182122620.1	GCF_014054965.1	Bacteria	Pseudomonadota	Betaproteobacteria	Neisseriales	Neisseriaceae	Neisseria	Neisseria shayeganii
GCF_001648475.1|WP_064089682.1	GCF_001648475.1	Bacteria	Pseudomonadota	Betaproteobacteria	Neisseriales	Neisseriaceae	Eikenella	Eikenella halliae
GCF_900187105.1|WP_003822800.1	GCF_900187105.1	Bacteria	Pseudomonadota	Betaproteobacteria	Neisseriales	Neisseriaceae	Eikenella	Eikenella corrodens
GCF_028776105.2|WP_274571701.1	GCF_028776105.2	Bacteria	Pseudomonadota	Betaproteobacteria	Neisseriales	Neisseriaceae	Neisseria	Neisseria leonii
GCF_014055005.1|WP_085365538.1	GCF_014055005.1	Bacteria	Pseudomonadota	Betaproteobacteria	Neisseriales	Neisseriaceae	Neisseria	Neisseria dentiae
GCF_014297595.2|WP_187001645.1	GCF_014297595.2	Bacteria	Pseudomonadota	Betaproteobacteria	Neisseriales	Neisseriaceae	Neisseria	Neisseria musculi
GCF_014054885.1|WP_009115522.1	GCF_014054885.1	Bacteria	Pseudomonadota	Betaproteobacteria	Neisseriales	Neisseriaceae	Neisseria	Neisseria wadsworthii
GCF_900187305.1|WP_085363166.1	GCF_900187305.1	Bacteria	Pseudomonadota	Betaproteobacteria	Neisseriales	Neisseriaceae	Neisseria	Neisseria zoodegmatis
GCF_900636765.1|WP_085416035.1	GCF_900636765.1	Bacteria	Pseudomonadota	Betaproteobacteria	Neisseriales	Neisseriaceae	Neisseria	Neisseria canis
GCF_900638685.1|WP_004284273.1	GCF_900638685.1	Bacteria	Pseudomonadota	Betaproteobacteria	Neisseriales	Neisseriaceae	Neisseria	Neisseria weaveri
GCF_900637855.1|WP_085390873.1	GCF_900637855.1	Bacteria	Pseudomonadota	Betaproteobacteria	Neisseriales	Neisseriaceae	Neisseria	Neisseria animaloris
GCF_022288825.1|WP_238748582.1	GCF_022288825.1	Bacteria	Pseudomonadota	Betaproteobacteria	Neisseriales	Neisseriaceae	Kingella	Kingella pumchi
GCF_900453895.1|WP_074894651.1	GCF_900453895.1	Bacteria	Pseudomonadota	Betaproteobacteria	Neisseriales	Neisseriaceae	Neisseria	Neisseria elongata
GCF_014055025.1|WP_007343238.1	GCF_014055025.1	Bacteria	Pseudomonadota	Betaproteobacteria	Neisseriales	Neisseriaceae	Neisseria	Neisseria bacilliformis
GCF_900451175.1|WP_115307346.1	GCF_900451175.1	Bacteria	Pseudomonadota	Betaproteobacteria	Neisseriales	Neisseriaceae	Kingella	Kingella potus
GCF_022870865.1|WP_244787156.1	GCF_022870865.1	Bacteria	Pseudomonadota	Betaproteobacteria	Neisseriales	Neisseriaceae	Uruburuella	Uruburuella testudinis
GCF_022870905.1|WP_047761723.1	GCF_022870905.1	Bacteria	Pseudomonadota	Betaproteobacteria	Neisseriales	Neisseriaceae	Neisseria	Neisseria arctica
GCF_002216145.1|WP_089037054.1	GCF_002216145.1	Bacteria	Pseudomonadota	Betaproteobacteria	Neisseriales	Neisseriaceae	Neisseria	Neisseria chenwenguii
GCF_047839125.1|WP_066078828.1	GCF_047839125.1	Bacteria	Pseudomonadota	Betaproteobacteria	Neisseriales	Neisseriaceae	Bergeriella	Bergeriella denitrificans
GCF_028463985.1|WP_237090537.1	GCF_028463985.1	Bacteria	Pseudomonadota	Betaproteobacteria	Neisseriales	Neisseriaceae	Neisseria	Neisseria lisongii
GCF_005221305.1|WP_137040665.1	GCF_005221305.1	Bacteria	Pseudomonadota	Betaproteobacteria	Neisseriales	Neisseriaceae	Neisseria	Neisseria subflava
GCF_900475315.1|WP_111726987.1	GCF_900475315.1	Bacteria	Pseudomonadota	Betaproteobacteria	Neisseriales	Neisseriaceae	Neisseria	Neisseria cinerea
GCF_041433205.1|WP_371489591.1	GCF_041433205.1	Bacteria	Pseudomonadota	Betaproteobacteria	Neisseriales	Neisseriaceae	Neisseria	Neisseria perflava
GCF_017753665.1|WP_209283138.1	GCF_017753665.1	Bacteria	Pseudomonadota	Betaproteobacteria	Neisseriales	Neisseriaceae	Neisseria	Neisseria sicca
GCF_022749515.1|WP_039409915.1	GCF_022749515.1	Bacteria	Pseudomonadota	Betaproteobacteria	Neisseriales	Neisseriaceae	Morococcus	Morococcus cerebrosus
GCF_045062685.1|WP_405385454.1	GCF_045062685.1	Bacteria	Pseudomonadota	Betaproteobacteria	Neisseriales	Neisseriaceae	Neisseria	Neisseria oralis
GCF_005221285.1|WP_003679746.1	GCF_005221285.1	Bacteria	Pseudomonadota	Betaproteobacteria	Neisseriales	Neisseriaceae	Neisseria	Neisseria flavescens
GCF_003351565.1|WP_013448863.1	GCF_003351565.1	Bacteria	Pseudomonadota	Betaproteobacteria	Neisseriales	Neisseriaceae	Neisseria	Neisseria lactamica
GCF_962747855.1|WP_301673701.1	GCF_962747855.1	Bacteria	Pseudomonadota	Betaproteobacteria	Neisseriales	Neisseriaceae	Neisseria	Neisseria blantyrii
GCF_962707005.1|WP_301667735.1	GCF_962707005.1	Bacteria	Pseudomonadota	Betaproteobacteria	Neisseriales	Neisseriaceae	Neisseria	Neisseria basseii
GCF_958267435.1|WP_301669830.1	GCF_958267435.1	Bacteria	Pseudomonadota	Betaproteobacteria	Neisseriales	Neisseriaceae	Neisseria	Neisseria benedictiae
GCF_962704615.1|WP_304678766.1	GCF_962704615.1	Bacteria	Pseudomonadota	Betaproteobacteria	Neisseriales	Neisseriaceae	Neisseria	Neisseria bergeri
GCF_962747945.1|WP_301911324.1	GCF_962747945.1	Bacteria	Pseudomonadota	Betaproteobacteria	Neisseriales	Neisseriaceae	Neisseria	Neisseria viridiae
GCF_963392925.1|WP_308073709.1	GCF_963392925.1	Bacteria	Pseudomonadota	Betaproteobacteria	Neisseriales	Neisseriaceae	Neisseria	Neisseria polysaccharea
GCF_003013245.1|WP_106741793.1	GCF_003013245.1	Bacteria	Pseudomonadota	Betaproteobacteria	Neisseriales	Neisseriaceae	Neisseria	Neisseria iguanae
GCF_014898075.1|WP_165007685.1	GCF_014898075.1	Bacteria	Pseudomonadota	Betaproteobacteria	Neisseriales	Neisseriaceae	Neisseria	Neisseria yangbaofengii
GCF_042658245.1|WP_378595328.1	GCF_042658245.1	Bacteria	Pseudomonadota	Betaproteobacteria	Neisseriales	Neisseriaceae	Neisseria	Neisseria weixii
GCF_016623605.1|WP_200521930.1	GCF_016623605.1	Bacteria	Pseudomonadota	Betaproteobacteria	Neisseriales	Neisseriaceae	Kingella	Kingella bonacorsii
GCF_002951835.1|WP_002641010.1	GCF_002951835.1	Bacteria	Pseudomonadota	Betaproteobacteria	Neisseriales	Neisseriaceae	Simonsiella	Simonsiella muelleri
GCF_020162295.1|WP_097113226.1	GCF_020162295.1	Bacteria	Pseudomonadota	Betaproteobacteria	Neisseriales	Neisseriaceae	Alysiella	Alysiella filiformis
GCF_022871045.2|WP_034296255.1	GCF_022871045.2	Bacteria	Pseudomonadota	Betaproteobacteria	Neisseriales	Neisseriaceae	Alysiella	Alysiella crassa
GCF_016127355.1|WP_003784659.1	GCF_016127355.1	Bacteria	Pseudomonadota	Betaproteobacteria	Neisseriales	Neisseriaceae	Kingella	Kingella denitrificans
GCF_900475905.1|WP_003785462.1	GCF_900475905.1	Bacteria	Pseudomonadota	Betaproteobacteria	Neisseriales	Neisseriaceae	Kingella	Kingella kingae
GCF_022354465.1|WP_249451204.1	GCF_022354465.1	Bacteria	Pseudomonadota	Betaproteobacteria	Neisseriales	Neisseriaceae	Wielerella	Wielerella bovis
GCF_030177895.1|WP_085815592.1	GCF_030177895.1	Bacteria	Pseudomonadota	Betaproteobacteria	Neisseriales	Neisseriaceae	Kingella	Kingella negevensis
GCF_022870845.1|WP_132954808.1	GCF_022870845.1	Bacteria	Pseudomonadota	Betaproteobacteria	Neisseriales	Neisseriaceae	Uruburuella	Uruburuella suis
GCF_000379845.1|WP_019520104.1	GCF_000379845.1	Bacteria	Pseudomonadota	Gammaproteobacteria	Moraxellales	Moraxellaceae	Faucicola	Faucicola boevrei
GCF_046523945.1|WP_315041739.1	GCF_046523945.1	Bacteria	Pseudomonadota	Gammaproteobacteria	Moraxellales	Moraxellaceae	Faucicola	Faucicola mancuniensis
GCF_002014855.1|WP_078318207.1	GCF_002014855.1	Bacteria	Pseudomonadota	Gammaproteobacteria	Moraxellales	Moraxellaceae	Moraxella	Moraxella porci
GCF_042219885.1|WP_375714983.1	GCF_042219885.1	Bacteria	Pseudomonadota	Gammaproteobacteria	Moraxellales	Moraxellaceae	Moraxella	Moraxella marmotae
GCF_900637105.1|WP_126329911.1	GCF_900637105.1	Bacteria	Pseudomonadota	Gammaproteobacteria	Moraxellales	Moraxellaceae	Moraxella	Moraxella cuniculi
GCF_016028775.1|WP_067009118.1	GCF_016028775.1	Bacteria	Pseudomonadota	Gammaproteobacteria	Moraxellales	Moraxellaceae	Moraxella	Moraxella nonliquefaciens
GCF_029581575.1|WP_277808453.1	GCF_029581575.1	Bacteria	Pseudomonadota	Gammaproteobacteria	Moraxellales	Moraxellaceae	Moraxella	Moraxella nasibovis
GCF_901687125.1|WP_150538640.1	GCF_901687125.1	Bacteria	Pseudomonadota	Gammaproteobacteria	Pasteurellales	Pasteurellaceae	Actinobacillus	Actinobacillus vicugnae
GCF_000739435.1|WP_039195065.1	GCF_000739435.1	Bacteria	Pseudomonadota	Gammaproteobacteria	Pasteurellales	Pasteurellaceae	Actinobacillus	Actinobacillus suis
GCF_900444945.1|WP_115586976.1	GCF_900444945.1	Bacteria	Pseudomonadota	Gammaproteobacteria	Pasteurellales	Pasteurellaceae	Actinobacillus	Actinobacillus lignieresii
GCF_900636745.1|WP_039196960.1	GCF_900636745.1	Bacteria	Pseudomonadota	Gammaproteobacteria	Pasteurellales	Pasteurellaceae	Actinobacillus	Actinobacillus equuli
GCF_000374285.1|WP_018651026.1	GCF_000374285.1	Bacteria	Pseudomonadota	Gammaproteobacteria	Pasteurellales	Pasteurellaceae	Actinobacillus	Actinobacillus capsulatus
GCF_000175195.1|WP_005823790.1	GCF_000175195.1	Bacteria	Pseudomonadota	Gammaproteobacteria	Pasteurellales	Pasteurellaceae	Actinobacillus	Actinobacillus minor
GCF_003101015.1|WP_005817793.1	GCF_003101015.1	Bacteria	Pseudomonadota	Gammaproteobacteria	Pasteurellales	Pasteurellaceae	Actinobacillus	Actinobacillus porcitonsillarum
GCF_016889385.1|WP_005706293.1	GCF_016889385.1	Bacteria	Pseudomonadota	Gammaproteobacteria	Pasteurellales	Pasteurellaceae	Haemophilus	Haemophilus parahaemolyticus
GCF_900451065.1|WP_005709954.1	GCF_900451065.1	Bacteria	Pseudomonadota	Gammaproteobacteria	Pasteurellales	Pasteurellaceae	Haemophilus	Haemophilus paraphrohaemolyticus
GCF_002015115.1|WP_078236071.1	GCF_002015115.1	Bacteria	Pseudomonadota	Gammaproteobacteria	Pasteurellales	Pasteurellaceae	Haemophilus	Haemophilus paracuniculus
GCF_003260095.1|WP_111749138.1	GCF_003260095.1	Bacteria	Pseudomonadota	Gammaproteobacteria	Pasteurellales	Pasteurellaceae	Glaesserella	Glaesserella australis
GCF_004569585.1|WP_135057860.1	GCF_004569585.1	Bacteria	Pseudomonadota	Gammaproteobacteria	Pasteurellales	Pasteurellaceae	Muribacter	Muribacter muris
GCF_036880405.1|WP_334253614.1	GCF_036880405.1	Bacteria	Pseudomonadota	Gammaproteobacteria	Pasteurellales	Pasteurellaceae	Mannheimia	Mannheimia indoligenes
GCF_000521725.1|WP_015432810.1	GCF_000521725.1	Bacteria	Pseudomonadota	Gammaproteobacteria	Pasteurellales	Pasteurellaceae	Bibersteinia	Bibersteinia trehalosi
GCF_000621105.1|WP_027074824.1	GCF_000621105.1	Bacteria	Pseudomonadota	Gammaproteobacteria	Pasteurellales	Pasteurellaceae	Mannheimia	Mannheimia granulomatis
GCF_004339025.1|WP_132690758.1	GCF_004339025.1	Bacteria	Pseudomonadota	Gammaproteobacteria	Pasteurellales	Pasteurellaceae	Volucribacter	Volucribacter psittacicida
GCF_029783845.1|WP_279573752.1	GCF_029783845.1	Bacteria	Pseudomonadota	Gammaproteobacteria	Pasteurellales	Pasteurellaceae	Volucribacter	Volucribacter amazonae
GCF_042926695.1|WP_132300660.1	GCF_042926695.1	Bacteria	Pseudomonadota	Gammaproteobacteria	Pasteurellales	Pasteurellaceae	Lonepinella	Lonepinella koalarum
GCF_901764995.1|WP_135710085.1	GCF_901764995.1	Bacteria	Pseudomonadota	Gammaproteobacteria	Pasteurellales	Pasteurellaceae	Actinobacillus	Actinobacillus porcinus
GCF_002795405.1|WP_100296997.1	GCF_002795405.1	Bacteria	Pseudomonadota	Gammaproteobacteria	Pasteurellales	Pasteurellaceae	Caviibacterium	Caviibacterium pharyngocola
GCF_964241405.1|WP_373099886.1	GCF_964241405.1	Bacteria	Pseudomonadota	Gammaproteobacteria	Pasteurellales	Pasteurellaceae	Necropsobacter	Necropsobacter rosorum
GCF_900636915.1|WP_050332694.1	GCF_900636915.1	Bacteria	Pseudomonadota	Gammaproteobacteria	Pasteurellales	Pasteurellaceae	Aggregatibacter	Aggregatibacter aphrophilus
GCF_900186995.1|WP_095176960.1	GCF_900186995.1	Bacteria	Pseudomonadota	Gammaproteobacteria	Pasteurellales	Pasteurellaceae	Haemophilus	Haemophilus pittmaniae
GCF_006384255.1|WP_139989993.1	GCF_006384255.1	Bacteria	Pseudomonadota	Gammaproteobacteria	Pasteurellales	Pasteurellaceae	Haemophilus	Haemophilus seminalis
GCF_900477945.1|WP_111696732.1	GCF_900477945.1	Bacteria	Pseudomonadota	Gammaproteobacteria	Pasteurellales	Pasteurellaceae	Haemophilus	Haemophilus haemolyticus
GCF_001999305.1|WP_077425738.1	GCF_001999305.1	Bacteria	Pseudomonadota	Gammaproteobacteria	Pasteurellales	Pasteurellaceae	Rodentibacter	Rodentibacter myodis
GCF_001998965.1|WP_077417616.1	GCF_001998965.1	Bacteria	Pseudomonadota	Gammaproteobacteria	Pasteurellales	Pasteurellaceae	Rodentibacter	Rodentibacter rarus
GCF_002000125.1|WP_077427987.1	GCF_002000125.1	Bacteria	Pseudomonadota	Gammaproteobacteria	Pasteurellales	Pasteurellaceae	Rodentibacter	Rodentibacter heidelbergensis
GCF_000730685.1|WP_018356850.1	GCF_000730685.1	Bacteria	Pseudomonadota	Gammaproteobacteria	Pasteurellales	Pasteurellaceae	Rodentibacter	Rodentibacter pneumotropicus
GCF_002000485.1|WP_077435890.1	GCF_002000485.1	Bacteria	Pseudomonadota	Gammaproteobacteria	Pasteurellales	Pasteurellaceae	Rodentibacter	Rodentibacter ratti
GCF_001998825.1|WP_077494503.1	GCF_001998825.1	Bacteria	Pseudomonadota	Gammaproteobacteria	Pasteurellales	Pasteurellaceae	Rodentibacter	Rodentibacter mrazii
GCF_010587025.1|WP_164027478.1	GCF_010587025.1	Bacteria	Pseudomonadota	Gammaproteobacteria	Pasteurellales	Pasteurellaceae	Rodentibacter	Rodentibacter caecimuris
GCF_039542135.1|WP_345420014.1	GCF_039542135.1	Bacteria	Actinomycetota	Actinomycetes	Pseudonocardiales	Pseudonocardiaceae	Actinomycetospora	Actinomycetospora chlora
GCF_028737255.1|WP_274229802.1	GCF_028737255.1	Bacteria	Actinomycetota	Actinomycetes	Pseudonocardiales	Pseudonocardiaceae	Actinomycetospora	Actinomycetospora straminea
GCF_028737315.1|WP_274201190.1	GCF_028737315.1	Bacteria	Actinomycetota	Actinomycetes	Pseudonocardiales	Pseudonocardiaceae	Actinomycetospora	Actinomycetospora lemnae
GCF_021026375.1|WP_230738073.1	GCF_021026375.1	Bacteria	Actinomycetota	Actinomycetes	Pseudonocardiales	Pseudonocardiaceae	Actinomycetospora	Actinomycetospora endophytica
GCF_042653685.1|WP_378035047.1	GCF_042653685.1	Bacteria	Actinomycetota	Actinomycetes	Pseudonocardiales	Pseudonocardiaceae	Actinomycetospora	Actinomycetospora atypica
GCF_000379625.1|WP_084681678.1	GCF_000379625.1	Bacteria	Actinomycetota	Actinomycetes	Pseudonocardiales	Pseudonocardiaceae	Actinomycetospora	Actinomycetospora chiangmaiensis
GCF_030286555.1|WP_286056184.1	GCF_030286555.1	Bacteria	Actinomycetota	Actinomycetes	Pseudonocardiales	Pseudonocardiaceae	Actinomycetospora	Actinomycetospora termitidis
GCF_042657305.1|WP_343940425.1	GCF_042657305.1	Bacteria	Actinomycetota	Actinomycetes	Pseudonocardiales	Pseudonocardiaceae	Pseudonocardia	Pseudonocardia zijingensis
GCF_039543345.1|WP_345605334.1	GCF_039543345.1	Bacteria	Actinomycetota	Actinomycetes	Pseudonocardiales	Pseudonocardiaceae	Pseudonocardia	Pseudonocardia adelaidensis
GCF_006717045.1|WP_142099933.1	GCF_006717045.1	Bacteria	Actinomycetota	Actinomycetes	Pseudonocardiales	Pseudonocardiaceae	Pseudonocardia	Pseudonocardia cypriaca
GCF_007994075.1|WP_147260636.1	GCF_007994075.1	Bacteria	Actinomycetota	Actinomycetes	Pseudonocardiales	Pseudonocardiaceae	Pseudonocardia	Pseudonocardia hierapolitana
GCF_039526725.1|WP_343973497.1	GCF_039526725.1	Bacteria	Actinomycetota	Actinomycetes	Pseudonocardiales	Pseudonocardiaceae	Pseudonocardia	Pseudonocardia aurantiaca
GCF_012911925.1|WP_312859033.1	GCF_012911925.1	Bacteria	Actinomycetota	Actinomycetes	Pseudonocardiales	Pseudonocardiaceae	Pseudonocardia	Pseudonocardia xinjiangensis
GCF_022524485.1|WP_241034967.1	GCF_022524485.1	Bacteria	Actinomycetota	Actinomycetes	Pseudonocardiales	Pseudonocardiaceae	Pseudonocardia	Pseudonocardia alaniniphila
GCF_039534065.1|WP_344721556.1	GCF_039534065.1	Bacteria	Actinomycetota	Actinomycetes	Pseudonocardiales	Pseudonocardiaceae	Pseudonocardia	Pseudonocardia yunnanensis
GCF_031845345.1|WP_311555717.1	GCF_031845345.1	Bacteria	Actinomycetota	Actinomycetes	Pseudonocardiales	Pseudonocardiaceae	Pseudonocardia	Pseudonocardia charpentierae
GCF_039536605.1|WP_344812523.1	GCF_039536605.1	Bacteria	Actinomycetota	Actinomycetes	Propionibacteriales	Propionibacteriaceae	Microlunatus	Microlunatus aurantiacus
GCF_900105785.1|WP_091073191.1	GCF_900105785.1	Bacteria	Actinomycetota	Actinomycetes	Propionibacteriales	Propionibacteriaceae	Microlunatus	Microlunatus sagamiharensis
GCF_014193425.1|WP_183336988.1	GCF_014193425.1	Bacteria	Actinomycetota	Actinomycetes	Propionibacteriales	Propionibacteriaceae	Microlunatus	Microlunatus antarcticus
GCF_039536445.1|WP_204913203.1	GCF_039536445.1	Bacteria	Actinomycetota	Actinomycetes	Propionibacteriales	Propionibacteriaceae	Microlunatus	Microlunatus spumicola
GCF_900110855.1|WP_091178250.1	GCF_900110855.1	Bacteria	Actinomycetota	Actinomycetes	Propionibacteriales	Propionibacteriaceae	Microlunatus	Microlunatus flavus
GCF_029589495.1|WP_408642261.1	GCF_029589495.1	Bacteria	Actinomycetota	Actinomycetes	Mycobacteriales	Speluncibacteraceae	Speluncibacter	Speluncibacter jeojiensis
GCF_042681425.1|WP_379577409.1	GCF_042681425.1	Bacteria	Actinomycetota	Actinomycetes	Streptosporangiales	Streptosporangiaceae	Nonomuraea	Nonomuraea mangrovi
GCF_900100395.1|WP_090758667.1	GCF_900100395.1	Bacteria	Actinomycetota	Actinomycetes	Streptosporangiales	Streptosporangiaceae	Nonomuraea	Nonomuraea maritima
GCF_030811455.1|WP_307568227.1	GCF_030811455.1	Bacteria	Actinomycetota	Actinomycetes	Streptosporangiales	Streptosporangiaceae	Streptosporangium	Streptosporangium lutulentum
GCF_900188345.1|WP_218825828.1	GCF_900188345.1	Bacteria	Actinomycetota	Actinomycetes	Streptosporangiales	Streptosporangiaceae	Streptosporangium	Streptosporangium subroseum
GCF_023276435.1|WP_248966328.1	GCF_023276435.1	Bacteria	Actinomycetota	Actinomycetes	Streptosporangiales	Streptosporangiaceae	Sphaerisporangium	Sphaerisporangium perillae
GCF_043197025.1|WP_393177545.1	GCF_043197025.1	Bacteria	Actinomycetota	Actinomycetes	Streptosporangiales	Streptosporangiaceae	Nonomuraea	Nonomuraea marmarensis
GCF_015645445.1|WP_195896303.1	GCF_015645445.1	Bacteria	Actinomycetota	Actinomycetes	Streptosporangiales	Streptosporangiaceae	Nonomuraea	Nonomuraea cypriaca
GCF_039536965.1|WP_344874833.1	GCF_039536965.1	Bacteria	Actinomycetota	Actinomycetes	Streptosporangiales	Streptosporangiaceae	Nonomuraea	Nonomuraea antimicrobica
GCF_000429025.1|WP_051341885.1	GCF_000429025.1	Bacteria	Actinomycetota	Actinomycetes	Pseudonocardiales	Pseudonocardiaceae	Pseudonocardia	Pseudonocardia spinosispora
GCF_025722975.1|WP_263507170.1	GCF_025722975.1	Bacteria	Actinomycetota	Actinomycetes	Mycobacteriales	Nocardiaceae	Rhodococcus	Rhodococcus aetherivorans
GCF_016804345.1|WP_010595302.1	GCF_016804345.1	Bacteria	Actinomycetota	Actinomycetes	Mycobacteriales	Nocardiaceae	Rhodococcus	Rhodococcus ruber
GCF_047782815.1|WP_416061196.1	GCF_047782815.1	Bacteria	Actinomycetota	Actinomycetes	Mycobacteriales	Nocardiaceae	Rhodococcus	Rhodococcus indonesiensis
GCF_001646785.1|WP_068164378.1	GCF_001646785.1	Bacteria	Actinomycetota	Actinomycetes	Mycobacteriales	Nocardiaceae	Rhodococcus	Rhodococcus phenolicus
GCF_001895025.1|WP_072813213.1	GCF_001895025.1	Bacteria	Actinomycetota	Actinomycetes	Mycobacteriales	Nocardiaceae	Rhodococcus	Rhodococcus zopfii
GCF_025837095.1|WP_264154673.1	GCF_025837095.1	Bacteria	Actinomycetota	Actinomycetes	Mycobacteriales	Nocardiaceae	Rhodococcus	Rhodococcus sacchari
GCF_036327435.1|WP_330152315.1	GCF_036327435.1	Bacteria	Actinomycetota	Actinomycetes	Mycobacteriales	Nocardiaceae	Rhodococcus	Rhodococcus chondri
GCF_003130705.1|WP_109329393.1	GCF_003130705.1	Bacteria	Actinomycetota	Actinomycetes	Mycobacteriales	Nocardiaceae	Rhodococcus	Rhodococcus oxybenzonivorans
GCF_024438035.1|WP_255967101.1	GCF_024438035.1	Bacteria	Actinomycetota	Actinomycetes	Mycobacteriales	Nocardiaceae	Rhodococcus	Rhodococcus tibetensis
GCF_001894885.1|WP_072688600.1	GCF_001894885.1	Bacteria	Actinomycetota	Actinomycetes	Mycobacteriales	Nocardiaceae	Rhodococcus	Rhodococcus marinonascens
GCF_020542785.1|WP_005247472.1	GCF_020542785.1	Bacteria	Actinomycetota	Actinomycetes	Mycobacteriales	Nocardiaceae	Rhodococcus	Rhodococcus opacus
GCF_041228765.1|WP_112300713.1	GCF_041228765.1	Bacteria	Actinomycetota	Actinomycetes	Mycobacteriales	Nocardiaceae	Rhodococcus	Rhodococcus wratislaviensis
GCF_017068375.1|WP_206012640.1	GCF_017068375.1	Bacteria	Actinomycetota	Actinomycetes	Mycobacteriales	Nocardiaceae	Rhodococcus	Rhodococcus koreensis
GCF_017068395.1|WP_206010891.1	GCF_017068395.1	Bacteria	Actinomycetota	Actinomycetes	Mycobacteriales	Nocardiaceae	Rhodococcus	Rhodococcus pseudokoreensis
GCF_900105375.1|WP_073361887.1	GCF_900105375.1	Bacteria	Actinomycetota	Actinomycetes	Mycobacteriales	Nocardiaceae	Rhodococcus	Rhodococcus jostii
GCF_019334125.1|WP_141486507.1	GCF_019334125.1	Bacteria	Actinomycetota	Actinomycetes	Mycobacteriales	Nocardiaceae	Rhodococcus	Rhodococcus globerulus
GCF_015099595.1|WP_064688776.1	GCF_015099595.1	Bacteria	Actinomycetota	Actinomycetes	Mycobacteriales	Nocardiaceae	Rhodococcus	Rhodococcus qingshengii
GCF_040489275.1|WP_298780013.1	GCF_040489275.1	Bacteria	Actinomycetota	Actinomycetes	Mycobacteriales	Nocardiaceae	Rhodococcus	Rhodococcus baikonurensis
GCF_039541155.1|WP_344992791.1	GCF_039541155.1	Bacteria	Actinomycetota	Actinomycetes	Mycobacteriales	Tsukamurellaceae	Tsukamurella	Tsukamurella soli
GCF_000380645.1|WP_018160102.1	GCF_000380645.1	Bacteria	Actinomycetota	Actinomycetes	Mycobacteriales	Nocardiaceae	Smaragdicoccus	Smaragdicoccus niigatensis
GCF_000297255.1|WP_008479250.1	GCF_000297255.1	Bacteria	Thermomicrobiota	Thermomicrobia	Sphaerobacterales	Sphaerobacteraceae	Nitrolancea	Nitrolancea hollandica
GCF_013744875.1|WP_181581938.1	GCF_013744875.1	Bacteria	Actinomycetota	Actinomycetes	Mycobacteriales	Nocardiaceae	Nocardia	Nocardia huaxiensis
GCF_016741815.1|WP_201941954.1	GCF_016741815.1	Bacteria	Actinomycetota	Actinomycetes	Mycobacteriales	Nocardiaceae	Nocardia	Nocardia acididurans
GCF_001613345.1|WP_067529279.1	GCF_001613345.1	Bacteria	Actinomycetota	Actinomycetes	Mycobacteriales	Nocardiaceae	Nocardia	Nocardia uniformis
GCF_007362295.1|WP_143983612.1	GCF_007362295.1	Bacteria	Actinomycetota	Actinomycetes	Mycobacteriales	Nocardiaceae	Nocardia	Nocardia otitidiscaviarum
GCF_001613405.1|WP_067546857.1	GCF_001613405.1	Bacteria	Actinomycetota	Actinomycetes	Mycobacteriales	Nocardiaceae	Nocardia	Nocardia crassostreae
GCF_012223425.1|WP_168144659.1	GCF_012223425.1	Bacteria	Actinomycetota	Actinomycetes	Mycobacteriales	Mycobacteriaceae	Mycolicibacterium	Mycolicibacterium frederiksbergense
GCF_025822555.1|WP_267289160.1	GCF_025822555.1	Bacteria	Actinomycetota	Actinomycetes	Mycobacteriales	Mycobacteriaceae	Mycobacterium	Mycobacterium hackensackense
GCF_010731855.1|WP_407664517.1	GCF_010731855.1	Bacteria	Actinomycetota	Actinomycetes	Mycobacteriales	Mycobacteriaceae	Mycolicibacterium	Mycolicibacterium anyangense
GCF_016313185.1|WP_193048645.1	GCF_016313185.1	Bacteria	Actinomycetota	Actinomycetes	Mycobacteriales	Mycobacteriaceae	Mycolicibacterium	Mycolicibacterium baixiangningiae
GCF_010723735.1|WP_163890910.1	GCF_010723735.1	Bacteria	Actinomycetota	Actinomycetes	Mycobacteriales	Mycobacteriaceae	Mycolicibacterium	Mycolicibacterium hippocampi
GCF_025821625.1|WP_264023764.1	GCF_025821625.1	Bacteria	Actinomycetota	Actinomycetes	Mycobacteriales	Mycobacteriaceae	Mycolicibacterium	Mycolicibacterium pyrenivorans
GCF_001655245.1|WP_060941681.1	GCF_001655245.1	Bacteria	Actinomycetota	Actinomycetes	Mycobacteriales	Mycobacteriaceae	Mycolicibacterium	Mycolicibacterium vaccae
GCF_000184435.1|WP_173362744.1	GCF_000184435.1	Bacteria	Actinomycetota	Actinomycetes	Mycobacteriales	Mycobacteriaceae	Mycolicibacterium	Mycolicibacterium gilvum
GCF_010725485.1|WP_163767279.1	GCF_010725485.1	Bacteria	Actinomycetota	Actinomycetes	Mycobacteriales	Mycobacteriaceae	Mycolicibacterium	Mycolicibacterium parafortuitum
GCF_041287165.2|WP_370474783.1	GCF_041287165.2	Bacteria	Actinomycetota	Actinomycetes	Mycobacteriales	Mycobacteriaceae	Mycolicibacterium	[Mycobacterium] bulgaricum
GCF_010726645.1|WP_098006106.1	GCF_010726645.1	Bacteria	Actinomycetota	Actinomycetes	Mycobacteriales	Mycobacteriaceae	Mycolicibacterium	Mycolicibacterium duvalii
GCF_003254575.1|WP_111508879.1	GCF_003254575.1	Bacteria	Actinomycetota	Actinomycetes	Mycobacteriales	Mycobacteriaceae	Mycobacterium	Mycobacterium kyogaense
GCF_004359005.1|WP_133414012.1	GCF_004359005.1	Bacteria	Actinomycetota	Actinomycetes	Mycobacteriales	Mycobacteriaceae	Mycolicibacterium	Mycolicibacterium obuense
GCF_022374875.2|WP_434085869.1	GCF_022374875.2	Bacteria	Actinomycetota	Actinomycetes	Mycobacteriales	Mycobacteriaceae	Mycolicibacterium	Mycolicibacterium rufum
GCF_010729305.1|WP_275997684.1	GCF_010729305.1	Bacteria	Actinomycetota	Actinomycetes	Mycobacteriales	Mycobacteriaceae	Mycolicibacterium	Mycolicibacterium psychrotolerans
GCF_900453455.1|WP_048417532.1	GCF_900453455.1	Bacteria	Actinomycetota	Actinomycetes	Mycobacteriales	Mycobacteriaceae	Mycolicibacterium	Mycolicibacterium chubuense
GCF_002086915.1|WP_075546833.1	GCF_002086915.1	Bacteria	Actinomycetota	Actinomycetes	Mycobacteriales	Mycobacteriaceae	Mycobacterium	Mycobacterium persicum
GCF_002356315.1|WP_096443517.1	GCF_002356315.1	Bacteria	Actinomycetota	Actinomycetes	Mycobacteriales	Mycobacteriaceae	Mycobacterium	Mycobacterium shigaense
GCF_010730355.1|WP_085224879.1	GCF_010730355.1	Bacteria	Actinomycetota	Actinomycetes	Mycobacteriales	Mycobacteriaceae	Mycobacterium	Mycobacterium florentinum
GCF_010730575.1|WP_085268543.1	GCF_010730575.1	Bacteria	Actinomycetota	Actinomycetes	Mycobacteriales	Mycobacteriaceae	Mycobacterium	Mycobacterium parmense
GCF_000157895.3|WP_023368775.1	GCF_000157895.3	Bacteria	Actinomycetota	Actinomycetes	Mycobacteriales	Mycobacteriaceae	Mycobacterium	Mycobacterium kansasii
GCF_900566085.1|WP_122445229.1	GCF_900566085.1	Bacteria	Actinomycetota	Actinomycetes	Mycobacteriales	Mycobacteriaceae	Mycobacterium	Mycobacterium attenuatum
GCF_002250655.1|WP_272938287.1	GCF_002250655.1	Bacteria	Actinomycetota	Actinomycetes	Mycobacteriales	Mycobacteriaceae	Mycolicibacterium	Mycolicibacterium sphagni
GCF_010730955.1|WP_138233307.1	GCF_010730955.1	Bacteria	Actinomycetota	Actinomycetes	Mycobacteriales	Mycobacteriaceae	Mycolicibacterium	Mycolicibacterium aubagnense
GCF_025822245.1|WP_275079884.1	GCF_025822245.1	Bacteria	Actinomycetota	Actinomycetes	Mycobacteriales	Mycobacteriaceae	Mycolicibacterium	Mycolicibacterium hodleri
GCF_025823185.1|WP_263999274.1	GCF_025823185.1	Bacteria	Actinomycetota	Actinomycetes	Mycobacteriales	Mycobacteriaceae	Mycobacterium	Mycobacterium yunnanensis
GCF_000340435.2|WP_047314194.1	GCF_000340435.2	Bacteria	Actinomycetota	Actinomycetes	Mycobacteriales	Mycobacteriaceae	Mycobacterium	Mycobacterium haemophilum
GCF_000975265.2|WP_045843587.1	GCF_000975265.2	Bacteria	Actinomycetota	Actinomycetes	Mycobacteriales	Mycobacteriaceae	Mycobacterium	Mycobacterium lepromatosis
GCF_003253775.1|WP_010908710.1	GCF_003253775.1	Bacteria	Actinomycetota	Actinomycetes	Mycobacteriales	Mycobacteriaceae	Mycobacterium	Mycobacterium leprae
GCF_003408705.1|WP_116539561.1	GCF_003408705.1	Bacteria	Actinomycetota	Actinomycetes	Mycobacteriales	Mycobacteriaceae	Mycobacterium	Mycobacterium uberis
GCF_010723305.1|WP_163759028.1	GCF_010723305.1	Bacteria	Actinomycetota	Actinomycetes	Mycobacteriales	Mycobacteriaceae	Mycobacterium	Mycobacterium botniense
GCF_010727945.1|WP_163775255.1	GCF_010727945.1	Bacteria	Actinomycetota	Actinomycetes	Mycobacteriales	Mycobacteriaceae	Mycobacterium	Mycobacterium cookii
GCF_022430545.2|WP_240263632.1	GCF_022430545.2	Bacteria	Actinomycetota	Actinomycetes	Mycobacteriales	Mycobacteriaceae	Mycobacterium	Mycobacterium paraterrae
GCF_030252325.1|WP_285189441.1	GCF_030252325.1	Bacteria	Actinomycetota	Actinomycetes	Mycobacteriales	Mycobacteriaceae	Mycobacterium	Candidatus Mycobacterium wuenschmannii
GCF_002086545.1|WP_036360291.1	GCF_002086545.1	Bacteria	Actinomycetota	Actinomycetes	Mycobacteriales	Mycobacteriaceae	Mycobacterium	Mycobacterium asiaticum
GCF_013466425.1|WP_180918983.1	GCF_013466425.1	Bacteria	Actinomycetota	Actinomycetes	Mycobacteriales	Mycobacteriaceae	Mycobacterium	Mycobacterium vicinigordonae
GCF_900157365.1|WP_077081081.1	GCF_900157365.1	Bacteria	Actinomycetota	Actinomycetes	Mycobacteriales	Mycobacteriaceae	Mycobacterium	Mycobacterium numidiamassiliense
GCF_900157375.1|WP_077089358.1	GCF_900157375.1	Bacteria	Actinomycetota	Actinomycetes	Mycobacteriales	Mycobacteriaceae	Mycobacterium	Mycobacterium rhizamassiliense
GCF_010727605.1|WP_044505865.1	GCF_010727605.1	Bacteria	Actinomycetota	Actinomycetes	Mycobacteriales	Mycobacteriaceae	Mycobacterium	Mycobacterium simiae
GCF_002102355.1|WP_069401772.1	GCF_002102355.1	Bacteria	Actinomycetota	Actinomycetes	Mycobacteriales	Mycobacteriaceae	Mycobacterium	Mycobacterium sherrisii
GCF_902168065.1|WP_144207742.1	GCF_902168065.1	Bacteria	Actinomycetota	Actinomycetes	Mycobacteriales	Mycobacteriaceae	Mycobacterium	Mycobacterium tilburgii
GCF_025823255.1|WP_264060387.1	GCF_025823255.1	Bacteria	Actinomycetota	Actinomycetes	Mycobacteriales	Mycobacteriaceae	Mycobacterium	Mycobacterium montefiorense
GCF_010731715.1|WP_163788633.1	GCF_010731715.1	Bacteria	Actinomycetota	Actinomycetes	Mycobacteriales	Mycobacteriaceae	Mycobacterium	Mycobacterium stomatepiae
GCF_022374895.2|WP_239723274.1	GCF_022374895.2	Bacteria	Actinomycetota	Actinomycetes	Mycobacteriales	Mycobacteriaceae	Mycobacterium	Mycobacterium lentiflavum
GCF_900176255.2|WP_096291144.1	GCF_900176255.2	Bacteria	Actinomycetota	Actinomycetes	Mycobacteriales	Mycobacteriaceae	Mycobacterium	Mycobacterium ahvazicum
GCF_000526915.1|WP_025737083.1	GCF_000526915.1	Bacteria	Actinomycetota	Actinomycetes	Mycobacteriales	Mycobacteriaceae	Mycobacterium	Mycobacterium genavense
GCF_002102415.1|WP_036469118.1	GCF_002102415.1	Bacteria	Actinomycetota	Actinomycetes	Mycobacteriales	Mycobacteriaceae	Mycobacterium	Mycobacterium triplex
GCF_010730745.1|WP_083075876.1	GCF_010730745.1	Bacteria	Actinomycetota	Actinomycetes	Mycobacteriales	Mycobacteriaceae	Mycobacterium	Mycobacterium heidelbergense
GCF_026011875.1|WP_238306167.1	GCF_026011875.1	Bacteria	Actinomycetota	Actinomycetes	Mycobacteriales	Mycobacteriaceae	Mycobacterium	Mycobacterium kiyosense
GCF_010731535.1|WP_085158722.1	GCF_010731535.1	Bacteria	Actinomycetota	Actinomycetes	Mycobacteriales	Mycobacteriaceae	Mycobacterium	Mycobacterium lacus
GCF_019645855.1|WP_083009643.1	GCF_019645855.1	Bacteria	Actinomycetota	Actinomycetes	Mycobacteriales	Mycobacteriaceae	Mycobacterium	Mycobacterium malmoense
GCF_007714185.1|WP_144947385.1	GCF_007714185.1	Bacteria	Actinomycetota	Actinomycetes	Mycobacteriales	Mycobacteriaceae	Mycobacterium	Mycobacterium helveticum
GCF_041206865.1|WP_369738516.1	GCF_041206865.1	Bacteria	Actinomycetota	Actinomycetes	Mycobacteriales	Mycobacteriaceae	Mycobacterium	Mycobacterium servetii
GCF_002101785.1|WP_085077121.1	GCF_002101785.1	Bacteria	Actinomycetota	Actinomycetes	Mycobacteriales	Mycobacteriaceae	Mycobacterium	Mycobacterium palustre
GCF_010729105.1|WP_085256697.1	GCF_010729105.1	Bacteria	Actinomycetota	Actinomycetes	Mycobacteriales	Mycobacteriaceae	Mycobacterium	Mycobacterium saskatchewanense
GCF_041890355.1|WP_374021303.1	GCF_041890355.1	Bacteria	Actinomycetota	Actinomycetes	Mycobacteriales	Mycobacteriaceae	Mycobacterium	Mycobacterium hainanense
GCF_000164135.1|WP_007170003.1	GCF_000164135.1	Bacteria	Actinomycetota	Actinomycetes	Mycobacteriales	Mycobacteriaceae	Mycobacterium	Mycobacterium parascrofulaceum
GCF_002086735.1|WP_083179838.1	GCF_002086735.1	Bacteria	Actinomycetota	Actinomycetes	Mycobacteriales	Mycobacteriaceae	Mycobacterium	Mycobacterium scrofulaceum
GCF_010731595.1|WP_163677815.1	GCF_010731595.1	Bacteria	Actinomycetota	Actinomycetes	Mycobacteriales	Mycobacteriaceae	Mycobacterium	Mycobacterium seoulense
GCF_010731655.1|WP_083174322.1	GCF_010731655.1	Bacteria	Actinomycetota	Actinomycetes	Mycobacteriales	Mycobacteriaceae	Mycobacterium	Mycobacterium paraseoulense
GCF_034555895.2|WP_322860339.1	GCF_034555895.2	Bacteria	Actinomycetota	Actinomycetes	Mycobacteriales	Mycobacteriaceae	Mycobacterium	Mycobacterium europaeum
GCF_025822865.1|WP_264046493.1	GCF_025822865.1	Bacteria	Actinomycetota	Actinomycetes	Mycobacteriales	Mycobacteriaceae	Mycobacterium	Mycobacterium paraffinicum
GCF_002102255.1|WP_046184887.1	GCF_002102255.1	Bacteria	Actinomycetota	Actinomycetes	Mycobacteriales	Mycobacteriaceae	Mycobacterium	Mycobacterium nebraskense
GCF_002102025.1|WP_085182380.1	GCF_002102025.1	Bacteria	Actinomycetota	Actinomycetes	Mycobacteriales	Mycobacteriaceae	Mycobacterium	Mycobacterium bohemicum
GCF_002101815.1|WP_085173418.1	GCF_002101815.1	Bacteria	Actinomycetota	Actinomycetes	Mycobacteriales	Mycobacteriaceae	Mycobacterium	Mycobacterium paraense
GCF_900078675.2|WP_066912512.1	GCF_900078675.2	Bacteria	Actinomycetota	Actinomycetes	Mycobacteriales	Mycobacteriaceae	Mycobacterium	Mycobacterium interjectum
GCF_010731775.1|WP_083096506.1	GCF_010731775.1	Bacteria	Actinomycetota	Actinomycetes	Mycobacteriales	Mycobacteriaceae	Mycobacterium	Mycobacterium mantenii
GCF_002104765.1|WP_085289698.1	GCF_002104765.1	Bacteria	Actinomycetota	Actinomycetes	Mycobacteriales	Mycobacteriaceae	Mycolicibacterium	Mycolicibacterium vulneris
GCF_002086125.1|WP_083065051.1	GCF_002086125.1	Bacteria	Actinomycetota	Actinomycetes	Mycobacteriales	Mycobacteriaceae	Mycobacterium	Mycobacterium arosiense
GCF_002086165.1|WP_003876498.1	GCF_002086165.1	Bacteria	Actinomycetota	Actinomycetes	Mycobacteriales	Mycobacteriaceae	Mycobacterium	Mycobacterium bouchedurhonense
GCF_022175585.2|WP_003876498.1	GCF_022175585.2	Bacteria	Actinomycetota	Actinomycetes	Mycobacteriales	Mycobacteriaceae	Mycobacterium	Mycobacterium avium
GCF_025821985.1|WP_003876498.1	GCF_025821985.1	Bacteria	Actinomycetota	Actinomycetes	Mycobacteriales	Mycobacteriaceae	Mycobacterium	Mycobacterium timonense
GCF_002285715.1|WP_083019656.1	GCF_002285715.1	Bacteria	Actinomycetota	Actinomycetes	Mycobacteriales	Mycobacteriaceae	Mycobacterium	Mycobacterium marseillense
GCF_000276825.1|WP_008257000.1	GCF_000276825.1	Bacteria	Actinomycetota	Actinomycetes	Mycobacteriales	Mycobacteriaceae	Mycobacterium	Mycobacterium paraintracellulare
GCF_020736005.1|WP_014382631.1	GCF_020736005.1	Bacteria	Actinomycetota	Actinomycetes	Mycobacteriales	Mycobacteriaceae	Mycobacterium	Mycobacterium intracellulare
GCF_002086635.1|WP_083138513.1	GCF_002086635.1	Bacteria	Actinomycetota	Actinomycetes	Mycobacteriales	Mycobacteriaceae	Mycobacterium	Mycobacterium alsense
GCF_010728725.1|WP_083132132.1	GCF_010728725.1	Bacteria	Actinomycetota	Actinomycetes	Mycobacteriales	Mycobacteriaceae	Mycobacterium	Mycobacterium branderi
GCF_000222105.3|WP_007771387.1	GCF_000222105.3	Bacteria	Actinomycetota	Actinomycetes	Mycobacteriales	Mycobacteriaceae	Mycobacterium	Mycobacterium colombiense
GCF_019668465.1|WP_221042961.1	GCF_019668465.1	Bacteria	Actinomycetota	Actinomycetes	Mycobacteriales	Mycobacteriaceae	Mycobacterium	Mycobacterium senriense
GCF_010730195.1|WP_085231016.1	GCF_010730195.1	Bacteria	Actinomycetota	Actinomycetes	Mycobacteriales	Mycobacteriaceae	Mycobacterium	Mycobacterium conspicuum
GCF_002101675.1|WP_069433934.1	GCF_002101675.1	Bacteria	Actinomycetota	Actinomycetes	Mycobacteriales	Mycobacteriaceae	Mycobacterium	Mycobacterium gordonae
GCF_017086405.1|WP_205872971.1	GCF_017086405.1	Bacteria	Actinomycetota	Actinomycetes	Mycobacteriales	Mycobacteriaceae	Mycobacterium	Mycobacterium camsae
GCF_031583025.2|WP_310766459.1	GCF_031583025.2	Bacteria	Actinomycetota	Actinomycetes	Mycobacteriales	Mycobacteriaceae	Mycobacterium	Mycobacterium pumcae
GCF_003614435.1|WP_120792859.1	GCF_003614435.1	Bacteria	Actinomycetota	Actinomycetes	Mycobacteriales	Mycobacteriaceae	Mycobacterium	Mycobacterium paragordonae
GCF_014263315.1|WP_186272088.1	GCF_014263315.1	Bacteria	Actinomycetota	Actinomycetes	Mycobacteriales	Mycobacteriaceae	Mycobacterium	Mycobacterium kubicae
GCF_900232995.1|WP_191499793.1	GCF_900232995.1	Bacteria	Actinomycetota	Actinomycetes	Mycobacteriales	Mycobacteriaceae	Mycobacterium	Mycobacterium simulans
GCF_963853645.1|WP_085249345.1	GCF_963853645.1	Bacteria	Actinomycetota	Actinomycetes	Mycobacteriales	Mycobacteriaceae	Mycobacterium	Mycobacterium riyadhense
GCF_002116635.1|WP_085669226.1	GCF_002116635.1							
GCF_025822405.1|WP_083111359.1	GCF_025822405.1	Bacteria	Actinomycetota	Actinomycetes	Mycobacteriales	Mycobacteriaceae	Mycobacterium	Mycobacterium angelicum
GCF_018278905.1|WP_211699153.1	GCF_018278905.1	Bacteria	Actinomycetota	Actinomycetes	Mycobacteriales	Mycobacteriaceae	Mycobacterium	Mycobacterium spongiae
GCF_010730055.1|WP_083050997.1	GCF_010730055.1	Bacteria	Actinomycetota	Actinomycetes	Mycobacteriales	Mycobacteriaceae	Mycobacterium	Mycobacterium shinjukuense
GCF_900566075.1|WP_036403097.1	GCF_900566075.1	Bacteria	Actinomycetota	Actinomycetes	Mycobacteriales	Mycobacteriaceae	Mycobacterium	Mycobacterium pseudokansasii
GCF_002102175.1|WP_036418290.1	GCF_002102175.1	Bacteria	Actinomycetota	Actinomycetes	Mycobacteriales	Mycobacteriaceae	Mycobacterium	Mycobacterium gastri
GCF_021183725.1|WP_075511548.1	GCF_021183725.1	Bacteria	Actinomycetota	Actinomycetes	Mycobacteriales	Mycobacteriaceae	Mycobacterium	Mycobacterium ostraviense
GCF_900566055.1|WP_099193533.1	GCF_900566055.1	Bacteria	Actinomycetota	Actinomycetes	Mycobacteriales	Mycobacteriaceae	Mycobacterium	Mycobacterium innocens
GCF_900292015.1|WP_158016901.1	GCF_900292015.1	Bacteria	Actinomycetota	Actinomycetes	Mycobacteriales	Mycobacteriaceae	Mycobacterium	Mycobacterium basiliense
GCF_010728525.1|WP_198965296.1	GCF_010728525.1	Bacteria	Actinomycetota	Actinomycetes	Mycobacteriales	Mycobacteriaceae	Mycobacterium	Mycobacterium shottsii
GCF_000723425.2|WP_036449894.1	GCF_000723425.2	Bacteria	Actinomycetota	Actinomycetes	Mycobacteriales	Mycobacteriaceae	Mycobacterium	Mycobacterium marinum
GCF_002355775.1|WP_096370654.1	GCF_002355775.1	Bacteria	Actinomycetota	Actinomycetes	Mycobacteriales	Mycobacteriaceae	Mycobacterium	Mycobacterium ulcerans
GCF_003584745.1|WP_020787477.1	GCF_003584745.1	Bacteria	Actinomycetota	Actinomycetes	Mycobacteriales	Mycobacteriaceae	Mycobacterium	Mycobacterium pseudoshottsii
GCF_002104675.1|WP_085326207.1	GCF_002104675.1	Bacteria	Actinomycetota	Actinomycetes	Mycobacteriales	Mycobacteriaceae	Mycobacterium	Mycobacterium decipiens
GCF_000195955.2|NP_216335.1	GCF_000195955.2	Bacteria	Actinomycetota	Actinomycetes	Mycobacteriales	Mycobacteriaceae	Mycobacterium	Mycobacterium tuberculosis
Rv1819c	GCF_000195955.2	Bacteria	Actinomycetota	Actinomycetes	Mycobacteriales	Mycobacteriaceae	Mycobacterium	Mycobacterium tuberculosis
GCF_000253375.1|WP_015288169.1	GCF_000253375.1	Bacteria	Actinomycetota	Actinomycetes	Mycobacteriales	Mycobacteriaceae	Mycobacterium	Mycobacterium canetti
GCF_023515995.1|WP_219069177.1	GCF_023515995.1	Bacteria	Actinomycetota	Actinomycetes	Mycobacteriales	Mycobacteriaceae	Mycobacterium	Candidatus Mycobacterium methanotrophicum
GCF_002102185.1|WP_227371103.1	GCF_002102185.1	Bacteria	Actinomycetota	Actinomycetes	Mycobacteriales	Mycobacteriaceae	Mycobacterium	Mycobacterium fragae
GCF_010731635.1|WP_083087325.1	GCF_010731635.1	Bacteria	Actinomycetota	Actinomycetes	Mycobacteriales	Mycobacteriaceae	Mycobacterium	Mycobacterium noviomagense
GCF_016861545.1|WP_048892529.1	GCF_016861545.1	Bacteria	Actinomycetota	Actinomycetes	Mycobacteriales	Mycobacteriaceae	Mycobacterium	Mycobacterium heckeshornense
GCF_900453395.1|WP_003921784.1	GCF_900453395.1	Bacteria	Actinomycetota	Actinomycetes	Mycobacteriales	Mycobacteriaceae	Mycobacterium	Mycobacterium xenopi
GCF_900417275.1|WP_069397602.1	GCF_900417275.1	Bacteria	Actinomycetota	Actinomycetes	Mycobacteriales	Mycobacteriaceae	Mycobacterium	Mycobacterium shimoidei
GCF_002101595.1|WP_062540355.1	GCF_002101595.1	Bacteria	Actinomycetota	Actinomycetes	Mycobacteriales	Mycobacteriaceae	Mycobacterium	Mycobacterium celatum
GCF_002101735.1|WP_045383170.1	GCF_002101735.1	Bacteria	Actinomycetota	Actinomycetes	Mycobacteriales	Mycobacteriaceae	Mycobacterium	Mycobacterium kyorinense
GCF_001854525.1|WP_071028745.1	GCF_001854525.1	Bacteria	Actinomycetota	Actinomycetes	Mycobacteriales	Mycobacteriaceae	Mycobacterium	Mycobacterium talmoniae
GCF_002102395.1|WP_234808106.1	GCF_002102395.1	Bacteria	Actinomycetota	Actinomycetes	Mycobacteriales	Mycobacteriaceae	Mycolicibacillus	Mycolicibacillus trivialis
GCF_010731835.1|WP_234793804.1	GCF_010731835.1	Bacteria	Actinomycetota	Actinomycetes	Mycobacteriales	Mycobacteriaceae	Mycolicibacillus	Mycolicibacillus koreensis
GCF_022370835.2|WP_240172473.1	GCF_022370835.2	Bacteria	Actinomycetota	Actinomycetes	Mycobacteriales	Mycobacteriaceae	Mycolicibacillus	Mycolicibacillus parakoreensis
GCF_018455725.1|WP_214091560.1	GCF_018455725.1	Bacteria	Actinomycetota	Actinomycetes	Mycobacteriales	Mycobacteriaceae	Mycolicibacter	Mycolicibacter acidiphilus
GCF_963378075.1|WP_308476825.1	GCF_963378075.1	Bacteria	Actinomycetota	Actinomycetes	Mycobacteriales	Mycobacteriaceae	Mycolicibacter	[Mycobacterium] kokjensenii
GCF_010723225.1|WP_085084006.1	GCF_010723225.1	Bacteria	Actinomycetota	Actinomycetes	Mycobacteriales	Mycobacteriaceae	Mycolicibacter	Mycolicibacter senuensis
GCF_000214155.1|WP_013828847.1	GCF_000214155.1	Bacteria	Actinomycetota	Actinomycetes	Mycobacteriales	Mycobacteriaceae	Mycolicibacter	Mycolicibacter sinensis
GCF_010723515.1|WP_083038474.1	GCF_010723515.1	Bacteria	Actinomycetota	Actinomycetes	Mycobacteriales	Mycobacteriaceae	Mycolicibacter	Mycolicibacter algericus
GCF_010726505.1|WP_083038474.1	GCF_010726505.1	Bacteria	Actinomycetota	Actinomycetes	Mycobacteriales	Mycobacteriaceae	Mycobacterium	Mycobacterium novum
GCF_002102265.1|WP_085265369.1	GCF_002102265.1	Bacteria	Actinomycetota	Actinomycetes	Mycobacteriales	Mycobacteriaceae	Mycolicibacter	Mycolicibacter longobardus
GCF_020181595.2|WP_225399782.1	GCF_020181595.2	Bacteria	Actinomycetota	Actinomycetes	Mycobacteriales	Mycobacteriaceae	Mycolicibacter	[Mycobacterium] vasticus
GCF_020181635.2|WP_224865776.1	GCF_020181635.2	Bacteria	Actinomycetota	Actinomycetes	Mycobacteriales	Mycobacteriaceae	Mycolicibacter	[Mycobacterium] zoologicum
GCF_020172685.2|WP_224976559.1	GCF_020172685.2	Bacteria	Actinomycetota	Actinomycetes	Mycobacteriales	Mycobacteriaceae	Mycolicibacter	[Mycobacterium] nativiensis
GCF_020181615.2|WP_225407381.1	GCF_020181615.2	Bacteria	Actinomycetota	Actinomycetes	Mycobacteriales	Mycobacteriaceae	Mycolicibacter	[Mycobacterium] crassicus
GCF_002101585.1|WP_085129240.1	GCF_002101585.1	Bacteria	Actinomycetota	Actinomycetes	Mycobacteriales	Mycobacteriaceae	Mycolicibacter	Mycolicibacter engbaekii
GCF_010729485.1|WP_085136839.1	GCF_010729485.1	Bacteria	Actinomycetota	Actinomycetes	Mycobacteriales	Mycobacteriaceae	Mycolicibacter	Mycolicibacter hiberniae
GCF_002086515.1|WP_046189080.1	GCF_002086515.1	Bacteria	Actinomycetota	Actinomycetes	Mycobacteriales	Mycobacteriaceae	Mycolicibacter	Mycolicibacter arupensis
GCF_010731755.1|WP_083022942.1	GCF_010731755.1	Bacteria	Actinomycetota	Actinomycetes	Mycobacteriales	Mycobacteriaceae	Mycolicibacter	Mycolicibacter minnesotensis
GCF_002101775.1|WP_085139850.1	GCF_002101775.1	Bacteria	Actinomycetota	Actinomycetes	Mycobacteriales	Mycobacteriaceae	Mycolicibacter	Mycolicibacter nonchromogenicus
GCF_900078685.2|WP_067969253.1	GCF_900078685.2	Bacteria	Actinomycetota	Actinomycetes	Mycobacteriales	Mycobacteriaceae	Mycolicibacter	Mycolicibacter icosiumassiliensis
GCF_022374935.2|WP_046285960.1	GCF_022374935.2	Bacteria	Actinomycetota	Actinomycetes	Mycobacteriales	Mycobacteriaceae	Mycolicibacter	Mycolicibacter virginiensis
GCF_963378105.1|WP_308486676.1	GCF_963378105.1	Bacteria	Actinomycetota	Actinomycetes	Mycobacteriales	Mycobacteriaceae	Mycolicibacterium	[Mycobacterium] holstebronense
GCF_002086285.1|WP_019738381.1	GCF_002086285.1	Bacteria	Actinomycetota	Actinomycetes	Mycobacteriales	Mycobacteriaceae	Mycolicibacter	Mycolicibacter kumamotonensis
GCF_010727125.1|WP_085259462.1	GCF_010727125.1	Bacteria	Actinomycetota	Actinomycetes	Mycobacteriales	Mycobacteriaceae	Mycolicibacter	Mycolicibacter terrae
GCF_019645815.1|WP_220696486.1	GCF_019645815.1	Bacteria	Actinomycetota	Actinomycetes	Mycobacteriales	Mycobacteriaceae	Mycolicibacter	Mycolicibacter heraklionensis
GCF_010731615.1|WP_083029077.1	GCF_010731615.1	Bacteria	Actinomycetota	Actinomycetes	Mycobacteriales	Mycobacteriaceae	Mycolicibacterium	Mycolicibacterium insubricum
GCF_010726955.1|WP_085094757.1	GCF_010726955.1	Bacteria	Actinomycetota	Actinomycetes	Mycobacteriales	Mycobacteriaceae	Mycolicibacterium	Mycolicibacterium fallax
GCF_025215495.1|WP_090592827.1	GCF_025215495.1	Bacteria	Actinomycetota	Actinomycetes	Mycobacteriales	Mycobacteriaceae	Mycolicibacterium	Mycolicibacterium brumae
GCF_963378095.1|WP_308482810.1	GCF_963378095.1	Bacteria	Actinomycetota	Actinomycetes	Mycobacteriales	Mycobacteriaceae	Mycolicibacterium	[Mycobacterium] burgundiense
GCF_900637205.1|WP_276005305.1	GCF_900637205.1	Bacteria	Actinomycetota	Actinomycetes	Mycobacteriales	Mycobacteriaceae	Mycolicibacterium	Mycolicibacterium chitae
GCF_963378085.1|WP_316517206.1	GCF_963378085.1	Bacteria	Actinomycetota	Actinomycetes	Mycobacteriales	Mycobacteriaceae	Mycolicibacter	[Mycobacterium] wendilense
GCF_002592005.1|WP_176561865.1	GCF_002592005.1	Bacteria	Actinomycetota	Actinomycetes	Mycobacteriales	Mycobacteriaceae	Mycolicibacterium	Mycolicibacterium palauense
GCF_001644575.1|WP_067996718.1	GCF_001644575.1	Bacteria	Actinomycetota	Actinomycetes	Mycobacteriales	Mycobacteriaceae	Mycobacterium	Mycobacterium adipatum
GCF_019456655.1|WP_073858136.1	GCF_019456655.1	Bacteria	Actinomycetota	Actinomycetes	Mycobacteriales	Mycobacteriaceae	Mycolicibacterium	Mycolicibacterium diernhoferi
GCF_000317305.3|WP_019509968.1	GCF_000317305.3	Bacteria	Actinomycetota	Actinomycetes	Mycobacteriales	Mycobacteriaceae	Mycolicibacterium	Mycolicibacterium neoaurum
GCF_002086115.1|WP_083060711.1	GCF_002086115.1	Bacteria	Actinomycetota	Actinomycetes	Mycobacteriales	Mycobacteriaceae	Mycolicibacterium	Mycolicibacterium bacteremicum
GCF_002101555.1|WP_062656946.1	GCF_002101555.1	Bacteria	Actinomycetota	Actinomycetes	Mycobacteriales	Mycobacteriaceae	Mycolicibacterium	Mycolicibacterium canariasense
GCF_002086485.1|WP_083170702.1	GCF_002086485.1	Bacteria	Actinomycetota	Actinomycetes	Mycobacteriales	Mycobacteriaceae	Mycobacterium	Mycobacterium aquaticum
GCF_010727325.1|WP_163660964.1	GCF_010727325.1	Bacteria	Actinomycetota	Actinomycetes	Mycobacteriales	Mycobacteriaceae	Mycolicibacterium	Mycolicibacterium alvei
GCF_001245615.1|WP_090510783.1	GCF_001245615.1	Bacteria	Actinomycetota	Actinomycetes	Mycobacteriales	Mycobacteriaceae	Mycolicibacterium	Mycolicibacterium neworleansense
GCF_022179545.1|WP_038564415.1	GCF_022179545.1	Bacteria	Actinomycetota	Actinomycetes	Mycobacteriales	Mycobacteriaceae	Mycolicibacterium	Mycolicibacterium fortuitum
GCF_019710635.1|WP_221371144.1	GCF_019710635.1	Bacteria	Actinomycetota	Actinomycetes	Mycobacteriales	Mycobacteriaceae	Mycolicibacterium	Mycolicibacterium xanthum
GCF_013404075.1|WP_179468983.1	GCF_013404075.1	Bacteria	Actinomycetota	Actinomycetes	Mycobacteriales	Mycobacteriaceae	Mycolicibacterium	Mycolicibacterium vinylchloridicum
GCF_010731115.1|WP_138249420.1	GCF_010731115.1	Bacteria	Actinomycetota	Actinomycetes	Mycobacteriales	Mycobacteriaceae	Mycolicibacterium	Mycolicibacterium phocaicum
GCF_005670685.2|WP_029118768.1	GCF_005670685.2	Bacteria	Actinomycetota	Actinomycetes	Mycobacteriales	Mycobacteriaceae	Mycolicibacterium	Mycolicibacterium mucogenicum
GCF_025331195.1|WP_260938489.1	GCF_025331195.1	Bacteria	Actinomycetota	Actinomycetes	Mycobacteriales	Mycobacteriaceae	Mycolicibacterium	Mycolicibacterium llatzerense
GCF_010731735.1|WP_174266976.1	GCF_010731735.1	Bacteria	Actinomycetota	Actinomycetes	Mycobacteriales	Mycobacteriaceae	Mycolicibacterium	Mycolicibacterium sediminis
GCF_008329645.1|WP_070355440.1	GCF_008329645.1	Bacteria	Actinomycetota	Actinomycetes	Mycobacteriales	Mycobacteriaceae	Mycolicibacterium	Mycolicibacterium grossiae
GCF_010731815.2|WP_163917463.1	GCF_010731815.2	Bacteria	Actinomycetota	Actinomycetes	Mycobacteriales	Mycobacteriaceae	Mycolicibacterium	Mycolicibacterium arabiense
GCF_021916785.1|WP_237568093.1	GCF_021916785.1	Bacteria	Actinomycetota	Actinomycetes	Mycobacteriales	Mycobacteriaceae	Mycolicibacterium	Mycolicibacterium lacusdiani
GCF_000015305.1|WP_011780371.1	GCF_000015305.1	Bacteria	Actinomycetota	Actinomycetes	Mycobacteriales	Mycobacteriaceae	Mycolicibacterium	Mycolicibacterium vanbaalenii
GCF_016919645.1|WP_011780371.1	GCF_016919645.1	Bacteria	Actinomycetota	Actinomycetes	Mycobacteriales	Mycobacteriaceae	Mycolicibacterium	Mycolicibacterium austroafricanum
GCF_002101705.1|WP_024447767.1	GCF_002101705.1	Bacteria	Actinomycetota	Actinomycetes	Mycobacteriales	Mycobacteriaceae	Mycolicibacterium	Mycolicibacterium iranicum
GCF_010722995.1|WP_193492017.1	GCF_010722995.1	Bacteria	Actinomycetota	Actinomycetes	Mycobacteriales	Mycobacteriaceae	Mycolicibacterium	Mycolicibacterium murale
GCF_015710575.1|WP_199256476.1	GCF_015710575.1	Bacteria	Actinomycetota	Actinomycetes	Mycobacteriales	Mycobacteriaceae	Mycolicibacterium	Mycolicibacterium mengxianglii
GCF_900637195.1|WP_048631112.1	GCF_900637195.1	Bacteria	Actinomycetota	Actinomycetes	Mycobacteriales	Mycobacteriaceae	Mycolicibacterium	Mycolicibacterium aurum
GCF_010728155.1|WP_085192846.1	GCF_010728155.1	Bacteria	Actinomycetota	Actinomycetes	Mycobacteriales	Mycobacteriaceae	Mycolicibacterium	Mycolicibacterium doricum
GCF_010728325.1|WP_179967654.1	GCF_010728325.1	Bacteria	Actinomycetota	Actinomycetes	Mycobacteriales	Mycobacteriaceae	Mycolicibacterium	Mycolicibacterium poriferae
GCF_010731575.1|WP_011855831.1	GCF_010731575.1	Bacteria	Actinomycetota	Actinomycetes	Mycobacteriales	Mycobacteriaceae	Mycolicibacterium	Mycolicibacterium monacense
GCF_010731695.1|WP_134060909.1	GCF_010731695.1	Bacteria	Actinomycetota	Actinomycetes	Mycobacteriales	Mycobacteriaceae	Mycolicibacterium	Mycolicibacterium litorale
GCF_025821665.1|WP_372503637.1	GCF_025821665.1	Bacteria	Actinomycetota	Actinomycetes	Mycobacteriales	Mycobacteriaceae	Mycolicibacterium	[Mycobacterium] manitobense
GCF_030519285.1|WP_372503637.1	GCF_030519285.1	Bacteria	Actinomycetota	Actinomycetes	Mycobacteriales	Mycobacteriaceae	Mycolicibacterium	Mycolicibacterium arseniciresistens
GCF_027529605.1|WP_408633211.1	GCF_027529605.1	Bacteria	Actinomycetota	Actinomycetes	Mycobacteriales	Mycobacteriaceae	Mycobacterium	Mycobacterium hippophais
GCF_010729665.1|WP_163738709.1	GCF_010729665.1	Bacteria	Actinomycetota	Actinomycetes	Mycobacteriales	Mycobacteriaceae	Mycolicibacterium	Mycolicibacterium madagascariense
GCF_032883035.1|WP_410506883.1	GCF_032883035.1	Bacteria	Actinomycetota	Actinomycetes	Mycobacteriales	Mycobacteriaceae	Mycolicibacterium	[Mycobacterium] appelbergii
GCF_001942625.1|WP_070946144.1	GCF_001942625.1	Bacteria	Actinomycetota	Actinomycetes	Mycobacteriales	Mycobacteriaceae	Mycobacterium	Mycobacterium syngnathidarum
GCF_900289185.1|WP_036449738.1	GCF_900289185.1	Bacteria	Actinomycetota	Actinomycetes	Mycobacteriales	Mycobacteriaceae	Mycolicibacterium	Mycolicibacterium porcinum
GCF_001499835.1|WP_064415245.1	GCF_001499835.1	Bacteria	Actinomycetota	Actinomycetes	Mycobacteriales	Mycobacteriaceae	Mycolicibacterium	Mycolicibacterium novocastrense
GCF_001499925.1|WP_064393695.1	GCF_001499925.1	Bacteria	Actinomycetota	Actinomycetes	Mycobacteriales	Mycobacteriaceae	Mycobacterium	Mycobacterium lehmannii
GCF_002245615.1|WP_066843972.1	GCF_002245615.1	Bacteria	Actinomycetota	Actinomycetes	Mycobacteriales	Mycobacteriaceae	Mycobacterium	Mycobacterium neumannii
GCF_019645835.1|WP_220693239.1	GCF_019645835.1	Bacteria	Actinomycetota	Actinomycetes	Mycobacteriales	Mycobacteriaceae	Mycolicibacterium	Mycolicibacterium holsaticum
GCF_001667535.1|WP_064892020.1	GCF_001667535.1	Bacteria	Actinomycetota	Actinomycetes	Mycobacteriales	Mycobacteriaceae	Mycolicibacterium	Mycolicibacterium elephantis
GCF_010725725.1|WP_163904608.1	GCF_010725725.1	Bacteria	Actinomycetota	Actinomycetes	Mycobacteriales	Mycobacteriaceae	Mycolicibacterium	Mycolicibacterium pulveris
GCF_010731795.1|WP_407663574.1	GCF_010731795.1	Bacteria	Actinomycetota	Actinomycetes	Mycobacteriales	Mycobacteriaceae	Mycolicibacterium	Mycolicibacterium celeriflavum
GCF_002591975.1|WP_099039165.1	GCF_002591975.1	Bacteria	Actinomycetota	Actinomycetes	Mycobacteriales	Mycobacteriaceae	Mycobacterium	Mycobacterium neglectum
GCF_010726765.1|WP_163737188.1	GCF_010726765.1	Bacteria	Actinomycetota	Actinomycetes	Mycobacteriales	Mycobacteriaceae	Mycobacterium	Mycobacterium gallinarum
GCF_002086795.1|WP_083127287.1	GCF_002086795.1	Bacteria	Actinomycetota	Actinomycetes	Mycobacteriales	Mycobacteriaceae	Mycolicibacterium	Mycolicibacterium tusciae
GCF_010728925.1|WP_163690368.1	GCF_010728925.1	Bacteria	Actinomycetota	Actinomycetes	Mycobacteriales	Mycobacteriaceae	Mycolicibacterium	Mycolicibacterium gadium
GCF_010726085.1|WP_083150726.1	GCF_010726085.1	Bacteria	Actinomycetota	Actinomycetes	Mycobacteriales	Mycobacteriaceae	Mycolicibacterium	Mycolicibacterium moriokaense
GCF_025822765.1|WP_276021302.1	GCF_025822765.1	Bacteria	Actinomycetota	Actinomycetes	Mycobacteriales	Mycobacteriaceae	Mycobacterium	Mycobacterium barrassiae
GCF_010723575.1|WP_163712749.1	GCF_010723575.1	Bacteria	Actinomycetota	Actinomycetes	Mycobacteriales	Mycobacteriaceae	Mycobacterium	Mycobacterium bourgelatii
GCF_025822065.1|WP_170062279.1	GCF_025822065.1	Bacteria	Actinomycetota	Actinomycetes	Mycobacteriales	Mycobacteriaceae	Mycobacterium	Mycobacterium intermedium
GCF_022664455.2|WP_242384056.1	GCF_022664455.2	Bacteria	Actinomycetota	Actinomycetes	Streptosporangiales	Thermomonosporaceae	Actinomadura	Actinomadura luzonensis
GCF_019397265.1|WP_033407458.1	GCF_019397265.1	Bacteria	Actinomycetota	Actinomycetes	Streptosporangiales	Streptosporangiaceae	Nonomuraea	Nonomuraea coxensis
GCF_039529455.1|WP_344206333.1	GCF_039529455.1	Bacteria	Actinomycetota	Actinomycetes	Streptosporangiales	Streptosporangiaceae	Nonomuraea	Nonomuraea bangladeshensis
GCF_900111685.1|WP_091085071.1	GCF_900111685.1	Bacteria	Actinomycetota	Actinomycetes	Streptosporangiales	Streptosporangiaceae	Nonomuraea	Nonomuraea wenchangensis
GCF_035917475.1|WP_326643296.1	GCF_035917475.1	Bacteria	Actinomycetota	Actinomycetes	Streptosporangiales	Streptosporangiaceae	Nonomuraea	Nonomuraea fuscirosea
GCF_039529435.1|WP_346114228.1	GCF_039529435.1	Bacteria	Actinomycetota	Actinomycetes	Streptosporangiales	Streptosporangiaceae	Nonomuraea	Nonomuraea maheshkhaliensis
GCF_005889725.1|WP_138688550.1	GCF_005889725.1	Bacteria	Actinomycetota	Actinomycetes	Streptosporangiales	Streptosporangiaceae	Nonomuraea	Nonomuraea zeae
GCF_042656245.1|WP_379517222.1	GCF_042656245.1	Bacteria	Actinomycetota	Actinomycetes	Streptosporangiales	Streptosporangiaceae	Nonomuraea	Nonomuraea insulae
GCF_900099965.1|WP_090947330.1	GCF_900099965.1	Bacteria	Actinomycetota	Actinomycetes	Streptosporangiales	Streptosporangiaceae	Nonomuraea	Nonomuraea jiangxiensis
GCF_005889735.1|WP_138667509.1	GCF_005889735.1	Bacteria	Actinomycetota	Actinomycetes	Streptosporangiales	Streptosporangiaceae	Nonomuraea	Nonomuraea turkmeniaca
GCF_005893125.1|WP_138720108.1	GCF_005893125.1	Bacteria	Actinomycetota	Actinomycetes	Streptosporangiales	Streptosporangiaceae	Nonomuraea	Nonomuraea basaltis
GCF_019396345.1|WP_219536417.1	GCF_019396345.1	Bacteria	Actinomycetota	Actinomycetes	Streptosporangiales	Streptosporangiaceae	Nonomuraea	Nonomuraea guangzhouensis
GCF_020215705.1|WP_225291052.1	GCF_020215705.1	Bacteria	Actinomycetota	Actinomycetes	Streptosporangiales	Streptosporangiaceae	Nonomuraea	Nonomuraea aurantiaca
GCF_000725485.1|WP_043619191.1	GCF_000725485.1	Bacteria	Actinomycetota	Actinomycetes	Streptosporangiales	Streptosporangiaceae	Nonomuraea	Nonomuraea candida
GCF_010722915.1|WP_163700241.1	GCF_010722915.1	Bacteria	Actinomycetota	Actinomycetes	Mycobacteriales	Mycobacteriaceae	Mycolicibacterium	Mycolicibacterium agri
GCF_900453675.1|WP_061481826.1	GCF_900453675.1	Bacteria	Actinomycetota	Actinomycetes	Mycobacteriales	Mycobacteriaceae	Mycolicibacterium	Mycolicibacterium phlei
GCF_025822705.1|WP_069416592.1	GCF_025822705.1	Bacteria	Actinomycetota	Actinomycetes	Mycobacteriales	Mycobacteriaceae	Mycolicibacterium	Mycolicibacterium flavescens
GCF_900108565.1|WP_157897979.1	GCF_900108565.1	Bacteria	Actinomycetota	Actinomycetes	Mycobacteriales	Mycobacteriaceae	Mycolicibacterium	Mycolicibacterium rutilum
GCF_900603025.1|WP_005627767.1	GCF_900603025.1	Bacteria	Actinomycetota	Actinomycetes	Mycobacteriales	Mycobacteriaceae	Mycolicibacterium	Mycolicibacterium hassiacum
GCF_001552315.1|WP_082168758.1	GCF_001552315.1	Bacteria	Actinomycetota	Actinomycetes	Mycobacteriales	Mycobacteriaceae	Mycolicibacterium	Mycolicibacterium chlorophenolicum
GCF_010729895.1|WP_085152465.1	GCF_010729895.1	Bacteria	Actinomycetota	Actinomycetes	Mycobacteriales	Mycobacteriaceae	Mycolicibacterium	Mycolicibacterium confluentis
GCF_002101965.1|WP_085148926.1	GCF_002101965.1	Bacteria	Actinomycetota	Actinomycetes	Mycobacteriales	Mycobacteriaceae	Mycolicibacterium	Mycolicibacterium wolinskyi
GCF_022370415.1|WP_058126550.1	GCF_022370415.1	Bacteria	Actinomycetota	Actinomycetes	Mycobacteriales	Mycobacteriaceae	Mycolicibacterium	Mycolicibacterium smegmatis
GCF_010727475.1|WP_036442990.1	GCF_010727475.1	Bacteria	Actinomycetota	Actinomycetes	Mycobacteriales	Mycobacteriaceae	Mycolicibacterium	Mycolicibacterium mageritense
GCF_003855255.1|WP_124712296.1	GCF_003855255.1	Bacteria	Actinomycetota	Actinomycetes	Mycobacteriales	Mycobacteriaceae	Mycolicibacterium	Mycolicibacterium nivoides
GCF_019645875.1|WP_036393739.1	GCF_019645875.1	Bacteria	Actinomycetota	Actinomycetes	Mycobacteriales	Mycobacteriaceae	Mycolicibacterium	Mycolicibacterium senegalense
GCF_019739075.1|WP_064899245.1	GCF_019739075.1	Bacteria	Actinomycetota	Actinomycetes	Mycobacteriales	Mycobacteriaceae	Mycolicibacterium	Mycolicibacterium farcinogenes
GCF_019050325.1|WP_217159480.1	GCF_019050325.1	Bacteria	Actinomycetota	Actinomycetes	Mycobacteriales	Mycobacteriaceae	Mycolicibacterium	[Mycobacterium] fortunisiensis
GCF_000805375.1|WP_039321905.1	GCF_000805375.1	Bacteria	Actinomycetota	Actinomycetes	Mycobacteriales	Mycobacteriaceae	Mycolicibacterium	Mycolicibacterium setense
GCF_002102345.1|WP_055115294.1	GCF_002102345.1	Bacteria	Actinomycetota	Actinomycetes	Mycobacteriales	Mycobacteriaceae	Mycolicibacterium	Mycolicibacterium peregrinum
GCF_017876775.1|WP_307869970.1	GCF_017876775.1	Bacteria	Actinomycetota	Actinomycetes	Mycobacteriales	Mycobacteriaceae	Mycolicibacterium	Mycolicibacterium lutetiense
GCF_025823315.1|WP_066897744.1	GCF_025823315.1	Bacteria	Actinomycetota	Actinomycetes	Mycobacteriales	Mycobacteriaceae	Mycolicibacterium	Mycolicibacterium houstonense
GCF_010725885.1|WP_115281175.1	GCF_010725885.1	Bacteria	Actinomycetota	Actinomycetes	Mycobacteriales	Mycobacteriaceae	Mycolicibacterium	Mycolicibacterium tokaiense
GCF_025345615.1|WP_260996058.1	GCF_025345615.1	Bacteria	Actinomycetota	Actinomycetes	Mycobacteriales	Mycobacteriaceae	Mycobacterium	Mycobacterium deserti
GCF_900187065.1|WP_003927461.1	GCF_900187065.1	Bacteria	Actinomycetota	Actinomycetes	Mycobacteriales	Mycobacteriaceae	Mycolicibacterium	Mycolicibacterium thermoresistibile
GCF_022760805.1|WP_372489568.1	GCF_022760805.1	Bacteria	Actinomycetota	Actinomycetes	Mycobacteriales	Mycobacteriaceae	Mycolicibacterium	Candidatus Mycolicibacterium alkanivorans
GCF_010731895.1|WP_163752446.1	GCF_010731895.1	Bacteria	Actinomycetota	Actinomycetes	Mycobacteriales	Mycobacteriaceae	Mycolicibacterium	Mycolicibacterium helvum
GCF_026242035.1|WP_323055558.1	GCF_026242035.1	Bacteria	Actinomycetota	Actinomycetes	Mycobacteriales	Mycobacteriaceae	Mycobacterium	Mycobacterium pinniadriaticum
GCF_010731875.1|WP_163699461.1	GCF_010731875.1	Bacteria	Actinomycetota	Actinomycetes	Mycobacteriales	Mycobacteriaceae	Mycolicibacterium	Mycolicibacterium sarraceniae
GCF_019456675.1|WP_096311568.1	GCF_019456675.1	Bacteria	Actinomycetota	Actinomycetes	Mycobacteriales	Mycobacteriaceae	Mycolicibacterium	Mycolicibacterium pallens
GCF_022370635.2|WP_275564555.1	GCF_022370635.2	Bacteria	Actinomycetota	Actinomycetes	Mycobacteriales	Mycobacteriaceae	Mycolicibacterium	Mycolicibacterium crocinum
GCF_010726245.1|WP_115320223.1	GCF_010726245.1	Bacteria	Actinomycetota	Actinomycetes	Mycobacteriales	Mycobacteriaceae	Mycolicibacterium	Mycolicibacterium aichiense
GCF_000559085.1|WP_036344959.1	GCF_000559085.1	Bacteria	Actinomycetota	Actinomycetes	Mycobacteriales	Mycobacteriaceae	Mycolicibacterium	Mycolicibacterium aromaticivorans
GCF_002086695.1|WP_083119037.1	GCF_002086695.1	Bacteria	Actinomycetota	Actinomycetes	Mycobacteriales	Mycobacteriaceae	Mycolicibacterium	Mycolicibacterium rhodesiae
GCF_030295745.1|WP_284236069.1	GCF_030295745.1	Bacteria	Actinomycetota	Actinomycetes	Mycobacteriales	Mycobacteriaceae	Mycolicibacterium	Mycobacterium antarcticum
GCF_024320865.1|WP_255062939.1	GCF_024320865.1	Bacteria	Actinomycetota	Actinomycetes	Mycobacteriales	Mycobacteriaceae	Mycolicibacterium	Mycolicibacterium arenosum
GCF_000613185.1|WP_036395704.1	GCF_000613185.1	Bacteria	Actinomycetota	Actinomycetes	Mycobacteriales	Mycobacteriaceae	Mycolicibacterium	Mycolicibacterium cosmeticum
GCF_014295435.1|WP_187095717.1	GCF_014295435.1	Bacteria	Actinomycetota	Actinomycetes	Mycobacteriales	Mycobacteriaceae	Mycolicibacterium	Mycolicibacterium fluoranthenivorans
GCF_002102065.1|WP_085141624.1	GCF_002102065.1	Bacteria	Actinomycetota	Actinomycetes	Mycobacteriales	Mycobacteriaceae	Mycolicibacterium	Mycolicibacterium conceptionense
GCF_022370755.2|WP_214388810.1	GCF_022370755.2	Bacteria	Actinomycetota	Actinomycetes	Mycobacteriales	Mycobacteriaceae	Mycolicibacterium	Mycolicibacterium goodii
GCF_002838065.1|WP_102146023.1	GCF_002838065.1	Bacteria	Actinomycetota	Actinomycetes	Mycobacteriales	Mycobacteriaceae	Mycobacterium	Mycobacterium hubeiense
GCF_003719305.1|WP_123029429.1	GCF_003719305.1	Bacteria	Actinomycetota	Actinomycetes	Mycobacteriales	Mycobacteriaceae	Mycolicibacterium	Mycolicibacterium stellerae
GCF_025822605.1|WP_264070540.1	GCF_025822605.1	Bacteria	Actinomycetota	Actinomycetes	Mycobacteriales	Mycobacteriaceae	Mycolicibacterium	Mycolicibacterium komossense
GCF_001853795.1|WP_070938872.1	GCF_001853795.1	Bacteria	Actinomycetota	Actinomycetes	Mycobacteriales	Mycobacteriaceae	Mycobacteroides	Mycobacteroides franklinii
GCF_002356335.1|WP_096502841.1	GCF_002356335.1	Bacteria	Actinomycetota	Actinomycetes	Mycobacteriales	Mycobacteriaceae	Mycobacteroides	[Mycobacterium] stephanolepidis
GCF_004924335.1|WP_136629106.1	GCF_004924335.1	Bacteria	Actinomycetota	Actinomycetes	Mycobacteriales	Mycobacteriaceae	Mycobacteroides	Mycobacteroides salmoniphilum
GCF_001456355.1|WP_088414282.1	GCF_001456355.1	Bacteria	Actinomycetota	Actinomycetes	Mycobacteriales	Mycobacteriaceae	Mycobacteroides	Mycobacteroides saopaulense
GCF_001632805.1|WP_046254324.1	GCF_001632805.1	Bacteria	Actinomycetota	Actinomycetes	Mycobacteriales	Mycobacteriaceae	Mycobacteroides	Mycobacteroides chelonae
GCF_001605725.1|WP_043078762.1	GCF_001605725.1	Bacteria	Actinomycetota	Actinomycetes	Mycobacteriales	Mycobacteriaceae	Mycobacteroides	Mycobacteroides immunogenum
GCF_010731295.1|WP_077743519.1	GCF_010731295.1	Bacteria	Actinomycetota	Actinomycetes	Mycobacteriales	Mycobacteriaceae	Mycolicibacterium	Mycolicibacterium boenickei
GCF_016919345.1|WP_211158048.1	GCF_016919345.1	Bacteria	Actinomycetota	Actinomycetes	Mycobacteriales	Mycobacteriaceae	Mycolicibacterium	Mycolicibacterium septicum
GCF_001570425.1|WP_084388646.1	GCF_001570425.1	Bacteria	Actinomycetota	Actinomycetes	Mycobacteriales	Mycobacteriaceae	Mycolicibacterium	Mycolicibacterium brisbanense
GCF_002157835.1|WP_087078894.1	GCF_002157835.1	Bacteria	Actinomycetota	Actinomycetes	Mycobacteriales	Mycobacteriaceae	Mycobacterium	Mycobacterium dioxanotrophicus
GCF_000092825.1|WP_041408056.1	GCF_000092825.1	Bacteria	Actinomycetota	Actinomycetes	Mycobacteriales	Segniliparaceae	Segniliparus	Segniliparus rotundus
GCF_000185725.2|WP_007471588.1	GCF_000185725.2	Bacteria	Actinomycetota	Actinomycetes	Mycobacteriales	Segniliparaceae	Segniliparus	Segniliparus rugosus
GCF_018860155.1|WP_308166942.1	GCF_018860155.1	Bacteria	Actinomycetota	Actinomycetes	Mycobacteriales	Nocardiaceae	Nocardia	Nocardia albiluteola
GCF_019038435.1|WP_216897456.1	GCF_019038435.1	Bacteria	Actinomycetota	Actinomycetes	Mycobacteriales	Nocardiaceae	Nocardia	Nocardia alni
GCF_009604425.1|WP_319942876.1	GCF_009604425.1	Bacteria	Actinomycetota	Actinomycetes	Mycobacteriales	Nocardiaceae	Nocardia	Nocardia aurantia
GCF_001612685.1|WP_069164158.1	GCF_001612685.1	Bacteria	Actinomycetota	Actinomycetes	Mycobacteriales	Nocardiaceae	Nocardia	Nocardia altamirensis
GCF_001613425.1|WP_156161581.1	GCF_001613425.1	Bacteria	Actinomycetota	Actinomycetes	Mycobacteriales	Nocardiaceae	Nocardia	Nocardia vulneris
GCF_002209125.2|WP_088607231.1	GCF_002209125.2	Bacteria	Actinomycetota	Actinomycetes	Mycobacteriales	Nocardiaceae	Nocardia	Nocardia brasiliensis
GCF_001646865.1|WP_068269146.1	GCF_001646865.1	Bacteria	Actinomycetota	Actinomycetes	Mycobacteriales	Nocardiaceae	Aldersonia	Aldersonia kunmingensis
GCF_016482825.1|WP_199706748.1	GCF_016482825.1	Bacteria	Actinomycetota	Actinomycetes	Mycobacteriales	Nocardiaceae	Antrihabitans	Antrihabitans stalagmiti
GCF_043944905.1|WP_395123575.1	GCF_043944905.1	Bacteria	Actinomycetota	Actinomycetes	Mycobacteriales	Nocardiaceae	Antrihabitans	Antrihabitans spumae
GCF_019285775.1|WP_066470752.1	GCF_019285775.1	Bacteria	Actinomycetota	Actinomycetes	Mycobacteriales	Gordoniaceae	Skermania	Skermania pinensis
GCF_008297975.1|WP_149432177.1	GCF_008297975.1	Bacteria	Actinomycetota	Actinomycetes	Mycobacteriales	Nocardiaceae	Antrihabitans	Antrihabitans cavernicola
GCF_001613125.1|WP_067861041.1	GCF_001613125.1	Bacteria	Actinomycetota	Actinomycetes	Mycobacteriales	Nocardiaceae	Nocardia	Nocardia shimofusensis
GCF_042650145.1|WP_378568018.1	GCF_042650145.1	Bacteria	Actinomycetota	Actinomycetes	Mycobacteriales	Nocardiaceae	Nocardia	Nocardia halotolerans
GCF_000308695.1|WP_051029010.1	GCF_000308695.1	Bacteria	Actinomycetota	Actinomycetes	Mycobacteriales	Nocardiaceae	Nocardia	Nocardia takedensis
GCF_001618405.1|WP_054811879.1	GCF_001618405.1	Bacteria	Actinomycetota	Actinomycetes	Mycobacteriales	Nocardiaceae	Nocardia	Nocardia arizonensis
GCF_015674855.1|WP_196152212.1	GCF_015674855.1	Bacteria	Actinomycetota	Actinomycetes	Mycobacteriales	Nocardiaceae	Nocardia	Nocardia bovistercoris
GCF_001886715.1|WP_071926426.1	GCF_001886715.1	Bacteria	Actinomycetota	Actinomycetes	Mycobacteriales	Nocardiaceae	Nocardia	Nocardia mangyaensis
GCF_017875645.1|WP_209884041.1	GCF_017875645.1	Bacteria	Actinomycetota	Actinomycetes	Mycobacteriales	Nocardiaceae	Nocardia	Nocardia goodfellowii
GCF_000009805.1|WP_011207304.1	GCF_000009805.1	Bacteria	Actinomycetota	Actinomycetes	Mycobacteriales	Nocardiaceae	Nocardia	Nocardia farcinica
GCF_000308595.1|WP_040794497.1	GCF_000308595.1	Bacteria	Actinomycetota	Actinomycetes	Mycobacteriales	Nocardiaceae	Nocardia	Nocardia higoensis
GCF_000308795.1|WP_043647619.1	GCF_000308795.1	Bacteria	Actinomycetota	Actinomycetes	Mycobacteriales	Nocardiaceae	Nocardia	Nocardia thailandica
GCF_040639395.1|WP_358062550.1	GCF_040639395.1	Bacteria	Actinomycetota	Actinomycetes	Mycobacteriales	Nocardiaceae	Nocardia	Nocardia fluminea
GCF_009858255.1|WP_067982289.1	GCF_009858255.1	Bacteria	Actinomycetota	Actinomycetes	Mycobacteriales	Nocardiaceae	Nocardia	Nocardia caishijiensis
GCF_036142455.1|WP_328659260.1	GCF_036142455.1	Bacteria	Actinomycetota	Actinomycetes	Mycobacteriales	Nocardiaceae	Nocardia	Nocardia salmonicida
GCF_004339125.1|WP_067448267.1	GCF_004339125.1	Bacteria	Actinomycetota	Actinomycetes	Mycobacteriales	Nocardiaceae	Nocardia	Nocardia alba
GCF_042658545.1|WP_378598356.1	GCF_042658545.1	Bacteria	Actinomycetota	Actinomycetes	Mycobacteriales	Nocardiaceae	Nocardia	Nocardia lasii
GCF_014646135.1|WP_373291602.1	GCF_014646135.1	Bacteria	Actinomycetota	Actinomycetes	Mycobacteriales	Nocardiaceae	Nocardia	Nocardia camponoti
GCF_042650365.1|WP_378547220.1	GCF_042650365.1	Bacteria	Actinomycetota	Actinomycetes	Mycobacteriales	Nocardiaceae	Nocardia	Nocardia rhizosphaerae
GCF_024734075.1|WP_160901229.1	GCF_024734075.1	Bacteria	Actinomycetota	Actinomycetes	Mycobacteriales	Gordoniaceae	Gordonia	Gordonia mangrovi
GCF_021556435.1|WP_235723146.1	GCF_021556435.1	Bacteria	Actinomycetota	Actinomycetes	Mycobacteriales	Gordoniaceae	Gordonia	Gordonia tangerina
GCF_026262595.1|WP_235723146.1	GCF_026262595.1	Bacteria	Actinomycetota	Actinomycetes	Mycobacteriales	Gordoniaceae	Gordonia	Gordonia aquimaris
GCF_036350415.1|WP_330434795.1	GCF_036350415.1	Bacteria	Actinomycetota	Actinomycetes	Mycobacteriales	Gordoniaceae	Gordonia	Gordonia sesuvii
GCF_000298195.1|WP_006336283.1	GCF_000298195.1	Bacteria	Actinomycetota	Actinomycetes	Mycobacteriales	Gordoniaceae	Gordonia	Gordonia rhizosphera
GCF_003855095.1|WP_124706765.1	GCF_003855095.1	Bacteria	Actinomycetota	Actinomycetes	Mycobacteriales	Gordoniaceae	Gordonia	Gordonia insulae
GCF_000334455.1|WP_007623543.1	GCF_000334455.1	Bacteria	Actinomycetota	Actinomycetes	Mycobacteriales	Gordoniaceae	Gordonia	Gordonia soli
GCF_014041935.1|WP_188327906.1	GCF_014041935.1	Bacteria	Actinomycetota	Actinomycetes	Mycobacteriales	Gordoniaceae	Gordonia	Gordonia jinghuaiqii
GCF_001698225.1|WP_004019835.1	GCF_001698225.1	Bacteria	Actinomycetota	Actinomycetes	Mycobacteriales	Gordoniaceae	Gordonia	Gordonia terrae
GCF_002149015.1|WP_086534958.1	GCF_002149015.1	Bacteria	Actinomycetota	Actinomycetes	Mycobacteriales	Gordoniaceae	Gordonia	Gordonia lacunae
GCF_029639525.1|WP_165629929.1	GCF_029639525.1	Bacteria	Actinomycetota	Actinomycetes	Mycobacteriales	Gordoniaceae	Gordonia	Gordonia hongkongensis
GCF_031629165.1|WP_310952218.1	GCF_031629165.1	Bacteria	Actinomycetota	Actinomycetes	Mycobacteriales	Gordoniaceae	Gordonia	Gordonia westfalica
GCF_022059885.1|WP_238063505.1	GCF_022059885.1	Bacteria	Actinomycetota	Actinomycetes	Mycobacteriales	Gordoniaceae	Gordonia	Gordonia amicalis
GCF_014070455.1|WP_182372409.1	GCF_014070455.1	Bacteria	Actinomycetota	Actinomycetes	Mycobacteriales	Gordoniaceae	Gordonia	Gordonia rubripertincta
GCF_021245825.1|WP_232718119.1	GCF_021245825.1	Bacteria	Actinomycetota	Actinomycetes	Mycobacteriales	Gordoniaceae	Gordonia	Gordonia metallireducens
GCF_004011905.1|WP_127963280.1	GCF_004011905.1	Bacteria	Actinomycetota	Actinomycetes	Mycobacteriales	Gordoniaceae	Gordonia	Gordonia alkanivorans
GCF_000298235.1|WP_006867646.1	GCF_000298235.1	Bacteria	Actinomycetota	Actinomycetes	Mycobacteriales	Gordoniaceae	Gordonia	Gordonia namibiensis
GCF_900683595.1|WP_131733151.1	GCF_900683595.1	Bacteria	Actinomycetota	Actinomycetes	Mycobacteriales	Gordoniaceae	Gordonia	Gordonia paraffinivorans
GCF_025273675.1|WP_213243601.1	GCF_025273675.1	Bacteria	Actinomycetota	Actinomycetes	Mycobacteriales	Gordoniaceae	Gordonia	Gordonia pseudamarae
GCF_044358485.1|WP_005189332.1	GCF_044358485.1	Bacteria	Actinomycetota	Actinomycetes	Mycobacteriales	Gordoniaceae	Gordonia	Gordonia amarae
GCF_014673215.1|WP_317628530.1	GCF_014673215.1	Bacteria	Actinomycetota	Actinomycetes	Mycobacteriales	Gordoniaceae	Gordonia	Gordonia hankookensis
GCF_036350515.1|WP_330504382.1	GCF_036350515.1	Bacteria	Actinomycetota	Actinomycetes	Mycobacteriales	Gordoniaceae	Gordonia	Gordonia prachuapensis
GCF_000241305.1|WP_007318382.1	GCF_000241305.1	Bacteria	Actinomycetota	Actinomycetes	Mycobacteriales	Gordoniaceae	Gordonia	Gordonia effusa
GCF_012933505.1|WP_170196748.1	GCF_012933505.1	Bacteria	Actinomycetota	Actinomycetes	Mycobacteriales	Gordoniaceae	Gordonia	Gordonia asplenii
GCF_000241265.1|WP_007322958.1	GCF_000241265.1	Bacteria	Actinomycetota	Actinomycetes	Mycobacteriales	Gordoniaceae	Gordonia	Gordonia araii
GCF_009932435.1|WP_161926970.1	GCF_009932435.1	Bacteria	Actinomycetota	Actinomycetes	Mycobacteriales	Gordoniaceae	Gordonia	Gordonia crocea
GCF_039534645.1|WP_290707217.1	GCF_039534645.1	Bacteria	Actinomycetota	Actinomycetes	Mycobacteriales	Gordoniaceae	Gordonia	Gordonia defluvii
GCF_008312885.1|WP_149359275.1	GCF_008312885.1	Bacteria	Actinomycetota	Actinomycetes	Mycobacteriales	Hoyosellaceae	Lolliginicoccus	Lolliginicoccus suaedae
GCF_014841105.1|WP_192039300.1	GCF_014841105.1	Bacteria	Actinomycetota	Actinomycetes	Mycobacteriales	Hoyosellaceae	Lolliginicoccus	Lolliginicoccus lacisalsi
GCF_026008515.1|WP_278312581.1	GCF_026008515.1	Bacteria	Actinomycetota	Actinomycetes	Mycobacteriales	Hoyosellaceae	Lolliginicoccus	Lolliginicoccus levis
GCF_001552615.1|WP_369406885.1	GCF_001552615.1	Bacteria	Actinomycetota	Actinomycetes	Mycobacteriales	Gordoniaceae	Millisia	Millisia brevis
GCF_014635305.1|WP_188491166.1	GCF_014635305.1	Bacteria	Actinomycetota	Actinomycetes	Mycobacteriales	Nocardiaceae	Williamsia	Williamsia phyllosphaerae
GCF_000738775.1|WP_031938895.1	GCF_000738775.1	Bacteria	Actinomycetota	Actinomycetes	Mycobacteriales	Nocardiaceae	Prescottella	Prescottella defluvii
GCF_003013675.1|WP_106851459.1	GCF_003013675.1	Bacteria	Actinomycetota	Actinomycetes	Mycobacteriales	Nocardiaceae	Prescottella	Prescottella equi
GCF_046042785.1|WP_420163051.1	GCF_046042785.1	Bacteria	Actinomycetota	Actinomycetes	Mycobacteriales	Nocardiaceae	Rhodococcus	Rhodococcus parequi
GCF_005434945.1|WP_137725965.1	GCF_005434945.1	Bacteria	Actinomycetota	Actinomycetes	Mycobacteriales	Nocardiaceae	Prescottella	Prescottella subtropica
GCF_004011825.1|WP_127951258.1	GCF_004011825.1	Bacteria	Actinomycetota	Actinomycetes	Mycobacteriales	Nocardiaceae	Rhodococcus	Rhodococcus xishaensis
GCF_004011835.1|WP_127948496.1	GCF_004011835.1	Bacteria	Actinomycetota	Actinomycetes	Mycobacteriales	Nocardiaceae	Rhodococcus	Rhodococcus spongiicola
GCF_004011865.1|WP_127916599.1	GCF_004011865.1	Bacteria	Actinomycetota	Actinomycetes	Mycobacteriales	Nocardiaceae	Prescottella	Prescottella agglutinans
GCF_040024445.1|WP_348605353.1	GCF_040024445.1	Bacteria	Actinomycetota	Actinomycetes	Mycobacteriales	Nocardiaceae	Prescottella	Prescottella soli
GCF_039540555.1|WP_345345819.1	GCF_039540555.1	Bacteria	Actinomycetota	Actinomycetes	Mycobacteriales	Nocardiaceae	Rhodococcus	Rhodococcus olei
GCF_042681175.1|WP_378485438.1	GCF_042681175.1	Bacteria	Actinomycetota	Actinomycetes	Mycobacteriales	Nocardiaceae	Rhodococcus	Rhodococcus gannanensis
GCF_001894865.1|WP_072752222.1	GCF_001894865.1	Bacteria	Actinomycetota	Actinomycetes	Mycobacteriales	Nocardiaceae	Rhodococcus	Rhodococcus maanshanensis
GCF_042665615.1|WP_378405519.1	GCF_042665615.1	Bacteria	Actinomycetota	Actinomycetes	Mycobacteriales	Nocardiaceae	Rhodococcus	Rhodococcus daqingensis
GCF_005049235.1|WP_136911651.1	GCF_005049235.1	Bacteria	Actinomycetota	Actinomycetes	Mycobacteriales	Nocardiaceae	Rhodococcus	Rhodococcus oryzae
GCF_006704125.1|WP_142103106.1	GCF_006704125.1	Bacteria	Actinomycetota	Actinomycetes	Mycobacteriales	Nocardiaceae	Rhodococcus	Rhodococcus spelaei
GCF_042654025.1|WP_378418882.1	GCF_042654025.1	Bacteria	Actinomycetota	Actinomycetes	Mycobacteriales	Nocardiaceae	Rhodococcus	Rhodococcus kronopolitis
GCF_900101735.1|WP_072845647.1	GCF_900101735.1	Bacteria	Actinomycetota	Actinomycetes	Mycobacteriales	Nocardiaceae	Rhodococcus	Rhodococcus tukisamuensis
GCF_034424645.1|WP_211308639.1	GCF_034424645.1	Bacteria	Pseudomonadota	Betaproteobacteria	Burkholderiales	Alcaligenaceae	Bordetella	Bordetella avium
GCF_900112645.1|WP_093502851.1	GCF_900112645.1	Bacteria	Pseudomonadota	Gammaproteobacteria	Pseudomonadales	Pseudomonadaceae	Phytopseudomonas	Phytopseudomonas straminea
GCF_000026105.1|WP_011533081.1	GCF_000026105.1	Bacteria	Pseudomonadota	Gammaproteobacteria	Pseudomonadales	Pseudomonadaceae	Pseudomonas	Pseudomonas entomophila
GCF_003940825.1|WP_125858090.1	GCF_003940825.1	Bacteria	Pseudomonadota	Gammaproteobacteria	Pseudomonadales	Pseudomonadaceae	Pseudomonas	Pseudomonas oryziphila
GCF_024749065.1|WP_125858090.1	GCF_024749065.1	Bacteria	Pseudomonadota	Gammaproteobacteria	Pseudomonadales	Pseudomonadaceae	Pseudomonas	Pseudomonas sichuanensis
GCF_019139835.1|WP_217888459.1	GCF_019139835.1	Bacteria	Pseudomonadota	Gammaproteobacteria	Pseudomonadales	Pseudomonadaceae	Pseudomonas	Pseudomonas xanthosomatis
GCF_019139895.1|WP_217842643.1	GCF_019139895.1	Bacteria	Pseudomonadota	Gammaproteobacteria	Pseudomonadales	Pseudomonadaceae	Pseudomonas	Pseudomonas fakonensis
GCF_014268885.2|WP_186659890.1	GCF_014268885.2	Bacteria	Pseudomonadota	Gammaproteobacteria	Pseudomonadales	Pseudomonadaceae	Pseudomonas	Pseudomonas xantholysinigenes
GCF_019139535.1|WP_217848590.1	GCF_019139535.1	Bacteria	Pseudomonadota	Gammaproteobacteria	Pseudomonadales	Pseudomonadaceae	Pseudomonas	Pseudomonas muyukensis
GCF_021283165.2|WP_104444187.1	GCF_021283165.2	Bacteria	Pseudomonadota	Gammaproteobacteria	Pseudomonadales	Pseudomonadaceae	Pseudomonas	Pseudomonas soli
GCF_036324045.1|WP_330104692.1	GCF_036324045.1	Bacteria	Pseudomonadota	Gammaproteobacteria	Pseudomonadales	Pseudomonadaceae	Pseudomonas	Pseudomonas carassii
GCF_002736065.1|WP_096049794.1	GCF_002736065.1	Bacteria	Pseudomonadota	Gammaproteobacteria	Pseudomonadales	Pseudomonadaceae	Pseudomonas	Pseudomonas mosselii
GCF_014268935.2|WP_186733425.1	GCF_014268935.2	Bacteria	Pseudomonadota	Gammaproteobacteria	Pseudomonadales	Pseudomonadaceae	Pseudomonas	Pseudomonas peradeniyensis
GCF_030580795.1|WP_304482659.1	GCF_030580795.1	Bacteria	Pseudomonadota	Gammaproteobacteria	Pseudomonadales	Pseudomonadaceae	Pseudomonas	Pseudomonas boreofloridensis
GCF_034961125.1|WP_323453766.1	GCF_034961125.1	Bacteria	Pseudomonadota	Gammaproteobacteria	Pseudomonadales	Pseudomonadaceae	Pseudomonas	Pseudomonas machongensis
GCF_049942315.1|WP_426352171.1	GCF_049942315.1	Bacteria	Pseudomonadota	Gammaproteobacteria	Pseudomonadales	Pseudomonadaceae	Pseudomonas	Pseudomonas wayambapalatensis
GCF_021602025.1|WP_054903182.1	GCF_021602025.1	Bacteria	Pseudomonadota	Gammaproteobacteria	Pseudomonadales	Pseudomonadaceae	Pseudomonas	Pseudomonas ceruminis
GCF_014269025.2|WP_186476755.1	GCF_014269025.2	Bacteria	Pseudomonadota	Gammaproteobacteria	Pseudomonadales	Pseudomonadaceae	Pseudomonas	Pseudomonas promysalinigenes
GCF_014269035.2|WP_186600883.1	GCF_014269035.2	Bacteria	Pseudomonadota	Gammaproteobacteria	Pseudomonadales	Pseudomonadaceae	Pseudomonas	Pseudomonas vlassakiae
GCF_021602465.1|WP_176506183.1	GCF_021602465.1	Bacteria	Pseudomonadota	Gammaproteobacteria	Pseudomonadales	Pseudomonadaceae	Pseudomonas	Pseudomonas urethralis
GCF_003391255.1|WP_016394512.1	GCF_003391255.1	Bacteria	Pseudomonadota	Gammaproteobacteria	Pseudomonadales	Pseudomonadaceae	Pseudomonas	Pseudomonas plecoglossicida
GCF_021602585.1|WP_176512129.1	GCF_021602585.1	Bacteria	Pseudomonadota	Gammaproteobacteria	Pseudomonadales	Pseudomonadaceae	Pseudomonas	Pseudomonas faucium
GCF_040822035.1|WP_090343998.1	GCF_040822035.1	Bacteria	Pseudomonadota	Gammaproteobacteria	Pseudomonadales	Pseudomonadaceae	Pseudomonas	Pseudomonas guariconensis
GCF_014269185.2|WP_186680381.1	GCF_014269185.2	Bacteria	Pseudomonadota	Gammaproteobacteria	Pseudomonadales	Pseudomonadaceae	Pseudomonas	Pseudomonas oryzicola
GCF_014269225.2|WP_186690300.1	GCF_014269225.2	Bacteria	Pseudomonadota	Gammaproteobacteria	Pseudomonadales	Pseudomonadaceae	Pseudomonas	Pseudomonas anuradhapurensis
GCF_000731675.1|WP_033696665.1	GCF_000731675.1	Bacteria	Pseudomonadota	Gammaproteobacteria	Pseudomonadales	Pseudomonadaceae	Pseudomonas	Pseudomonas capeferrum
GCF_029215585.1|WP_275750152.1	GCF_029215585.1	Bacteria	Pseudomonadota	Gammaproteobacteria	Pseudomonadales	Pseudomonadaceae	Pseudomonas	Pseudomonas kermanshahensis
GCF_021283545.2|WP_049587525.1	GCF_021283545.2	Bacteria	Pseudomonadota	Gammaproteobacteria	Pseudomonadales	Pseudomonadaceae	Pseudomonas	Pseudomonas alloputida
GCF_003671975.1|WP_063977428.1	GCF_003671975.1	Bacteria	Pseudomonadota	Gammaproteobacteria	Pseudomonadales	Pseudomonadaceae	Pseudomonas	Pseudomonas monteilii
GCF_030291635.1|WP_286113128.1	GCF_030291635.1	Bacteria	Pseudomonadota	Gammaproteobacteria	Pseudomonadales	Pseudomonadaceae	Pseudomonas	Pseudomonas kurunegalensis
GCF_000412675.1|WP_016500616.1	GCF_000412675.1	Bacteria	Pseudomonadota	Gammaproteobacteria	Pseudomonadales	Pseudomonadaceae	Pseudomonas	Pseudomonas putida
GCF_026898135.2|WP_023048219.1	GCF_026898135.2	Bacteria	Pseudomonadota	Gammaproteobacteria	Pseudomonadales	Pseudomonadaceae	Pseudomonas	Pseudomonas fortuita
GCF_015168335.1|WP_217190567.1	GCF_015168335.1	Bacteria	Pseudomonadota	Gammaproteobacteria	Pseudomonadales	Pseudomonadaceae	Pseudomonas	Pseudomonas shirazica
GCF_034358925.1|WP_322265472.1	GCF_034358925.1	Bacteria	Pseudomonadota	Gammaproteobacteria	Pseudomonadales	Pseudomonadaceae	Pseudomonas	Pseudomonas asiatica
GCF_015680405.1|WP_108480704.1	GCF_015680405.1	Bacteria	Pseudomonadota	Gammaproteobacteria	Pseudomonadales	Pseudomonadaceae	Pseudomonas	Pseudomonas pudica
GCF_032164165.1|WP_313853762.1	GCF_032164165.1	Bacteria	Pseudomonadota	Gammaproteobacteria	Pseudomonadales	Pseudomonadaceae	Pseudomonas	Pseudomonas inefficax
GCF_000425785.1|WP_027906779.1	GCF_000425785.1	Bacteria	Pseudomonadota	Gammaproteobacteria	Pseudomonadales	Pseudomonadaceae	Pseudomonas	Pseudomonas taiwanensis
GCF_000730645.1|WP_028634556.1	GCF_000730645.1	Bacteria	Pseudomonadota	Gammaproteobacteria	Pseudomonadales	Pseudomonadaceae	Pseudomonas	Pseudomonas parafulva
GCF_028656975.1|WP_273912177.1	GCF_028656975.1	Bacteria	Pseudomonadota	Gammaproteobacteria	Pseudomonadales	Pseudomonadaceae	Pseudomonas	Pseudomonas fontis
GCF_014191985.1|WP_183167148.1	GCF_014191985.1	Bacteria	Pseudomonadota	Gammaproteobacteria	Pseudomonadales	Pseudomonadaceae	Azomonas	Azomonas macrocytogenes
GCF_017915135.1|WP_210390563.1	GCF_017915135.1	Bacteria	Pseudomonadota	Gammaproteobacteria	Pseudomonadales	Pseudomonadaceae	Ectopseudomonas	Ectopseudomonas khazarica
GCF_048586865.1|WP_420056523.1	GCF_048586865.1	Bacteria	Pseudomonadota	Gammaproteobacteria	Pseudomonadales	Pseudomonadaceae	Pseudomonas	Pseudomonas bharatica
GCF_000730585.1|WP_042126967.1	GCF_000730585.1	Bacteria	Pseudomonadota	Gammaproteobacteria	Pseudomonadales	Pseudomonadaceae	Pseudomonas	Pseudomonas japonica
GCF_003231275.1|WP_110971571.1	GCF_003231275.1	Bacteria	Pseudomonadota	Gammaproteobacteria	Pseudomonadales	Pseudomonadaceae	Pseudomonas	Pseudomonas huaxiensis
GCF_000423545.1|WP_028630870.1	GCF_000423545.1	Bacteria	Pseudomonadota	Gammaproteobacteria	Pseudomonadales	Pseudomonadaceae	Metapseudomonas	Metapseudomonas resinovorans
GCF_011397855.1|WP_142008610.1	GCF_011397855.1	Bacteria	Pseudomonadota	Gammaproteobacteria	Pseudomonadales	Pseudomonadaceae	Metapseudomonas	Metapseudomonas otitidis
GCF_002355475.1|WP_003448607.1	GCF_002355475.1	Bacteria	Pseudomonadota	Gammaproteobacteria	Pseudomonadales	Pseudomonadaceae	Metapseudomonas	Metapseudomonas furukawaii
GCF_000018665.1|WP_012205844.1	GCF_000018665.1	Bacteria	Pseudomonadota	Betaproteobacteria	Burkholderiales	Comamonadaceae	Delftia	Delftia acidovorans
GCF_042653485.1|WP_197956094.1	GCF_042653485.1	Bacteria	Pseudomonadota	Betaproteobacteria	Burkholderiales	Comamonadaceae	Delftia	Delftia deserti
GCF_029215875.1|WP_126311436.1	GCF_029215875.1	Bacteria	Pseudomonadota	Betaproteobacteria	Burkholderiales	Comamonadaceae	Delftia	Delftia tsuruhatensis
GCF_040267515.1|WP_074921306.1	GCF_040267515.1	Bacteria	Pseudomonadota	Betaproteobacteria	Burkholderiales	Comamonadaceae	Delftia	Delftia lacustris
GCF_008119665.1|WP_148813657.1	GCF_008119665.1	Bacteria	Pseudomonadota	Betaproteobacteria	Burkholderiales	Alcaligenaceae	Pigmentiphaga	Pigmentiphaga aceris
GCF_902859705.1|WP_175195660.1	GCF_902859705.1	Bacteria	Pseudomonadota	Betaproteobacteria	Burkholderiales	Alcaligenaceae	Achromobacter	Achromobacter deleyi
GCF_902859645.1|WP_054435240.1	GCF_902859645.1	Bacteria	Pseudomonadota	Betaproteobacteria	Burkholderiales	Alcaligenaceae	Achromobacter	Achromobacter insuavis
GCF_902860115.1|WP_116791780.1	GCF_902860115.1	Bacteria	Pseudomonadota	Betaproteobacteria	Burkholderiales	Alcaligenaceae	Achromobacter	Achromobacter dolens
GCF_016728825.1|WP_006384853.1	GCF_016728825.1	Bacteria	Pseudomonadota	Betaproteobacteria	Burkholderiales	Alcaligenaceae	Achromobacter	Achromobacter xylosoxidans
GCF_021733725.1|WP_175140566.1	GCF_021733725.1	Bacteria	Pseudomonadota	Betaproteobacteria	Burkholderiales	Alcaligenaceae	Achromobacter	Achromobacter pulmonis
GCF_002082135.1|WP_083036675.1	GCF_002082135.1	Bacteria	Pseudomonadota	Betaproteobacteria	Burkholderiales	Alcaligenaceae	Achromobacter	Achromobacter ruhlandii
GCF_030864005.1|WP_306944852.1	GCF_030864005.1	Bacteria	Pseudomonadota	Betaproteobacteria	Burkholderiales	Alcaligenaceae	Achromobacter	Achromobacter seleniivolatilans
GCF_902859625.1|WP_175174221.1	GCF_902859625.1	Bacteria	Pseudomonadota	Betaproteobacteria	Burkholderiales	Alcaligenaceae	Achromobacter	Achromobacter pestifer
GCF_902859635.1|WP_088588928.1	GCF_902859635.1	Bacteria	Pseudomonadota	Betaproteobacteria	Burkholderiales	Alcaligenaceae	Achromobacter	Achromobacter marplatensis
GCF_002812705.1|WP_100856442.1	GCF_002812705.1	Bacteria	Pseudomonadota	Betaproteobacteria	Burkholderiales	Alcaligenaceae	Achromobacter	Achromobacter spanius
GCF_902859595.1|WP_175171278.1	GCF_902859595.1	Bacteria	Pseudomonadota	Betaproteobacteria	Burkholderiales	Alcaligenaceae	Achromobacter	Achromobacter kerstersii
GCF_902859685.1|WP_061302843.1	GCF_902859685.1	Bacteria	Pseudomonadota	Betaproteobacteria	Burkholderiales	Alcaligenaceae	Achromobacter	Achromobacter piechaudii
GCF_900496965.1|WP_129530701.1	GCF_900496965.1	Bacteria	Pseudomonadota	Betaproteobacteria	Burkholderiales	Alcaligenaceae	Achromobacter	Achromobacter agilis
GCF_037619525.1|WP_338879217.1	GCF_037619525.1	Bacteria	Pseudomonadota	Betaproteobacteria	Burkholderiales	Alcaligenaceae	Achromobacter	Achromobacter veterisilvae
GCF_013267395.1|WP_062685031.1	GCF_013267395.1	Bacteria	Pseudomonadota	Betaproteobacteria	Burkholderiales	Alcaligenaceae	Achromobacter	Achromobacter denitrificans
GCF_903652925.1|WP_176088165.1	GCF_903652925.1	Bacteria	Pseudomonadota	Betaproteobacteria	Burkholderiales	Alcaligenaceae	Achromobacter	Achromobacter anxifer
GCF_900637265.1|WP_076814500.1	GCF_900637265.1	Bacteria	Pseudomonadota	Betaproteobacteria	Burkholderiales	Alcaligenaceae	Achromobacter	Achromobacter insolitus
GCF_902859965.1|WP_054452686.1	GCF_902859965.1	Bacteria	Pseudomonadota	Betaproteobacteria	Burkholderiales	Alcaligenaceae	Achromobacter	Achromobacter aegrifaciens
GCF_000236785.1|WP_008165508.1	GCF_000236785.1	Bacteria	Pseudomonadota	Betaproteobacteria	Burkholderiales	Alcaligenaceae	Achromobacter	Achromobacter arsenitoxydans
GCF_029866465.1|WP_280147727.1	GCF_029866465.1	Bacteria	Pseudomonadota	Betaproteobacteria	Burkholderiales	Alcaligenaceae	Achromobacter	Achromobacter mucicolens
GCF_902860125.1|WP_175138137.1	GCF_902860125.1	Bacteria	Pseudomonadota	Betaproteobacteria	Burkholderiales	Alcaligenaceae	Achromobacter	Achromobacter animicus
GCF_900078705.1|WP_066130916.1	GCF_900078705.1	Bacteria	Pseudomonadota	Betaproteobacteria	Burkholderiales	Alcaligenaceae	Bordetella	Bordetella ansorpii
GCF_000067205.1|WP_012251314.1	GCF_000067205.1	Bacteria	Pseudomonadota	Betaproteobacteria	Burkholderiales	Alcaligenaceae	Bordetella	Bordetella petrii
GCF_965138755.1|WP_415793404.1	GCF_965138755.1	Bacteria	Pseudomonadota	Betaproteobacteria	Burkholderiales	Alcaligenaceae	Bordetella	Bordetella tumulicola
GCF_965139195.1|WP_415818761.1	GCF_965139195.1	Bacteria	Pseudomonadota	Betaproteobacteria	Burkholderiales	Alcaligenaceae	Bordetella	Bordetella tumbae
GCF_965139205.1|WP_415808966.1	GCF_965139205.1	Bacteria	Pseudomonadota	Betaproteobacteria	Burkholderiales	Alcaligenaceae	Bordetella	Bordetella muralis
GCF_039541095.1|WP_345250729.1	GCF_039541095.1	Bacteria	Pseudomonadota	Betaproteobacteria	Burkholderiales	Alcaligenaceae	Pigmentiphaga	Pigmentiphaga soli
GCF_004216565.1|WP_130480863.1	GCF_004216565.1	Bacteria	Pseudomonadota	Betaproteobacteria	Burkholderiales	Sphaerotilaceae	Sphaerotilus	Sphaerotilus mobilis
GCF_030705305.1|WP_305748592.1	GCF_030705305.1	Bacteria	Pseudomonadota	Betaproteobacteria	Burkholderiales	Sphaerotilaceae	Leptothrix	Leptothrix discophora
GCF_038066575.1|WP_341372924.1	GCF_038066575.1	Bacteria	Pseudomonadota	Betaproteobacteria	Burkholderiales	Sphaerotilaceae	Pseudaquabacterium	Pseudaquabacterium rugosum
GCF_013410775.1|WP_179634934.1	GCF_013410775.1	Bacteria	Pseudomonadota	Betaproteobacteria	Burkholderiales	Sphaerotilaceae	Sphaerotilus	Sphaerotilus montanus
GCF_013294065.1|WP_173806527.1	GCF_013294065.1	Bacteria	Pseudomonadota	Betaproteobacteria	Burkholderiales	Sphaerotilaceae	Sphaerotilus	Sphaerotilus uruguayifluvii
GCF_900156335.1|WP_037480652.1	GCF_900156335.1	Bacteria	Pseudomonadota	Betaproteobacteria	Burkholderiales	Sphaerotilaceae	Sphaerotilus	Sphaerotilus natans
GCF_039631295.1|WP_345921013.1	GCF_039631295.1	Bacteria	Pseudomonadota	Betaproteobacteria	Rhodocyclales	Zoogloeaceae	Uliginosibacterium	Uliginosibacterium sediminicola
GCF_039544165.1|WP_345531526.1	GCF_039544165.1	Bacteria	Pseudomonadota	Betaproteobacteria	Rhodocyclales	Rhodocyclaceae	Viridibacterium	Viridibacterium curvum
GCF_012972705.2|WP_217423224.1	GCF_012972705.2	Bacteria	Pseudomonadota	Betaproteobacteria	Rhodocyclales	Zoogloeaceae	Uliginosibacterium	Uliginosibacterium aquaticum
GCF_039631355.1|WP_345928434.1	GCF_039631355.1	Bacteria	Pseudomonadota	Betaproteobacteria	Rhodocyclales	Zoogloeaceae	Uliginosibacterium	Uliginosibacterium paludis
GCF_036017035.1|WP_327598141.1	GCF_036017035.1	Bacteria	Pseudomonadota	Betaproteobacteria	Rhodocyclales	Zoogloeaceae	Uliginosibacterium	Uliginosibacterium silvisoli
GCF_011947285.1|WP_168055638.1	GCF_011947285.1	Bacteria	Pseudomonadota	Betaproteobacteria	Burkholderiales	Oxalobacteraceae	Glaciimonas	Glaciimonas immobilis
GCF_009497155.1|WP_153234612.1	GCF_009497155.1	Bacteria	Pseudomonadota	Betaproteobacteria	Burkholderiales	Oxalobacteraceae	Glaciimonas	Glaciimonas soli
GCF_018304965.1|WP_211453078.1	GCF_018304965.1	Bacteria	Pseudomonadota	Betaproteobacteria	Burkholderiales	Oxalobacteraceae	Collimonas	Collimonas antrihumi
GCF_900099695.1|WP_091937569.1	GCF_900099695.1	Bacteria	Pseudomonadota	Betaproteobacteria	Rhodocyclales	Rhodocyclaceae	Propionivibrio	Propionivibrio dicarboxylicus
GCF_004361735.1|WP_133595185.1	GCF_004361735.1	Bacteria	Pseudomonadota	Betaproteobacteria	Rhodocyclales	Zoogloeaceae	Azoarcus	Azoarcus indigens
GCF_000376945.1|WP_018149840.1	GCF_000376945.1	Bacteria	Pseudomonadota	Betaproteobacteria	Neisseriales	Leeiaceae	Leeia	Leeia oryzae
GCF_020564625.1|WP_227178339.1	GCF_020564625.1	Bacteria	Pseudomonadota	Betaproteobacteria	Neisseriales	Leeiaceae	Leeia	Leeia speluncae
GCF_009831765.1|WP_160796402.1	GCF_009831765.1	Bacteria	Pseudomonadota	Betaproteobacteria	Neisseriales	Neisseriaceae	Craterilacuibacter	Craterilacuibacter sinensis
GCF_004919095.1|WP_136551240.1	GCF_004919095.1	Bacteria	Pseudomonadota	Betaproteobacteria	Neisseriales	Neisseriaceae	Crenobacter	Crenobacter intestini
GCF_010435965.1|WP_163317501.1	GCF_010435965.1	Bacteria	Pseudomonadota	Betaproteobacteria	Neisseriales	Neisseriaceae	Crenobacter	Crenobacter caeni
GCF_003633895.1|WP_047967046.1	GCF_003633895.1	Bacteria	Pseudomonadota	Betaproteobacteria	Neisseriales	Chromobacteriaceae	Vogesella	Vogesella indigofera
GCF_014652475.1|WP_189373884.1	GCF_014652475.1	Bacteria	Pseudomonadota	Betaproteobacteria	Neisseriales	Chromobacteriaceae	Vogesella	Vogesella alkaliphila
GCF_028548475.1|WP_272771482.1	GCF_028548475.1	Bacteria	Pseudomonadota	Betaproteobacteria	Neisseriales	Chromobacteriaceae	Vogesella	Vogesella margarita
GCF_042648525.1|WP_386093750.1	GCF_042648525.1	Bacteria	Pseudomonadota	Betaproteobacteria	Neisseriales	Chromobacteriaceae	Vogesella	Vogesella facilis
GCF_042648905.1|WP_390276349.1	GCF_042648905.1	Bacteria	Pseudomonadota	Betaproteobacteria	Neisseriales	Chromobacteriaceae	Vogesella	Vogesella amnigena
GCF_040148885.1|WP_349583164.1	GCF_040148885.1	Bacteria	Pseudomonadota	Betaproteobacteria	Neisseriales	Chromobacteriaceae	Vogesella	Vogesella oryzagri
GCF_902829295.1|WP_174875898.1	GCF_902829295.1	Bacteria	Pseudomonadota	Betaproteobacteria	Neisseriales	Chromobacteriaceae	Vogesella	Vogesella oryzae
GCF_007644035.1|WP_206208804.1	GCF_007644035.1	Bacteria	Pseudomonadota	Betaproteobacteria	Neisseriales	Chromobacteriaceae	Vogesella	Vogesella mureinivorans
GCF_007644045.2|WP_144372044.1	GCF_007644045.2	Bacteria	Pseudomonadota	Betaproteobacteria	Neisseriales	Chromobacteriaceae	Vogesella	Vogesella urethralis
GCF_028548455.1|WP_272750559.1	GCF_028548455.1	Bacteria	Pseudomonadota	Betaproteobacteria	Neisseriales	Chromobacteriaceae	Vogesella	Vogesella aquatica
GCF_020539505.1|WP_226955235.1	GCF_020539505.1	Bacteria	Pseudomonadota	Betaproteobacteria	Burkholderiales	Alcaligenaceae	Mesopusillimonas	Mesopusillimonas faecipullorum
GCF_001592225.1|WP_066454375.1	GCF_001592225.1	Bacteria	Pseudomonadota	Betaproteobacteria	Burkholderiales	Alcaligenaceae	Castellaniella	Castellaniella caeni
GCF_040955415.1|WP_368642054.1	GCF_040955415.1	Bacteria	Pseudomonadota	Betaproteobacteria	Burkholderiales	Alcaligenaceae	Castellaniella	Castellaniella ginsengisoli
GCF_042651965.1|WP_376812539.1	GCF_042651965.1	Bacteria	Pseudomonadota	Betaproteobacteria	Burkholderiales	Alcaligenaceae	Castellaniella	Castellaniella hirudinis
GCF_000612685.1|WP_043683236.1	GCF_000612685.1	Bacteria	Pseudomonadota	Betaproteobacteria	Burkholderiales	Alcaligenaceae	Castellaniella	Castellaniella defragrans
GCF_039523555.1|WP_343820264.1	GCF_039523555.1	Bacteria	Pseudomonadota	Betaproteobacteria	Burkholderiales	Alcaligenaceae	Castellaniella	Castellaniella daejeonensis
GCF_042653765.1|WP_376817238.1	GCF_042653765.1	Bacteria	Pseudomonadota	Betaproteobacteria	Burkholderiales	Alcaligenaceae	Castellaniella	Castellaniella denitrificans
GCF_004346225.1|WP_132581822.1	GCF_004346225.1	Bacteria	Pseudomonadota	Betaproteobacteria	Burkholderiales	Alcaligenaceae	Paralcaligenes	Paralcaligenes ureilyticus
GCF_002209565.1|WP_088604586.1	GCF_002209565.1	Bacteria	Pseudomonadota	Betaproteobacteria	Burkholderiales	Alcaligenaceae	Candidimonas	Candidimonas nitroreducens
GCF_019166065.1|WP_217965104.1	GCF_019166065.1	Bacteria	Pseudomonadota	Betaproteobacteria	Burkholderiales	Alcaligenaceae	Candidimonas	Candidimonas humi
GCF_002849615.1|WP_102071655.1	GCF_002849615.1	Bacteria	Pseudomonadota	Betaproteobacteria	Burkholderiales	Alcaligenaceae	Pollutimonas	Pollutimonas nitritireducens
GCF_002849655.1|WP_102072350.1	GCF_002849655.1	Bacteria	Pseudomonadota	Betaproteobacteria	Burkholderiales	Alcaligenaceae	Pollutimonas	Pollutimonas subterranea
GCF_014202705.1|WP_180153616.1	GCF_014202705.1	Bacteria	Pseudomonadota	Betaproteobacteria	Burkholderiales	Alcaligenaceae	Parapusillimonas	Parapusillimonas granuli
GCF_004153685.1|WP_130039955.1	GCF_004153685.1	Bacteria	Pseudomonadota	Betaproteobacteria	Burkholderiales	Alcaligenaceae	Pollutimonas	Pollutimonas harenae
GCF_004022565.1|WP_128353943.1	GCF_004022565.1	Bacteria	Pseudomonadota	Betaproteobacteria	Burkholderiales	Alcaligenaceae	Pollutimonas	Pollutimonas thiosulfatoxidans
GCF_021653995.1|WP_160976775.1	GCF_021653995.1	Bacteria	Pseudomonadota	Betaproteobacteria	Burkholderiales	Alcaligenaceae	Paracandidimonas	Paracandidimonas lactea
GCF_004153455.1|WP_130009628.1	GCF_004153455.1	Bacteria	Pseudomonadota	Betaproteobacteria	Burkholderiales	Alcaligenaceae	Allopusillimonas	Allopusillimonas ginsengisoli
GCF_004153445.1|WP_129967824.1	GCF_004153445.1	Bacteria	Pseudomonadota	Betaproteobacteria	Burkholderiales	Alcaligenaceae	Allopusillimonas	Allopusillimonas soli
GCF_003576595.1|WP_114419699.1	GCF_003576595.1	Bacteria	Pseudomonadota	Betaproteobacteria	Burkholderiales	Alcaligenaceae	Neopusillimonas	Neopusillimonas maritima
GCF_011388195.1|WP_166129862.1	GCF_011388195.1	Bacteria	Pseudomonadota	Betaproteobacteria	Burkholderiales	Alcaligenaceae	Neopusillimonas	Neopusillimonas aestuarii
GCF_014237865.1|WP_185778381.1	GCF_014237865.1	Bacteria	Pseudomonadota	Betaproteobacteria	Burkholderiales	Alcaligenaceae	Pusillimonas	Pusillimonas minor
GCF_030344915.1|WP_289173313.1	GCF_030344915.1	Bacteria	Pseudomonadota	Betaproteobacteria	Burkholderiales	Alcaligenaceae	Neopusillimonas	Neopusillimonas aromaticivorans
GCF_004342005.1|WP_132475703.1	GCF_004342005.1	Bacteria	Pseudomonadota	Betaproteobacteria	Burkholderiales	Alcaligenaceae	Paracandidimonas	Paracandidimonas soli
GCF_042685605.1|WP_113931620.1	GCF_042685605.1	Bacteria	Pseudomonadota	Betaproteobacteria	Burkholderiales	Alcaligenaceae	Eoetvoesiella	Eoetvoesiella caeni
GCF_030385785.1|WP_289831436.1	GCF_030385785.1	Bacteria	Pseudomonadota	Betaproteobacteria	Neisseriales	Neisseriaceae	Crenobacter	Crenobacter oryzisoli
GCF_041914625.1|WP_374557771.1	GCF_041914625.1	Bacteria	Pseudomonadota	Betaproteobacteria	Neisseriales	Chromobacteriaceae	Aquitalea	Aquitalea pelogenes
GCF_009856625.1|WP_159878340.1	GCF_009856625.1	Bacteria	Pseudomonadota	Betaproteobacteria	Neisseriales	Chromobacteriaceae	Aquitalea	Aquitalea denitrificans
GCF_003202035.1|WP_059286270.1	GCF_003202035.1	Bacteria	Pseudomonadota	Betaproteobacteria	Neisseriales	Chromobacteriaceae	Aquitalea	Aquitalea magnusonii
GCF_003693445.1|WP_103526023.1	GCF_003693445.1	Bacteria	Pseudomonadota	Betaproteobacteria	Neisseriales	Chromobacteriaceae	Aquitalea	Aquitalea palustris
GCF_005155025.1|WP_137009464.1	GCF_005155025.1	Bacteria	Pseudomonadota	Betaproteobacteria	Neisseriales	Chromobacteriaceae	Aquitalea	Aquitalea aquatilis
GCF_013911085.1|WP_181837634.1	GCF_013911085.1	Bacteria	Pseudomonadota	Betaproteobacteria	Neisseriales	Chromobacteriaceae	Aquitalea	Aquitalea aquatica
GCF_004363805.1|WP_133680227.1	GCF_004363805.1	Bacteria	Pseudomonadota	Betaproteobacteria	Neisseriales	Chromobacteriaceae	Paludibacterium	Paludibacterium purpuratum
GCF_018802645.1|WP_028536947.1	GCF_018802645.1	Bacteria	Pseudomonadota	Betaproteobacteria	Neisseriales	Chromobacteriaceae	Paludibacterium	Paludibacterium yongneupense
GCF_000743945.1|WP_236620624.1	GCF_000743945.1	Bacteria	Pseudomonadota	Betaproteobacteria	Burkholderiales	Alcaligenaceae	Basilea	Basilea psittacipulmonis
GCF_000521505.1|WP_025372273.1	GCF_000521505.1	Bacteria	Pseudomonadota	Betaproteobacteria	Burkholderiales	Alcaligenaceae	Advenella	Advenella mimigardefordensis
GCF_000219915.2|WP_014751152.1	GCF_000219915.2	Bacteria	Pseudomonadota	Betaproteobacteria	Burkholderiales	Alcaligenaceae	Advenella	Advenella kashmirensis
GCF_004217095.1|WP_128396798.1	GCF_004217095.1	Bacteria	Pseudomonadota	Betaproteobacteria	Burkholderiales	Alcaligenaceae	Advenella	Advenella incenata
GCF_016595155.1|WP_200236416.1	GCF_016595155.1	Bacteria	Pseudomonadota	Betaproteobacteria	Burkholderiales	Alcaligenaceae	Advenella	Advenella mandrilli
GCF_014652395.1|WP_189385485.1	GCF_014652395.1	Bacteria	Pseudomonadota	Betaproteobacteria	Burkholderiales	Alcaligenaceae	Advenella	Advenella faeciporci
GCF_019132845.1|WP_169294987.1	GCF_019132845.1	Bacteria	Pseudomonadota	Betaproteobacteria	Burkholderiales	Alcaligenaceae	Advenella	Advenella alkanexedens
GCF_013133775.1|WP_171588671.1	GCF_013133775.1	Bacteria	Pseudomonadota	Betaproteobacteria	Burkholderiales	Alcaligenaceae	Pelistega	Pelistega europaea
GCF_009833965.1|WP_159990467.1	GCF_009833965.1	Bacteria	Pseudomonadota	Betaproteobacteria	Burkholderiales	Alcaligenaceae	Pelistega	Pelistega ratti
GCF_013133795.1|WP_171680228.1	GCF_013133795.1	Bacteria	Pseudomonadota	Betaproteobacteria	Burkholderiales	Alcaligenaceae	Pelistega	Pelistega suis
GCF_000621025.1|WP_028357014.1	GCF_000621025.1	Bacteria	Pseudomonadota	Betaproteobacteria	Burkholderiales	Alcaligenaceae	Brackiella	Brackiella oedipodis
GCF_016028735.1|WP_018573495.1	GCF_016028735.1	Bacteria	Pseudomonadota	Betaproteobacteria	Burkholderiales	Alcaligenaceae	Oligella	Oligella ureolytica
GCF_900454345.1|WP_018027325.1	GCF_900454345.1	Bacteria	Pseudomonadota	Betaproteobacteria	Burkholderiales	Alcaligenaceae	Oligella	Oligella urethralis
GCF_000226625.1|WP_228359730.1	GCF_000226625.1	Bacteria	Pseudomonadota	Betaproteobacteria	Burkholderiales	Alcaligenaceae	Taylorella	Taylorella asinigenitalis
GCF_028868935.1|WP_013522502.1	GCF_028868935.1	Bacteria	Pseudomonadota	Betaproteobacteria	Burkholderiales	Alcaligenaceae	Taylorella	Taylorella equigenitalis
GCF_000772265.1|WP_018347017.1	GCF_000772265.1	Bacteria	Pseudomonadota	Gammaproteobacteria	Pasteurellales	Pasteurellaceae	Gallibacterium	Gallibacterium anatis
GCF_042433055.1|WP_382370275.1	GCF_042433055.1	Bacteria	Pseudomonadota	Gammaproteobacteria	Pasteurellales	Pasteurellaceae	Gallibacterium	Gallibacterium trehalosifermentans
GCF_042433085.1|WP_382373109.1	GCF_042433085.1	Bacteria	Pseudomonadota	Gammaproteobacteria	Pasteurellales	Pasteurellaceae	Gallibacterium	Gallibacterium melopsittaci
GCF_027920745.1|WP_271141353.1	GCF_027920745.1	Bacteria	Pseudomonadota	Gammaproteobacteria	Pasteurellales	Pasteurellaceae	Gallibacterium	Gallibacterium faecale
GCF_030517105.1|WP_066422179.1	GCF_030517105.1	Bacteria	Pseudomonadota	Gammaproteobacteria	Pasteurellales	Pasteurellaceae	Gallibacterium	Gallibacterium salpingitidis
GCF_002795425.1|WP_100288207.1	GCF_002795425.1	Bacteria	Pseudomonadota	Gammaproteobacteria	Pasteurellales	Pasteurellaceae	Conservatibacter	Conservatibacter flavescens
GCF_900453335.1|WP_228144936.1	GCF_900453335.1	Bacteria	Pseudomonadota	Gammaproteobacteria	Moraxellales	Moraxellaceae	Moraxella	Moraxella equi
GCF_001598275.1|WP_066802702.1	GCF_001598275.1	Bacteria	Pseudomonadota	Gammaproteobacteria	Moraxellales	Moraxellaceae	Moraxella	Moraxella oblonga
GCF_900453245.1|WP_228707348.1	GCF_900453245.1	Bacteria	Pseudomonadota	Gammaproteobacteria	Moraxellales	Moraxellaceae	Moraxella	Moraxella lacunata
GCF_900453175.1|WP_078277181.1	GCF_900453175.1	Bacteria	Pseudomonadota	Gammaproteobacteria	Moraxellales	Moraxellaceae	Moraxella	Moraxella caviae
GCF_022701215.1|WP_242746939.1	GCF_022701215.1	Bacteria	Pseudomonadota	Gammaproteobacteria	Moraxellales	Moraxellaceae	Moraxella	Moraxella nasovis
GCF_023518055.1|WP_128568082.1	GCF_023518055.1	Bacteria	Pseudomonadota	Gammaproteobacteria	Pasteurellales	Pasteurellaceae	Aggregatibacter	Aggregatibacter actinomycetemcomitans
GCF_003130255.1|WP_109065056.1	GCF_003130255.1	Bacteria	Pseudomonadota	Gammaproteobacteria	Pasteurellales	Pasteurellaceae	Aggregatibacter	Aggregatibacter kilianii
GCF_900476035.1|WP_109103983.1	GCF_900476035.1	Bacteria	Pseudomonadota	Gammaproteobacteria	Pasteurellales	Pasteurellaceae	Aggregatibacter	Aggregatibacter segnis
GCF_020736045.1|WP_011271790.1	GCF_020736045.1	Bacteria	Pseudomonadota	Gammaproteobacteria	Pasteurellales	Pasteurellaceae	Haemophilus	Haemophilus influenzae
GCF_900475885.1|WP_032826270.1	GCF_900475885.1	Bacteria	Pseudomonadota	Gammaproteobacteria	Pasteurellales	Pasteurellaceae	Haemophilus	Haemophilus aegyptius
GCF_002000545.1|WP_077420483.1	GCF_002000545.1	Bacteria	Pseudomonadota	Gammaproteobacteria	Pasteurellales	Pasteurellaceae	Rodentibacter	Rodentibacter trehalosifermentans
GCF_016127215.1|WP_005695497.1	GCF_016127215.1	Bacteria	Pseudomonadota	Gammaproteobacteria	Pasteurellales	Pasteurellaceae	Haemophilus	Haemophilus parainfluenzae
GCF_004340985.1|WP_131975125.1	GCF_004340985.1	Bacteria	Pseudomonadota	Gammaproteobacteria	Pasteurellales	Pasteurellaceae	Cricetibacter	Cricetibacter osteomyelitidis
GCF_900186835.1|WP_005763058.1	GCF_900186835.1	Bacteria	Pseudomonadota	Gammaproteobacteria	Pasteurellales	Pasteurellaceae	Pasteurella	Pasteurella dagmatis
GCF_002073255.2|WP_005757186.1	GCF_002073255.2	Bacteria	Pseudomonadota	Gammaproteobacteria	Pasteurellales	Pasteurellaceae	Pasteurella	Pasteurella multocida
GCF_020810675.1|WP_226690219.1	GCF_020810675.1	Bacteria	Pseudomonadota	Gammaproteobacteria	Pasteurellales	Pasteurellaceae	Pasteurella	Pasteurella canis
GCF_042681465.1|WP_379095946.1	GCF_042681465.1	Bacteria	Pseudomonadota	Gammaproteobacteria	Pasteurellales	Pasteurellaceae	Pasteurella	Pasteurella oralis
GCF_900454535.1|WP_115249510.1	GCF_900454535.1	Bacteria	Pseudomonadota	Gammaproteobacteria	Pasteurellales	Pasteurellaceae	Avibacterium	Avibacterium avium
GCF_011765605.1|WP_017807025.1	GCF_011765605.1	Bacteria	Pseudomonadota	Gammaproteobacteria	Pasteurellales	Pasteurellaceae	Avibacterium	Avibacterium paragallinarum
GCF_004362535.1|WP_103853407.1	GCF_004362535.1	Bacteria	Pseudomonadota	Gammaproteobacteria	Pasteurellales	Pasteurellaceae	Avibacterium	Avibacterium gallinarum
GCF_900635775.1|WP_241969699.1	GCF_900635775.1	Bacteria	Pseudomonadota	Gammaproteobacteria	Pasteurellales	Pasteurellaceae	Avibacterium	Avibacterium volantium
GCF_965138825.1|WP_415777219.1	GCF_965138825.1	Bacteria	Pseudomonadota	Gammaproteobacteria	Pasteurellales	Pasteurellaceae	Avibacterium	Avibacterium endocarditidis
GCF_013377195.1|WP_132023946.1	GCF_013377195.1	Bacteria	Pseudomonadota	Gammaproteobacteria	Pasteurellales	Pasteurellaceae	Bisgaardia	Bisgaardia hudsonensis
GCF_042675725.1|WP_380819737.1	GCF_042675725.1	Bacteria	Pseudomonadota	Gammaproteobacteria	Pasteurellales	Pasteurellaceae	Seminibacterium	Seminibacterium arietis
GCF_000827595.2|WP_040977220.1	GCF_000827595.2	Bacteria	Pseudomonadota	Gammaproteobacteria	Pasteurellales	Pasteurellaceae	Necropsobacter	Necropsobacter massiliensis
GCF_900460625.1|WP_094945714.1	GCF_900460625.1	Bacteria	Pseudomonadota	Gammaproteobacteria	Pasteurellales	Pasteurellaceae	Actinobacillus	Actinobacillus seminis
GCF_004363295.1|WP_133542274.1	GCF_004363295.1	Bacteria	Pseudomonadota	Gammaproteobacteria	Pasteurellales	Pasteurellaceae	Mesocricetibacter	Mesocricetibacter intestinalis
GCF_003096995.1|WP_116632255.1	GCF_003096995.1	Bacteria	Pseudomonadota	Gammaproteobacteria	Pasteurellales	Pasteurellaceae	Alitibacter	Alitibacter langaaensis
GCF_000017245.1|WP_011978680.1	GCF_000017245.1	Bacteria	Pseudomonadota	Gammaproteobacteria	Pasteurellales	Pasteurellaceae	Actinobacillus	Actinobacillus succinogenes
GCF_029577735.1|WP_317482936.1	GCF_029577735.1	Bacteria	Pseudomonadota	Gammaproteobacteria	Pasteurellales	Pasteurellaceae	Exercitatus	Exercitatus varius
GCF_000007745.1|WP_041639484.1	GCF_000007745.1	Bacteria	Pseudomonadota	Gammaproteobacteria	Pasteurellales	Pasteurellaceae	Basfia	[Mannheimia] succiniciproducens
GCF_011455875.1|WP_090654115.1	GCF_011455875.1	Bacteria	Pseudomonadota	Gammaproteobacteria	Pasteurellales	Pasteurellaceae	Basfia	Basfia succiniciproducens
GCF_000262245.1|WP_005758465.1	GCF_000262245.1	Bacteria	Pseudomonadota	Gammaproteobacteria	Pasteurellales	Pasteurellaceae	Pasteurella	Pasteurella bettyae
GCF_000940515.1|WP_044469823.1	GCF_000940515.1	Bacteria	Pseudomonadota	Gammaproteobacteria	Pasteurellales	Pasteurellaceae	Mannheimia	Mannheimia massilioguelmaensis
GCF_900445015.1|WP_115608446.1	GCF_900445015.1	Bacteria	Pseudomonadota	Gammaproteobacteria	Pasteurellales	Pasteurellaceae	Actinobacillus	Actinobacillus ureae
GCF_015356115.1|WP_194812581.1	GCF_015356115.1	Bacteria	Pseudomonadota	Gammaproteobacteria	Pasteurellales	Pasteurellaceae	Rodentibacter	Rodentibacter haemolyticus
GCF_047160125.1|WP_226692527.1	GCF_047160125.1	Bacteria	Pseudomonadota	Gammaproteobacteria	Pasteurellales	Pasteurellaceae	Rodentibacter	Rodentibacter abscessus
GCF_014885015.1|WP_208118709.1	GCF_014885015.1	Bacteria	Pseudomonadota	Gammaproteobacteria	Pasteurellales	Pasteurellaceae	Spirabiliibacterium	Spirabiliibacterium falconis
GCF_014884965.1|WP_208122247.1	GCF_014884965.1	Bacteria	Pseudomonadota	Gammaproteobacteria	Pasteurellales	Pasteurellaceae	Spirabiliibacterium	Spirabiliibacterium mucosae
GCF_014884995.1|WP_208119829.1	GCF_014884995.1	Bacteria	Pseudomonadota	Gammaproteobacteria	Pasteurellales	Pasteurellaceae	Spirabiliibacterium	Spirabiliibacterium pneumoniae
GCF_004342725.1|WP_132965539.1	GCF_004342725.1	Bacteria	Pseudomonadota	Gammaproteobacteria	Pasteurellales	Pasteurellaceae	Testudinibacter	Testudinibacter aquarius
GCF_000772535.1|WP_034617562.1	GCF_000772535.1	Bacteria	Pseudomonadota	Gammaproteobacteria	Pasteurellales	Pasteurellaceae	Chelonobacter	Chelonobacter oris
GCF_900454705.1|WP_084256838.1	GCF_900454705.1	Bacteria	Pseudomonadota	Gammaproteobacteria	Pasteurellales	Pasteurellaceae	Pasteurella	Pasteurella testudinis
GCF_012641365.1|WP_168876690.1	GCF_012641365.1	Bacteria	Pseudomonadota	Betaproteobacteria	Neisseriales	Leeiaceae	Leeia	Leeia aquatica
GCF_042654245.1|WP_380715085.1	GCF_042654245.1	Bacteria	Pseudomonadota	Alphaproteobacteria	Rhodobacterales	Roseobacteraceae	Seohaeicola	Seohaeicola nanhaiensis
GCF_003634925.1|WP_085816051.1	GCF_003634925.1	Bacteria	Pseudomonadota	Alphaproteobacteria	Rhodobacterales	Roseobacteraceae	Roseovarius	Roseovarius halotolerans
GCF_003990445.1|WP_127108331.1	GCF_003990445.1	Bacteria	Pseudomonadota	Alphaproteobacteria	Rhodobacterales	Paracoccaceae	Pararhodobacter	Pararhodobacter zhoushanensis
GCF_003443995.1|WP_118152919.1	GCF_003443995.1	Bacteria	Pseudomonadota	Alphaproteobacteria	Rhodobacterales	Paracoccaceae	Pseudotabrizicola	Pseudotabrizicola alkalilacus
GCF_009711225.1|WP_246184927.1	GCF_009711225.1	Bacteria	Pseudomonadota	Alphaproteobacteria	Rhodobacterales	Paracoccaceae	Paracoccus	Paracoccus aestuariivivens
GCF_028294535.1|WP_271888800.1	GCF_028294535.1	Bacteria	Pseudomonadota	Alphaproteobacteria	Rhodobacterales	Paracoccaceae	Paracoccus	Paracoccus onchidii
GCF_900128975.1|WP_046135003.1	GCF_900128975.1	Bacteria	Pseudomonadota	Alphaproteobacteria	Hyphomicrobiales	Devosiaceae	Devosia	Devosia limi
GCF_009617585.1|WP_153354196.1	GCF_009617585.1	Bacteria	Pseudomonadota	Alphaproteobacteria	Hyphomicrobiales	Rhizobiaceae	Endobacterium	Endobacterium cereale
GCF_030323265.1|WP_286578029.1	GCF_030323265.1	Bacteria	Pseudomonadota	Alphaproteobacteria	Hyphomicrobiales	Rhizobiaceae	Terrirhizobium	Terrirhizobium terrae
GCF_014652335.1|WP_189353421.1	GCF_014652335.1	Bacteria	Pseudomonadota	Betaproteobacteria	Neisseriales	Chromobacteriaceae	Vogesella	Vogesella fluminis
GCF_019139675.1|WP_217869217.1	GCF_019139675.1	Bacteria	Pseudomonadota	Gammaproteobacteria	Pseudomonadales	Pseudomonadaceae	Pseudomonas	Pseudomonas maumuensis
GCF_020381325.1|WP_225820227.1	GCF_020381325.1	Bacteria	Pseudomonadota	Gammaproteobacteria	Enterobacterales	Morganellaceae	Providencia	Providencia vermicola
GCF_900475855.1|WP_068909359.1	GCF_900475855.1	Bacteria	Pseudomonadota	Gammaproteobacteria	Enterobacterales	Morganellaceae	Providencia	Providencia heimbachae
GCF_000253175.1|WP_005156574.1	GCF_000253175.1	Bacteria	Pseudomonadota	Gammaproteobacteria	Enterobacterales	Yersiniaceae	Yersinia	Yersinia enterocolitica
GCF_902170565.1|WP_145535573.1	GCF_902170565.1	Bacteria	Pseudomonadota	Gammaproteobacteria	Enterobacterales	Yersiniaceae	Yersinia	Yersinia kristensenii
GCF_001112925.1|WP_049599562.1	GCF_001112925.1	Bacteria	Pseudomonadota	Gammaproteobacteria	Enterobacterales	Yersiniaceae	Yersinia	Yersinia nurmii
GCF_001656035.1|WP_064514728.1	GCF_001656035.1	Bacteria	Pseudomonadota	Gammaproteobacteria	Enterobacterales	Yersiniaceae	Yersinia	Yersinia entomophaga
GCF_012641465.1|WP_168835122.1	GCF_012641465.1	Bacteria	Pseudomonadota	Gammaproteobacteria	Vibrionales	Vibrionaceae	Vibrio	Vibrio agarilyticus
GCF_019670705.1|WP_221049833.1	GCF_019670705.1	Bacteria	Pseudomonadota	Gammaproteobacteria	Alteromonadales	Shewanellaceae	Shewanella	Shewanella carassii
GCF_050336815.1|WP_428447387.1	GCF_050336815.1	Bacteria	Pseudomonadota	Gammaproteobacteria	Vibrionales	Vibrionaceae	Photobacterium	Photobacterium nomapromontoriensis
GCF_023241665.1|WP_268261151.1	GCF_023241665.1	Bacteria	Pseudomonadota	Gammaproteobacteria	Pseudomonadales	Pseudomonadaceae	Pseudomonas	Pseudomonas morbosilactucae
GCF_018343775.1|WP_025259709.1	GCF_018343775.1	Bacteria	Pseudomonadota	Gammaproteobacteria	Pseudomonadales	Pseudomonadaceae	Pseudomonas	Pseudomonas cichorii
GCF_018968705.1|WP_216705523.1	GCF_018968705.1	Bacteria	Pseudomonadota	Gammaproteobacteria	Pseudomonadales	Pseudomonadaceae	Pseudomonas	Pseudomonas lijiangensis
GCF_004682045.1|WP_135308716.1	GCF_004682045.1	Bacteria	Pseudomonadota	Gammaproteobacteria	Pseudomonadales	Pseudomonadaceae	Pseudomonas	Pseudomonas nabeulensis
GCF_021391435.1|WP_122764145.1	GCF_021391435.1	Bacteria	Pseudomonadota	Gammaproteobacteria	Pseudomonadales	Pseudomonadaceae	Pseudomonas	Pseudomonas sivasensis
GCF_004682055.1|WP_135290303.1	GCF_004682055.1	Bacteria	Pseudomonadota	Gammaproteobacteria	Pseudomonadales	Pseudomonadaceae	Pseudomonas	Pseudomonas kairouanensis
GCF_015461805.1|WP_194939027.1	GCF_015461805.1	Bacteria	Pseudomonadota	Gammaproteobacteria	Pseudomonadales	Pseudomonadaceae	Pseudomonas	Pseudomonas pisciculturae
GCF_036324005.1|WP_330077758.1	GCF_036324005.1	Bacteria	Pseudomonadota	Gammaproteobacteria	Pseudomonadales	Pseudomonadaceae	Pseudomonas	Pseudomonas ulcerans
GCF_014268805.2|WP_186535653.1	GCF_014268805.2	Bacteria	Pseudomonadota	Gammaproteobacteria	Pseudomonadales	Pseudomonadaceae	Pseudomonas	Pseudomonas farsensis
GCF_021601385.1|WP_232883298.1	GCF_021601385.1	Bacteria	Pseudomonadota	Gammaproteobacteria	Pseudomonadales	Pseudomonadaceae	Pseudomonas	Pseudomonas parasichuanensis
GCF_021560075.1|WP_235768342.1	GCF_021560075.1	Bacteria	Pseudomonadota	Gammaproteobacteria	Pseudomonadales	Pseudomonadaceae	Pseudomonas	Pseudomonas juntendi
GCF_900536025.1|WP_119137524.1	GCF_900536025.1	Bacteria	Pseudomonadota	Gammaproteobacteria	Pseudomonadales	Pseudomonadaceae	Pseudomonas	Pseudomonas reidholzensis
GCF_900095885.1|WP_035340040.1	GCF_900095885.1	Bacteria	Pseudomonadota	Gammaproteobacteria	Enterobacterales	Pectobacteriaceae	Dickeya	Dickeya aquatica
GCF_002812485.1|WP_100848986.1	GCF_002812485.1	Bacteria	Pseudomonadota	Gammaproteobacteria	Enterobacterales	Pectobacteriaceae	Dickeya	Dickeya fangzhongdai
GCF_000023565.1|WP_012770953.1	GCF_000023565.1	Bacteria	Pseudomonadota	Gammaproteobacteria	Enterobacterales	Pectobacteriaceae	Dickeya	Dickeya chrysanthemi
GCF_000025065.1|WP_012883519.1	GCF_000025065.1	Bacteria	Pseudomonadota	Gammaproteobacteria	Enterobacterales	Pectobacteriaceae	Dickeya	Dickeya parazeae
GCF_002887555.1|WP_102801122.1	GCF_002887555.1	Bacteria	Pseudomonadota	Gammaproteobacteria	Enterobacterales	Pectobacteriaceae	Dickeya	Dickeya zeae
GCF_045677275.1|WP_342700056.1	GCF_045677275.1	Bacteria	Pseudomonadota	Gammaproteobacteria	Enterobacterales	Pectobacteriaceae	Dickeya	Dickeya ananatis
GCF_020406815.2|WP_038907144.1	GCF_020406815.2	Bacteria	Pseudomonadota	Gammaproteobacteria	Enterobacterales	Pectobacteriaceae	Dickeya	Dickeya oryzae
GCF_000740965.1|WP_039290280.1	GCF_000740965.1	Bacteria	Pseudomonadota	Gammaproteobacteria	Enterobacterales	Pectobacteriaceae	Pectobacterium	Pectobacterium atrosepticum
GCF_009931295.1|WP_161528162.1	GCF_009931295.1	Bacteria	Pseudomonadota	Gammaproteobacteria	Enterobacterales	Pectobacteriaceae	Pectobacterium	Pectobacterium odoriferum
GCF_020971565.1|WP_230242934.1	GCF_020971565.1	Bacteria	Pseudomonadota	Gammaproteobacteria	Enterobacterales	Pectobacteriaceae	Pectobacterium	Pectobacterium parvum
GCF_026800125.1|WP_240584593.1	GCF_026800125.1	Bacteria	Pseudomonadota	Gammaproteobacteria	Enterobacterales	Pectobacteriaceae	Pectobacterium	Pectobacterium jejuense
GCF_002288545.1|WP_095701703.1	GCF_002288545.1	Bacteria	Pseudomonadota	Gammaproteobacteria	Enterobacterales	Pectobacteriaceae	Pectobacterium	Pectobacterium polaris
GCF_013488025.1|WP_010301362.1	GCF_013488025.1	Bacteria	Pseudomonadota	Gammaproteobacteria	Enterobacterales	Pectobacteriaceae	Pectobacterium	Pectobacterium carotovorum
GCF_000803315.1|WP_039355603.1	GCF_000803315.1	Bacteria	Pseudomonadota	Gammaproteobacteria	Enterobacterales	Pectobacteriaceae	Pectobacterium	Pectobacterium actinidiae
GCF_003932035.1|WP_125232347.1	GCF_003932035.1	Bacteria	Pseudomonadota	Gammaproteobacteria	Enterobacterales	Pectobacteriaceae	Pectobacterium	Pectobacterium versatile
GCF_000803215.1|WP_039348697.1	GCF_000803215.1	Bacteria	Pseudomonadota	Gammaproteobacteria	Enterobacterales	Pectobacteriaceae	Pectobacterium	Pectobacterium fontis
GCF_001742145.1|WP_012822720.1	GCF_001742145.1	Bacteria	Pseudomonadota	Gammaproteobacteria	Enterobacterales	Pectobacteriaceae	Pectobacterium	Pectobacterium parmentieri
GCF_001742185.1|WP_005971861.1	GCF_001742185.1	Bacteria	Pseudomonadota	Gammaproteobacteria	Enterobacterales	Pectobacteriaceae	Pectobacterium	Pectobacterium wasabiae
GCF_004137795.1|WP_129712723.1	GCF_004137795.1	Bacteria	Pseudomonadota	Gammaproteobacteria	Enterobacterales	Pectobacteriaceae	Pectobacterium	Pectobacterium zantedeschiae
GCF_005497185.1|WP_137741063.1	GCF_005497185.1	Bacteria	Pseudomonadota	Gammaproteobacteria	Enterobacterales	Pectobacteriaceae	Pectobacterium	Pectobacterium polonicum
GCF_020181655.1|WP_225087041.1	GCF_020181655.1	Bacteria	Pseudomonadota	Gammaproteobacteria	Enterobacterales	Pectobacteriaceae	Pectobacterium	Pectobacterium colocasium
GCF_015689195.1|WP_194431639.1	GCF_015689195.1	Bacteria	Pseudomonadota	Gammaproteobacteria	Enterobacterales	Pectobacteriaceae	Pectobacterium	Pectobacterium aroidearum
GCF_003382565.3|WP_116163179.1	GCF_003382565.3	Bacteria	Pseudomonadota	Gammaproteobacteria	Enterobacterales	Pectobacteriaceae	Pectobacterium	Pectobacterium aquaticum
GCF_014946775.2|WP_193398364.1	GCF_014946775.2	Bacteria	Pseudomonadota	Gammaproteobacteria	Enterobacterales	Pectobacteriaceae	Pectobacterium	Pectobacterium quasiaquaticum
GCF_019797845.1|WP_222159689.1	GCF_019797845.1	Bacteria	Pseudomonadota	Gammaproteobacteria	Enterobacterales	Enterobacteriaceae	Symbiopectobacterium	Symbiopectobacterium purcellii
GCF_009728735.1|WP_208727001.1	GCF_009728735.1	Bacteria	Pseudomonadota	Gammaproteobacteria	Enterobacterales	Erwiniaceae	Pantoea	Pantoea phytobeneficialis
GCF_037060685.1|WP_072083840.1	GCF_037060685.1	Bacteria	Pseudomonadota	Gammaproteobacteria	Enterobacterales	Yersiniaceae	Yersinia	Yersinia bercovieri
GCF_000287615.1|WP_007525488.1	GCF_000287615.1	Bacteria	Pseudomonadota	Gammaproteobacteria	Pasteurellales	Pasteurellaceae	Haemophilus	Haemophilus sputorum
GCF_003515985.1|WP_118894853.1	GCF_003515985.1	Bacteria	Pseudomonadota	Gammaproteobacteria	Enterobacterales	Pectobacteriaceae	Lonsdalea	Lonsdalea britannica
GCF_002111585.1|WP_094109215.1	GCF_002111585.1	Bacteria	Pseudomonadota	Gammaproteobacteria	Enterobacterales	Pectobacteriaceae	Lonsdalea	Lonsdalea iberica
GCF_900107885.1|WP_074728774.1	GCF_900107885.1	Bacteria	Pseudomonadota	Gammaproteobacteria	Enterobacterales	Pectobacteriaceae	Lonsdalea	Lonsdalea quercina
GCF_015999465.1|WP_085688382.1	GCF_015999465.1	Bacteria	Pseudomonadota	Gammaproteobacteria	Enterobacterales	Pectobacteriaceae	Lonsdalea	Lonsdalea populi
GCF_036561945.1|WP_346431477.1	GCF_036561945.1	Bacteria	Pseudomonadota	Gammaproteobacteria	Enterobacterales	Enterobacteriaceae	Raoultella	Raoultella scottii
GCF_002951615.1|WP_226790150.1	GCF_002951615.1	Bacteria	Pseudomonadota	Gammaproteobacteria	Enterobacterales	Yersiniaceae	Rahnella	Rahnella sikkimica
GCF_015644585.1|WP_326838671.1	GCF_015644585.1	Bacteria	Pseudomonadota	Gammaproteobacteria	Enterobacterales	Yersiniaceae	Rahnella	Rahnella laticis
GCF_046449555.1|WP_410151220.1	GCF_046449555.1	Bacteria	Pseudomonadota	Gammaproteobacteria	Enterobacterales	Yersiniaceae	Rahnella	Rahnella selenatireducens
GCF_008710095.1|WP_150436127.1	GCF_008710095.1	Bacteria	Pseudomonadota	Gammaproteobacteria	Enterobacterales	Pectobacteriaceae	Affinibrenneria	Affinibrenneria salicis
GCF_006711645.1|WP_141964966.1	GCF_006711645.1	Bacteria	Pseudomonadota	Gammaproteobacteria	Enterobacterales	Enterobacteriaceae	Klebsiella	Klebsiella electrica
GCF_902158555.1|WP_142982784.1	GCF_902158555.1	Bacteria	Pseudomonadota	Gammaproteobacteria	Enterobacterales	Enterobacteriaceae	Klebsiella	Klebsiella spallanzanii
GCF_003892345.1|WP_125096539.1	GCF_003892345.1	Bacteria	Pseudomonadota	Betaproteobacteria	Burkholderiales	Burkholderiaceae	Lautropia	Lautropia dentalis
GCF_962719845.1|WP_301885691.1	GCF_962719845.1	Bacteria	Pseudomonadota	Betaproteobacteria	Neisseriales	Neisseriaceae	Neisseria	Neisseria uirgultaei
GCF_958267405.1|WP_301818030.1	GCF_958267405.1	Bacteria	Pseudomonadota	Betaproteobacteria	Neisseriales	Neisseriaceae	Neisseria	Neisseria maigaei
GCF_003044445.1|WP_107987032.1	GCF_003044445.1	Bacteria	Pseudomonadota	Betaproteobacteria	Neisseriales	Neisseriaceae	Neisseria	Neisseria mucosa
GCF_022749495.1|WP_039862728.1	GCF_022749495.1	Bacteria	Pseudomonadota	Betaproteobacteria	Neisseriales	Neisseriaceae	Neisseria	Neisseria macacae
GCF_014054985.1|WP_003796354.1	GCF_014054985.1	Bacteria	Pseudomonadota	Betaproteobacteria	Neisseriales	Neisseriaceae	Kingella	Kingella oralis
GCF_022809315.2|WP_243377221.1	GCF_022809315.2	Bacteria	Pseudomonadota	Betaproteobacteria	Burkholderiales	Sutterellaceae	Mesosutterella	Mesosutterella faecium
GCF_006337085.1|WP_139688753.1	GCF_006337085.1	Bacteria	Pseudomonadota	Betaproteobacteria	Burkholderiales	Sutterellaceae	Sutterella	Sutterella faecalis
GCF_009183815.1|WP_226963144.1	GCF_009183815.1	Bacteria	Pseudomonadota	Betaproteobacteria	Burkholderiales	Sutterellaceae	Sutterella	Sutterella seckii
GCF_001598495.1|WP_169802077.1	GCF_001598495.1	Bacteria	Pseudomonadota	Alphaproteobacteria	Acetobacterales	Acetobacteraceae	Neokomagataea	Neokomagataea thailandica
GCF_029309905.1|WP_289843253.1	GCF_029309905.1	Bacteria	Pseudomonadota	Alphaproteobacteria	Acetobacterales	Acetobacteraceae	Brytella	Brytella acorum
GCF_000013645.1|WP_148223120.1	GCF_000013645.1	Bacteria	Pseudomonadota	Betaproteobacteria	Burkholderiales	Burkholderiaceae	Paraburkholderia	Paraburkholderia xenovorans
GCF_900104845.1|WP_244283840.1	GCF_900104845.1	Bacteria	Pseudomonadota	Betaproteobacteria	Burkholderiales	Burkholderiaceae	Paraburkholderia	Paraburkholderia caballeronis
GCF_977008105.1|WP_454731195.1	GCF_977008105.1	Bacteria	Pseudomonadota	Betaproteobacteria	Burkholderiales	Burkholderiaceae	Cupriavidus	Cupriavidus ulmosensis
GCF_000478565.1|WP_008060601.1	GCF_000478565.1	Bacteria	Pseudomonadota	Betaproteobacteria	Nitrosomonadales	Sterolibacteriaceae	Methyloversatilis	Methyloversatilis universalis
GCF_000934725.1|WP_045225005.1	GCF_000934725.1	Bacteria	Pseudomonadota	Gammaproteobacteria	Methylococcales	Methylococcaceae	Methyloterricola	Methyloterricola oryzae
GCF_040616535.1|WP_355606162.1	GCF_040616535.1	Bacteria	Pseudomonadota	Gammaproteobacteria	Lysobacterales	Lysobacteraceae	Xanthomonas	Xanthomonas cannabis
GCF_015074805.1|WP_128830884.1	GCF_015074805.1	Bacteria	Pseudomonadota	Alphaproteobacteria	Sphingomonadales	Sphingobiaceae	Sphingobium	Sphingobium fuliginis
GCF_019351405.1|WP_219239286.1	GCF_019351405.1	Bacteria	Pseudomonadota	Alphaproteobacteria	Sphingomonadales	Sphingomonadaceae	Stakelama	Stakelama flava
GCF_003094615.1|WP_116491160.1	GCF_003094615.1	Bacteria	Pseudomonadota	Alphaproteobacteria	Caulobacterales	Caulobacteraceae	Caulobacter	Caulobacter radicis
GCF_001598415.1|WP_066817839.1	GCF_001598415.1	Bacteria	Pseudomonadota	Alphaproteobacteria	Sphingomonadales	Sphingomonadaceae	Sphingomonas	Sphingomonas mali
GCF_014199635.1|WP_183661022.1	GCF_014199635.1	Bacteria	Pseudomonadota	Alphaproteobacteria	Sphingomonadales	Sphingomonadaceae	Novosphingobium	Novosphingobium taihuense
GCF_003096875.1|WP_116612354.1	GCF_003096875.1	Bacteria	Pseudomonadota	Betaproteobacteria	Burkholderiales	Burkholderiaceae	Paraburkholderia	Paraburkholderia unamae
GCF_029268985.1|WP_275924348.1	GCF_029268985.1	Bacteria	Pseudomonadota	Betaproteobacteria	Burkholderiales	Burkholderiaceae	Burkholderia	Burkholderia sola
GCF_900100915.1|WP_074807269.1	GCF_900100915.1	Bacteria	Pseudomonadota	Betaproteobacteria	Burkholderiales	Burkholderiaceae	Burkholderia	Burkholderia orbicola
GCF_003367175.1|WP_115537347.1	GCF_003367175.1	Bacteria	Pseudomonadota	Betaproteobacteria	Burkholderiales	Burkholderiaceae	Trinickia	Trinickia dinghuensis
GCF_017315725.1|WP_206952488.1	GCF_017315725.1	Bacteria	Pseudomonadota	Betaproteobacteria	Burkholderiales	Burkholderiaceae	Trinickia	Trinickia acidisoli
GCF_000960995.1|WP_232252307.1	GCF_000960995.1	Bacteria	Pseudomonadota	Betaproteobacteria	Burkholderiales	Burkholderiaceae	Burkholderia	Burkholderia glumae
GCF_001411805.1|WP_055139843.1	GCF_001411805.1	Bacteria	Pseudomonadota	Betaproteobacteria	Burkholderiales	Burkholderiaceae	Burkholderia	Burkholderia plantarii
GCF_016698705.1|WP_186049549.1	GCF_016698705.1	Bacteria	Pseudomonadota	Betaproteobacteria	Burkholderiales	Burkholderiaceae	Burkholderia	Burkholderia gladioli
GCF_001028665.1|WP_047902998.1	GCF_001028665.1	Bacteria	Pseudomonadota	Betaproteobacteria	Burkholderiales	Burkholderiaceae	Burkholderia	Burkholderia pyrrocinia
GCF_001718535.1|WP_059556673.1	GCF_001718535.1	Bacteria	Pseudomonadota	Betaproteobacteria	Burkholderiales	Burkholderiaceae	Burkholderia	Burkholderia seminalis
GCF_014236795.1|WP_128421179.1	GCF_014236795.1	Bacteria	Pseudomonadota	Gammaproteobacteria	Lysobacterales	Lysobacteraceae	Xanthomonas	Xanthomonas theicola
GCF_900105475.1|WP_090207459.1	GCF_900105475.1	Bacteria	Pseudomonadota	Gammaproteobacteria	Pseudomonadales	Pseudomonadaceae	Pseudomonas	Pseudomonas asplenii
GCF_020208145.1|WP_225237839.1	GCF_020208145.1	Bacteria	Pseudomonadota	Betaproteobacteria	Burkholderiales	Oxalobacteraceae	Massilia	Massilia hydrophila
GCF_001758785.1|WP_141749461.1	GCF_001758785.1	Bacteria	Pseudomonadota	Betaproteobacteria	Burkholderiales	Oxalobacteraceae	Duganella	Duganella phyllosphaerae
GCF_034479515.1|WP_157094844.1	GCF_034479515.1	Bacteria	Pseudomonadota	Betaproteobacteria	Burkholderiales	Oxalobacteraceae	Duganella	Duganella zoogloeoides
GCF_005484965.1|WP_009113835.1	GCF_005484965.1	Bacteria	Pseudomonadota	Gammaproteobacteria	Enterobacterales	Pectobacteriaceae	Brenneria	Brenneria nigrifluens
GCF_003312355.2|WP_113627296.1	GCF_003312355.2	Bacteria	Pseudomonadota	Gammaproteobacteria	Enterobacterales	Pectobacteriaceae	Pectobacterium	Pectobacterium peruviense
GCF_036885195.1|WP_264498080.1	GCF_036885195.1	Bacteria	Pseudomonadota	Gammaproteobacteria	Enterobacterales	Pectobacteriaceae	Pectobacterium	Pectobacterium cacticida
GCF_002934685.1|WP_199885052.1	GCF_002934685.1	Bacteria	Pseudomonadota	Gammaproteobacteria	Pseudomonadales	Pseudomonadaceae	Pseudomonas	Pseudomonas bohemica
GCF_018223345.1|WP_212594468.1	GCF_018223345.1	Bacteria	Pseudomonadota	Gammaproteobacteria	Alteromonadales	Shewanellaceae	Shewanella	Shewanella yunxiaonensis
GCF_005250615.1|WP_204957087.1	GCF_005250615.1	Bacteria	Pseudomonadota	Gammaproteobacteria	Pseudomonadales	Pseudomonadaceae	Pseudomonas	Pseudomonas rhizoryzae
GCF_024722005.1|WP_108538480.1	GCF_024722005.1	Bacteria	Pseudomonadota	Gammaproteobacteria	Pseudomonadales	Pseudomonadaceae	Pseudomonas	Pseudomonas carnis
GCF_004343195.1|WP_230468074.1	GCF_004343195.1	Bacteria	Pseudomonadota	Gammaproteobacteria	Enterobacterales	Bruguierivoracaceae	Biostraticola	Biostraticola tofi
GCF_000233595.1|WP_014605399.1	GCF_000233595.1	Bacteria	Pseudomonadota	Gammaproteobacteria	Enterobacterales	Erwiniaceae	Pantoea	Pantoea ananatis
GCF_010131535.1|WP_162368362.1	GCF_010131535.1	Bacteria	Pseudomonadota	Gammaproteobacteria	Enterobacterales	Pectobacteriaceae	Acerihabitans	Acerihabitans arboris
GCF_017569925.1|WP_208227522.1	GCF_017569925.1	Bacteria	Pseudomonadota	Gammaproteobacteria	Enterobacterales	Pectobacteriaceae	Brenneria	Brenneria izadpanahii
GCF_002291445.1|WP_048639494.1	GCF_002291445.1	Bacteria	Pseudomonadota	Gammaproteobacteria	Enterobacterales	Pectobacteriaceae	Brenneria	Brenneria goodwinii
GCF_002291425.1|WP_230469413.1	GCF_002291425.1	Bacteria	Pseudomonadota	Gammaproteobacteria	Enterobacterales	Yersiniaceae	Gibbsiella	Gibbsiella quercinecans
GCF_039539505.1|WP_346079717.1	GCF_039539505.1	Bacteria	Pseudomonadota	Gammaproteobacteria	Enterobacterales	Yersiniaceae	Gibbsiella	Gibbsiella dentisursi
GCF_014736495.1|WP_095523267.1	GCF_014736495.1	Bacteria	Pseudomonadota	Betaproteobacteria	Rhodocyclales	Rhodocyclaceae	Candidatus Dactylopiibacterium	Candidatus Dactylopiibacterium carminicum
GCF_002174125.1|WP_087621444.1	GCF_002174125.1	Bacteria	Pseudomonadota	Gammaproteobacteria	Moraxellales	Moraxellaceae	Acinetobacter	Acinetobacter populi
GCF_042847045.1|WP_415268326.1	GCF_042847045.1	Bacteria	Pseudomonadota	Betaproteobacteria	Burkholderiales	Comamonadaceae	Acidovorax	Acidovorax sacchari
GCF_031834635.1|WP_209031352.1	GCF_031834635.1	Bacteria	Pseudomonadota	Gammaproteobacteria	Lysobacterales	Lysobacteraceae	Xanthomonas	Xanthomonas hawaiiensis
GCF_033170385.1|WP_317845137.1	GCF_033170385.1	Bacteria	Pseudomonadota	Gammaproteobacteria	Lysobacterales	Lysobacteraceae	Xanthomonas	Xanthomonas rydalmerensis
GCF_001182895.1|WP_049620647.1	GCF_001182895.1	Bacteria	Pseudomonadota	Gammaproteobacteria	Lysobacterales	Rhodanobacteraceae	Frateuria	Frateuria defendens
GCF_030322905.1|WP_286575346.1	GCF_030322905.1	Bacteria	Pseudomonadota	Gammaproteobacteria	Lysobacterales	Lysobacteraceae	Pseudoxanthomonas	Pseudoxanthomonas winnipegensis
GCF_003207955.1|WP_110529611.1	GCF_003207955.1	Bacteria	Pseudomonadota	Alphaproteobacteria	Acetobacterales	Acetobacteraceae	Novacetimonas	Novacetimonas pomaceti
GCF_002906255.1|WP_110094973.1	GCF_002906255.1	Bacteria	Pseudomonadota	Alphaproteobacteria	Acetobacterales	Acetobacteraceae	Novacetimonas	Novacetimonas maltaceti
GCF_014843995.1|WP_239026135.1	GCF_014843995.1	Bacteria	Pseudomonadota	Alphaproteobacteria	Acetobacterales	Acetobacteraceae	Novacetimonas	Novacetimonas hansenii
GCF_025961355.1|WP_264648746.1	GCF_025961355.1	Bacteria	Pseudomonadota	Alphaproteobacteria	Acetobacterales	Acetobacteraceae	Gluconobacter	Gluconobacter cerinus
GCF_007990185.1|WP_007283463.1	GCF_007990185.1	Bacteria	Pseudomonadota	Alphaproteobacteria	Acetobacterales	Acetobacteraceae	Gluconobacter	Gluconobacter thailandicus
GCF_015244665.1|WP_061930342.1	GCF_015244665.1	Bacteria	Pseudomonadota	Alphaproteobacteria	Acetobacterales	Acetobacteraceae	Gluconobacter	Gluconobacter japonicus
GCF_001580615.1|WP_082781670.1	GCF_001580615.1	Bacteria	Pseudomonadota	Alphaproteobacteria	Acetobacterales	Acetobacteraceae	Acetobacter	Acetobacter malorum
GCF_018256955.1|WP_212377412.1	GCF_018256955.1	Bacteria	Pseudomonadota	Alphaproteobacteria	Acetobacterales	Acetobacteraceae	Acetobacter	Acetobacter persici
GCF_009914215.2|WP_310256825.1	GCF_009914215.2	Bacteria	Pseudomonadota	Alphaproteobacteria	Acetobacterales	Acetobacteraceae	Acetobacter	Acetobacter pasteurianus
GCF_003610015.1|WP_027706060.1	GCF_003610015.1	Bacteria	Pseudomonadota	Gammaproteobacteria	Oceanospirillales	Halomonadaceae	Zymobacter	Zymobacter palmae
GCF_015627125.1|WP_195773948.1	GCF_015627125.1	Bacteria	Pseudomonadota	Gammaproteobacteria	Moraxellales	Moraxellaceae	Acinetobacter	Acinetobacter rathckeae
GCF_039542245.1|WP_097079694.1	GCF_039542245.1	Bacteria	Pseudomonadota	Gammaproteobacteria	Moraxellales	Moraxellaceae	Acinetobacter	Acinetobacter puyangensis
GCF_004327335.1|WP_131185059.1	GCF_004327335.1	Bacteria	Pseudomonadota	Gammaproteobacteria	Pseudomonadales	Pseudomonadaceae	Stutzerimonas	Stutzerimonas kirkiae
GCF_003115815.1|WP_170116068.1	GCF_003115815.1	Bacteria	Pseudomonadota	Gammaproteobacteria	Enterobacterales	Pectobacteriaceae	Brenneria	Brenneria roseae
GCF_003115855.1|WP_210416950.1	GCF_003115855.1	Bacteria	Pseudomonadota	Gammaproteobacteria	Enterobacterales	Pectobacteriaceae	Brenneria	Brenneria corticis
GCF_023347575.1|WP_249231623.1	GCF_023347575.1	Bacteria	Pseudomonadota	Gammaproteobacteria	Enterobacterales	Pectobacteriaceae	Brenneria	Brenneria tiliae
GCF_000171235.2|WP_081721775.1	GCF_000171235.2	Bacteria	Verrucomicrobiota	Opitutia	Opitutales	Opitutaceae	Geminisphaera	Geminisphaera colitermitum
GCF_004801295.1|WP_230976135.1	GCF_004801295.1	Bacteria	Pseudomonadota	Betaproteobacteria	Rhodocyclales	Zoogloeaceae	Pseudothauera	Pseudothauera nasutitermitis
GCF_029813755.1|WP_279523553.1	GCF_029813755.1	Bacteria	Pseudomonadota	Betaproteobacteria	Burkholderiales	Comamonadaceae	Ottowia	Ottowia cancrivicina
GCF_900240305.1|WP_102283385.1	GCF_900240305.1	Bacteria	Pseudomonadota	Betaproteobacteria	Burkholderiales	Comamonadaceae	Ottowia	Ottowia massiliensis
GCF_003123725.1|WP_109063128.1	GCF_003123725.1	Bacteria	Pseudomonadota	Betaproteobacteria	Burkholderiales	Alcaligenaceae	Corticimicrobacter	Corticimicrobacter populi
GCF_900129885.1|WP_218599073.1	GCF_900129885.1	Bacteria	Pseudomonadota	Betaproteobacteria	Burkholderiales	Alcaligenaceae	Pollutimonas	Pollutimonas bauzanensis
GCF_013185915.1|WP_070206312.1	GCF_013185915.1	Bacteria	Pseudomonadota	Gammaproteobacteria	Lysobacterales	Lysobacteraceae	Stenotrophomonas	Stenotrophomonas bentonitica
GCF_000621305.1|WP_245603966.1	GCF_000621305.1	Bacteria	Pseudomonadota	Betaproteobacteria	Rhodocyclales	Zoogloeaceae	Thauera	Thauera linaloolentis
GCF_004801305.1|WP_230976664.1	GCF_004801305.1	Bacteria	Pseudomonadota	Betaproteobacteria	Rhodocyclales	Zoogloeaceae	Pseudothauera	Pseudothauera rhizosphaerae
GCF_038442355.1|WP_342108470.1	GCF_038442355.1	Bacteria	Pseudomonadota	Alphaproteobacteria	Hyphomicrobiales	Methylobacteriaceae	Methylobacterium	Methylobacterium guangdongense
GCF_900103445.1|WP_091722738.1	GCF_900103445.1	Bacteria	Pseudomonadota	Alphaproteobacteria	Hyphomicrobiales	Methylobacteriaceae	Methylobacterium	Methylobacterium phyllostachyos
GCF_000583855.1|WP_158413637.1	GCF_000583855.1	Bacteria	Pseudomonadota	Alphaproteobacteria	Acetobacterales	Acetobacteraceae	Gluconobacter	Gluconobacter oxydans
GCF_002723955.1|WP_167384200.1	GCF_002723955.1	Bacteria	Pseudomonadota	Alphaproteobacteria	Acetobacterales	Acetobacteraceae	Gluconobacter	Gluconobacter frateurii
GCF_037076535.1|WP_338642595.1	GCF_037076535.1	Bacteria	Pseudomonadota	Alphaproteobacteria	Sphingomonadales	Sphingomonadaceae	Novosphingobium	Novosphingobium olei
GCF_034653275.1|WP_322913952.1	GCF_034653275.1	Bacteria	Pseudomonadota	Alphaproteobacteria	Rhodospirillales	Azospirillaceae	Nitrospirillum	Nitrospirillum guaranorum
GCF_000730165.1|WP_088872972.1	GCF_000730165.1	Bacteria	Pseudomonadota	Alphaproteobacteria	Rhodospirillales	Azospirillaceae	Nitrospirillum	Nitrospirillum viridazoti
GCF_014205765.1|WP_184803514.1	GCF_014205765.1	Bacteria	Pseudomonadota	Alphaproteobacteria	Rhodospirillales	Azospirillaceae	Nitrospirillum	Nitrospirillum iridis
GCF_001956315.1|WP_420822087.1	GCF_001956315.1	Bacteria	Pseudomonadota	Alphaproteobacteria	Sphingomonadales	Sphingomonadaceae	Sphingomonas	Sphingomonas montana
GCF_014196055.1|WP_246385435.1	GCF_014196055.1	Bacteria	Pseudomonadota	Alphaproteobacteria	Sphingomonadales	Sphingomonadaceae	Novosphingobium	Novosphingobium hassiacum
GCF_003634215.1|WP_121047669.1	GCF_003634215.1	Bacteria	Pseudomonadota	Alphaproteobacteria	Sphingomonadales	Sphingosinicellaceae	Sphingosinicella	Sphingosinicella microcystinivorans
GCF_900168325.1|WP_245828815.1	GCF_900168325.1	Bacteria	Pseudomonadota	Alphaproteobacteria	Sphingomonadales	Sphingomonadaceae	Novosphingobium	Novosphingobium mathurense
GCF_014196745.1|WP_221262741.1	GCF_014196745.1	Bacteria	Pseudomonadota	Alphaproteobacteria	Sphingomonadales	Sphingomonadaceae	Sphingomonas	Sphingomonas kyeonggiensis
GCF_000787715.1|WP_052811529.1	GCF_000787715.1	Bacteria	Pseudomonadota	Alphaproteobacteria	Sphingomonadales	Sphingomonadaceae	Sphingomonas	Sphingomonas parapaucimobilis
GCF_017052455.1|WP_240456294.1	GCF_017052455.1	Bacteria	Pseudomonadota	Alphaproteobacteria	Sphingomonadales	Sphingomonadaceae	Sphingomonas	Sphingomonas yabuuchiae
GCF_000429645.1|WP_210163207.1	GCF_000429645.1	Bacteria	Pseudomonadota	Alphaproteobacteria	Rhodospirillales	Azospirillaceae	Niveispirillum	Niveispirillum irakense
GCF_034659795.1|WP_322963924.1	GCF_034659795.1	Bacteria	Pseudomonadota	Alphaproteobacteria	Sphingomonadales	Sphingomonadaceae	Sphingomonas	Sphingomonas fuzhouensis
GCF_014197135.1|WP_175312394.1	GCF_014197135.1	Bacteria	Pseudomonadota	Alphaproteobacteria	Sphingomonadales	Sphingomonadaceae	Sphingomonas	Sphingomonas zeae
GCF_002091475.1|WP_084582943.1	GCF_002091475.1	Bacteria	Pseudomonadota	Alphaproteobacteria	Sphingomonadales	Sphingomonadaceae	Sphingomonas	Sphingomonas azotifigens
GCF_030580935.1|WP_304537379.1	GCF_030580935.1	Bacteria	Pseudomonadota	Alphaproteobacteria	Sphingomonadales	Sphingobiaceae	Sphingobium	Sphingobium cyanobacteriorum
GCF_036663655.1|WP_443025805.1	GCF_036663655.1	Bacteria	Pseudomonadota	Alphaproteobacteria	Sphingomonadales	Sphingomonadaceae	Sphingomonas	Sphingomonas flavida
GCF_014197105.1|WP_183983216.1	GCF_014197105.1	Bacteria	Pseudomonadota	Alphaproteobacteria	Sphingomonadales	Sphingomonadaceae	Sphingomonas	Sphingomonas jinjuensis
GCF_029167225.1|WP_275489816.1	GCF_029167225.1	Bacteria	Pseudomonadota	Alphaproteobacteria	Sphingomonadales	Sphingobiaceae	Sphingobium	Sphingobium arseniciresistens
GCF_013155425.1|WP_110914046.1	GCF_013155425.1	Bacteria	Pseudomonadota	Alphaproteobacteria	Acetobacterales	Acetobacteraceae	Gluconacetobacter	Gluconacetobacter entanii
GCF_004348195.1|WP_207918674.1	GCF_004348195.1	Bacteria	Pseudomonadota	Alphaproteobacteria	Acetobacterales	Acetobacteraceae	Komagataeibacter	Komagataeibacter saccharivorans
GCF_002173515.1|WP_208620515.1	GCF_002173515.1	Bacteria	Pseudomonadota	Alphaproteobacteria	Acetobacterales	Acetobacteraceae	Komagataeibacter	Komagataeibacter europaeus
GCF_018491655.1|WP_214164480.1	GCF_018491655.1	Bacteria	Pseudomonadota	Alphaproteobacteria	Acetobacterales	Acetobacteraceae	Komagataeibacter	Komagataeibacter oboediens
GCF_949281285.1|WP_199858403.1	GCF_949281285.1	Bacteria	Pseudomonadota	Alphaproteobacteria	Acetobacterales	Acetobacteraceae	Komagataeibacter	Komagataeibacter intermedius
GCF_003207895.1|WP_208624021.1	GCF_003207895.1	Bacteria	Pseudomonadota	Alphaproteobacteria	Acetobacterales	Acetobacteraceae	Komagataeibacter	Komagataeibacter swingsii
GCF_043995075.1|WP_193558369.1	GCF_043995075.1	Bacteria	Pseudomonadota	Alphaproteobacteria	Acetobacterales	Acetobacteraceae	Komagataeibacter	Komagataeibacter diospyri
GCF_000182745.2|WP_193360639.1	GCF_000182745.2	Bacteria	Pseudomonadota	Alphaproteobacteria	Acetobacterales	Acetobacteraceae	Komagataeibacter	Komagataeibacter medellinensis
GCF_011611525.1|WP_172459734.1	GCF_011611525.1	Bacteria	Pseudomonadota	Alphaproteobacteria	Acetobacterales	Acetobacteraceae	Komagataeibacter	Komagataeibacter rhaeticus
GCF_013155395.1|WP_172157485.1	GCF_013155395.1	Bacteria	Pseudomonadota	Alphaproteobacteria	Acetobacterales	Acetobacteraceae	Komagataeibacter	Komagataeibacter melomenusus
GCF_040581405.1|WP_208624639.1	GCF_040581405.1	Bacteria	Pseudomonadota	Alphaproteobacteria	Acetobacterales	Acetobacteraceae	Komagataeibacter	Komagataeibacter sucrofermentans
GCF_004006375.1|WP_242501176.1	GCF_004006375.1	Bacteria	Pseudomonadota	Alphaproteobacteria	Acetobacterales	Acetobacteraceae	Komagataeibacter	Komagataeibacter xylinus
GCF_002009295.1|WP_205836586.1	GCF_002009295.1	Bacteria	Pseudomonadota	Alphaproteobacteria	Acetobacterales	Acetobacteraceae	Komagataeibacter	Komagataeibacter nataicola
GCF_003403295.1|WP_186336161.1	GCF_003403295.1	Bacteria	Pseudomonadota	Alphaproteobacteria	Acetobacterales	Acetobacteraceae	Komagataeibacter	Komagataeibacter melaceti
GCF_017377735.1|WP_078527119.1	GCF_017377735.1	Bacteria	Pseudomonadota	Alphaproteobacteria	Acetobacterales	Acetobacteraceae	Acetobacter	Acetobacter garciniae
GCF_002220195.1|WP_003626794.1	GCF_002220195.1	Bacteria	Pseudomonadota	Alphaproteobacteria	Acetobacterales	Acetobacteraceae	Acetobacter	Acetobacter oryzifermentans
GCF_008365315.1|WP_149279791.1	GCF_008365315.1	Bacteria	Pseudomonadota	Alphaproteobacteria	Acetobacterales	Acetobacteraceae	Acetobacter	Acetobacter vaccinii
GCF_004014775.2|WP_128105392.1	GCF_004014775.2	Bacteria	Pseudomonadota	Alphaproteobacteria	Acetobacterales	Acetobacteraceae	Acetobacter	Acetobacter oryzoeni
GCF_011516945.1|WP_166314494.1	GCF_011516945.1	Bacteria	Pseudomonadota	Alphaproteobacteria	Acetobacterales	Acetobacteraceae	Acetobacter	Acetobacter estunensis
GCF_000685315.1|WP_051612670.1	GCF_000685315.1	Bacteria	Pseudomonadota	Alphaproteobacteria	Hyphomonadales	Hyphomonadaceae	Hyphomonas	Hyphomonas polymorpha
GCF_030160635.1|WP_284257941.1	GCF_030160635.1	Bacteria	Pseudomonadota	Alphaproteobacteria	Acetobacterales	Acidocellaceae	Acidocella	Acidocella aquatica
GCF_014201825.1|WP_183264886.1	GCF_014201825.1	Bacteria	Pseudomonadota	Alphaproteobacteria	Acetobacterales	Acidocellaceae	Acidocella	Acidocella aromatica
GCF_000687875.1|WP_244876907.1	GCF_000687875.1	Bacteria	Pseudomonadota	Alphaproteobacteria	Acetobacterales	Acidocellaceae	Acidocella	Acidocella facilis
GCF_900129125.1|WP_048878670.1	GCF_900129125.1	Bacteria	Pseudomonadota	Alphaproteobacteria	Acetobacterales	Acidocellaceae	Acidocella	Acidocella aminolytica
GCF_005844085.1|WP_138325884.1	GCF_005844085.1	Bacteria	Pseudomonadota	Alphaproteobacteria	Acetobacterales	Acetobacteraceae	Lichenicoccus	Lichenicoccus roseus
GCF_003352165.1|WP_114912391.1	GCF_003352165.1	Bacteria	Pseudomonadota	Alphaproteobacteria	Acetobacterales	Acetobacteraceae	Acidibrevibacterium	Acidibrevibacterium fodinaquatile
GCF_030252425.1|WP_284945256.1	GCF_030252425.1	Bacteria	Pseudomonadota	Alphaproteobacteria	Acetobacterales	Acidocellaceae	Acidisoma	Acidisoma cladoniae
GCF_020618775.1|WP_227321213.1	GCF_020618775.1	Bacteria	Pseudomonadota	Alphaproteobacteria	Acetobacterales	Acidocellaceae	Acidisoma	Acidisoma silvae
GCF_020621385.1|WP_227307429.1	GCF_020621385.1	Bacteria	Pseudomonadota	Alphaproteobacteria	Acetobacterales	Acidocellaceae	Acidisoma	Acidisoma cellulosilyticum
GCF_002937115.1|WP_104521982.1	GCF_002937115.1	Bacteria	Pseudomonadota	Alphaproteobacteria	Acetobacterales	Acetobacteraceae	Rhodopila	Rhodopila globiformis
GCF_000964365.1|WP_084623073.1	GCF_000964365.1	Bacteria	Pseudomonadota	Alphaproteobacteria	Acetobacterales	Acetobacteraceae	Acidisphaera	Acidisphaera rubrifaciens
GCF_025989185.1|WP_264716403.1	GCF_025989185.1	Bacteria	Pseudomonadota	Alphaproteobacteria	Acetobacterales	Acetobacteraceae	Limobrevibacterium	Limobrevibacterium gyesilva
GCF_937425535.1|WP_150044471.1	GCF_937425535.1	Bacteria	Pseudomonadota	Alphaproteobacteria	Acetobacterales	Acetobacteraceae	Rhodovastum	Rhodovastum atsumiense
GCF_004761865.1|WP_135467045.1	GCF_004761865.1	Bacteria	Pseudomonadota	Alphaproteobacteria	Acetobacterales	Roseomonadaceae	Crenalkalicoccus	Crenalkalicoccus roseus
GCF_008360935.1|WP_149538100.1	GCF_008360935.1	Bacteria	Pseudomonadota	Alphaproteobacteria	Acetobacterales	Roseomonadaceae	Siccirubricoccus	Siccirubricoccus phaeus
GCF_024102615.1|WP_252955115.1	GCF_024102615.1	Bacteria	Pseudomonadota	Alphaproteobacteria	Acetobacterales	Roseomonadaceae	Siccirubricoccus	Siccirubricoccus soli
GCF_000745835.1|WP_043342211.1	GCF_000745835.1	Bacteria	Pseudomonadota	Alphaproteobacteria	Acetobacterales	Roseomonadaceae	Belnapia	Belnapia moabensis
GCF_004353985.1|WP_133222901.1	GCF_004353985.1	Bacteria	Pseudomonadota	Alphaproteobacteria	Acetobacterales	Roseomonadaceae	Paracraurococcus	Paracraurococcus ruber
GCF_020523605.1|WP_226612129.1	GCF_020523605.1	Bacteria	Pseudomonadota	Alphaproteobacteria	Acetobacterales	Roseomonadaceae	Roseicella	Roseicella aerolata
GCF_017355885.1|WP_207539369.1	GCF_017355885.1	Bacteria	Pseudomonadota	Alphaproteobacteria	Acetobacterales	Acetobacteraceae	Sabulicella	Sabulicella rubraurantiaca
GCF_000425365.1|WP_037300541.1	GCF_000425365.1	Bacteria	Pseudomonadota	Alphaproteobacteria	Acetobacterales	Roseomonadaceae	Rubritepida	Rubritepida flocculans
GCF_018413645.1|WP_213671372.1	GCF_018413645.1	Bacteria	Pseudomonadota	Alphaproteobacteria	Acetobacterales	Roseomonadaceae	Roseococcus	Roseococcus pinisoli
GCF_033547095.1|WP_318650934.1	GCF_033547095.1	Bacteria	Pseudomonadota	Alphaproteobacteria	Acetobacterales	Roseomonadaceae	Sediminicoccus	Sediminicoccus rosea
GCF_017355405.1|WP_207419680.1	GCF_017355405.1	Bacteria	Pseudomonadota	Alphaproteobacteria	Acetobacterales	Roseomonadaceae	Roseomonas	Roseomonas haemaphysalidis
GCF_014490485.1|WP_187783684.1	GCF_014490485.1	Bacteria	Pseudomonadota	Alphaproteobacteria	Acetobacterales	Roseomonadaceae	Roseomonas	Teichococcus aerophilus
GCF_017654485.1|WP_207450052.1	GCF_017654485.1	Bacteria	Pseudomonadota	Alphaproteobacteria	Acetobacterales	Roseomonadaceae	Roseomonas	Roseomonas marmotae
GCF_003696345.1|WP_120636936.1	GCF_003696345.1	Bacteria	Pseudomonadota	Alphaproteobacteria	Acetobacterales	Roseomonadaceae	Roseomonas	Teichococcus wenyumeiae
GCF_014490445.1|WP_187778096.1	GCF_014490445.1	Bacteria	Pseudomonadota	Alphaproteobacteria	Acetobacterales	Acetobacteraceae	Pseudoroseomonas	Pseudoroseomonas ludipueritiae
GCF_001982615.1|WP_076958372.1	GCF_001982615.1	Bacteria	Pseudomonadota	Alphaproteobacteria	Acetobacterales	Roseomonadaceae	Roseomonas	Teichococcus deserti
GCF_003116135.1|WP_109518543.1	GCF_003116135.1	Bacteria	Pseudomonadota	Alphaproteobacteria	Acetobacterales	Roseomonadaceae	Roseomonas	Teichococcus aestuarii
GCF_000164635.1|WP_007004221.1	GCF_000164635.1	Bacteria	Pseudomonadota	Alphaproteobacteria	Acetobacterales	Roseomonadaceae	Roseomonas	Teichococcus cervicalis
GCF_008386565.1|WP_241665523.1	GCF_008386565.1	Bacteria	Pseudomonadota	Alphaproteobacteria	Acetobacterales	Roseomonadaceae	Roseomonas	Teichococcus oryzae
GCF_003604215.1|WP_120008921.1	GCF_003604215.1	Bacteria	Pseudomonadota	Alphaproteobacteria	Acetobacterales	Roseomonadaceae	Roseomonas	Teichococcus vastitatis
GCF_009829925.1|WP_160934891.1	GCF_009829925.1	Bacteria	Pseudomonadota	Alphaproteobacteria	Acetobacterales	Roseomonadaceae	Roseomonas	Teichococcus coralli
GCF_020991085.1|WP_230452683.1	GCF_020991085.1	Bacteria	Pseudomonadota	Alphaproteobacteria	Acetobacterales	Roseomonadaceae	Roseomonas	Roseomonas cutis
GCF_042433915.1|WP_377046641.1	GCF_042433915.1	Bacteria	Pseudomonadota	Alphaproteobacteria	Acetobacterales	Roseomonadaceae	Roseomonas	Roseomonas elaeocarpi
GCF_001941945.1|WP_075797909.1	GCF_001941945.1	Bacteria	Pseudomonadota	Alphaproteobacteria	Acetobacterales	Roseomonadaceae	Roseomonas	Roseomonas gilardii
GCF_006384915.1|WP_323873651.1	GCF_006384915.1	Bacteria	Pseudomonadota	Alphaproteobacteria	Acetobacterales	Roseomonadaceae	Roseomonas	Roseomonas mucosa
GCF_043951285.1|WP_263969055.1	GCF_043951285.1	Bacteria	Pseudomonadota	Alphaproteobacteria	Acetobacterales	Roseomonadaceae	Roseomonas	Roseomonas xinghualingensis
GCF_049629625.1|WP_424136417.1	GCF_049629625.1	Bacteria	Pseudomonadota	Alphaproteobacteria	Acetobacterales	Roseomonadaceae	Roseomonas	Roseomonas chloroacetimidivorans
GCF_042433125.1|WP_377048127.1	GCF_042433125.1	Bacteria	Pseudomonadota	Alphaproteobacteria	Acetobacterales	Roseomonadaceae	Muricoccus	Muricoccus vinaceus
GCF_014199205.1|WP_312861920.1	GCF_014199205.1	Bacteria	Pseudomonadota	Alphaproteobacteria	Acetobacterales	Roseomonadaceae	Muricoccus	Muricoccus pecuniae
GCF_017813395.1|WP_209378185.1	GCF_017813395.1	Bacteria	Pseudomonadota	Alphaproteobacteria	Acetobacterales	Acetobacteraceae	Pararoseomonas	Pararoseomonas baculiformis
GCF_003253705.1|WP_111399550.1	GCF_003253705.1	Bacteria	Pseudomonadota	Alphaproteobacteria	Acetobacterales	Roseomonadaceae	Humitalea	Humitalea rosea
GCF_016106005.1|WP_198372556.1	GCF_016106005.1	Bacteria	Pseudomonadota	Alphaproteobacteria	Acetobacterales	Roseomonadaceae	Roseomonas	Roseomonas rosulenta
GCF_022846615.1|WP_244459407.1	GCF_022846615.1	Bacteria	Pseudomonadota	Alphaproteobacteria	Acetobacterales	Roseomonadaceae	Roseomonas	Roseomonas fluvialis
GCF_018129025.1|WP_211867641.1	GCF_018129025.1	Bacteria	Pseudomonadota	Alphaproteobacteria	Acetobacterales	Acetobacteraceae	Neoroseomonas	Neoroseomonas terrae
GCF_018129005.1|WP_211844551.1	GCF_018129005.1	Bacteria	Pseudomonadota	Alphaproteobacteria	Acetobacterales	Acetobacteraceae	Neoroseomonas	Neoroseomonas eburnea
GCF_018129065.1|WP_211860202.1	GCF_018129065.1	Bacteria	Pseudomonadota	Alphaproteobacteria	Acetobacterales	Acetobacteraceae	Neoroseomonas	Neoroseomonas soli
GCF_012927745.1|WP_170056186.1	GCF_012927745.1	Bacteria	Pseudomonadota	Alphaproteobacteria	Acetobacterales	Acetobacteraceae	Neoroseomonas	Neoroseomonas marina
GCF_016106015.1|WP_198377319.1	GCF_016106015.1	Bacteria	Pseudomonadota	Alphaproteobacteria	Acetobacterales	Acetobacteraceae	Neoroseomonas	Neoroseomonas rubea
GCF_017813355.1|WP_209350652.1	GCF_017813355.1	Bacteria	Pseudomonadota	Alphaproteobacteria	Acetobacterales	Roseomonadaceae	Roseomonas	Roseomonas nitratireducens
GCF_016805305.1|WP_203076050.1	GCF_016805305.1	Bacteria	Pseudomonadota	Alphaproteobacteria	Acetobacterales	Roseomonadaceae	Falsiroseomonas	Falsiroseomonas ponticola
GCF_003173615.1|WP_109873081.1	GCF_003173615.1	Bacteria	Pseudomonadota	Alphaproteobacteria	Acetobacterales	Roseomonadaceae	Falsiroseomonas	Falsiroseomonas bella
GCF_027856955.1|WP_270938410.1	GCF_027856955.1	Bacteria	Pseudomonadota	Alphaproteobacteria	Acetobacterales	Roseomonadaceae	Falsiroseomonas	Falsiroseomonas oryzae
GCF_037688875.1|WP_423235425.1	GCF_037688875.1	Bacteria	Pseudomonadota	Betaproteobacteria	Burkholderiales	Sphaerotilaceae	Amphibiibacter	Amphibiibacter pelophylacis
GCF_009800965.1|WP_159685948.1	GCF_009800965.1	Bacteria	Pseudomonadota	Betaproteobacteria	Rhodocyclales	Zoogloeaceae	Cognatazoarcus	Cognatazoarcus halotolerans
GCF_010983895.1|WP_173767687.1	GCF_010983895.1	Bacteria	Pseudomonadota	Betaproteobacteria	Rhodocyclales	Zoogloeaceae	Nitrogeniibacter	Nitrogeniibacter mangrovi
GCF_004011805.1|WP_205854761.1	GCF_004011805.1	Bacteria	Pseudomonadota	Betaproteobacteria	Burkholderiales	Sphaerotilaceae	Piscinibacter	Piscinibacter defluvii
GCF_006386545.1|WP_140633648.1	GCF_006386545.1	Bacteria	Pseudomonadota	Betaproteobacteria	Burkholderiales	Sphaerotilaceae	Methylibium	Methylibium rhizosphaerae
GCF_023573145.1|WP_250196398.1	GCF_023573145.1	Bacteria	Pseudomonadota	Betaproteobacteria	Burkholderiales	Sphaerotilaceae	Aquincola	Aquincola tertiaricarbonis
GCF_001592265.1|WP_066708025.1	GCF_001592265.1	Bacteria	Pseudomonadota	Betaproteobacteria	Burkholderiales	Comamonadaceae	Curvibacter	Curvibacter delicatus
GCF_003843835.1|WP_124220602.1	GCF_003843835.1	Bacteria	Pseudomonadota	Betaproteobacteria	Burkholderiales	Comamonadaceae	Tibeticola	Tibeticola sediminis
GCF_050821495.1|WP_231698257.1	GCF_050821495.1	Bacteria	Pseudomonadota	Betaproteobacteria	Burkholderiales	Comamonadaceae	Ottowia	Ottowia caeni
GCF_042682405.1|WP_377484118.1	GCF_042682405.1	Bacteria	Pseudomonadota	Betaproteobacteria	Burkholderiales	Comamonadaceae	Ottowia	Ottowia pentelensis
GCF_003008535.1|WP_245896348.1	GCF_003008535.1	Bacteria	Pseudomonadota	Betaproteobacteria	Burkholderiales	Comamonadaceae	Ottowia	Ottowia oryzae
GCF_042680565.1|WP_147912784.1	GCF_042680565.1	Bacteria	Pseudomonadota	Betaproteobacteria	Burkholderiales	Comamonadaceae	Ottowia	Ottowia flava
GCF_042680925.1|WP_377560409.1	GCF_042680925.1	Bacteria	Pseudomonadota	Betaproteobacteria	Burkholderiales	Comamonadaceae	Ottowia	Ottowia beijingensis
GCF_000381265.1|WP_019576447.1	GCF_000381265.1	Bacteria	Pseudomonadota	Betaproteobacteria	Burkholderiales	Comamonadaceae	Curvibacter	Curvibacter lanceolatus
GCF_000518645.1|WP_043330845.1	GCF_000518645.1	Bacteria	Pseudomonadota	Betaproteobacteria	Burkholderiales	Comamonadaceae	Curvibacter	Curvibacter gracilis
GCF_028649455.1|WP_273924945.1	GCF_028649455.1	Bacteria	Pseudomonadota	Betaproteobacteria	Burkholderiales	Comamonadaceae	Curvibacter	Curvibacter microcysteis
GCF_028649475.1|WP_273951426.1	GCF_028649475.1	Bacteria	Pseudomonadota	Betaproteobacteria	Burkholderiales	Comamonadaceae	Curvibacter	Curvibacter cyanobacteriorum
GCF_042665135.1|WP_382256598.1	GCF_042665135.1	Bacteria	Pseudomonadota	Betaproteobacteria	Burkholderiales	Comamonadaceae	Hydrogenophaga	Hydrogenophaga bisanensis
GCF_001447195.1|WP_058088367.1	GCF_001447195.1	Bacteria	Pseudomonadota	Betaproteobacteria	Burkholderiales		Aquabacterium	Aquabacterium parvum
GCF_013387465.1|WP_246309114.1	GCF_013387465.1	Bacteria	Pseudomonadota	Betaproteobacteria	Burkholderiales	Comamonadaceae	Hydrogenophaga	Hydrogenophaga aromaticivorans
GCF_011388215.1|WP_166230284.1	GCF_011388215.1	Bacteria	Pseudomonadota	Betaproteobacteria	Burkholderiales	Comamonadaceae	Hydrogenophaga	Hydrogenophaga crocea
GCF_001571205.1|WP_009520025.1	GCF_001571205.1	Bacteria	Pseudomonadota	Betaproteobacteria	Burkholderiales	Comamonadaceae	Hydrogenophaga	Hydrogenophaga intermedia
GCF_003417535.1|WP_116958430.1	GCF_003417535.1	Bacteria	Pseudomonadota	Betaproteobacteria	Burkholderiales	Comamonadaceae	Hydrogenophaga	Hydrogenophaga borbori
GCF_042648585.1|WP_382179425.1	GCF_042648585.1	Bacteria	Pseudomonadota	Betaproteobacteria	Burkholderiales	Comamonadaceae	Hydrogenophaga	Hydrogenophaga luteola
GCF_001571145.1|WP_066261127.1	GCF_001571145.1	Bacteria	Pseudomonadota	Betaproteobacteria	Burkholderiales	Comamonadaceae	Hydrogenophaga	Hydrogenophaga flava
GCF_004353865.1|WP_133157650.1	GCF_004353865.1	Bacteria	Pseudomonadota	Betaproteobacteria	Burkholderiales	Comamonadaceae	Hydrogenophaga	Hydrogenophaga pseudoflava
GCF_001592305.1|WP_068173873.1	GCF_001592305.1	Bacteria	Pseudomonadota	Betaproteobacteria	Burkholderiales	Comamonadaceae	Hydrogenophaga	Hydrogenophaga taeniospiralis
GCF_042665215.1|WP_382223857.1	GCF_042665215.1	Bacteria	Pseudomonadota	Betaproteobacteria	Burkholderiales	Comamonadaceae	Hydrogenophaga	Hydrogenophaga atypica
GCF_042665235.1|WP_382201020.1	GCF_042665235.1	Bacteria	Pseudomonadota	Betaproteobacteria	Burkholderiales	Comamonadaceae	Hydrogenophaga	Hydrogenophaga defluvii
GCF_001955715.1|WP_029707061.1	GCF_001955715.1	Bacteria	Pseudomonadota	Betaproteobacteria	Burkholderiales	Comamonadaceae	Rhodoferax	Rhodoferax saidenbachensis
GCF_002017865.1|WP_078365309.1	GCF_002017865.1	Bacteria	Pseudomonadota	Betaproteobacteria	Burkholderiales	Comamonadaceae	Rhodoferax	Rhodoferax fermentans
GCF_019973615.1|WP_223905045.1	GCF_019973615.1	Bacteria	Pseudomonadota	Betaproteobacteria	Burkholderiales	Comamonadaceae	Rhodoferax	Rhodoferax lithotrophicus
GCF_006974105.1|WP_425353587.1	GCF_006974105.1	Bacteria	Pseudomonadota	Betaproteobacteria	Burkholderiales	Comamonadaceae	Rhodoferax	Rhodoferax aquaticus
GCF_032191775.1|WP_313867572.1	GCF_032191775.1	Bacteria	Pseudomonadota	Betaproteobacteria	Burkholderiales	Comamonadaceae	Rhodoferax	Rhodoferax mekongensis
GCF_032193765.1|WP_313879679.1	GCF_032193765.1	Bacteria	Pseudomonadota	Betaproteobacteria	Burkholderiales	Comamonadaceae	Rhodoferax	Rhodoferax potami
GCF_005876985.1|WP_138514417.1	GCF_005876985.1	Bacteria	Pseudomonadota	Betaproteobacteria	Burkholderiales	Comamonadaceae	Rhodoferax	Rhodoferax bucti
GCF_003415675.1|WP_117175190.1	GCF_003415675.1	Bacteria	Pseudomonadota	Betaproteobacteria	Burkholderiales	Comamonadaceae	Rhodoferax	Rhodoferax lacus
GCF_006970865.1|WP_142817511.1	GCF_006970865.1	Bacteria	Pseudomonadota	Betaproteobacteria	Burkholderiales	Comamonadaceae	Rhodoferax	Rhodoferax sediminis
GCF_014641715.1|WP_188707512.1	GCF_014641715.1	Bacteria	Pseudomonadota	Betaproteobacteria	Burkholderiales	Comamonadaceae	Polaromonas	Polaromonas eurypsychrophila
GCF_042659145.1|WP_371434835.1	GCF_042659145.1	Bacteria	Pseudomonadota	Betaproteobacteria	Burkholderiales	Comamonadaceae	Polaromonas	Polaromonas aquatica
GCF_001598235.1|WP_068833364.1	GCF_001598235.1	Bacteria	Pseudomonadota	Betaproteobacteria	Burkholderiales	Comamonadaceae	Polaromonas	Polaromonas jejuensis
GCF_000709345.1|WP_029526018.1	GCF_000709345.1	Bacteria	Pseudomonadota	Betaproteobacteria	Burkholderiales	Comamonadaceae	Polaromonas	Polaromonas glacialis
GCF_040105105.1|WP_349278549.1	GCF_040105105.1	Bacteria	Pseudomonadota	Betaproteobacteria	Burkholderiales	Comamonadaceae	Polaromonas	Polaromonas hydrogenivorans
GCF_022809125.1|WP_243307913.1	GCF_022809125.1	Bacteria	Pseudomonadota	Betaproteobacteria	Burkholderiales	Comamonadaceae	Variovorax	Variovorax terrae
GCF_012584515.1|WP_168923124.1	GCF_012584515.1	Bacteria	Pseudomonadota	Betaproteobacteria	Burkholderiales	Comamonadaceae	Polaromonas	Polaromonas vacuolata
GCF_042655405.1|WP_376848228.1	GCF_042655405.1	Bacteria	Pseudomonadota	Betaproteobacteria	Burkholderiales	Comamonadaceae	Caenimonas	Caenimonas terrae
GCF_013155545.1|WP_172223439.1	GCF_013155545.1	Bacteria	Pseudomonadota	Betaproteobacteria	Burkholderiales	Comamonadaceae	Caenimonas	Caenimonas soli
GCF_015831345.1|WP_196987190.1	GCF_015831345.1	Bacteria	Pseudomonadota	Betaproteobacteria	Burkholderiales	Comamonadaceae	Caenimonas	Caenimonas aquaedulcis
GCF_004681975.1|WP_135249193.1	GCF_004681975.1	Bacteria	Pseudomonadota	Betaproteobacteria	Burkholderiales	Comamonadaceae	Ramlibacter	Ramlibacter humi
GCF_009758015.1|WP_157398202.1	GCF_009758015.1	Bacteria	Pseudomonadota	Betaproteobacteria	Burkholderiales	Comamonadaceae	Ramlibacter	Ramlibacter pinisoli
GCF_015159745.1|WP_193780424.1	GCF_015159745.1	Bacteria	Pseudomonadota	Betaproteobacteria	Burkholderiales	Comamonadaceae	Ramlibacter	Ramlibacter aquaticus
GCF_003337555.1|WP_114467805.1	GCF_003337555.1	Bacteria	Pseudomonadota	Betaproteobacteria	Burkholderiales	Comamonadaceae	Pseudorhodoferax	Pseudorhodoferax soli
GCF_000745855.1|WP_038208529.1	GCF_000745855.1	Bacteria	Pseudomonadota	Betaproteobacteria	Burkholderiales	Comamonadaceae	Xenophilus	Xenophilus azovorans
GCF_039541515.1|WP_345535366.1	GCF_039541515.1	Bacteria	Pseudomonadota	Betaproteobacteria	Burkholderiales	Comamonadaceae	Variovorax	Variovorax defluvii
GCF_030160815.1|WP_284308612.1	GCF_030160815.1	Bacteria	Pseudomonadota	Betaproteobacteria	Burkholderiales	Comamonadaceae	Hydrogenophaga	Hydrogenophaga electricum
GCF_028023875.1|WP_271428022.1	GCF_028023875.1	Bacteria	Pseudomonadota	Betaproteobacteria	Burkholderiales	Comamonadaceae	Xenophilus	Xenophilus arseniciresistens
GCF_001571225.1|WP_066272488.1	GCF_001571225.1	Bacteria	Pseudomonadota	Betaproteobacteria	Burkholderiales	Comamonadaceae	Hydrogenophaga	Hydrogenophaga palleronii
GCF_031457235.1|WP_204733378.1	GCF_031457235.1	Bacteria	Pseudomonadota	Betaproteobacteria	Burkholderiales	Comamonadaceae	Hydrogenophaga	Hydrogenophaga laconesensis
GCF_900116825.1|WP_054256481.1	GCF_900116825.1	Bacteria	Pseudomonadota	Betaproteobacteria	Burkholderiales	Comamonadaceae	Paenacidovorax	Paenacidovorax caeni
GCF_000484635.1|WP_024539355.1	GCF_000484635.1	Bacteria	Pseudomonadota	Betaproteobacteria	Burkholderiales	Comamonadaceae	Comamonas	Comamonas badia
GCF_014395975.1|WP_246475104.1	GCF_014395975.1	Bacteria	Pseudomonadota	Betaproteobacteria	Burkholderiales	Comamonadaceae	Diaphorobacter	Diaphorobacter ruginosibacter
GCF_014489535.1|WP_187723669.1	GCF_014489535.1	Bacteria	Pseudomonadota	Betaproteobacteria	Burkholderiales	Comamonadaceae	Diaphorobacter	Diaphorobacter aerolatus
GCF_015354245.1|WP_194769560.1	GCF_015354245.1	Bacteria	Pseudomonadota	Betaproteobacteria	Burkholderiales	Comamonadaceae	Diaphorobacter	Diaphorobacter caeni
GCF_014109725.1|WP_182327150.1	GCF_014109725.1	Bacteria	Pseudomonadota	Betaproteobacteria	Burkholderiales	Comamonadaceae	Comamonas	Comamonas piscis
GCF_025309455.1|WP_260718989.1	GCF_025309455.1	Bacteria	Pseudomonadota	Betaproteobacteria	Burkholderiales	Comamonadaceae	Comamonas	Comamonas squillarum
GCF_021026195.1|WP_230775138.1	GCF_021026195.1	Bacteria	Pseudomonadota	Betaproteobacteria	Burkholderiales	Comamonadaceae	Comamonas	Comamonas koreensis
GCF_041107495.1|WP_369460800.1	GCF_041107495.1	Bacteria	Pseudomonadota	Betaproteobacteria	Burkholderiales	Comamonadaceae	Comamonas	Comamonas sediminis
GCF_001544075.1|WP_066472630.1	GCF_001544075.1	Bacteria	Pseudomonadota	Betaproteobacteria	Burkholderiales	Comamonadaceae	Comamonas	Comamonas terrae
GCF_030064165.1|WP_283487657.1	GCF_030064165.1	Bacteria	Pseudomonadota	Betaproteobacteria	Burkholderiales	Comamonadaceae	Comamonas	Comamonas resistens
GCF_041079535.1|WP_369336524.1	GCF_041079535.1	Bacteria	Pseudomonadota	Betaproteobacteria	Burkholderiales	Comamonadaceae	Comamonas	Comamonas guangdongensis
GCF_965139575.1|WP_415794803.1	GCF_965139575.1	Bacteria	Pseudomonadota	Betaproteobacteria	Burkholderiales	Comamonadaceae	Comamonas	Comamonas aquatilis
GCF_020886175.1|WP_229228184.1	GCF_020886175.1	Bacteria	Pseudomonadota	Betaproteobacteria	Burkholderiales	Comamonadaceae	Comamonas	Comamonas thiooxydans
GCF_018292285.1|WP_211457571.1	GCF_018292285.1	Bacteria	Pseudomonadota	Betaproteobacteria	Burkholderiales	Comamonadaceae	Comamonas	Comamonas brasiliensis
GCF_016599875.1|WP_034348992.1	GCF_016599875.1	Bacteria	Pseudomonadota	Betaproteobacteria	Burkholderiales	Comamonadaceae	Comamonas	Comamonas testosteroni
GCF_030316825.1|WP_286623086.1	GCF_030316825.1	Bacteria	Pseudomonadota	Betaproteobacteria	Burkholderiales	Comamonadaceae	Variovorax	Variovorax fucosicus
GCF_037889915.1|WP_340361666.1	GCF_037889915.1	Bacteria	Pseudomonadota	Betaproteobacteria	Burkholderiales	Comamonadaceae	Variovorax	Variovorax humicola
GCF_037889955.1|WP_340334544.1	GCF_037889955.1	Bacteria	Pseudomonadota	Betaproteobacteria	Burkholderiales	Comamonadaceae	Variovorax	Variovorax robiniae
GCF_037889975.1|WP_422823442.1	GCF_037889975.1	Bacteria	Pseudomonadota	Betaproteobacteria	Burkholderiales	Comamonadaceae	Variovorax	Variovorax rhizosphaerae
GCF_030317105.1|WP_444815025.1	GCF_030317105.1	Bacteria	Pseudomonadota	Betaproteobacteria	Burkholderiales	Comamonadaceae	Variovorax	Variovorax brevis
GCF_030317145.1|WP_286665554.1	GCF_030317145.1	Bacteria	Pseudomonadota	Betaproteobacteria	Burkholderiales	Comamonadaceae	Variovorax	Variovorax flavidus
GCF_014195185.1|WP_184604571.1	GCF_014195185.1	Bacteria	Pseudomonadota	Betaproteobacteria	Burkholderiales	Comamonadaceae	Variovorax	Variovorax atrisoli
GCF_003951285.1|WP_124960932.1	GCF_003951285.1	Bacteria	Pseudomonadota	Betaproteobacteria	Burkholderiales	Comamonadaceae	Variovorax	Variovorax beijingensis
GCF_048305125.1|WP_028254140.1	GCF_048305125.1	Bacteria	Pseudomonadota	Betaproteobacteria	Burkholderiales	Comamonadaceae	Variovorax	Variovorax paradoxus
GCF_003581445.1|WP_119554773.1	GCF_003581445.1	Bacteria	Pseudomonadota	Betaproteobacteria	Burkholderiales	Comamonadaceae	Acidovorax	Acidovorax cavernicola
GCF_009811375.1|WP_159278491.1	GCF_009811375.1	Bacteria	Pseudomonadota	Betaproteobacteria	Burkholderiales	Comamonadaceae	Variovorax	Variovorax boronicumulans
GCF_003952165.1|WP_126025659.1	GCF_003952165.1	Bacteria	Pseudomonadota	Betaproteobacteria	Burkholderiales	Comamonadaceae	Variovorax	Variovorax guangxiensis
GCF_003965815.1|WP_126469796.1	GCF_003965815.1	Bacteria	Pseudomonadota	Betaproteobacteria	Burkholderiales	Comamonadaceae	Variovorax	Variovorax gossypii
GCF_030316895.1|WP_286660406.1	GCF_030316895.1	Bacteria	Pseudomonadota	Betaproteobacteria	Burkholderiales	Comamonadaceae	Variovorax	Variovorax dokdonensis
GCF_042657085.1|WP_153305283.1	GCF_042657085.1	Bacteria	Pseudomonadota	Betaproteobacteria	Burkholderiales	Comamonadaceae	Variovorax	Variovorax soli
GCF_030317185.1|WP_286648336.1	GCF_030317185.1	Bacteria	Pseudomonadota	Betaproteobacteria	Burkholderiales	Comamonadaceae	Variovorax	Variovorax arabinosiphilus
GCF_030317115.1|WP_286568193.1	GCF_030317115.1	Bacteria	Pseudomonadota	Betaproteobacteria	Burkholderiales	Comamonadaceae	Variovorax	Variovorax gracilis
GCF_037889935.1|WP_340359153.1	GCF_037889935.1	Bacteria	Pseudomonadota	Betaproteobacteria	Burkholderiales	Comamonadaceae	Variovorax	Variovorax ureilyticus
GCF_030316885.1|WP_286606629.1	GCF_030316885.1	Bacteria	Pseudomonadota	Betaproteobacteria	Burkholderiales	Comamonadaceae	Variovorax	Variovorax jilinensis
GCF_030316765.1|WP_286369003.1	GCF_030316765.1	Bacteria	Pseudomonadota	Betaproteobacteria	Burkholderiales	Comamonadaceae	Variovorax	Variovorax saccharolyticus
GCF_030316845.1|WP_286504745.1	GCF_030316845.1	Bacteria	Pseudomonadota	Betaproteobacteria	Burkholderiales	Comamonadaceae	Variovorax	Variovorax davisae
GCF_030486595.1|WP_301802965.1	GCF_030486595.1	Bacteria	Pseudomonadota	Betaproteobacteria	Burkholderiales	Comamonadaceae	Variovorax	Variovorax ginsengisoli
GCF_003063475.1|WP_108359828.1	GCF_003063475.1	Bacteria	Pseudomonadota	Betaproteobacteria	Burkholderiales	Comamonadaceae	Limnohabitans	Limnohabitans curvus
GCF_900110225.1|WP_091814068.1	GCF_900110225.1	Bacteria	Pseudomonadota	Betaproteobacteria	Burkholderiales	Comamonadaceae	Brachymonas	Brachymonas denitrificans
GCF_000374625.1|WP_018715253.1	GCF_000374625.1	Bacteria	Pseudomonadota	Betaproteobacteria	Burkholderiales	Comamonadaceae	Brachymonas	Brachymonas chironomi
GCF_045055315.1|WP_337690474.1	GCF_045055315.1	Bacteria	Pseudomonadota	Betaproteobacteria	Burkholderiales	Comamonadaceae	Brachymonas	Brachymonas wangyanguii
GCF_000477435.1|WP_022774027.1	GCF_000477435.1	Bacteria	Pseudomonadota	Betaproteobacteria	Burkholderiales	Comamonadaceae	Candidatus Symbiobacter	Candidatus Symbiobacter mobilis
GCF_900606115.1|WP_124077296.1	GCF_900606115.1	Bacteria	Pseudomonadota	Betaproteobacteria	Burkholderiales	Alcaligenaceae	Pigmentiphaga	Pigmentiphaga humi
GCF_004216695.1|WP_242621417.1	GCF_004216695.1	Bacteria	Pseudomonadota	Betaproteobacteria	Burkholderiales	Alcaligenaceae	Pigmentiphaga	Pigmentiphaga kullae
GCF_039523035.1|WP_343927521.1	GCF_039523035.1	Bacteria	Pseudomonadota	Betaproteobacteria	Burkholderiales	Alcaligenaceae	Pigmentiphaga	Pigmentiphaga daeguensis
GCF_001587155.1|WP_014617976.1	GCF_001587155.1	Bacteria	Pseudomonadota	Betaproteobacteria	Burkholderiales	Burkholderiaceae	Ralstonia	Ralstonia solanacearum
GCF_037101365.1|WP_118883825.1	GCF_037101365.1	Bacteria	Pseudomonadota	Betaproteobacteria	Burkholderiales	Burkholderiaceae	Ralstonia	Ralstonia syzygii
GCF_018243235.1|WP_011000417.1	GCF_018243235.1	Bacteria	Pseudomonadota	Betaproteobacteria	Burkholderiales	Burkholderiaceae	Ralstonia	Ralstonia nicotianae
GCF_024925465.1|WP_197365987.1	GCF_024925465.1	Bacteria	Pseudomonadota	Betaproteobacteria	Burkholderiales	Burkholderiaceae	Ralstonia	Ralstonia pseudosolanacearum
GCF_958405655.1|WP_316658824.1	GCF_958405655.1	Bacteria	Pseudomonadota	Betaproteobacteria	Burkholderiales	Burkholderiaceae	Ralstonia	Ralstonia condita
GCF_023955655.1|WP_252676630.1	GCF_023955655.1	Bacteria	Pseudomonadota	Betaproteobacteria	Burkholderiales	Burkholderiaceae	Ralstonia	Ralstonia soli
GCF_001663855.1|WP_064801603.1	GCF_001663855.1	Bacteria	Pseudomonadota	Betaproteobacteria	Burkholderiales	Burkholderiaceae	Ralstonia	Ralstonia insidiosa
GCF_958415495.1|WP_199026717.1	GCF_958415495.1	Bacteria	Pseudomonadota	Betaproteobacteria	Burkholderiales	Burkholderiaceae	Ralstonia	Ralstonia flaminis
GCF_024158925.1|WP_045203785.1	GCF_024158925.1	Bacteria	Pseudomonadota	Betaproteobacteria	Burkholderiales	Burkholderiaceae	Ralstonia	Ralstonia chuxiongensis
GCF_958350185.1|WP_316900210.1	GCF_958350185.1	Bacteria	Pseudomonadota	Betaproteobacteria	Burkholderiales	Burkholderiaceae	Ralstonia	Ralstonia edaphi
GCF_958437745.1|WP_206272895.1	GCF_958437745.1	Bacteria	Pseudomonadota	Betaproteobacteria	Burkholderiales	Burkholderiaceae	Ralstonia	Ralstonia flatus
GCF_000954135.1|WP_045785781.1	GCF_000954135.1	Bacteria	Pseudomonadota	Betaproteobacteria	Burkholderiales	Burkholderiaceae	Ralstonia	Ralstonia mannitolilytica
GCF_021173085.2|WP_232041926.1	GCF_021173085.2	Bacteria	Pseudomonadota	Betaproteobacteria	Burkholderiales	Burkholderiaceae	Ralstonia	Ralstonia wenshanensis
GCF_023955645.1|WP_252691774.1	GCF_023955645.1	Bacteria	Pseudomonadota	Betaproteobacteria	Burkholderiales	Burkholderiaceae	Ralstonia	Ralstonia mojiangensis
GCF_958347595.1|WP_024976668.1	GCF_958347595.1	Bacteria	Pseudomonadota	Betaproteobacteria	Burkholderiales	Burkholderiaceae	Ralstonia	Ralstonia holmesii
GCF_902374465.1|WP_009239139.1	GCF_902374465.1	Bacteria	Pseudomonadota	Betaproteobacteria	Burkholderiales	Burkholderiaceae	Ralstonia	Ralstonia pickettii
GCF_958348425.1|WP_009239139.1	GCF_958348425.1	Bacteria	Pseudomonadota	Betaproteobacteria	Burkholderiales	Burkholderiaceae	Ralstonia	Ralstonia thomasii
GCF_964332355.1|WP_428852285.1	GCF_964332355.1	Bacteria	Pseudomonadota	Betaproteobacteria	Burkholderiales	Burkholderiaceae	Imbroritus	Imbroritus primus
GCF_013347325.1|WP_174781192.1	GCF_013347325.1	Bacteria	Pseudomonadota	Betaproteobacteria	Burkholderiales	Burkholderiaceae	Cupriavidus	Cupriavidus gilardii
GCF_026210475.1|WP_265633235.1	GCF_026210475.1	Bacteria	Pseudomonadota	Betaproteobacteria	Burkholderiales	Burkholderiaceae	Cupriavidus	Cupriavidus cauae
GCF_042653815.1|WP_223985985.1	GCF_042653815.1	Bacteria	Pseudomonadota	Betaproteobacteria	Burkholderiales	Burkholderiaceae	Cupriavidus	Cupriavidus pampae
GCF_905397285.1|WP_109582114.1	GCF_905397285.1	Bacteria	Pseudomonadota	Betaproteobacteria	Burkholderiales	Burkholderiaceae	Cupriavidus	Cupriavidus plantarum
GCF_042653745.1|WP_144203169.1	GCF_042653745.1	Bacteria	Pseudomonadota	Betaproteobacteria	Burkholderiales	Burkholderiaceae	Cupriavidus	Cupriavidus campinensis
GCF_004217045.1|WP_130391102.1	GCF_004217045.1	Bacteria	Pseudomonadota	Betaproteobacteria	Burkholderiales	Burkholderiaceae	Cupriavidus	Cupriavidus agavae
GCF_019931045.1|WP_150980119.1	GCF_019931045.1	Bacteria	Pseudomonadota	Betaproteobacteria	Burkholderiales	Burkholderiaceae	Cupriavidus	Cupriavidus pauculus
GCF_900185755.1|WP_008644384.1	GCF_900185755.1	Bacteria	Pseudomonadota	Betaproteobacteria	Burkholderiales	Burkholderiaceae	Cupriavidus	Cupriavidus metallidurans
GCF_914271545.1|WP_224042217.1	GCF_914271545.1	Bacteria	Pseudomonadota	Betaproteobacteria	Burkholderiales	Burkholderiaceae	Cupriavidus	Cupriavidus respiraculi
GCF_905397435.1|WP_211953942.1	GCF_905397435.1	Bacteria	Pseudomonadota	Betaproteobacteria	Burkholderiales	Burkholderiaceae	Cupriavidus	Cupriavidus numazuensis
GCF_914271435.1|WP_224082429.1	GCF_914271435.1	Bacteria	Pseudomonadota	Betaproteobacteria	Burkholderiales	Burkholderiaceae	Cupriavidus	Cupriavidus laharis
GCF_017814975.1|WP_209756537.1	GCF_017814975.1	Bacteria	Pseudomonadota	Betaproteobacteria	Burkholderiales	Burkholderiaceae	Cupriavidus	Cupriavidus consociatus
GCF_003254285.1|WP_111518317.1	GCF_003254285.1	Bacteria	Pseudomonadota	Betaproteobacteria	Burkholderiales	Burkholderiaceae	Cupriavidus	Cupriavidus phytorum
GCF_900250125.1|WP_018008760.1	GCF_900250125.1	Bacteria	Pseudomonadota	Betaproteobacteria	Burkholderiales	Burkholderiaceae	Cupriavidus	Cupriavidus neocaledonicus
GCF_001854325.1|WP_071010967.1	GCF_001854325.1	Bacteria	Pseudomonadota	Betaproteobacteria	Burkholderiales	Burkholderiaceae	Cupriavidus	Cupriavidus malaysiensis
GCF_008801925.2|WP_150987854.1	GCF_008801925.2	Bacteria	Pseudomonadota	Betaproteobacteria	Burkholderiales	Burkholderiaceae	Cupriavidus	Cupriavidus basilensis
GCF_020149575.1|WP_224431238.1	GCF_020149575.1	Bacteria	Pseudomonadota	Gammaproteobacteria	Aeromonadales	Aeromonadaceae	Aeromonas	Aeromonas rivuli
GCF_016026395.1|WP_024523738.1	GCF_016026395.1	Bacteria	Pseudomonadota	Gammaproteobacteria	Enterobacterales	Hafniaceae	Edwardsiella	Edwardsiella hoshinae
GCF_019933175.1|WP_005293211.1	GCF_019933175.1	Bacteria	Pseudomonadota	Gammaproteobacteria	Enterobacterales	Hafniaceae	Edwardsiella	Edwardsiella tarda
GCF_021733145.1|WP_012848330.1	GCF_021733145.1	Bacteria	Pseudomonadota	Gammaproteobacteria	Enterobacterales	Hafniaceae	Edwardsiella	Edwardsiella piscicida
GCF_003074995.2|WP_015870975.1	GCF_003074995.2	Bacteria	Pseudomonadota	Gammaproteobacteria	Enterobacterales	Hafniaceae	Edwardsiella	Edwardsiella ictaluri
GCF_000264765.2|WP_034165219.1	GCF_000264765.2	Bacteria	Pseudomonadota	Gammaproteobacteria	Enterobacterales	Hafniaceae	Edwardsiella	Edwardsiella anguillarum
GCF_003363015.1|WP_115457048.1	GCF_003363015.1	Bacteria	Pseudomonadota	Gammaproteobacteria	Enterobacterales	Hafniaceae	Enterobacillus	Enterobacillus tribolii
GCF_020150375.1|WP_008813748.1	GCF_020150375.1	Bacteria	Pseudomonadota	Gammaproteobacteria	Enterobacterales	Hafniaceae	Hafnia	Hafnia paralvei
GCF_000980985.1|WP_046457693.1	GCF_000980985.1	Bacteria	Pseudomonadota	Gammaproteobacteria	Enterobacterales	Hafniaceae	Obesumbacterium	Obesumbacterium proteus
GCF_011617105.1|WP_043493051.1	GCF_011617105.1	Bacteria	Pseudomonadota	Gammaproteobacteria	Enterobacterales	Hafniaceae	Hafnia	Hafnia alvei
GCF_003332275.1|WP_114194555.1	GCF_003332275.1	Bacteria	Pseudomonadota	Gammaproteobacteria	Enterobacterales	Enterobacteriaceae	Edaphovirga	Edaphovirga cremea
GCF_002858715.1|WP_101825980.1	GCF_002858715.1	Bacteria	Pseudomonadota	Gammaproteobacteria	Enterobacterales	Yersiniaceae	Chimaeribacter	Chimaeribacter coloradensis
GCF_002858675.1|WP_101818301.1	GCF_002858675.1	Bacteria	Pseudomonadota	Gammaproteobacteria	Enterobacterales	Yersiniaceae	Chimaeribacter	Chimaeribacter californicus
GCF_002858805.1|WP_101828984.1	GCF_002858805.1	Bacteria	Pseudomonadota	Gammaproteobacteria	Enterobacterales	Yersiniaceae	Chimaeribacter	Chimaeribacter arupi
GCF_018257325.1|WP_101828984.1	GCF_018257325.1	Bacteria	Pseudomonadota	Gammaproteobacteria	Enterobacterales	Yersiniaceae	Nissabacter	Nissabacter archeti
GCF_004346745.1|WP_132922655.1	GCF_004346745.1	Bacteria	Pseudomonadota	Gammaproteobacteria	Enterobacterales	Bruguierivoracaceae	Sodalis	Sodalis ligni
GCF_039646275.1|WP_345995352.1	GCF_039646275.1	Bacteria	Pseudomonadota	Gammaproteobacteria	Enterobacterales	Bruguierivoracaceae	Sodalis	Sodalis praecaptivus
GCF_012933545.1|WP_169401070.1	GCF_012933545.1	Bacteria	Pseudomonadota	Gammaproteobacteria	Enterobacterales	Yersiniaceae	Rouxiella	Rouxiella aceris
GCF_000951135.1|WP_045049504.1	GCF_000951135.1	Bacteria	Pseudomonadota	Gammaproteobacteria	Enterobacterales	Yersiniaceae	Rouxiella	Rouxiella chamberiensis
GCF_002093625.1|WP_084982943.1	GCF_002093625.1	Bacteria	Pseudomonadota	Gammaproteobacteria	Enterobacterales	Yersiniaceae	Rouxiella	Rouxiella silvae
GCF_026967515.2|WP_084912622.1	GCF_026967515.2	Bacteria	Pseudomonadota	Gammaproteobacteria	Enterobacterales	Yersiniaceae	Rouxiella	Rouxiella badensis
GCF_014639435.1|WP_188475234.1	GCF_014639435.1	Bacteria	Pseudomonadota	Gammaproteobacteria	Enterobacterales	Hafniaceae	Hafnia	Hafnia psychrotolerans
GCF_008693045.1|WP_034793519.1	GCF_008693045.1	Bacteria	Pseudomonadota	Gammaproteobacteria	Enterobacterales	Yersiniaceae	Ewingella	Ewingella americana
GCF_040419245.1|WP_353503287.1	GCF_040419245.1	Bacteria	Pseudomonadota	Gammaproteobacteria	Enterobacterales	Yersiniaceae	Ewingella	Ewingella docleensis
GCF_044430645.1|WP_396131445.1	GCF_044430645.1	Bacteria	Pseudomonadota	Gammaproteobacteria	Enterobacterales	Yersiniaceae	Ewingella	Ewingella allii
GCF_018288855.1|WP_112165910.1	GCF_018288855.1	Bacteria	Pseudomonadota	Gammaproteobacteria	Enterobacterales	Yersiniaceae	Rahnella	Rahnella inusitata
GCF_003602095.1|WP_120134515.1	GCF_003602095.1	Bacteria	Pseudomonadota	Gammaproteobacteria	Enterobacterales	Yersiniaceae	Rahnella	Rahnella woolbedingensis
GCF_003614975.1|WP_120508935.1	GCF_003614975.1	Bacteria	Pseudomonadota	Gammaproteobacteria	Enterobacterales	Yersiniaceae	Rahnella	Rahnella bruchi
GCF_019049625.1|WP_217149147.1	GCF_019049625.1	Bacteria	Pseudomonadota	Gammaproteobacteria	Enterobacterales	Yersiniaceae	Rahnella	Rahnella ecdela
GCF_003610915.1|WP_120163076.1	GCF_003610915.1	Bacteria	Pseudomonadota	Gammaproteobacteria	Enterobacterales	Yersiniaceae	Rahnella	Rahnella variigena
GCF_019049675.1|WP_217172074.1	GCF_019049675.1	Bacteria	Pseudomonadota	Gammaproteobacteria	Enterobacterales	Yersiniaceae	Rahnella	Rahnella bonaserana
GCF_021276285.1|WP_119822863.1	GCF_021276285.1	Bacteria	Pseudomonadota	Gammaproteobacteria	Enterobacterales	Yersiniaceae	Rahnella	Rahnella victoriana
GCF_000241955.1|WP_015696037.1	GCF_000241955.1	Bacteria	Pseudomonadota	Gammaproteobacteria	Enterobacterales	Yersiniaceae	Rahnella	Rahnella aquatilis
GCF_019049695.1|WP_129954921.1	GCF_019049695.1	Bacteria	Pseudomonadota	Gammaproteobacteria	Enterobacterales	Yersiniaceae	Rahnella	Rahnella perminowiae
GCF_022637475.1|WP_013574142.1	GCF_022637475.1	Bacteria	Pseudomonadota	Gammaproteobacteria	Enterobacterales	Yersiniaceae	Rahnella	Rahnella aceris
GCF_011065485.1|WP_152325414.1	GCF_011065485.1	Bacteria	Pseudomonadota	Gammaproteobacteria	Enterobacterales	Yersiniaceae	Rahnella	Rahnella contaminans
GCF_019049655.1|WP_217203838.1	GCF_019049655.1	Bacteria	Pseudomonadota	Gammaproteobacteria	Enterobacterales	Yersiniaceae	Rahnella	Rahnella rivi
GCF_009817885.1|WP_160030148.1	GCF_009817885.1	Bacteria	Pseudomonadota	Gammaproteobacteria	Enterobacterales	Yersiniaceae	Serratia	Serratia rhizosphaerae
GCF_016026735.1|WP_054307120.1	GCF_016026735.1	Bacteria	Pseudomonadota	Gammaproteobacteria	Enterobacterales	Yersiniaceae	Serratia	Serratia rubidaea
GCF_041448735.1|WP_004959108.1	GCF_041448735.1	Bacteria	Pseudomonadota	Gammaproteobacteria	Enterobacterales	Yersiniaceae	Serratia	Serratia odorifera
GCF_000214235.1|WP_013814312.1	GCF_000214235.1	Bacteria	Pseudomonadota	Gammaproteobacteria	Enterobacterales	Yersiniaceae	Serratia	Serratia plymuthica
GCF_003591175.1|WP_119805233.1	GCF_003591175.1	Bacteria	Pseudomonadota	Gammaproteobacteria	Enterobacterales	Yersiniaceae	Serratia	Serratia inhibens
GCF_000422085.1|WP_020828419.1	GCF_000422085.1	Bacteria	Pseudomonadota	Gammaproteobacteria	Enterobacterales	Yersiniaceae	Serratia	Serratia liquefaciens
GCF_900186025.1|WP_186427402.1	GCF_900186025.1	Bacteria	Pseudomonadota	Gammaproteobacteria	Enterobacterales	Yersiniaceae	Serratia	Serratia grimesii
GCF_900638135.1|WP_112363216.1	GCF_900638135.1	Bacteria	Pseudomonadota	Gammaproteobacteria	Enterobacterales	Yersiniaceae	Serratia	Serratia quinivorans
GCF_949794035.1|WP_283603812.1	GCF_949794035.1	Bacteria	Pseudomonadota	Gammaproteobacteria	Enterobacterales	Yersiniaceae	Serratia	Serratia proteamaculans
GCF_020858655.1|WP_141966881.1	GCF_020858655.1	Bacteria	Pseudomonadota	Gammaproteobacteria	Enterobacterales	Yersiniaceae	Serratia	Serratia montpellierensis
GCF_029907835.1|WP_281041907.1	GCF_029907835.1	Bacteria	Pseudomonadota	Gammaproteobacteria	Enterobacterales	Yersiniaceae	Serratia	Serratia bockelmannii
GCF_004768745.1|WP_048324781.1	GCF_004768745.1	Bacteria	Pseudomonadota	Gammaproteobacteria	Enterobacterales	Yersiniaceae	Serratia	Serratia nematodiphila
GCF_030291735.1|WP_286093561.1	GCF_030291735.1	Bacteria	Pseudomonadota	Gammaproteobacteria	Enterobacterales	Yersiniaceae	Serratia	Serratia marcescens
GCF_017309605.1|WP_160204539.1	GCF_017309605.1	Bacteria	Pseudomonadota	Gammaproteobacteria	Enterobacterales	Yersiniaceae	Serratia	Serratia ureilytica
GCF_001642805.2|WP_063917952.1	GCF_001642805.2	Bacteria	Pseudomonadota	Gammaproteobacteria	Enterobacterales	Yersiniaceae	Serratia	Serratia surfactantfaciens
GCF_035749905.1|WP_043147971.1	GCF_035749905.1	Bacteria	Pseudomonadota	Gammaproteobacteria	Enterobacterales	Yersiniaceae	Serratia	Serratia sarumanii
GCF_037948395.1|WP_060422974.1	GCF_037948395.1	Bacteria	Pseudomonadota	Gammaproteobacteria	Enterobacterales	Yersiniaceae	Serratia	Serratia nevei
GCF_021462285.1|WP_234586054.1	GCF_021462285.1	Bacteria	Pseudomonadota	Gammaproteobacteria	Enterobacterales	Yersiniaceae	Serratia	Serratia entomophila
GCF_900187015.1|WP_061796837.1	GCF_900187015.1	Bacteria	Pseudomonadota	Gammaproteobacteria	Enterobacterales	Yersiniaceae	Serratia	Serratia ficaria
GCF_044865145.1|WP_380673967.1	GCF_044865145.1	Bacteria	Pseudomonadota	Gammaproteobacteria	Enterobacterales	Yersiniaceae	Serratia	Serratia aquatilis
GCF_001976145.1|WP_076943642.1	GCF_001976145.1	Bacteria	Pseudomonadota	Gammaproteobacteria	Enterobacterales	Yersiniaceae	Serratia	Serratia oryzae
GCF_000520015.2|WP_024910100.1	GCF_000520015.2	Bacteria	Pseudomonadota	Gammaproteobacteria	Enterobacterales	Yersiniaceae	Chania	Chania multitudinisentens
GCF_001006005.1|WP_024485031.1	GCF_001006005.1	Bacteria	Pseudomonadota	Gammaproteobacteria	Enterobacterales	Yersiniaceae	Serratia	Serratia fonticola
GCF_023282985.1|WP_248947160.1	GCF_023282985.1	Bacteria	Pseudomonadota	Gammaproteobacteria	Enterobacterales	Yersiniaceae	Serratia	Serratia silvae
GCF_001040945.1|WP_013236689.1	GCF_001040945.1	Bacteria	Pseudomonadota	Betaproteobacteria	Burkholderiales	Oxalobacteraceae	Herbaspirillum	Herbaspirillum seropedicae
GCF_047325095.1|WP_413443417.1	GCF_047325095.1	Bacteria	Pseudomonadota	Betaproteobacteria	Burkholderiales	Oxalobacteraceae	Herbaspirillum	Herbaspirillum frisingense
GCF_003719195.1|WP_058897420.1	GCF_003719195.1	Bacteria	Pseudomonadota	Betaproteobacteria	Burkholderiales	Oxalobacteraceae	Herbaspirillum	Herbaspirillum rubrisubalbicans
GCF_002213425.1|WP_088756943.1	GCF_002213425.1	Bacteria	Pseudomonadota	Betaproteobacteria	Burkholderiales	Oxalobacteraceae	Herbaspirillum	Herbaspirillum aquaticum
GCF_004367745.1|WP_134223969.1	GCF_004367745.1	Bacteria	Pseudomonadota	Betaproteobacteria	Burkholderiales	Oxalobacteraceae	Herbaspirillum	Herbaspirillum huttiense
GCF_001189915.1|WP_083439142.1	GCF_001189915.1	Bacteria	Pseudomonadota	Betaproteobacteria	Burkholderiales	Oxalobacteraceae	Herbaspirillum	Herbaspirillum autotrophicum
GCF_001189965.1|WP_050479110.1	GCF_001189965.1	Bacteria	Pseudomonadota	Betaproteobacteria	Burkholderiales	Oxalobacteraceae	Herbaspirillum	Herbaspirillum rhizosphaerae
GCF_001267925.1|WP_053201025.1	GCF_001267925.1	Bacteria	Pseudomonadota	Betaproteobacteria	Burkholderiales	Oxalobacteraceae	Herbaspirillum	Herbaspirillum hiltneri
GCF_026127345.1|WP_265216223.1	GCF_026127345.1	Bacteria	Pseudomonadota	Betaproteobacteria	Burkholderiales	Oxalobacteraceae	Herbaspirillum	Herbaspirillum lusitanum
GCF_019703875.1|WP_221764446.1	GCF_019703875.1	Bacteria	Pseudomonadota	Betaproteobacteria	Nitrosomonadales	Methylophilaceae	Methyloradius	Methyloradius palustris
GCF_016632335.1|WP_234484067.1	GCF_016632335.1	Bacteria	Pseudomonadota	Betaproteobacteria	Burkholderiales	Oxalobacteraceae	Noviherbaspirillum	Noviherbaspirillum pedocola
GCF_900182955.1|WP_283443616.1	GCF_900182955.1	Bacteria	Pseudomonadota	Betaproteobacteria	Burkholderiales	Oxalobacteraceae	Noviherbaspirillum	Noviherbaspirillum suwonense
GCF_000818395.1|WP_084199478.1	GCF_000818395.1	Bacteria	Pseudomonadota	Betaproteobacteria	Burkholderiales	Oxalobacteraceae	Noviherbaspirillum	Noviherbaspirillum autotrophicum
GCF_000312045.1|WP_019139587.1	GCF_000312045.1	Bacteria	Pseudomonadota	Betaproteobacteria	Burkholderiales	Oxalobacteraceae	Noviherbaspirillum	Noviherbaspirillum massiliense
GCF_003590875.1|WP_119740429.1	GCF_003590875.1	Bacteria	Pseudomonadota	Betaproteobacteria	Burkholderiales	Oxalobacteraceae	Noviherbaspirillum	Noviherbaspirillum cavernae
GCF_030715135.1|WP_338437314.1	GCF_030715135.1	Bacteria	Pseudomonadota	Betaproteobacteria	Burkholderiales	Oxalobacteraceae	Keguizhuia	Keguizhuia sedimenti
GCF_004361795.1|WP_112992745.1	GCF_004361795.1	Bacteria	Pseudomonadota	Betaproteobacteria	Burkholderiales	Oxalobacteraceae	Herminiimonas	Herminiimonas fonticola
GCF_042665175.1|WP_382232952.1	GCF_042665175.1	Bacteria	Pseudomonadota	Betaproteobacteria	Burkholderiales	Oxalobacteraceae	Herminiimonas	Herminiimonas aquatilis
GCF_900130075.1|WP_076592528.1	GCF_900130075.1	Bacteria	Pseudomonadota	Betaproteobacteria	Burkholderiales	Oxalobacteraceae	Herminiimonas	Herminiimonas arsenitoxidans
GCF_015645465.1|WP_195875107.1	GCF_015645465.1	Bacteria	Pseudomonadota	Betaproteobacteria	Burkholderiales	Oxalobacteraceae	Herminiimonas	Herminiimonas contaminans
GCF_042664955.1|WP_382273003.1	GCF_042664955.1	Bacteria	Pseudomonadota	Betaproteobacteria	Burkholderiales	Oxalobacteraceae	Herminiimonas	Herminiimonas glaciei
GCF_049675895.1|WP_424193526.1	GCF_049675895.1	Bacteria	Pseudomonadota	Betaproteobacteria	Burkholderiales	Alcaligenaceae	Ampullimonas	Ampullimonas aquatilis
GCF_026624755.1|WP_267848281.1	GCF_026624755.1	Bacteria	Pseudomonadota	Betaproteobacteria	Burkholderiales	Burkholderiaceae	Robbsia	Robbsia betulipollinis
GCF_034047095.1|WP_024901952.1	GCF_034047095.1	Bacteria	Pseudomonadota	Betaproteobacteria	Burkholderiales	Burkholderiaceae	Robbsia	Robbsia andropogonis
GCF_020541325.1|WP_226809916.1	GCF_020541325.1	Bacteria	Pseudomonadota	Betaproteobacteria	Burkholderiales	Burkholderiaceae	Candidatus Vallotiella	Candidatus Vallotia laricis
GCF_910593725.1|WP_216797207.1	GCF_910593725.1	Bacteria	Pseudomonadota	Betaproteobacteria	Burkholderiales	Burkholderiaceae	Candidatus Vallotiella	Candidatus Vallotiella hemipterorum
GCF_037478055.1|WP_338862573.1	GCF_037478055.1	Bacteria	Pseudomonadota	Betaproteobacteria	Burkholderiales	Burkholderiaceae	Mycetohabitans	Mycetohabitans rhizoxinica
GCF_037478035.1|WP_338926247.1	GCF_037478035.1	Bacteria	Pseudomonadota	Betaproteobacteria	Burkholderiales	Burkholderiaceae	Mycetohabitans	Mycetohabitans endofungorum
GCF_907164555.1|WP_228882591.1	GCF_907164555.1	Bacteria	Pseudomonadota	Betaproteobacteria	Burkholderiales	Burkholderiaceae	Paraburkholderia	Paraburkholderia saeva
GCF_900107685.1|WP_090537258.1	GCF_900107685.1	Bacteria	Pseudomonadota	Betaproteobacteria	Burkholderiales	Burkholderiaceae	Paraburkholderia	Paraburkholderia sartisoli
GCF_907164545.1|WP_228980301.1	GCF_907164545.1	Bacteria	Pseudomonadota	Betaproteobacteria	Burkholderiales	Burkholderiaceae	Paraburkholderia	Paraburkholderia gardini
GCF_019428685.1|WP_219798747.1	GCF_019428685.1	Bacteria	Pseudomonadota	Betaproteobacteria	Burkholderiales	Burkholderiaceae	Paraburkholderia	Paraburkholderia edwinii
GCF_042433665.1|WP_134196435.1	GCF_042433665.1	Bacteria	Pseudomonadota	Betaproteobacteria	Burkholderiales	Burkholderiaceae	Paraburkholderia	Paraburkholderia rhizosphaerae
GCF_042665695.1|WP_175227749.1	GCF_042665695.1	Bacteria	Pseudomonadota	Betaproteobacteria	Burkholderiales	Burkholderiaceae	Paraburkholderia	Paraburkholderia humisilvae
GCF_042682325.1|WP_175112904.1	GCF_042682325.1	Bacteria	Pseudomonadota	Betaproteobacteria	Burkholderiales	Burkholderiaceae	Paraburkholderia	Paraburkholderia solisilvae
GCF_900007165.1|WP_087736384.1	GCF_900007165.1	Bacteria	Pseudomonadota	Betaproteobacteria	Burkholderiales	Burkholderiaceae	Paraburkholderia	Paraburkholderia piptadeniae
GCF_009362735.1|WP_152764698.1	GCF_009362735.1	Bacteria	Pseudomonadota	Betaproteobacteria	Burkholderiales	Burkholderiaceae	Paraburkholderia	Paraburkholderia franconis
GCF_900108945.1|WP_090871771.1	GCF_900108945.1	Bacteria	Pseudomonadota	Betaproteobacteria	Burkholderiales	Burkholderiaceae	Paraburkholderia	Paraburkholderia diazotrophica
GCF_013426895.1|WP_180720694.1	GCF_013426895.1	Bacteria	Pseudomonadota	Betaproteobacteria	Burkholderiales	Burkholderiaceae	Paraburkholderia	Paraburkholderia largidicola
GCF_000522545.2|WP_035988926.1	GCF_000522545.2	Bacteria	Pseudomonadota	Betaproteobacteria	Burkholderiales	Burkholderiaceae	Paraburkholderia	Paraburkholderia caribensis
GCF_002902965.1|WP_009771312.1	GCF_002902965.1	Bacteria	Pseudomonadota	Betaproteobacteria	Burkholderiales	Burkholderiaceae	Paraburkholderia	Paraburkholderia hospita
GCF_002902925.1|WP_042313876.1	GCF_002902925.1	Bacteria	Pseudomonadota	Betaproteobacteria	Burkholderiales	Burkholderiaceae	Paraburkholderia	Paraburkholderia terrae
GCF_900100565.1|WP_091786855.1	GCF_900100565.1	Bacteria	Pseudomonadota	Betaproteobacteria	Burkholderiales	Burkholderiaceae	Burkholderia	Burkholderia sp. yr281
GCF_000020045.1|WP_012402145.1	GCF_000020045.1	Bacteria	Pseudomonadota	Betaproteobacteria	Burkholderiales	Burkholderiaceae	Paraburkholderia	Paraburkholderia phymatum
GCF_007995085.1|WP_028367607.1	GCF_007995085.1	Bacteria	Pseudomonadota	Betaproteobacteria	Burkholderiales	Burkholderiaceae	Paraburkholderia	Paraburkholderia azotifigens
GCF_030412785.1|WP_201655410.1	GCF_030412785.1	Bacteria	Pseudomonadota	Betaproteobacteria	Burkholderiales	Burkholderiaceae	Paraburkholderia	Paraburkholderia sabiae
GCF_900113825.1|WP_091019720.1	GCF_900113825.1	Bacteria	Pseudomonadota	Betaproteobacteria	Burkholderiales	Burkholderiaceae	Paraburkholderia	Paraburkholderia megapolitana
GCF_005280735.1|WP_137334017.1	GCF_005280735.1	Bacteria	Pseudomonadota	Betaproteobacteria	Burkholderiales	Burkholderiaceae	Trinickia	Trinickia violacea
GCF_005144415.1|WP_136892920.1	GCF_005144415.1	Bacteria	Pseudomonadota	Betaproteobacteria	Burkholderiales	Burkholderiaceae	Trinickia	Trinickia terrae
GCF_017315705.1|WP_207004847.1	GCF_017315705.1	Bacteria	Pseudomonadota	Betaproteobacteria	Burkholderiales	Burkholderiaceae	Trinickia	Trinickia mobilis
GCF_009455625.1|WP_153074455.1	GCF_009455625.1	Bacteria	Pseudomonadota	Betaproteobacteria	Burkholderiales	Burkholderiaceae	Paraburkholderia	Paraburkholderia bonniea
GCF_009455685.1|WP_153099257.1	GCF_009455685.1	Bacteria	Pseudomonadota	Betaproteobacteria	Burkholderiales	Burkholderiaceae	Paraburkholderia	Paraburkholderia hayleyella
GCF_965118185.1|WP_017777204.1	GCF_965118185.1	Bacteria	Pseudomonadota	Betaproteobacteria	Burkholderiales	Burkholderiaceae	Paraburkholderia	Paraburkholderia kururiensis
GCF_026310195.1|WP_266241177.1	GCF_026310195.1	Bacteria	Pseudomonadota	Betaproteobacteria	Burkholderiales	Burkholderiaceae	Paraburkholderia	Paraburkholderia madseniana
GCF_000785435.2|WP_052148140.1	GCF_000785435.2	Bacteria	Pseudomonadota	Betaproteobacteria	Burkholderiales	Burkholderiaceae	Paraburkholderia	Paraburkholderia sacchari
GCF_001580545.1|WP_062132438.1	GCF_001580545.1	Bacteria	Pseudomonadota	Betaproteobacteria	Burkholderiales	Burkholderiaceae	Paraburkholderia	Paraburkholderia monticola
GCF_000472825.1|WP_028230957.1	GCF_000472825.1	Bacteria	Pseudomonadota	Betaproteobacteria	Burkholderiales	Burkholderiaceae	Paraburkholderia	Paraburkholderia mimosarum
GCF_000519185.1|WP_028208134.1	GCF_000519185.1	Bacteria	Pseudomonadota	Betaproteobacteria	Burkholderiales	Burkholderiaceae	Paraburkholderia	Paraburkholderia nodosa
GCF_004353905.1|WP_133190334.1	GCF_004353905.1	Bacteria	Pseudomonadota	Betaproteobacteria	Burkholderiales	Burkholderiaceae	Paraburkholderia	Paraburkholderia guartelaensis
GCF_004353915.1|WP_133200020.1	GCF_004353915.1	Bacteria	Pseudomonadota	Betaproteobacteria	Burkholderiales	Burkholderiaceae	Paraburkholderia	Paraburkholderia silviterrae
GCF_000685075.1|WP_084688017.1	GCF_000685075.1	Bacteria	Pseudomonadota	Betaproteobacteria	Burkholderiales	Burkholderiaceae	Paraburkholderia	Paraburkholderia oxyphila
GCF_004524855.1|WP_134756176.1	GCF_004524855.1	Bacteria	Pseudomonadota	Betaproteobacteria	Burkholderiales	Burkholderiaceae	Paraburkholderia	Paraburkholderia pallida
GCF_003353175.1|WP_115108287.1	GCF_003353175.1	Bacteria	Pseudomonadota	Betaproteobacteria	Burkholderiales	Burkholderiaceae	Paraburkholderia	Paraburkholderia lacunae
GCF_013177695.1|WP_172315908.1	GCF_013177695.1	Bacteria	Pseudomonadota	Betaproteobacteria	Burkholderiales	Burkholderiaceae	Paraburkholderia	Paraburkholderia solitsugae
GCF_009789675.1|WP_158951533.1	GCF_009789675.1	Bacteria	Pseudomonadota	Betaproteobacteria	Burkholderiales	Burkholderiaceae	Paraburkholderia	Paraburkholderia acidisoli
GCF_900096975.1|WP_425434138.1	GCF_900096975.1	Bacteria	Pseudomonadota	Betaproteobacteria	Burkholderiales	Burkholderiaceae	Paraburkholderia	Paraburkholderia lycopersici
GCF_000739775.1|WP_042269682.1	GCF_000739775.1	Bacteria	Pseudomonadota	Betaproteobacteria	Burkholderiales	Burkholderiaceae	Paraburkholderia	Paraburkholderia heleia
GCF_042659005.1|WP_110388479.1	GCF_042659005.1	Bacteria	Pseudomonadota	Betaproteobacteria	Burkholderiales	Burkholderiaceae	Paraburkholderia	Paraburkholderia silvatlantica
GCF_009789655.1|WP_158758762.1	GCF_009789655.1	Bacteria	Pseudomonadota	Betaproteobacteria	Burkholderiales	Burkholderiaceae	Paraburkholderia	Paraburkholderia acidiphila
GCF_021390645.1|WP_233883105.1	GCF_021390645.1	Bacteria	Pseudomonadota	Betaproteobacteria	Burkholderiales	Burkholderiaceae	Paraburkholderia	Paraburkholderia flagellata
GCF_904848665.1|WP_201699901.1	GCF_904848665.1	Bacteria	Pseudomonadota	Betaproteobacteria	Burkholderiales	Burkholderiaceae	Paraburkholderia	Paraburkholderia hiiakae
GCF_003286395.1|WP_129562969.1	GCF_003286395.1	Bacteria	Pseudomonadota	Betaproteobacteria	Burkholderiales	Burkholderiaceae	Paraburkholderia	Paraburkholderia dokdonensis
GCF_902859945.1|WP_129562969.1	GCF_902859945.1	Bacteria	Pseudomonadota	Betaproteobacteria	Burkholderiales	Burkholderiaceae	Paraburkholderia	Paraburkholderia caffeinitolerans
GCF_022213065.1|WP_238466334.1	GCF_022213065.1	Bacteria	Pseudomonadota	Betaproteobacteria	Burkholderiales	Burkholderiaceae	Paraburkholderia	Paraburkholderia tagetis
GCF_014171495.1|WP_074987157.1	GCF_014171495.1	Bacteria	Pseudomonadota	Betaproteobacteria	Burkholderiales	Burkholderiaceae	Paraburkholderia	Paraburkholderia tropica
GCF_000685015.1|WP_027819306.1	GCF_000685015.1	Bacteria	Pseudomonadota	Betaproteobacteria	Burkholderiales	Burkholderiaceae	Paraburkholderia	Paraburkholderia bannensis
GCF_003003375.1|WP_103706927.1	GCF_003003375.1	Bacteria	Pseudomonadota	Betaproteobacteria	Burkholderiales	Burkholderiaceae	Paraburkholderia	Paraburkholderia eburnea
GCF_000684975.1|WP_027797330.1	GCF_000684975.1	Bacteria	Pseudomonadota	Betaproteobacteria	Burkholderiales	Burkholderiaceae	Paraburkholderia	Paraburkholderia acidipaludis
GCF_000685035.1|WP_028228116.1	GCF_000685035.1	Bacteria	Pseudomonadota	Betaproteobacteria	Burkholderiales	Burkholderiaceae	Paraburkholderia	Paraburkholderia ferrariae
GCF_042655705.1|WP_377714458.1	GCF_042655705.1	Bacteria	Pseudomonadota	Betaproteobacteria	Burkholderiales	Burkholderiaceae	Paraburkholderia	Paraburkholderia denitrificans
GCF_003837865.1|WP_124153023.1	GCF_003837865.1	Bacteria	Pseudomonadota	Betaproteobacteria	Burkholderiales	Burkholderiaceae	Paraburkholderia	Paraburkholderia dinghuensis
GCF_021390575.1|WP_233864893.1	GCF_021390575.1	Bacteria	Pseudomonadota	Betaproteobacteria	Burkholderiales	Burkholderiaceae	Paraburkholderia	Paraburkholderia adhaesiva
GCF_003443895.1|WP_118184149.1	GCF_003443895.1	Bacteria	Pseudomonadota	Betaproteobacteria	Burkholderiales	Burkholderiaceae	Paraburkholderia	Paraburkholderia phosphatilytica
GCF_004359985.1|WP_133651066.1	GCF_004359985.1	Bacteria	Pseudomonadota	Betaproteobacteria	Burkholderiales	Burkholderiaceae	Paraburkholderia	Paraburkholderia flava
GCF_003330825.1|WP_114163582.1	GCF_003330825.1	Bacteria	Pseudomonadota	Betaproteobacteria	Burkholderiales	Burkholderiaceae	Paraburkholderia	Paraburkholderia terricola
GCF_001865575.2|WP_027199038.1	GCF_001865575.2	Bacteria	Pseudomonadota	Betaproteobacteria	Burkholderiales	Burkholderiaceae	Paraburkholderia	Paraburkholderia sprentiae
GCF_020881035.1|WP_230563862.1	GCF_020881035.1	Bacteria	Pseudomonadota	Betaproteobacteria	Burkholderiales	Burkholderiaceae	Paraburkholderia	Paraburkholderia translucens
GCF_014397785.1|WP_187636077.1	GCF_014397785.1	Bacteria	Pseudomonadota	Betaproteobacteria	Burkholderiales	Burkholderiaceae	Paraburkholderia	Paraburkholderia podalyriae
GCF_900101795.1|WP_090805496.1	GCF_900101795.1	Bacteria	Pseudomonadota	Betaproteobacteria	Burkholderiales	Burkholderiaceae	Paraburkholderia	Paraburkholderia tuberum
GCF_000092885.1|WP_013090714.1	GCF_000092885.1	Bacteria	Pseudomonadota	Betaproteobacteria	Burkholderiales	Burkholderiaceae	Paraburkholderia	Paraburkholderia atlantica
GCF_013366925.1|WP_176110129.1	GCF_013366925.1	Bacteria	Pseudomonadota	Betaproteobacteria	Burkholderiales	Burkholderiaceae	Paraburkholderia	Paraburkholderia youngii
GCF_900177725.1|WP_085489196.1	GCF_900177725.1	Bacteria	Pseudomonadota	Betaproteobacteria	Burkholderiales	Burkholderiaceae	Paraburkholderia	Paraburkholderia susongensis
GCF_012927125.1|WP_169499984.1	GCF_012927125.1	Bacteria	Pseudomonadota	Betaproteobacteria	Burkholderiales	Burkholderiaceae	Paraburkholderia	Paraburkholderia antibiotica
GCF_020880815.1|WP_230512803.1	GCF_020880815.1	Bacteria	Pseudomonadota	Betaproteobacteria	Burkholderiales	Burkholderiaceae	Paraburkholderia	Paraburkholderia sejongensis
GCF_900019265.1|WP_094778355.1	GCF_900019265.1	Bacteria	Pseudomonadota	Betaproteobacteria	Burkholderiales	Burkholderiaceae	Paraburkholderia	Paraburkholderia ribeironis
GCF_008369935.1|WP_149673012.1	GCF_008369935.1	Bacteria	Pseudomonadota	Betaproteobacteria	Burkholderiales	Burkholderiaceae	Paraburkholderia	Paraburkholderia panacisoli
GCF_016128195.1|WP_042329192.1	GCF_016128195.1	Bacteria	Pseudomonadota	Betaproteobacteria	Burkholderiales	Burkholderiaceae	Paraburkholderia	Paraburkholderia ginsengisoli
GCF_902859935.1|WP_175164701.1	GCF_902859935.1	Bacteria	Pseudomonadota	Betaproteobacteria	Burkholderiales	Burkholderiaceae	Paraburkholderia	Paraburkholderia fynbosensis
GCF_902859915.1|WP_175151147.1	GCF_902859915.1	Bacteria	Pseudomonadota	Betaproteobacteria	Burkholderiales	Burkholderiaceae	Paraburkholderia	Paraburkholderia ultramafica
GCF_902859775.1|WP_102632892.1	GCF_902859775.1	Bacteria	Pseudomonadota	Betaproteobacteria	Burkholderiales	Burkholderiaceae	Paraburkholderia	Paraburkholderia rhynchosiae
GCF_000300095.1|WP_015003886.1	GCF_000300095.1	Bacteria	Pseudomonadota	Betaproteobacteria	Burkholderiales	Burkholderiaceae	Paraburkholderia	Paraburkholderia phenoliruptrix
GCF_003330785.1|WP_114156515.1	GCF_003330785.1	Bacteria	Pseudomonadota	Betaproteobacteria	Burkholderiales	Burkholderiaceae	Paraburkholderia	Paraburkholderia graminis
GCF_000383275.1|WP_020070627.1	GCF_000383275.1	Bacteria	Pseudomonadota	Betaproteobacteria	Burkholderiales	Burkholderiaceae	Paraburkholderia	Paraburkholderia caledonica
GCF_031456815.1|WP_020070627.1	GCF_031456815.1	Bacteria	Pseudomonadota	Betaproteobacteria	Burkholderiales	Burkholderiaceae	Paraburkholderia	Paraburkholderia strydomiana
GCF_032806925.1|WP_317020170.1	GCF_032806925.1	Bacteria	Pseudomonadota	Betaproteobacteria	Burkholderiales	Burkholderiaceae	Paraburkholderia	Paraburkholderia kirstenboschensis
GCF_000472525.1|WP_036024376.1	GCF_000472525.1	Bacteria	Pseudomonadota	Betaproteobacteria	Burkholderiales	Burkholderiaceae	Paraburkholderia	Paraburkholderia dilworthii
GCF_028473685.1|WP_272624648.1	GCF_028473685.1	Bacteria	Pseudomonadota	Betaproteobacteria	Burkholderiales	Burkholderiaceae	Paraburkholderia	Paraburkholderia bryophila
GCF_905220975.1|WP_211614494.1	GCF_905220975.1	Bacteria	Pseudomonadota	Betaproteobacteria	Burkholderiales	Burkholderiaceae	Paraburkholderia	Paraburkholderia haematera
GCF_003368325.1|WP_115781184.1	GCF_003368325.1	Bacteria	Pseudomonadota	Betaproteobacteria	Burkholderiales	Burkholderiaceae	Paraburkholderia	Paraburkholderia caffeinilytica
GCF_905220735.1|WP_093643427.1	GCF_905220735.1	Bacteria	Pseudomonadota	Betaproteobacteria	Burkholderiales	Burkholderiaceae	Paraburkholderia	Paraburkholderia aspalathi
GCF_902859805.1|WP_175054114.1	GCF_902859805.1	Bacteria	Pseudomonadota	Betaproteobacteria	Burkholderiales	Burkholderiaceae	Paraburkholderia	Paraburkholderia sediminicola
GCF_905221015.1|WP_200566035.1	GCF_905221015.1	Bacteria	Pseudomonadota	Betaproteobacteria	Burkholderiales	Burkholderiaceae	Paraburkholderia	Paraburkholderia nemoris
GCF_013177735.1|WP_172167414.1	GCF_013177735.1	Bacteria	Pseudomonadota	Betaproteobacteria	Burkholderiales	Burkholderiaceae	Paraburkholderia	Paraburkholderia elongata
GCF_905220705.1|WP_201079588.1	GCF_905220705.1	Bacteria	Pseudomonadota	Betaproteobacteria	Burkholderiales	Burkholderiaceae	Paraburkholderia	Paraburkholderia domus
GCF_012927345.1|WP_169487561.1	GCF_012927345.1	Bacteria	Pseudomonadota	Betaproteobacteria	Burkholderiales	Burkholderiaceae	Paraburkholderia	Paraburkholderia polaris
GCF_000961515.1|WP_028199625.1	GCF_000961515.1	Bacteria	Pseudomonadota	Betaproteobacteria	Burkholderiales	Burkholderiaceae	Paraburkholderia	Paraburkholderia fungorum
GCF_009455635.1|WP_153137608.1	GCF_009455635.1	Bacteria	Pseudomonadota	Betaproteobacteria	Burkholderiales	Burkholderiaceae	Paraburkholderia	Paraburkholderia agricolaris
GCF_904848625.1|WP_201646119.1	GCF_904848625.1	Bacteria	Pseudomonadota	Betaproteobacteria	Burkholderiales	Burkholderiaceae	Paraburkholderia	Paraburkholderia metrosideri
GCF_001645135.1|WP_064267503.1	GCF_001645135.1	Bacteria	Pseudomonadota	Betaproteobacteria	Burkholderiales	Burkholderiaceae	Paraburkholderia	Paraburkholderia ginsengiterrae
GCF_000020125.1|WP_012434524.1	GCF_000020125.1	Bacteria	Pseudomonadota	Betaproteobacteria	Burkholderiales	Burkholderiaceae	Paraburkholderia	Paraburkholderia phytofirmans
GCF_042680985.1|WP_134457676.1	GCF_042680985.1	Bacteria	Pseudomonadota	Betaproteobacteria	Burkholderiales	Burkholderiaceae	Paraburkholderia	Paraburkholderia dipogonis
GCF_002278075.1|WP_095420245.1	GCF_002278075.1	Bacteria	Pseudomonadota	Betaproteobacteria	Burkholderiales	Burkholderiaceae	Paraburkholderia	Paraburkholderia aromaticivorans
GCF_902459535.1|WP_007180190.1	GCF_902459535.1	Bacteria	Pseudomonadota	Betaproteobacteria	Burkholderiales	Burkholderiaceae	Paraburkholderia	Paraburkholderia dioscoreae
GCF_022870505.1|WP_246796530.1	GCF_022870505.1	Bacteria	Pseudomonadota	Betaproteobacteria	Burkholderiales	Burkholderiaceae	Burkholderia	Burkholderia perseverans
GCF_013403875.1|WP_179403064.1	GCF_013403875.1	Bacteria	Pseudomonadota	Betaproteobacteria	Burkholderiales	Burkholderiaceae	Burkholderia	Burkholderia guangdongensis
GCF_000959445.1|WP_045578586.1	GCF_000959445.1	Bacteria	Pseudomonadota	Betaproteobacteria	Burkholderiales	Burkholderiaceae	Burkholderia	Burkholderia vietnamiensis
GCF_002097715.1|WP_084900008.1	GCF_002097715.1	Bacteria	Pseudomonadota	Betaproteobacteria	Burkholderiales	Burkholderiaceae	Paraburkholderia	Paraburkholderia acidicola
GCF_002925705.1|WP_059577278.1	GCF_002925705.1	Bacteria	Pseudomonadota	Betaproteobacteria	Burkholderiales	Burkholderiaceae	Burkholderia	Burkholderia anthinoferrum
GCF_029268935.1|WP_059577278.1	GCF_029268935.1	Bacteria	Pseudomonadota	Betaproteobacteria	Burkholderiales	Burkholderiaceae	Burkholderia	Burkholderia semiarida
GCF_001883705.2|WP_128848343.1	GCF_001883705.2	Bacteria	Pseudomonadota	Betaproteobacteria	Burkholderiales	Burkholderiaceae	Burkholderia	Burkholderia catarinensis
GCF_902499115.1|WP_151051108.1	GCF_902499115.1	Bacteria	Pseudomonadota	Betaproteobacteria	Burkholderiales	Burkholderiaceae	Burkholderia	Burkholderia diffusa
GCF_000959545.1|WP_011655791.1	GCF_000959545.1	Bacteria	Pseudomonadota	Betaproteobacteria	Burkholderiales	Burkholderiaceae	Burkholderia	Burkholderia ambifaria
GCF_902498995.1|WP_174926542.1	GCF_902498995.1	Bacteria	Pseudomonadota	Betaproteobacteria	Burkholderiales	Burkholderiaceae	Burkholderia	Burkholderia anthina
GCF_902499045.1|WP_151066570.1	GCF_902499045.1	Bacteria	Pseudomonadota	Betaproteobacteria	Burkholderiales	Burkholderiaceae	Burkholderia	Burkholderia latens
GCF_001718335.1|WP_059449824.1	GCF_001718335.1	Bacteria	Pseudomonadota	Betaproteobacteria	Burkholderiales	Burkholderiaceae	Burkholderia	Burkholderia territorii
GCF_000732615.1|WP_031400106.1	GCF_000732615.1	Bacteria	Pseudomonadota	Betaproteobacteria	Burkholderiales	Burkholderiaceae	Burkholderia	Burkholderia paludis
GCF_048565265.1|WP_129513544.1	GCF_048565265.1	Bacteria	Pseudomonadota	Betaproteobacteria	Burkholderiales	Burkholderiaceae	Burkholderia	Burkholderia theae
GCF_003294055.1|WP_021163928.1	GCF_003294055.1	Bacteria	Pseudomonadota	Betaproteobacteria	Burkholderiales	Burkholderiaceae	Burkholderia	Burkholderia reimsis
GCF_009586235.1|WP_060060543.1	GCF_009586235.1	Bacteria	Pseudomonadota	Betaproteobacteria	Burkholderiales	Burkholderiaceae	Burkholderia	Burkholderia cepacia
GCF_000012945.1|WP_011350711.1	GCF_000012945.1	Bacteria	Pseudomonadota	Betaproteobacteria	Burkholderiales	Burkholderiaceae	Burkholderia	Burkholderia lata
GCF_048627025.1|WP_420210461.1	GCF_048627025.1	Bacteria	Pseudomonadota	Betaproteobacteria	Burkholderiales	Burkholderiaceae	Burkholderia	Burkholderia aenigmatica
GCF_040215475.1|WP_039366685.1	GCF_040215475.1	Bacteria	Pseudomonadota	Betaproteobacteria	Burkholderiales	Burkholderiaceae	Burkholderia	Burkholderia contaminans
GCF_900240005.1|WP_122167653.1	GCF_900240005.1	Bacteria	Pseudomonadota	Betaproteobacteria	Burkholderiales	Burkholderiaceae	Burkholderia	Burkholderia stabilis
GCF_902859845.1|WP_085042795.1	GCF_902859845.1	Bacteria	Pseudomonadota	Betaproteobacteria	Burkholderiales	Burkholderiaceae	Burkholderia	Burkholderia puraquae
GCF_038723655.1|WP_342703464.1	GCF_038723655.1	Bacteria	Pseudomonadota	Betaproteobacteria	Burkholderiales	Burkholderiaceae	Burkholderia	Burkholderia arboris
GCF_001718895.1|WP_006488528.1	GCF_001718895.1	Bacteria	Pseudomonadota	Betaproteobacteria	Burkholderiales	Burkholderiaceae	Burkholderia	Burkholderia cenocepacia
GCF_001718555.1|WP_069255566.1	GCF_001718555.1	Bacteria	Pseudomonadota	Betaproteobacteria	Burkholderiales	Burkholderiaceae	Burkholderia	Burkholderia metallica
GCF_036352035.1|WP_006406990.1	GCF_036352035.1	Bacteria	Pseudomonadota	Betaproteobacteria	Burkholderiales	Burkholderiaceae	Burkholderia	Burkholderia multivorans
GCF_019930785.1|WP_035973169.1	GCF_019930785.1	Bacteria	Pseudomonadota	Betaproteobacteria	Burkholderiales	Burkholderiaceae	Burkholderia	Burkholderia dolosa
GCF_902499075.1|WP_060246257.1	GCF_902499075.1	Bacteria	Pseudomonadota	Betaproteobacteria	Burkholderiales	Burkholderiaceae	Burkholderia	Burkholderia pseudomultivorans
GCF_039848545.1|WP_059558446.1	GCF_039848545.1	Bacteria	Pseudomonadota	Betaproteobacteria	Burkholderiales	Burkholderiaceae	Burkholderia	Burkholderia stagnalis
GCF_034721475.1|WP_323121909.1	GCF_034721475.1	Bacteria	Pseudomonadota	Betaproteobacteria	Burkholderiales	Burkholderiaceae	Burkholderia	Burkholderia alba
GCF_001718875.1|WP_083237210.1	GCF_001718875.1	Bacteria	Pseudomonadota	Betaproteobacteria	Burkholderiales	Burkholderiaceae	Burkholderia	Burkholderia singularis
GCF_001513745.1|WP_009913796.1	GCF_001513745.1	Bacteria	Pseudomonadota	Betaproteobacteria	Burkholderiales	Burkholderiaceae	Burkholderia	Burkholderia humptydooensis
GCF_000012365.1|WP_009888497.1	GCF_000012365.1	Bacteria	Pseudomonadota	Betaproteobacteria	Burkholderiales	Burkholderiaceae	Burkholderia	Burkholderia thailandensis
GCF_030297255.1|WP_004527892.1	GCF_030297255.1	Bacteria	Pseudomonadota	Betaproteobacteria	Burkholderiales	Burkholderiaceae	Burkholderia	Burkholderia pseudomallei
GCF_033956065.1|WP_004527892.1	GCF_033956065.1	Bacteria	Pseudomonadota	Betaproteobacteria	Burkholderiales	Burkholderiaceae	Burkholderia	Burkholderia mallei
GCF_001524445.2|WP_059577349.1	GCF_001524445.2	Bacteria	Pseudomonadota	Betaproteobacteria	Burkholderiales	Burkholderiaceae	Burkholderia	Burkholderia savannae
GCF_002934455.1|WP_020566154.1	GCF_002934455.1	Bacteria	Pseudomonadota	Betaproteobacteria	Burkholderiales	Burkholderiaceae	Trinickia	Trinickia symbiotica
GCF_034424545.1|WP_085228265.1	GCF_034424545.1	Bacteria	Pseudomonadota	Betaproteobacteria	Burkholderiales	Burkholderiaceae	Trinickia	Trinickia caryophylli
GCF_902859815.1|WP_102611047.1	GCF_902859815.1	Bacteria	Pseudomonadota	Betaproteobacteria	Burkholderiales	Burkholderiaceae	Trinickia	Trinickia soli
GCF_003390925.1|WP_116138024.1	GCF_003390925.1	Bacteria	Pseudomonadota	Betaproteobacteria	Burkholderiales	Burkholderiaceae	Trinickia	Trinickia diaoshuihuensis
GCF_002879885.1|WP_102645154.1	GCF_002879885.1	Bacteria	Pseudomonadota	Betaproteobacteria	Burkholderiales	Burkholderiaceae	Trinickia	Trinickia dabaoshanensis
GCF_001544555.2|WP_062092268.1	GCF_001544555.2	Bacteria	Pseudomonadota	Betaproteobacteria	Burkholderiales	Burkholderiaceae	Caballeronia	Caballeronia udeis
GCF_047608185.1|WP_414952807.1	GCF_047608185.1	Bacteria	Pseudomonadota	Betaproteobacteria	Burkholderiales	Burkholderiaceae	Caballeronia	Caballeronia eucalypticola
GCF_001028175.1|WP_047845382.1	GCF_001028175.1	Bacteria	Pseudomonadota	Betaproteobacteria	Burkholderiales	Burkholderiaceae	Caballeronia	Caballeronia mineralivorans
GCF_001544455.2|WP_060858220.1	GCF_001544455.2	Bacteria	Pseudomonadota	Betaproteobacteria	Burkholderiales	Burkholderiaceae	Caballeronia	Caballeronia sordidicola
GCF_001544615.1|WP_040050432.1	GCF_001544615.1	Bacteria	Pseudomonadota	Betaproteobacteria	Burkholderiales	Burkholderiaceae	Caballeronia	Caballeronia concitans
GCF_022879615.1|WP_035967661.1	GCF_022879615.1	Bacteria	Pseudomonadota	Betaproteobacteria	Burkholderiales	Burkholderiaceae	Caballeronia	Caballeronia grimmiae
GCF_001545075.1|WP_087049270.1	GCF_001545075.1	Bacteria	Pseudomonadota	Betaproteobacteria	Burkholderiales	Burkholderiaceae	Caballeronia	Caballeronia ptereochthonis
GCF_000402035.1|WP_016346425.1	GCF_000402035.1	Bacteria	Pseudomonadota	Betaproteobacteria	Burkholderiales	Burkholderiaceae	Caballeronia	Caballeronia insecticola
GCF_001544875.2|WP_061170957.1	GCF_001544875.2	Bacteria	Pseudomonadota	Betaproteobacteria	Burkholderiales	Burkholderiaceae	Caballeronia	Caballeronia hypogeia
GCF_900044055.2|WP_062608758.1	GCF_900044055.2	Bacteria	Pseudomonadota	Betaproteobacteria	Burkholderiales	Burkholderiaceae	Caballeronia	Caballeronia calidae
GCF_001544835.2|WP_061138362.1	GCF_001544835.2	Bacteria	Pseudomonadota	Betaproteobacteria	Burkholderiales	Burkholderiaceae	Caballeronia	Caballeronia fortuita
GCF_900258035.1|WP_106857414.1	GCF_900258035.1	Bacteria	Pseudomonadota	Betaproteobacteria	Burkholderiales	Burkholderiaceae	Caballeronia	Caballeronia novacaledonica
GCF_001544695.2|WP_061149516.1	GCF_001544695.2	Bacteria	Pseudomonadota	Betaproteobacteria	Burkholderiales	Burkholderiaceae	Caballeronia	Caballeronia arvi
GCF_001544755.2|WP_061126169.1	GCF_001544755.2	Bacteria	Pseudomonadota	Betaproteobacteria	Burkholderiales	Burkholderiaceae	Caballeronia	Caballeronia catudaia
GCF_001544795.2|WP_061163598.1	GCF_001544795.2	Bacteria	Pseudomonadota	Betaproteobacteria	Burkholderiales	Burkholderiaceae	Caballeronia	Caballeronia temeraria
GCF_001545035.1|WP_086969354.1	GCF_001545035.1	Bacteria	Pseudomonadota	Betaproteobacteria	Burkholderiales	Burkholderiaceae	Caballeronia	Caballeronia glebae
GCF_022879815.1|WP_008344104.1	GCF_022879815.1	Bacteria	Pseudomonadota	Betaproteobacteria	Burkholderiales	Burkholderiaceae	Caballeronia	Caballeronia zhejiangensis
GCF_046030135.1|WP_187609303.1	GCF_046030135.1	Bacteria	Pseudomonadota	Betaproteobacteria	Burkholderiales	Burkholderiaceae	Caballeronia	Caballeronia jiangsuensis
GCF_900230245.1|WP_062638191.1	GCF_900230245.1	Bacteria	Pseudomonadota	Betaproteobacteria	Burkholderiales	Burkholderiaceae	Burkholderia	Burkholderia sp. OK806
GCF_001544475.1|WP_087668492.1	GCF_001544475.1	Bacteria	Pseudomonadota	Betaproteobacteria	Burkholderiales	Burkholderiaceae	Caballeronia	Caballeronia humi
GCF_001544515.1|WP_087657830.1	GCF_001544515.1	Bacteria	Pseudomonadota	Betaproteobacteria	Burkholderiales	Burkholderiaceae	Caballeronia	Caballeronia terrestris
GCF_001544575.2|WP_053568867.1	GCF_001544575.2	Bacteria	Pseudomonadota	Betaproteobacteria	Burkholderiales	Burkholderiaceae	Caballeronia	Caballeronia cordobensis
GCF_003217575.1|WP_374941034.1	GCF_003217575.1	Bacteria	Pseudomonadota	Betaproteobacteria	Burkholderiales		Xylophilus	Xylophilus ampelinus
GCF_900095735.1|WP_235838072.1	GCF_900095735.1	Bacteria	Pseudomonadota	Betaproteobacteria	Burkholderiales	Burkholderiaceae	Chitinasiproducens	Chitinasiproducens palmae
GCF_009866805.1|WP_161135598.1	GCF_009866805.1	Bacteria	Pseudomonadota	Betaproteobacteria	Burkholderiales	Alcaligenaceae	Schauerella	Schauerella aestuarii
GCF_003628125.1|WP_121090768.1	GCF_003628125.1	Bacteria	Pseudomonadota	Betaproteobacteria	Burkholderiales	Burkholderiaceae	Pararobbsia	Pararobbsia silviterrae
GCF_902859895.1|WP_175106523.1	GCF_902859895.1	Bacteria	Pseudomonadota	Betaproteobacteria	Burkholderiales	Burkholderiaceae	Pararobbsia	Pararobbsia alpina
GCF_001017775.3|WP_047215775.1	GCF_001017775.3	Bacteria	Pseudomonadota	Betaproteobacteria	Burkholderiales	Burkholderiaceae	Pandoraea	Pandoraea thiooxydans
GCF_000815105.2|WP_084072777.1	GCF_000815105.2	Bacteria	Pseudomonadota	Betaproteobacteria	Burkholderiales	Burkholderiaceae	Pandoraea	Pandoraea pulmonicola
GCF_902459555.1|WP_150621229.1	GCF_902459555.1	Bacteria	Pseudomonadota	Betaproteobacteria	Burkholderiales	Burkholderiaceae	Pandoraea	Pandoraea horticolens
GCF_902459745.1|WP_150691310.1	GCF_902459745.1	Bacteria	Pseudomonadota	Betaproteobacteria	Burkholderiales	Burkholderiaceae	Pandoraea	Pandoraea communis
GCF_000807775.2|WP_080759496.1	GCF_000807775.2	Bacteria	Pseudomonadota	Betaproteobacteria	Burkholderiales	Burkholderiaceae	Pandoraea	Pandoraea fibrosis
GCF_001465595.2|WP_048628263.1	GCF_001465595.2	Bacteria	Pseudomonadota	Betaproteobacteria	Burkholderiales	Burkholderiaceae	Pandoraea	Pandoraea apista
GCF_000972785.3|WP_046290005.1	GCF_000972785.3	Bacteria	Pseudomonadota	Betaproteobacteria	Burkholderiales	Burkholderiaceae	Pandoraea	Pandoraea oxalativorans
GCF_902459565.1|WP_150578320.1	GCF_902459565.1	Bacteria	Pseudomonadota	Betaproteobacteria	Burkholderiales	Burkholderiaceae	Pandoraea	Pandoraea aquatica
GCF_902459765.1|WP_150740448.1	GCF_902459765.1	Bacteria	Pseudomonadota	Betaproteobacteria	Burkholderiales	Burkholderiaceae	Pandoraea	Pandoraea anapnoica
GCF_024704525.1|WP_257958792.1	GCF_024704525.1	Bacteria	Pseudomonadota	Betaproteobacteria	Burkholderiales	Burkholderiaceae	Pandoraea	Pandoraea commovens
GCF_900187205.1|WP_052252352.1	GCF_900187205.1	Bacteria	Pseudomonadota	Betaproteobacteria	Burkholderiales	Burkholderiaceae	Pandoraea	Pandoraea sputorum
GCF_902459655.1|WP_150670327.1	GCF_902459655.1	Bacteria	Pseudomonadota	Betaproteobacteria	Burkholderiales	Burkholderiaceae	Pandoraea	Pandoraea anhela
GCF_902459735.1|WP_246182226.1	GCF_902459735.1	Bacteria	Pseudomonadota	Betaproteobacteria	Burkholderiales	Burkholderiaceae	Pandoraea	Pandoraea capi
GCF_000934605.2|WP_044457300.1	GCF_000934605.2	Bacteria	Pseudomonadota	Betaproteobacteria	Burkholderiales	Burkholderiaceae	Pandoraea	Pandoraea vervacti
GCF_902459775.1|WP_150626977.1	GCF_902459775.1	Bacteria	Pseudomonadota	Betaproteobacteria	Burkholderiales	Burkholderiaceae	Pandoraea	Pandoraea captiosa
GCF_001029105.3|WP_084663965.1	GCF_001029105.3	Bacteria	Pseudomonadota	Betaproteobacteria	Burkholderiales	Burkholderiaceae	Pandoraea	Pandoraea faecigallinarum
GCF_902459705.1|WP_174978583.1	GCF_902459705.1	Bacteria	Pseudomonadota	Betaproteobacteria	Burkholderiales	Burkholderiaceae	Pandoraea	Pandoraea terrigena
GCF_902459595.1|WP_174976515.1	GCF_902459595.1	Bacteria	Pseudomonadota	Betaproteobacteria	Burkholderiales	Burkholderiaceae	Pandoraea	Pandoraea soli
GCF_902459625.1|WP_150610062.1	GCF_902459625.1	Bacteria	Pseudomonadota	Betaproteobacteria	Burkholderiales	Burkholderiaceae	Pandoraea	Pandoraea cepalis
GCF_902459725.1|WP_174978262.1	GCF_902459725.1	Bacteria	Pseudomonadota	Betaproteobacteria	Burkholderiales	Burkholderiaceae	Pandoraea	Pandoraea eparura
GCF_000504585.2|WP_028730794.1	GCF_000504585.2	Bacteria	Pseudomonadota	Betaproteobacteria	Burkholderiales	Burkholderiaceae	Pandoraea	Pandoraea pnomenusa
GCF_902459575.1|WP_246185370.1	GCF_902459575.1	Bacteria	Pseudomonadota	Betaproteobacteria	Burkholderiales	Burkholderiaceae	Pandoraea	Pandoraea morbifera
GCF_902459645.1|WP_150682333.1	GCF_902459645.1	Bacteria	Pseudomonadota	Betaproteobacteria	Burkholderiales	Burkholderiaceae	Pandoraea	Pandoraea pneumonica
GCF_001465545.3|WP_084656463.1	GCF_001465545.3	Bacteria	Pseudomonadota	Betaproteobacteria	Burkholderiales	Burkholderiaceae	Pandoraea	Pandoraea norimbergensis
GCF_902459685.1|WP_150791921.1	GCF_902459685.1	Bacteria	Pseudomonadota	Betaproteobacteria	Burkholderiales	Burkholderiaceae	Pandoraea	Pandoraea iniqua
GCF_902459585.1|WP_150556056.1	GCF_902459585.1	Bacteria	Pseudomonadota	Betaproteobacteria	Burkholderiales	Burkholderiaceae	Pandoraea	Pandoraea nosoerga
GCF_003004665.1|WP_106183096.1	GCF_003004665.1	Bacteria	Pseudomonadota	Betaproteobacteria	Burkholderiales	Burkholderiaceae	Pandoraea	Candidatus Pandoraea novymonadis
GCF_902459695.1|WP_150699521.1	GCF_902459695.1	Bacteria	Pseudomonadota	Betaproteobacteria	Burkholderiales	Burkholderiaceae	Pandoraea	Pandoraea terrae
GCF_004121055.1|WP_129150007.1	GCF_004121055.1	Bacteria	Pseudomonadota	Betaproteobacteria	Burkholderiales	Alcaligenaceae	Achromobacter	Achromobacter aloeverae
GCF_001676725.1|WP_066665464.1	GCF_001676725.1	Bacteria	Pseudomonadota	Betaproteobacteria	Burkholderiales	Alcaligenaceae	Bordetella	Bordetella flabilis
GCF_001676705.1|WP_066349233.1	GCF_001676705.1	Bacteria	Pseudomonadota	Betaproteobacteria	Burkholderiales	Alcaligenaceae	Bordetella	Bordetella bronchialis
GCF_965137885.1|WP_415828671.1	GCF_965137885.1	Bacteria	Pseudomonadota	Betaproteobacteria	Burkholderiales	Alcaligenaceae	Bordetella	Bordetella sputigena
GCF_002091575.1|WP_084307696.1	GCF_002091575.1	Bacteria	Pseudomonadota	Gammaproteobacteria	Pseudomonadales	Pseudomonadaceae	Phytopseudomonas	Phytopseudomonas flavescens
GCF_029872515.1|WP_280310553.1	GCF_029872515.1	Bacteria	Pseudomonadota	Gammaproteobacteria	Pseudomonadales	Pseudomonadaceae	Pseudomonas	Pseudomonas flavocrustae
GCF_039908605.1|WP_133859860.1	GCF_039908605.1	Bacteria	Pseudomonadota	Gammaproteobacteria	Pseudomonadales	Pseudomonadaceae	Pseudomonas	Pseudomonas aestiva
GCF_007665635.1|WP_145249548.1	GCF_007665635.1	Bacteria	Pseudomonadota	Gammaproteobacteria	Pseudomonadales	Pseudomonadaceae	Pseudomonas	Pseudomonas oryzihabitans
GCF_036884265.1|WP_338546188.1	GCF_036884265.1	Bacteria	Pseudomonadota	Gammaproteobacteria	Pseudomonadales	Pseudomonadaceae	Pseudomonas	Pseudomonas benzopyrenica
GCF_007830155.1|WP_145141717.1	GCF_007830155.1	Bacteria	Pseudomonadota	Gammaproteobacteria	Pseudomonadales	Pseudomonadaceae	Pseudomonas	Pseudomonas duriflava
GCF_002091675.1|WP_074822678.1	GCF_002091675.1	Bacteria	Pseudomonadota	Gammaproteobacteria	Pseudomonadales	Pseudomonadaceae	Pseudomonas	Pseudomonas luteola
GCF_014646755.1|WP_188864763.1	GCF_014646755.1	Bacteria	Pseudomonadota	Gammaproteobacteria	Pseudomonadales	Pseudomonadaceae	Pseudomonas	Pseudomonas asuensis
GCF_027922365.1|WP_271196861.1	GCF_027922365.1	Bacteria	Pseudomonadota	Gammaproteobacteria	Pseudomonadales	Pseudomonadaceae	Pseudomonas	Pseudomonas turukhanskensis
GCF_003596405.1|WP_119952265.1	GCF_003596405.1	Bacteria	Pseudomonadota	Gammaproteobacteria	Pseudomonadales	Pseudomonadaceae	Pseudomonas	Pseudomonas cavernicola
GCF_003595175.1|WP_119894915.1	GCF_003595175.1	Bacteria	Pseudomonadota	Gammaproteobacteria	Pseudomonadales	Pseudomonadaceae	Pseudomonas	Pseudomonas cavernae
GCF_016901015.1|WP_205348723.1	GCF_016901015.1	Bacteria	Pseudomonadota	Gammaproteobacteria	Pseudomonadales	Pseudomonadaceae	Zestomonas	Zestomonas insulae
GCF_900103845.1|WP_084314993.1	GCF_900103845.1	Bacteria	Pseudomonadota	Gammaproteobacteria	Pseudomonadales	Pseudomonadaceae	Pseudomonas	Pseudomonas jinjuensis
GCF_026686735.1|WP_254471032.1	GCF_026686735.1	Bacteria	Pseudomonadota	Gammaproteobacteria	Pseudomonadales	Pseudomonadaceae	Pseudomonas	Pseudomonas triclosanedens
GCF_021603645.1|WP_236200837.1	GCF_021603645.1	Bacteria	Pseudomonadota	Gammaproteobacteria	Pseudomonadales	Pseudomonadaceae	Pseudomonas	Pseudomonas pseudonitroreducens
GCF_005877905.1|WP_138521197.1	GCF_005877905.1	Bacteria	Pseudomonadota	Gammaproteobacteria	Pseudomonadales	Pseudomonadaceae	Pseudomonas	Pseudomonas nicosulfuronedens
GCF_010994165.1|WP_065083931.1	GCF_010994165.1	Bacteria	Pseudomonadota	Gammaproteobacteria	Pseudomonadales	Pseudomonadaceae	Pseudomonas	Pseudomonas nitroreducens
GCF_012971725.1|WP_169941737.1	GCF_012971725.1	Bacteria	Pseudomonadota	Gammaproteobacteria	Pseudomonadales	Pseudomonadaceae	Pseudomonas	Pseudomonas multiresinivorans
GCF_009911755.1|WP_160288192.1	GCF_009911755.1	Bacteria	Pseudomonadota	Gammaproteobacteria	Pseudomonadales	Pseudomonadaceae	Pseudomonas	Pseudomonas knackmussii
GCF_001586155.1|WP_043272330.1	GCF_001586155.1	Bacteria	Pseudomonadota	Gammaproteobacteria	Pseudomonadales	Pseudomonadaceae	Pseudomonas	Pseudomonas citronellolis
GCF_900187975.1|WP_089390584.1	GCF_900187975.1	Bacteria	Pseudomonadota	Gammaproteobacteria	Pseudomonadales	Pseudomonadaceae	Pseudomonas	Pseudomonas delhiensis
GCF_900099785.1|WP_090267811.1	GCF_900099785.1	Bacteria	Pseudomonadota	Gammaproteobacteria	Pseudomonadales	Pseudomonadaceae	Pseudomonas	Pseudomonas panipatensis
GCF_002158995.1|WP_087266586.1	GCF_002158995.1	Bacteria	Pseudomonadota	Gammaproteobacteria	Pseudomonadales	Pseudomonadaceae	Pseudomonas	Pseudomonas caspiana
GCF_014357575.1|WP_187520717.1	GCF_014357575.1	Bacteria	Pseudomonadota	Gammaproteobacteria	Pseudomonadales	Pseudomonadaceae	Pseudomonas	Pseudomonas folii
GCF_021147825.1|WP_231676922.1	GCF_021147825.1	Bacteria	Pseudomonadota	Gammaproteobacteria	Pseudomonadales	Pseudomonadaceae	Pseudomonas	Pseudomonas quasicaspiana
GCF_022790535.1|WP_243247182.1	GCF_022790535.1	Bacteria	Pseudomonadota	Gammaproteobacteria	Pseudomonadales	Pseudomonadaceae	Pseudomonas	Pseudomonas maioricensis
GCF_026810445.1|WP_268797876.1	GCF_026810445.1	Bacteria	Pseudomonadota	Gammaproteobacteria	Pseudomonadales	Pseudomonadaceae	Pseudomonas	Pseudomonas huanghezhanensis
GCF_000759445.1|WP_037012621.1	GCF_000759445.1	Bacteria	Pseudomonadota	Gammaproteobacteria	Pseudomonadales	Pseudomonadaceae	Pseudomonas	Pseudomonas lutea
GCF_021728295.1|WP_237254215.1	GCF_021728295.1	Bacteria	Pseudomonadota	Gammaproteobacteria	Pseudomonadales	Pseudomonadaceae	Pseudomonas	Pseudomonas petrae
GCF_900111735.1|WP_074886531.1	GCF_900111735.1	Bacteria	Pseudomonadota	Gammaproteobacteria	Pseudomonadales	Pseudomonadaceae	Pseudomonas	Pseudomonas graminis
GCF_038397775.1|WP_341959817.1	GCF_038397775.1	Bacteria	Pseudomonadota	Gammaproteobacteria	Pseudomonadales	Pseudomonadaceae	Pseudomonas	Pseudomonas bambusae
GCF_900100795.1|WP_074756037.1	GCF_900100795.1	Bacteria	Pseudomonadota	Gammaproteobacteria	Pseudomonadales	Pseudomonadaceae	Pseudomonas	Pseudomonas abietaniphila
GCF_017165765.1|WP_206403052.1	GCF_017165765.1	Bacteria	Pseudomonadota	Gammaproteobacteria	Pseudomonadales	Pseudomonadaceae	Pseudomonas	Pseudomonas capsici
GCF_030580745.1|WP_304575300.1	GCF_030580745.1	Bacteria	Pseudomonadota	Gammaproteobacteria	Pseudomonadales	Pseudomonadaceae	Pseudomonas	Pseudomonas serbiensis
GCF_016599635.1|WP_007249100.1	GCF_016599635.1	Bacteria	Pseudomonadota	Gammaproteobacteria	Pseudomonadales	Pseudomonadaceae	Pseudomonas	Pseudomonas cannabina
GCF_000007805.1|WP_011105053.1	GCF_000007805.1	Bacteria	Pseudomonadota	Gammaproteobacteria	Pseudomonadales	Pseudomonadaceae	Pseudomonas	Pseudomonas syringae group genomosp. 3
GCF_000452845.1|WP_024696961.1	GCF_000452845.1	Bacteria	Pseudomonadota	Gammaproteobacteria	Pseudomonadales	Pseudomonadaceae	Pseudomonas	Pseudomonas avellanae
GCF_000156995.2|WP_005888900.1	GCF_000156995.2	Bacteria	Pseudomonadota	Gammaproteobacteria	Pseudomonadales	Pseudomonadaceae	Pseudomonas	Pseudomonas coronafaciens
GCF_023278125.1|WP_122347749.1	GCF_023278125.1	Bacteria	Pseudomonadota	Gammaproteobacteria	Pseudomonadales	Pseudomonadaceae	Pseudomonas	Pseudomonas tremae
GCF_000972175.1|WP_046236436.1	GCF_000972175.1	Bacteria	Pseudomonadota	Gammaproteobacteria	Pseudomonadales	Pseudomonadaceae	Pseudomonas	Pseudomonas syringae pv. coryli
GCF_018394375.1|WP_004416099.1	GCF_018394375.1	Bacteria	Pseudomonadota	Gammaproteobacteria	Pseudomonadales	Pseudomonadaceae	Pseudomonas	Pseudomonas syringae
GCF_027983475.1|WP_054081999.1	GCF_027983475.1	Bacteria	Pseudomonadota	Gammaproteobacteria	Pseudomonadales	Pseudomonadaceae	Pseudomonas	Pseudomonas cerasi
GCF_900103225.1|WP_010436805.1	GCF_900103225.1	Bacteria	Pseudomonadota	Gammaproteobacteria	Pseudomonadales	Pseudomonadaceae	Pseudomonas	Pseudomonas congelans
GCF_001400735.1|WP_055007487.1	GCF_001400735.1	Bacteria	Pseudomonadota	Gammaproteobacteria	Pseudomonadales	Pseudomonadaceae	Pseudomonas	Pseudomonas caricapapayae
GCF_022557255.1|WP_055006682.1	GCF_022557255.1	Bacteria	Pseudomonadota	Gammaproteobacteria	Pseudomonadales	Pseudomonadaceae	Pseudomonas	Pseudomonas syringae group genomosp. 7
GCF_020917325.1|WP_230016821.1	GCF_020917325.1	Bacteria	Pseudomonadota	Gammaproteobacteria	Pseudomonadales	Pseudomonadaceae	Pseudomonas	Pseudomonas savastanoi
GCF_000145945.2|WP_005780859.1	GCF_000145945.2	Bacteria	Pseudomonadota	Gammaproteobacteria	Pseudomonadales	Pseudomonadaceae	Pseudomonas	Pseudomonas amygdali
GCF_001400515.1|WP_005734205.1	GCF_001400515.1	Bacteria	Pseudomonadota	Gammaproteobacteria	Pseudomonadales	Pseudomonadaceae	Pseudomonas	Pseudomonas meliae
GCF_024584585.1|WP_054996920.1	GCF_024584585.1	Bacteria	Pseudomonadota	Gammaproteobacteria	Pseudomonadales	Pseudomonadaceae	Pseudomonas	Pseudomonas ficuserectae
GCF_021147775.1|WP_231655480.1	GCF_021147775.1	Bacteria	Pseudomonadota	Gammaproteobacteria	Pseudomonadales	Pseudomonadaceae	Pseudomonas	Pseudomonas californiensis
GCF_002087235.1|WP_083181406.1	GCF_002087235.1	Bacteria	Pseudomonadota	Gammaproteobacteria	Pseudomonadales	Pseudomonadaceae	Pseudomonas	Pseudomonas floridensis
GCF_017826695.1|WP_210042767.1	GCF_017826695.1	Bacteria	Pseudomonadota	Gammaproteobacteria	Pseudomonadales	Pseudomonadaceae	Pseudomonas	Pseudomonas alliivorans
GCF_900184295.1|WP_088236011.1	GCF_900184295.1	Bacteria	Pseudomonadota	Gammaproteobacteria	Pseudomonadales	Pseudomonadaceae	Pseudomonas	Pseudomonas viridiflava
GCF_014358015.1|WP_187519021.1	GCF_014358015.1	Bacteria	Pseudomonadota	Gammaproteobacteria	Pseudomonadales	Pseudomonadaceae	Pseudomonas	Pseudomonas triticifolii
GCF_900143095.1|WP_073172055.1	GCF_900143095.1	Bacteria	Pseudomonadota	Gammaproteobacteria	Pseudomonadales	Pseudomonadaceae	Pseudomonas	Pseudomonas asturiensis
GCF_014694385.1|WP_190416796.1	GCF_014694385.1	Bacteria	Pseudomonadota	Gammaproteobacteria	Pseudomonadales	Pseudomonadaceae	Pseudomonas	Pseudomonas typographi
GCF_000826105.1|WP_040261772.1	GCF_000826105.1	Bacteria	Pseudomonadota	Gammaproteobacteria	Pseudomonadales	Pseudomonadaceae	Pseudomonas	Pseudomonas massiliensis
GCF_012033695.1|WP_168083977.1	GCF_012033695.1	Bacteria	Pseudomonadota	Gammaproteobacteria	Pseudomonadales	Pseudomonadaceae	Pseudomonas	Pseudomonas quercus
GCF_013374995.1|WP_176571964.1	GCF_013374995.1	Bacteria	Pseudomonadota	Gammaproteobacteria	Pseudomonadales	Pseudomonadaceae	Pseudomonas	Pseudomonas eucalypticola
GCF_023509015.1|WP_249671675.1	GCF_023509015.1	Bacteria	Pseudomonadota	Gammaproteobacteria	Pseudomonadales	Pseudomonadaceae	Pseudomonas	Pseudomonas abieticivorans
GCF_900105735.1|WP_093205129.1	GCF_900105735.1	Bacteria	Pseudomonadota	Gammaproteobacteria	Pseudomonadales	Pseudomonadaceae	Pseudomonas	Pseudomonas yamanorum
GCF_015163715.1|WP_193862431.1	GCF_015163715.1	Bacteria	Pseudomonadota	Gammaproteobacteria	Pseudomonadales	Pseudomonadaceae	Pseudomonas	Pseudomonas cyclaminis
GCF_014268275.3|WP_065890521.1	GCF_014268275.3	Bacteria	Pseudomonadota	Gammaproteobacteria	Pseudomonadales	Pseudomonadaceae	Pseudomonas	Pseudomonas tritici
GCF_024112395.2|WP_100491491.1	GCF_024112395.2	Bacteria	Pseudomonadota	Gammaproteobacteria	Pseudomonadales	Pseudomonadaceae	Pseudomonas	Pseudomonas pergaminensis
GCF_030980095.1|WP_028618830.1	GCF_030980095.1	Bacteria	Pseudomonadota	Gammaproteobacteria	Pseudomonadales	Pseudomonadaceae	Pseudomonas	Pseudomonas canadensis
GCF_024584605.1|WP_257103215.1	GCF_024584605.1	Bacteria	Pseudomonadota	Gammaproteobacteria	Pseudomonadales	Pseudomonadaceae	Pseudomonas	Pseudomonas extremorientalis
GCF_031588425.1|WP_310863451.1	GCF_031588425.1	Bacteria	Pseudomonadota	Gammaproteobacteria	Pseudomonadales	Pseudomonadaceae	Pseudomonas	Pseudomonas allii
GCF_900103345.1|WP_071494165.1	GCF_900103345.1	Bacteria	Pseudomonadota	Gammaproteobacteria	Pseudomonadales	Pseudomonadaceae	Pseudomonas	Pseudomonas azotoformans
GCF_011355085.1|WP_166360742.1	GCF_011355085.1	Bacteria	Pseudomonadota	Gammaproteobacteria	Pseudomonadales	Pseudomonadaceae	Pseudomonas	Pseudomonas akapageensis
GCF_001411475.1|WP_055104186.1	GCF_001411475.1	Bacteria	Pseudomonadota	Gammaproteobacteria	Pseudomonadales	Pseudomonadaceae	Pseudomonas	Pseudomonas endophytica
GCF_045830615.1|WP_407730115.1	GCF_045830615.1	Bacteria	Pseudomonadota	Gammaproteobacteria	Pseudomonadales	Pseudomonadaceae	Pseudomonas	Pseudomonas helleri
GCF_900106095.1|WP_048359210.1	GCF_900106095.1	Bacteria	Pseudomonadota	Gammaproteobacteria	Pseudomonadales	Pseudomonadaceae	Pseudomonas	Pseudomonas deceptionensis
GCF_007858365.1|WP_146384280.1	GCF_007858365.1	Bacteria	Pseudomonadota	Gammaproteobacteria	Pseudomonadales	Pseudomonadaceae	Pseudomonas	Pseudomonas saxonica
GCF_963681935.1|WP_261740965.1	GCF_963681935.1	Bacteria	Pseudomonadota	Gammaproteobacteria	Pseudomonadales	Pseudomonadaceae	Pseudomonas	Pseudomonas kulmbachensis
GCF_015476275.1|WP_016779486.1	GCF_015476275.1	Bacteria	Pseudomonadota	Gammaproteobacteria	Pseudomonadales	Pseudomonadaceae	Pseudomonas	Pseudomonas fragi
GCF_037023725.1|WP_338660586.1	GCF_037023725.1	Bacteria	Pseudomonadota	Gammaproteobacteria	Pseudomonadales	Pseudomonadaceae	Pseudomonas	Pseudomonas bubulae
GCF_001294575.1|WP_060690717.1	GCF_001294575.1	Bacteria	Pseudomonadota	Gammaproteobacteria	Pseudomonadales	Pseudomonadaceae	Pseudomonas	Pseudomonas versuta
GCF_904067025.1|WP_003443768.1	GCF_904067025.1	Bacteria	Pseudomonadota	Gammaproteobacteria	Pseudomonadales	Pseudomonadaceae	Pseudomonas	Pseudomonas paraversuta
GCF_036689615.1|WP_053259637.1	GCF_036689615.1	Bacteria	Pseudomonadota	Gammaproteobacteria	Pseudomonadales	Pseudomonadaceae	Pseudomonas	Pseudomonas chlororaphis
GCF_900560965.1|WP_015634150.1	GCF_900560965.1	Bacteria	Pseudomonadota	Gammaproteobacteria	Pseudomonadales	Pseudomonadaceae	Pseudomonas	Pseudomonas protegens
GCF_900105185.1|WP_092319592.1	GCF_900105185.1	Bacteria	Pseudomonadota	Gammaproteobacteria	Pseudomonadales	Pseudomonadaceae	Pseudomonas	Pseudomonas saponiphila
GCF_037903935.1|WP_110653057.1	GCF_037903935.1	Bacteria	Pseudomonadota	Gammaproteobacteria	Pseudomonadales	Pseudomonadaceae	Pseudomonas	Pseudomonas idahonensis
GCF_045013515.1|WP_265074177.1	GCF_045013515.1	Bacteria	Pseudomonadota	Gammaproteobacteria	Pseudomonadales	Pseudomonadaceae	Pseudomonas	Pseudomonas danubii
GCF_003850565.1|WP_124345744.1	GCF_003850565.1	Bacteria	Pseudomonadota	Gammaproteobacteria	Pseudomonadales	Pseudomonadaceae	Pseudomonas	Pseudomonas sessilinigenes
GCF_009380155.1|WP_152896635.1	GCF_009380155.1	Bacteria	Pseudomonadota	Gammaproteobacteria	Pseudomonadales	Pseudomonadaceae	Pseudomonas	Pseudomonas piscis
GCF_009724245.1|WP_155583535.1	GCF_009724245.1	Bacteria	Pseudomonadota	Gammaproteobacteria	Pseudomonadales	Pseudomonadaceae	Pseudomonas	Pseudomonas spelaei
GCF_900215245.1|WP_053254381.1	GCF_900215245.1	Bacteria	Pseudomonadota	Gammaproteobacteria	Pseudomonadales	Pseudomonadaceae	Pseudomonas	Pseudomonas fluorescens
GCF_002263605.1|WP_094950394.1	GCF_002263605.1	Bacteria	Pseudomonadota	Gammaproteobacteria	Pseudomonadales	Pseudomonadaceae	Pseudomonas	Pseudomonas gelidaquae
GCF_900103795.1|WP_083360165.1	GCF_900103795.1	Bacteria	Pseudomonadota	Gammaproteobacteria	Pseudomonadales	Pseudomonadaceae	Pseudomonas	Pseudomonas antarctica
GCF_013385965.1|WP_177033683.1	GCF_013385965.1	Bacteria	Pseudomonadota	Gammaproteobacteria	Pseudomonadales	Pseudomonadaceae	Pseudomonas	Pseudomonas edaphica
GCF_019145355.1|WP_169374507.1	GCF_019145355.1	Bacteria	Pseudomonadota	Gammaproteobacteria	Pseudomonadales	Pseudomonadaceae	Pseudomonas	Pseudomonas azadiae
GCF_900104915.1|WP_076951139.1	GCF_900104915.1	Bacteria	Pseudomonadota	Gammaproteobacteria	Pseudomonadales	Pseudomonadaceae	Pseudomonas	Pseudomonas cedrina
GCF_002563895.1|WP_034102148.1	GCF_002563895.1	Bacteria	Pseudomonadota	Gammaproteobacteria	Pseudomonadales	Pseudomonadaceae	Pseudomonas	Pseudomonas lurida
GCF_000934565.1|WP_021491895.1	GCF_000934565.1	Bacteria	Pseudomonadota	Gammaproteobacteria	Pseudomonadales	Pseudomonadaceae	Pseudomonas	Pseudomonas simiae
GCF_013387025.1|WP_177050265.1	GCF_013387025.1	Bacteria	Pseudomonadota	Gammaproteobacteria	Pseudomonadales	Pseudomonadaceae	Pseudomonas	Pseudomonas reactans
GCF_026410085.1|WP_266245973.1	GCF_026410085.1	Bacteria	Pseudomonadota	Gammaproteobacteria	Pseudomonadales	Pseudomonadaceae	Pseudomonas	Pseudomonas quebecensis
GCF_900101085.1|WP_090409476.1	GCF_900101085.1	Bacteria	Pseudomonadota	Gammaproteobacteria	Pseudomonadales	Pseudomonadaceae	Pseudomonas	Pseudomonas grimontii
GCF_000508205.1|WP_024073421.1	GCF_000508205.1	Bacteria	Pseudomonadota	Gammaproteobacteria	Pseudomonadales	Pseudomonadaceae	Pseudomonas	Pseudomonas gorinensis
GCF_019139815.1|WP_065877299.1	GCF_019139815.1	Bacteria	Pseudomonadota	Gammaproteobacteria	Pseudomonadales	Pseudomonadaceae	Pseudomonas	Pseudomonas asgharzadehiana
GCF_045037875.1|WP_064054748.1	GCF_045037875.1	Bacteria	Pseudomonadota	Gammaproteobacteria	Pseudomonadales	Pseudomonadaceae	Pseudomonas	Pseudomonas petroselini
GCF_003852045.1|WP_124431484.1	GCF_003852045.1	Bacteria	Pseudomonadota	Gammaproteobacteria	Pseudomonadales	Pseudomonadaceae	Pseudomonas	Pseudomonas orientalis
GCF_001439685.1|WP_057013881.1	GCF_001439685.1	Bacteria	Pseudomonadota	Gammaproteobacteria	Pseudomonadales	Pseudomonadaceae	Pseudomonas	Pseudomonas libanensis
GCF_003851555.1|WP_057021579.1	GCF_003851555.1	Bacteria	Pseudomonadota	Gammaproteobacteria	Pseudomonadales	Pseudomonadaceae	Pseudomonas	Pseudomonas synxantha
GCF_036704165.1|WP_338476469.1	GCF_036704165.1	Bacteria	Pseudomonadota	Gammaproteobacteria	Pseudomonadales	Pseudomonadaceae	Pseudomonas	Pseudomonas khavaziana
GCF_046272155.1|WP_020301275.1	GCF_046272155.1	Bacteria	Pseudomonadota	Gammaproteobacteria	Pseudomonadales	Pseudomonadaceae	Pseudomonas	Pseudomonas paracarnis
GCF_001439845.1|WP_057710921.1	GCF_001439845.1	Bacteria	Pseudomonadota	Gammaproteobacteria	Pseudomonadales	Pseudomonadaceae	Pseudomonas	Pseudomonas lactis
GCF_014268375.2|WP_186608176.1	GCF_014268375.2	Bacteria	Pseudomonadota	Gammaproteobacteria	Pseudomonadales	Pseudomonadaceae	Pseudomonas	Pseudomonas salmasensis
GCF_001439735.1|WP_057701621.1	GCF_001439735.1	Bacteria	Pseudomonadota	Gammaproteobacteria	Pseudomonadales	Pseudomonadaceae	Pseudomonas	Pseudomonas paralactis
GCF_009659625.1|WP_153870173.1	GCF_009659625.1	Bacteria	Pseudomonadota	Gammaproteobacteria	Pseudomonadales	Pseudomonadaceae	Pseudomonas	Pseudomonas haemolytica
GCF_014230465.1|WP_185708338.1	GCF_014230465.1	Bacteria	Pseudomonadota	Gammaproteobacteria	Pseudomonadales	Pseudomonadaceae	Pseudomonas	Pseudomonas cremoris
GCF_001050345.1|WP_048724077.1	GCF_001050345.1	Bacteria	Pseudomonadota	Gammaproteobacteria	Pseudomonadales	Pseudomonadaceae	Pseudomonas	Pseudomonas fildesensis
GCF_002028325.1|WP_079442855.1	GCF_002028325.1	Bacteria	Pseudomonadota	Gammaproteobacteria	Pseudomonadales	Pseudomonadaceae	Pseudomonas	Pseudomonas veronii
GCF_963681955.1|WP_321850495.1	GCF_963681955.1	Bacteria	Pseudomonadota	Gammaproteobacteria	Pseudomonadales	Pseudomonadaceae	Pseudomonas	Pseudomonas paraveronii
GCF_013285305.1|WP_167417311.1	GCF_013285305.1	Bacteria	Pseudomonadota	Gammaproteobacteria	Pseudomonadales	Pseudomonadaceae	Pseudomonas	Pseudomonas rhodesiae
GCF_009707515.1|WP_154744686.1	GCF_009707515.1	Bacteria	Pseudomonadota	Gammaproteobacteria	Pseudomonadales	Pseudomonadaceae	Pseudomonas	Pseudomonas karstica
GCF_900102035.1|WP_010565531.1	GCF_900102035.1	Bacteria	Pseudomonadota	Gammaproteobacteria	Pseudomonadales	Pseudomonadaceae	Pseudomonas	Pseudomonas extremaustralis
GCF_001702265.1|WP_065900650.1	GCF_001702265.1	Bacteria	Pseudomonadota	Gammaproteobacteria	Pseudomonadales	Pseudomonadaceae	Pseudomonas	Pseudomonas aylmerensis
GCF_002813445.1|WP_016971578.1	GCF_002813445.1	Bacteria	Pseudomonadota	Gammaproteobacteria	Pseudomonadales	Pseudomonadaceae	Pseudomonas	Pseudomonas tolaasii
GCF_900105935.1|WP_071485940.1	GCF_900105935.1	Bacteria	Pseudomonadota	Gammaproteobacteria	Pseudomonadales	Pseudomonadaceae	Pseudomonas	Pseudomonas costantinii
GCF_004124255.1|WP_129211175.1	GCF_004124255.1	Bacteria	Pseudomonadota	Gammaproteobacteria	Pseudomonadales	Pseudomonadaceae	Pseudomonas	Candidatus Pseudomonas adelgestsugas
GCF_022836895.1|WP_244384344.1	GCF_022836895.1	Bacteria	Pseudomonadota	Gammaproteobacteria	Pseudomonadales	Pseudomonadaceae	Pseudomonas	Pseudomonas palleroniana
GCF_025336485.1|WP_260961149.1	GCF_025336485.1	Bacteria	Pseudomonadota	Gammaproteobacteria	Pseudomonadales	Pseudomonadaceae	Pseudomonas	Pseudomonas citri
GCF_014268655.2|WP_186643899.1	GCF_014268655.2	Bacteria	Pseudomonadota	Gammaproteobacteria	Pseudomonadales	Pseudomonadaceae	Pseudomonas	Pseudomonas marvdashtae
GCF_019141525.1|WP_217861250.1	GCF_019141525.1	Bacteria	Pseudomonadota	Gammaproteobacteria	Pseudomonadales	Pseudomonadaceae	Pseudomonas	Pseudomonas alvandae
GCF_025917275.1|WP_264430542.1	GCF_025917275.1	Bacteria	Pseudomonadota	Gammaproteobacteria	Pseudomonadales	Pseudomonadaceae	Pseudomonas	Pseudomonas agronomica
GCF_021271205.1|WP_053152219.1	GCF_021271205.1	Bacteria	Pseudomonadota	Gammaproteobacteria	Pseudomonadales	Pseudomonadaceae	Pseudomonas	Pseudomonas uvaldensis
GCF_001708425.1|WP_024777460.1	GCF_001708425.1	Bacteria	Pseudomonadota	Gammaproteobacteria	Pseudomonadales	Pseudomonadaceae	Pseudomonas	Pseudomonas corrugata
GCF_030580855.1|WP_304556373.1	GCF_030580855.1	Bacteria	Pseudomonadota	Gammaproteobacteria	Pseudomonadales	Pseudomonadaceae	Pseudomonas	Pseudomonas citrulli
GCF_004786035.1|WP_135843678.1	GCF_004786035.1	Bacteria	Pseudomonadota	Gammaproteobacteria	Pseudomonadales	Pseudomonadaceae	Pseudomonas	Pseudomonas viciae
GCF_001269885.1|WP_053185695.1	GCF_001269885.1	Bacteria	Pseudomonadota	Gammaproteobacteria	Pseudomonadales	Pseudomonadaceae	Pseudomonas	Pseudomonas kilonensis
GCF_014268745.2|WP_186710793.1	GCF_014268745.2	Bacteria	Pseudomonadota	Gammaproteobacteria	Pseudomonadales	Pseudomonadaceae	Pseudomonas	Pseudomonas zanjanensis
GCF_030687875.1|WP_305469726.1	GCF_030687875.1	Bacteria	Pseudomonadota	Gammaproteobacteria	Pseudomonadales	Pseudomonadaceae	Pseudomonas	Pseudomonas beijingensis
GCF_030687835.1|WP_305416383.1	GCF_030687835.1	Bacteria	Pseudomonadota	Gammaproteobacteria	Pseudomonadales	Pseudomonadaceae	Pseudomonas	Pseudomonas hefeiensis
GCF_039581215.1|WP_092394157.1	GCF_039581215.1	Bacteria	Pseudomonadota	Gammaproteobacteria	Pseudomonadales	Pseudomonadaceae	Pseudomonas	Pseudomonas halotolerans
GCF_900105155.1|WP_092273355.1	GCF_900105155.1	Bacteria	Pseudomonadota	Gammaproteobacteria	Pseudomonadales	Pseudomonadaceae	Pseudomonas	Pseudomonas prosekii
GCF_024296925.1|WP_054049965.1	GCF_024296925.1	Bacteria	Pseudomonadota	Gammaproteobacteria	Pseudomonadales	Pseudomonadaceae	Pseudomonas	Pseudomonas nunensis
GCF_015461845.1|WP_027924504.1	GCF_015461845.1	Bacteria	Pseudomonadota	Gammaproteobacteria	Pseudomonadales	Pseudomonadaceae	Pseudomonas	Pseudomonas mucoides
GCF_001874645.1|WP_071551833.1	GCF_001874645.1	Bacteria	Pseudomonadota	Gammaproteobacteria	Pseudomonadales	Pseudomonadaceae	Pseudomonas	Pseudomonas frederiksbergensis
GCF_039908645.1|WP_347927995.1	GCF_039908645.1	Bacteria	Pseudomonadota	Gammaproteobacteria	Pseudomonadales	Pseudomonadaceae	Pseudomonas	Pseudomonas helvetica
GCF_029955235.1|WP_282316577.1	GCF_029955235.1	Bacteria	Pseudomonadota	Gammaproteobacteria	Pseudomonadales	Pseudomonadaceae	Pseudomonas	Pseudomonas fungipugnans
GCF_042846945.1|WP_090316046.1	GCF_042846945.1	Bacteria	Pseudomonadota	Gammaproteobacteria	Pseudomonadales	Pseudomonadaceae	Pseudomonas	Pseudomonas moorei
GCF_900105115.1|WP_090467145.1	GCF_900105115.1	Bacteria	Pseudomonadota	Gammaproteobacteria	Pseudomonadales	Pseudomonadaceae	Pseudomonas	Pseudomonas mohnii
GCF_018502625.1|WP_214380664.1	GCF_018502625.1	Bacteria	Pseudomonadota	Gammaproteobacteria	Pseudomonadales	Pseudomonadaceae	Pseudomonas	Pseudomonas hormoni
GCF_030687395.1|WP_305483407.1	GCF_030687395.1	Bacteria	Pseudomonadota	Gammaproteobacteria	Pseudomonadales	Pseudomonadaceae	Pseudomonas	Pseudomonas wuhanensis
GCF_002356535.2|WP_096513470.1	GCF_002356535.2	Bacteria	Pseudomonadota	Gammaproteobacteria	Pseudomonadales	Pseudomonadaceae	Pseudomonas	Pseudomonas izuensis
GCF_002906155.1|WP_103394136.1	GCF_002906155.1	Bacteria	Pseudomonadota	Gammaproteobacteria	Pseudomonadales	Pseudomonadaceae	Pseudomonas	Pseudomonas laurylsulfativorans
GCF_900105825.1|WP_093226750.1	GCF_900105825.1	Bacteria	Pseudomonadota	Gammaproteobacteria	Pseudomonadales	Pseudomonadaceae	Pseudomonas	Pseudomonas vancouverensis
GCF_002934665.1|WP_104450927.1	GCF_002934665.1	Bacteria	Pseudomonadota	Gammaproteobacteria	Pseudomonadales	Pseudomonadaceae	Pseudomonas	Pseudomonas laurylsulfatiphila
GCF_019139795.1|WP_015093477.1	GCF_019139795.1	Bacteria	Pseudomonadota	Gammaproteobacteria	Pseudomonadales	Pseudomonadaceae	Pseudomonas	Pseudomonas azerbaijanorientalis
GCF_047345015.1|WP_056728306.1	GCF_047345015.1	Bacteria	Pseudomonadota	Gammaproteobacteria	Pseudomonadales	Pseudomonadaceae	Pseudomonas	Pseudomonas monachiensis
GCF_900104905.1|WP_057716442.1	GCF_900104905.1	Bacteria	Pseudomonadota	Gammaproteobacteria	Pseudomonadales	Pseudomonadaceae	Pseudomonas	Pseudomonas jessenii
GCF_039909015.1|WP_347910591.1	GCF_039909015.1	Bacteria	Pseudomonadota	Gammaproteobacteria	Pseudomonadales	Pseudomonadaceae	Pseudomonas	Pseudomonas grandcourensis
GCF_001654515.1|WP_064585956.1	GCF_001654515.1	Bacteria	Pseudomonadota	Gammaproteobacteria	Pseudomonadales	Pseudomonadaceae	Pseudomonas	Pseudomonas koreensis
GCF_017976235.1|WP_210701367.1	GCF_017976235.1	Bacteria	Pseudomonadota	Gammaproteobacteria	Pseudomonadales	Pseudomonadaceae	Pseudomonas	Pseudomonas anatoliensis
GCF_025397885.1|WP_115147467.1	GCF_025397885.1	Bacteria	Pseudomonadota	Gammaproteobacteria	Pseudomonadales	Pseudomonadaceae	Pseudomonas	Pseudomonas iridis
GCF_013433315.1|WP_016984325.1	GCF_013433315.1	Bacteria	Pseudomonadota	Gammaproteobacteria	Pseudomonadales	Pseudomonadaceae	Pseudomonas	Pseudomonas crudilactis
GCF_002813455.1|WP_100846247.1	GCF_002813455.1	Bacteria	Pseudomonadota	Gammaproteobacteria	Pseudomonadales	Pseudomonadaceae	Pseudomonas	Pseudomonas baetica
GCF_014268445.2|WP_150705932.1	GCF_014268445.2	Bacteria	Pseudomonadota	Gammaproteobacteria	Pseudomonadales	Pseudomonadaceae	Pseudomonas	Pseudomonas tensinigenes
GCF_018336155.1|WP_053117074.1	GCF_018336155.1	Bacteria	Pseudomonadota	Gammaproteobacteria	Pseudomonadales	Pseudomonadaceae	Pseudomonas	Pseudomonas rustica
GCF_900182985.1|WP_283437694.1	GCF_900182985.1	Bacteria	Pseudomonadota	Gammaproteobacteria	Pseudomonadales	Pseudomonadaceae	Pseudomonas	Pseudomonas helmanticensis
GCF_014268595.2|WP_186547287.1	GCF_014268595.2	Bacteria	Pseudomonadota	Gammaproteobacteria	Pseudomonadales	Pseudomonadaceae	Pseudomonas	Pseudomonas hamedanensis
GCF_011369485.1|WP_166220525.1	GCF_011369485.1	Bacteria	Pseudomonadota	Gammaproteobacteria	Pseudomonadales	Pseudomonadaceae	Pseudomonas	Pseudomonas atagonensis
GCF_021602155.1|WP_131671444.1	GCF_021602155.1	Bacteria	Pseudomonadota	Gammaproteobacteria	Pseudomonadales	Pseudomonadaceae	Pseudomonas	Pseudomonas parakoreensis
GCF_014268495.2|WP_186748603.1	GCF_014268495.2	Bacteria	Pseudomonadota	Gammaproteobacteria	Pseudomonadales	Pseudomonadaceae	Pseudomonas	Pseudomonas monsensis
GCF_019145495.1|WP_217871231.1	GCF_019145495.1	Bacteria	Pseudomonadota	Gammaproteobacteria	Pseudomonadales	Pseudomonadaceae	Pseudomonas	Pseudomonas azerbaijanoccidentalis
GCF_900104125.1|WP_075947642.1	GCF_900104125.1	Bacteria	Pseudomonadota	Gammaproteobacteria	Pseudomonadales	Pseudomonadaceae	Pseudomonas	Pseudomonas reinekei
GCF_012647205.1|WP_033040125.1	GCF_012647205.1	Bacteria	Pseudomonadota	Gammaproteobacteria	Pseudomonadales	Pseudomonadaceae	Pseudomonas	Pseudomonas umsongensis
GCF_028823535.1|WP_046820578.1	GCF_028823535.1	Bacteria	Pseudomonadota	Gammaproteobacteria	Pseudomonadales	Pseudomonadaceae	Pseudomonas	Pseudomonas serbica
GCF_047758635.1|WP_129438527.1	GCF_047758635.1	Bacteria	Pseudomonadota	Gammaproteobacteria	Pseudomonadales	Pseudomonadaceae	Pseudomonas	Pseudomonas frigoris
GCF_019145235.1|WP_217857629.1	GCF_019145235.1	Bacteria	Pseudomonadota	Gammaproteobacteria	Pseudomonadales	Pseudomonadaceae	Pseudomonas	Pseudomonas farris
GCF_024169545.1|WP_192417390.1	GCF_024169545.1	Bacteria	Pseudomonadota	Gammaproteobacteria	Pseudomonadales	Pseudomonadaceae	Pseudomonas	Pseudomonas migulae
GCF_001661075.1|WP_064679749.1	GCF_001661075.1	Bacteria	Pseudomonadota	Gammaproteobacteria	Pseudomonadales	Pseudomonadaceae	Pseudomonas	Pseudomonas silesiensis
GCF_017114825.1|WP_205893547.1	GCF_017114825.1	Bacteria	Pseudomonadota	Gammaproteobacteria	Pseudomonadales	Pseudomonadaceae	Pseudomonas	Pseudomonas gregormendelii
GCF_023072615.1|WP_247290616.1	GCF_023072615.1	Bacteria	Pseudomonadota	Gammaproteobacteria	Pseudomonadales	Pseudomonadaceae	Pseudomonas	Pseudomonas violetae
GCF_900106065.1|WP_083375029.1	GCF_900106065.1	Bacteria	Pseudomonadota	Gammaproteobacteria	Pseudomonadales	Pseudomonadaceae	Pseudomonas	Pseudomonas mandelii
GCF_050434865.1|WP_033058054.1	GCF_050434865.1	Bacteria	Pseudomonadota	Gammaproteobacteria	Pseudomonadales	Pseudomonadaceae	Pseudomonas	Pseudomonas silensiensis
GCF_047758675.1|WP_415757956.1	GCF_047758675.1	Bacteria	Pseudomonadota	Gammaproteobacteria	Pseudomonadales	Pseudomonadaceae	Pseudomonas	Pseudomonas arabinosi
GCF_039888995.1|WP_347803554.1	GCF_039888995.1	Bacteria	Pseudomonadota	Gammaproteobacteria	Pseudomonadales	Pseudomonadaceae	Pseudomonas	Pseudomonas rossensis
GCF_030053115.1|WP_283182943.1	GCF_030053115.1	Bacteria	Pseudomonadota	Gammaproteobacteria	Pseudomonadales	Pseudomonadaceae	Pseudomonas	Pseudomonas svalbardensis
GCF_047758685.1|WP_415773235.1	GCF_047758685.1	Bacteria	Pseudomonadota	Gammaproteobacteria	Pseudomonadales	Pseudomonadaceae	Pseudomonas	Pseudomonas lyxosi
GCF_030687935.1|WP_305448193.1	GCF_030687935.1	Bacteria	Pseudomonadota	Gammaproteobacteria	Pseudomonadales	Pseudomonadaceae	Pseudomonas	Pseudomonas cucumis
GCF_900103875.1|WP_090175546.1	GCF_900103875.1	Bacteria	Pseudomonadota	Gammaproteobacteria	Pseudomonadales	Pseudomonadaceae	Pseudomonas	Pseudomonas arsenicoxydans
GCF_015461835.1|WP_194933419.1	GCF_015461835.1	Bacteria	Pseudomonadota	Gammaproteobacteria	Pseudomonadales	Pseudomonadaceae	Pseudomonas	Pseudomonas neuropathica
GCF_014268485.2|WP_186624812.1	GCF_014268485.2	Bacteria	Pseudomonadota	Gammaproteobacteria	Pseudomonadales	Pseudomonadaceae	Pseudomonas	Pseudomonas zeae
GCF_019614655.1|WP_095125389.1	GCF_019614655.1	Bacteria	Pseudomonadota	Gammaproteobacteria	Pseudomonadales	Pseudomonadaceae	Pseudomonas	Pseudomonas germanica
GCF_025706525.1|WP_263471436.1	GCF_025706525.1	Bacteria	Pseudomonadota	Gammaproteobacteria	Pseudomonadales	Pseudomonadaceae	Pseudomonas	Pseudomonas mercuritolerans
GCF_019145375.1|WP_217864362.1	GCF_019145375.1	Bacteria	Pseudomonadota	Gammaproteobacteria	Pseudomonadales	Pseudomonadaceae	Pseudomonas	Pseudomonas triticicola
GCF_036283065.1|WP_329515825.1	GCF_036283065.1	Bacteria	Pseudomonadota	Gammaproteobacteria	Pseudomonadales	Pseudomonadaceae	Pseudomonas	Pseudomonas moraviensis
GCF_043496865.1|WP_394507507.1	GCF_043496865.1	Bacteria	Pseudomonadota	Gammaproteobacteria	Pseudomonadales	Pseudomonadaceae	Pseudomonas	Pseudomonas retamae
GCF_014268505.2|WP_186532695.1	GCF_014268505.2	Bacteria	Pseudomonadota	Gammaproteobacteria	Pseudomonadales	Pseudomonadaceae	Pseudomonas	Pseudomonas khorasanensis
GCF_014268585.2|WP_186568062.1	GCF_014268585.2	Bacteria	Pseudomonadota	Gammaproteobacteria	Pseudomonadales	Pseudomonadaceae	Pseudomonas	Pseudomonas iranensis
GCF_017167965.1|WP_016771712.1	GCF_017167965.1	Bacteria	Pseudomonadota	Gammaproteobacteria	Pseudomonadales	Pseudomonadaceae	Pseudomonas	Pseudomonas atacamensis
GCF_024072275.1|WP_252887317.1	GCF_024072275.1	Bacteria	Pseudomonadota	Gammaproteobacteria	Pseudomonadales	Pseudomonadaceae	Pseudomonas	Pseudomonas siliginis
GCF_900105485.1|WP_090281753.1	GCF_900105485.1	Bacteria	Pseudomonadota	Gammaproteobacteria	Pseudomonadales	Pseudomonadaceae	Pseudomonas	Pseudomonas granadensis
GCF_028830055.1|WP_274658430.1	GCF_028830055.1	Bacteria	Pseudomonadota	Gammaproteobacteria	Pseudomonadales	Pseudomonadaceae	Pseudomonas	Pseudomonas serboccidentalis
GCF_001679645.1|WP_065261804.1	GCF_001679645.1	Bacteria	Pseudomonadota	Gammaproteobacteria	Pseudomonadales	Pseudomonadaceae	Pseudomonas	Pseudomonas bananamidigenes
GCF_019145435.1|WP_217893671.1	GCF_019145435.1	Bacteria	Pseudomonadota	Gammaproteobacteria	Pseudomonadales	Pseudomonadaceae	Pseudomonas	Pseudomonas ekonensis
GCF_001594225.2|WP_064382555.1	GCF_001594225.2	Bacteria	Pseudomonadota	Gammaproteobacteria	Pseudomonadales	Pseudomonadaceae	Pseudomonas	Pseudomonas glycinae
GCF_021603585.1|WP_236178115.1	GCF_021603585.1	Bacteria	Pseudomonadota	Gammaproteobacteria	Pseudomonadales	Pseudomonadaceae	Pseudomonas	Pseudomonas sputi
GCF_014863585.1|WP_085685681.1	GCF_014863585.1	Bacteria	Pseudomonadota	Gammaproteobacteria	Pseudomonadales	Pseudomonadaceae	Pseudomonas	Pseudomonas gozinkensis
GCF_021018765.1|WP_085685681.1	GCF_021018765.1	Bacteria	Pseudomonadota	Gammaproteobacteria	Pseudomonadales	Pseudomonadaceae	Pseudomonas	Pseudomonas fitomaticsae
GCF_028657135.1|WP_085685681.1	GCF_028657135.1	Bacteria	Pseudomonadota	Gammaproteobacteria	Pseudomonadales	Pseudomonadaceae	Pseudomonas	Pseudomonas aphyarum
GCF_021601625.1|WP_236187965.1	GCF_021601625.1	Bacteria	Pseudomonadota	Gammaproteobacteria	Pseudomonadales	Pseudomonadaceae	Pseudomonas	Pseudomonas paraglycinae
GCF_021602345.1|WP_236189837.1	GCF_021602345.1	Bacteria	Pseudomonadota	Gammaproteobacteria	Pseudomonadales	Pseudomonadaceae	Pseudomonas	Pseudomonas pharyngis
GCF_048654275.1|WP_445433796.1	GCF_048654275.1	Bacteria	Pseudomonadota	Gammaproteobacteria	Pseudomonadales	Pseudomonadaceae	Pseudomonas	Candidatus Pseudomonas auctus
GCF_003352185.1|WP_114881411.1	GCF_003352185.1	Bacteria	Pseudomonadota	Gammaproteobacteria	Pseudomonadales	Pseudomonadaceae	Pseudomonas	Pseudomonas kribbensis
GCF_014863605.1|WP_192559774.1	GCF_014863605.1	Bacteria	Pseudomonadota	Gammaproteobacteria	Pseudomonadales	Pseudomonadaceae	Pseudomonas	Pseudomonas allokribbensis
GCF_019145475.1|WP_217830995.1	GCF_019145475.1	Bacteria	Pseudomonadota	Gammaproteobacteria	Pseudomonadales	Pseudomonadaceae	Pseudomonas	Pseudomonas botevensis
GCF_030505375.1|WP_302098679.1	GCF_030505375.1	Bacteria	Pseudomonadota	Gammaproteobacteria	Pseudomonadales	Pseudomonadaceae	Pseudomonas	Pseudomonas kielensis
GCF_039908635.1|WP_347904086.1	GCF_039908635.1	Bacteria	Pseudomonadota	Gammaproteobacteria	Pseudomonadales	Pseudomonadaceae	Pseudomonas	Pseudomonas purpurea
GCF_001543125.1|WP_017132906.1	GCF_001543125.1	Bacteria	Pseudomonadota	Gammaproteobacteria	Pseudomonadales	Pseudomonadaceae	Pseudomonas	Pseudomonas agarici
GCF_013386115.1|WP_177084120.1	GCF_013386115.1	Bacteria	Pseudomonadota	Gammaproteobacteria	Pseudomonadales	Pseudomonadaceae	Pseudomonas	Pseudomonas gingeri
GCF_014268755.2|WP_186686223.1	GCF_014268755.2	Bacteria	Pseudomonadota	Gammaproteobacteria	Pseudomonadales	Pseudomonadaceae	Pseudomonas	Pseudomonas vanderleydeniana
GCF_036585405.1|WP_338522658.1	GCF_036585405.1	Bacteria	Pseudomonadota	Gammaproteobacteria	Pseudomonadales	Pseudomonadaceae	Pseudomonas	Pseudomonas batumici
GCF_046844695.1|WP_110187163.1	GCF_046844695.1	Bacteria	Pseudomonadota	Gammaproteobacteria	Oceanospirillales	Balneatrichaceae	Pokkaliibacter	Pokkaliibacter plantistimulans
GCF_008247605.1|WP_070977377.1	GCF_008247605.1	Bacteria	Pseudomonadota	Gammaproteobacteria	Oceanospirillales	Halomonadaceae	Kushneria	Kushneria phosphatilytica
GCF_026240105.1|WP_265895751.1	GCF_026240105.1	Bacteria	Pseudomonadota	Gammaproteobacteria	Oceanospirillales	Halomonadaceae	Larsenimonas	Larsenimonas rhizosphaerae
GCF_023736155.1|WP_251924798.1	GCF_023736155.1	Bacteria	Pseudomonadota	Gammaproteobacteria	Oceanospirillales	Halomonadaceae	Larsenimonas	Larsenimonas salina
GCF_031451775.1|WP_251589789.1	GCF_031451775.1	Bacteria	Pseudomonadota	Gammaproteobacteria	Oceanospirillales	Halomonadaceae	Larsenimonas	Larsenimonas suaedae
GCF_051251085.1|WP_442322380.1	GCF_051251085.1	Bacteria	Pseudomonadota	Gammaproteobacteria	Oceanospirillales	Halomonadaceae	Cernens	Cernens ardua
GCF_003072645.1|WP_108652143.1	GCF_003072645.1	Bacteria	Pseudomonadota	Gammaproteobacteria	Aeromonadales	Aeromonadaceae	Dongshaea	Dongshaea marina
GCF_038086725.1|WP_341489260.1	GCF_038086725.1	Bacteria	Pseudomonadota	Gammaproteobacteria	Vibrionales	Vibrionaceae	Photobacterium	Photobacterium damselae
GCF_009601765.2|WP_153448087.1	GCF_009601765.2	Bacteria	Pseudomonadota	Gammaproteobacteria	Vibrionales	Vibrionaceae	Vibrio	Vibrio algicola
GCF_002157735.2|WP_086981853.1	GCF_002157735.2	Bacteria	Pseudomonadota	Gammaproteobacteria	Vibrionales	Vibrionaceae	Vibrio	Vibrio aphrogenes
GCF_026001925.1|WP_105902968.1	GCF_026001925.1	Bacteria	Pseudomonadota	Gammaproteobacteria	Vibrionales	Vibrionaceae	Vibrio	Vibrio gangliei
GCF_002218045.2|WP_089138024.1	GCF_002218045.2	Bacteria	Pseudomonadota	Gammaproteobacteria	Vibrionales	Vibrionaceae	Vibrio	Vibrio rumoiensis
GCF_030161215.1|WP_089125097.1	GCF_030161215.1	Bacteria	Pseudomonadota	Gammaproteobacteria	Vibrionales	Vibrionaceae	Vibrio	Vibrio algivorus
GCF_003182095.1|WP_110020196.1	GCF_003182095.1	Bacteria	Pseudomonadota	Gammaproteobacteria		Candidatus Competibacteraceae	Plasticicumulans	Plasticicumulans acidivorans
GCF_004341245.1|WP_132538696.1	GCF_004341245.1	Bacteria	Pseudomonadota	Gammaproteobacteria		Candidatus Competibacteraceae	Plasticicumulans	Plasticicumulans lactativorans
GCF_002251735.1|WP_094406721.1	GCF_002251735.1	Bacteria	Pseudomonadota	Alphaproteobacteria	Rhodospirillales	Rhodospirillaceae	Elstera	Elstera cyanobacteriorum
GCF_009184905.1|WP_152215668.1	GCF_009184905.1	Bacteria	Pseudomonadota	Alphaproteobacteria	Hyphomicrobiales	Parvibaculaceae	Parvibaculum	Parvibaculum sedimenti
GCF_009296175.1|WP_152714724.1	GCF_009296175.1	Bacteria	Pseudomonadota	Alphaproteobacteria	Hyphomicrobiales	Methylobacteriaceae	Microvirga	Microvirga tunisiensis
GCF_009363855.1|WP_194164510.1	GCF_009363855.1	Bacteria	Pseudomonadota	Alphaproteobacteria	Hyphomicrobiales	Methylobacteriaceae	Microvirga	Microvirga thermotolerans
GCF_020866965.1|WP_230531963.1	GCF_020866965.1	Bacteria	Pseudomonadota	Alphaproteobacteria	Hyphomicrobiales	Methylobacteriaceae	Microvirga	Microvirga roseola
GCF_000429785.1|WP_051259123.1	GCF_000429785.1	Bacteria	Pseudomonadota	Betaproteobacteria	Neisseriales	Chitinibacteraceae	Chitinibacter	Chitinibacter tainanensis
GCF_013423785.1|WP_180307307.1	GCF_013423785.1	Bacteria	Pseudomonadota	Betaproteobacteria	Neisseriales	Chitinibacteraceae	Chitinibacter	Chitinibacter fontanus
GCF_040047665.1|WP_348945322.1	GCF_040047665.1	Bacteria	Pseudomonadota	Betaproteobacteria	Neisseriales	Chitinibacteraceae	Chitinibacter	Chitinibacter mangrovi
GCF_013403565.1|WP_179357367.1	GCF_013403565.1	Bacteria	Pseudomonadota	Betaproteobacteria	Neisseriales	Chitinibacteraceae	Chitinibacter	Chitinibacter bivalviorum
GCF_016881405.1|WP_239078191.1	GCF_016881405.1	Bacteria	Pseudomonadota	Betaproteobacteria	Neisseriales	Chitinibacteraceae	Deefgea	Deefgea chitinilytica
GCF_019665765.1|WP_255573489.1	GCF_019665765.1	Bacteria	Pseudomonadota	Betaproteobacteria	Neisseriales	Chitinibacteraceae	Deefgea	Deefgea tanakiae
GCF_000620145.1|WP_051534789.1	GCF_000620145.1	Bacteria	Pseudomonadota	Betaproteobacteria	Neisseriales	Chitinibacteraceae	Deefgea	Deefgea rivuli
GCF_013284055.1|WP_173531944.1	GCF_013284055.1	Bacteria	Pseudomonadota	Betaproteobacteria	Neisseriales	Chitinibacteraceae	Deefgea	Deefgea piscis
GCF_020531905.1|WP_226763773.1	GCF_020531905.1	Bacteria	Pseudomonadota	Betaproteobacteria	Neisseriales	Chitinibacteraceae	Deefgea	Deefgea salmonis
GCF_015223195.1|WP_194115210.1	GCF_015223195.1	Bacteria	Pseudomonadota	Betaproteobacteria	Neisseriales	Chitinibacteraceae	Chitinilyticum	Chitinilyticum piscinae
GCF_000428145.1|WP_051304680.1	GCF_000428145.1	Bacteria	Pseudomonadota	Betaproteobacteria	Neisseriales	Chitinibacteraceae	Chitinilyticum	Chitinilyticum litopenaei
GCF_000430805.1|WP_051278961.1	GCF_000430805.1	Bacteria	Pseudomonadota	Betaproteobacteria	Neisseriales	Chitinibacteraceae	Chitinilyticum	Chitinilyticum aquatile
GCF_000374805.1|WP_018747659.1	GCF_000374805.1	Bacteria	Pseudomonadota	Betaproteobacteria	Neisseriales	Chitinibacteraceae	Chitiniphilus	Chitiniphilus shinanonensis
GCF_042140075.1|WP_136773155.1	GCF_042140075.1	Bacteria	Pseudomonadota	Betaproteobacteria	Neisseriales	Chitinibacteraceae	Chitiniphilus	Chitiniphilus eburneus
GCF_900176275.1|WP_084088753.1	GCF_900176275.1	Bacteria	Pseudomonadota	Betaproteobacteria	Neisseriales	Chitinibacteraceae	Andreprevotia	Andreprevotia lacus
GCF_024437655.1|WP_255989891.1	GCF_024437655.1	Bacteria	Pseudomonadota	Betaproteobacteria	Neisseriales	Chitinibacteraceae	Chitinolyticbacter	Chitinolyticbacter albus
GCF_008033135.1|WP_148716273.1	GCF_008033135.1	Bacteria	Pseudomonadota	Betaproteobacteria	Neisseriales	Chitinibacteraceae	Chitinolyticbacter	Chitinolyticbacter meiyuanensis
GCF_025642115.1|WP_263126481.1	GCF_025642115.1	Bacteria	Pseudomonadota	Betaproteobacteria	Neisseriales	Chitinibacteraceae	Chitiniphilus	Chitiniphilus purpureus
GCF_014652315.1|WP_189458626.1	GCF_014652315.1	Bacteria	Pseudomonadota	Betaproteobacteria	Neisseriales	Chitinibacteraceae	Jeongeupia	Jeongeupia chitinilytica
GCF_016865585.1|WP_203536973.1	GCF_016865585.1	Bacteria	Pseudomonadota	Betaproteobacteria	Neisseriales	Chitinibacteraceae	Jeongeupia	Jeongeupia naejangsanensis
GCF_050916355.1|WP_432719792.1	GCF_050916355.1	Bacteria	Pseudomonadota	Betaproteobacteria	Neisseriales	Chitinibacteraceae	Jeongeupia	Jeongeupia wiesaeckerbachi
GCF_000378405.1|WP_019000974.1	GCF_000378405.1	Bacteria	Pseudomonadota	Gammaproteobacteria	Aeromonadales	Succinivibrionaceae	Succinimonas	Succinimonas amylolytica
GCF_900115655.1|WP_093140901.1	GCF_900115655.1	Bacteria	Pseudomonadota	Gammaproteobacteria	Aeromonadales	Succinivibrionaceae	Ruminobacter	Ruminobacter amylophilus
GCF_900445255.1|WP_113746017.1	GCF_900445255.1	Bacteria	Pseudomonadota	Gammaproteobacteria	Aeromonadales	Succinivibrionaceae	Anaerobiospirillum	Anaerobiospirillum thomasii
GCF_016747875.1|WP_078928686.1	GCF_016747875.1	Bacteria	Pseudomonadota	Gammaproteobacteria	Aeromonadales	Succinivibrionaceae	Succinivibrio	Succinivibrio dextrinosolvens
GCF_019448115.1|WP_219937636.1	GCF_019448115.1	Bacteria	Pseudomonadota	Gammaproteobacteria	Aeromonadales	Succinivibrionaceae	Succinivibrio	Succinivibrio faecicola
GCF_000188195.1|WP_009143445.1	GCF_000188195.1	Bacteria	Pseudomonadota	Gammaproteobacteria	Aeromonadales	Succinivibrionaceae	Succinatimonas	Succinatimonas hippei
GCF_000482845.1|WP_084281584.1	GCF_000482845.1	Bacteria	Pseudomonadota	Gammaproteobacteria	Aeromonadales	Succinivibrionaceae	Anaerobiospirillum	Anaerobiospirillum succiniciproducens
GCF_014202765.1|WP_184097289.1	GCF_014202765.1	Bacteria	Pseudomonadota	Betaproteobacteria	Neisseriales	Chitinibacteraceae	Silvimonas	Silvimonas terrae
GCF_030035605.1|WP_283149129.1	GCF_030035605.1	Bacteria	Pseudomonadota	Betaproteobacteria	Neisseriales	Chitinibacteraceae	Silvimonas	Silvimonas soli
GCF_039540575.1|WP_345013144.1	GCF_039540575.1	Bacteria	Pseudomonadota	Gammaproteobacteria	Aeromonadales	Aeromonadaceae	Pseudaeromonas	Pseudaeromonas paramecii
GCF_046254905.1|WP_409420732.1	GCF_046254905.1	Bacteria	Pseudomonadota	Gammaproteobacteria	Aeromonadales	Aeromonadaceae	Pseudaeromonas	Pseudaeromonas aegiceratis
GCF_042649925.1|WP_377149785.1	GCF_042649925.1	Bacteria	Pseudomonadota	Gammaproteobacteria	Aeromonadales	Aeromonadaceae	Pseudaeromonas	Pseudaeromonas sharmana
GCF_000527035.1|WP_024872667.1	GCF_000527035.1	Bacteria	Pseudomonadota	Gammaproteobacteria	Aeromonadales	Aeromonadaceae	Tolumonas	Tolumonas lignilytica
GCF_000023065.1|WP_012728901.1	GCF_000023065.1	Bacteria	Pseudomonadota	Gammaproteobacteria	Aeromonadales	Aeromonadaceae	Tolumonas	Tolumonas auensis
GCF_014202415.1|WP_188025052.1	GCF_014202415.1	Bacteria	Pseudomonadota	Gammaproteobacteria	Aeromonadales	Aeromonadaceae	Tolumonas	Tolumonas osonensis
GCF_000423285.1|WP_034985767.1	GCF_000423285.1	Bacteria	Pseudomonadota	Betaproteobacteria	Neisseriales	Aquaspirillaceae	Laribacter	Laribacter hongkongensis
GCF_002892535.1|WP_102950340.1	GCF_002892535.1	Bacteria	Pseudomonadota	Betaproteobacteria	Neisseriales	Neisseriaceae	Aquella	Aquella oligotrophica
GCF_001611555.1|WP_066236914.1	GCF_001611555.1	Bacteria	Bacillota	Negativicutes		Acetonemataceae	Anaerosporomusa	Anaerosporomusa subterranea
GCF_000169155.1|WP_040683181.1	GCF_000169155.1	Bacteria	Bacillota	Negativicutes	Selenomonadales	Sporomusaceae	Thermosinus	Thermosinus carboxydivorans
GCF_900102435.1|WP_093690268.1	GCF_900102435.1	Bacteria	Bacillota	Negativicutes	Selenomonadales	Sporomusaceae	Sporolituus	Sporolituus thermophilus
GCF_000445445.2|WP_236614544.1	GCF_000445445.2	Bacteria	Bacillota	Negativicutes	Selenomonadales	Sporomusaceae	Sporomusa	Sporomusa ovata
GCF_002257695.2|WP_169717058.1	GCF_002257695.2	Bacteria	Bacillota	Negativicutes	Selenomonadales	Sporomusaceae	Sporomusa	Sporomusa acidovorans
GCF_041428575.1|WP_425059640.1	GCF_041428575.1	Bacteria	Bacillota	Negativicutes	Selenomonadales	Sporomusaceae	Sporomusa	Sporomusa carbonis
GCF_001941975.2|WP_075752332.1	GCF_001941975.2	Bacteria	Bacillota	Negativicutes	Selenomonadales	Sporomusaceae	Sporomusa	Sporomusa sphaeroides
GCF_007641255.1|WP_246105411.1	GCF_007641255.1	Bacteria	Bacillota	Negativicutes	Selenomonadales	Sporomusaceae	Sporomusa	Sporomusa termitida
GCF_041428715.1|WP_084575682.1	GCF_041428715.1	Bacteria	Bacillota	Negativicutes	Selenomonadales	Sporomusaceae	Sporomusa	Sporomusa malonica
GCF_003966895.1|WP_126306944.1	GCF_003966895.1	Bacteria	Bacillota	Negativicutes	Selenomonadales	Sporomusaceae	Methylomusa	Methylomusa anaerophila
GCF_004340685.1|WP_132013253.1	GCF_004340685.1	Bacteria	Bacillota				Hydrogenispora	Hydrogenispora ethanolica
GCF_002257705.2|WP_094606715.1	GCF_002257705.2	Bacteria	Bacillota	Negativicutes	Selenomonadales	Sporomusaceae	Sporomusa	Sporomusa silvacetica
GCF_900104455.1|WP_092072793.1	GCF_900104455.1	Bacteria	Bacillota	Negativicutes	Selenomonadales	Sporomusaceae	Dendrosporobacter	Dendrosporobacter quercicolus
GCF_000426665.1|WP_026761705.1	GCF_000426665.1	Bacteria	Bacillota	Negativicutes	Selenomonadales	Selenomonadaceae	Selenomonas	Selenomonas artemidis
GCF_000234095.1|WP_342626175.1	GCF_000234095.1	Bacteria	Bacillota	Negativicutes	Selenomonadales	Selenomonadaceae	Selenomonas	Selenomonas infelix
GCF_014250475.1|WP_185980261.1	GCF_014250475.1	Bacteria	Bacillota	Negativicutes	Selenomonadales	Selenomonadaceae	Selenomonas	Selenomonas timonae
GCF_900114615.1|WP_090944092.1	GCF_900114615.1	Bacteria	Bacillota	Negativicutes	Selenomonadales	Sporomusaceae	Pelosinus	Pelosinus propionicus
GCF_000430605.1|WP_027938510.1	GCF_000430605.1	Bacteria	Bacillota	Negativicutes	Selenomonadales	Sporomusaceae	Anaeroarcus	Anaeroarcus burkinensis
GCF_900141835.1|WP_149735125.1	GCF_900141835.1	Bacteria	Bacillota	Negativicutes	Selenomonadales	Sporomusaceae	Propionispora	Propionispora hippei
GCF_041428895.1|WP_371381673.1	GCF_041428895.1	Bacteria	Bacillota	Negativicutes	Selenomonadales	Sporomusaceae	Sporomusa	Sporomusa aerivorans
GCF_041428605.1|WP_250725027.1	GCF_041428605.1	Bacteria	Bacillota	Negativicutes	Selenomonadales	Sporomusaceae	Sporomusa	Sporomusa paucivorans
GCF_041428845.1|WP_371369733.1	GCF_041428845.1	Bacteria	Bacillota	Negativicutes	Selenomonadales	Sporomusaceae	Sporomusa	Sporomusa rhizae
GCF_000271485.2|WP_007931276.1	GCF_000271485.2	Bacteria	Bacillota	Negativicutes	Selenomonadales	Sporomusaceae	Pelosinus	Pelosinus fermentans
GCF_020819555.1|WP_229537363.1	GCF_020819555.1	Bacteria	Bacillota	Negativicutes	Selenomonadales	Sporomusaceae	Pelosinus	Pelosinus baikalensis
GCF_900476375.1|WP_122629926.1	GCF_900476375.1	Bacteria	Bacillota	Negativicutes	Veillonellales	Veillonellaceae	Lucifera	Lucifera butyrica
GCF_004339805.1|WP_132082797.1	GCF_004339805.1	Bacteria	Bacillota	Negativicutes	Selenomonadales	Sporomusaceae	Anaerospora	Anaerospora hongkongensis
GCF_018835585.1|WP_215830133.1	GCF_018835585.1	Bacteria	Bacillota	Negativicutes	Selenomonadales	Sporomusaceae	Pelorhabdus	Pelorhabdus rhamnosifermentans
GCF_900086705.1|WP_110955620.1	GCF_900086705.1	Bacteria	Bacillota	Negativicutes	Selenomonadales	Sporomusaceae	Anaerosinus	Anaerosinus massiliensis
GCF_900110485.1|WP_091749461.1	GCF_900110485.1	Bacteria	Bacillota	Negativicutes	Selenomonadales	Sporomusaceae	Propionispora	Propionispora vibrioides
GCF_900187035.1|WP_027889518.1	GCF_900187035.1	Bacteria	Bacillota	Negativicutes	Selenomonadales	Selenomonadaceae	Megamonas	Megamonas hypermegale
GCF_000378365.1|WP_033405594.1	GCF_000378365.1	Bacteria	Bacillota	Negativicutes	Selenomonadales	Selenomonadaceae	Megamonas	Megamonas rupellensis
GCF_010669225.1|WP_039881480.1	GCF_010669225.1	Bacteria	Bacillota	Negativicutes	Selenomonadales	Selenomonadaceae	Megamonas	Megamonas funiformis
GCF_014201835.1|WP_183860414.1	GCF_014201835.1	Bacteria	Bacillota	Negativicutes	Selenomonadales	Selenomonadaceae	Pectinatus	Pectinatus brassicae
GCF_015732155.1|WP_196594401.1	GCF_015732155.1	Bacteria	Bacillota	Negativicutes	Selenomonadales	Selenomonadaceae	Pectinatus	Pectinatus sottacetonis
GCF_004341685.1|WP_132547509.1	GCF_004341685.1	Bacteria	Bacillota	Negativicutes	Selenomonadales	Selenomonadaceae	Pectinatus	Pectinatus cerevisiiphilus
GCF_015732185.1|WP_196604670.1	GCF_015732185.1	Bacteria	Bacillota	Negativicutes	Selenomonadales	Selenomonadaceae	Pectinatus	Pectinatus haikarae
GCF_014076555.1|WP_407672854.1	GCF_014076555.1	Bacteria	Bacillota	Negativicutes	Selenomonadales	Selenomonadaceae	Pectinatus	Pectinatus frisingensis
GCF_009695585.1|WP_154406691.1	GCF_009695585.1	Bacteria	Bacillota	Negativicutes	Selenomonadales	Selenomonadaceae	Anaerovibrio	Anaerovibrio slackiae
GCF_900141865.1|WP_080326095.1	GCF_900141865.1	Bacteria	Bacillota	Negativicutes	Selenomonadales	Selenomonadaceae	Anaerovibrio	Anaerovibrio lipolyticus
GCF_000208405.1|WP_006193976.1	GCF_000208405.1	Bacteria	Bacillota	Negativicutes	Selenomonadales	Selenomonadaceae	Selenomonas	Selenomonas sputigena
GCF_900129225.1|WP_072934241.1	GCF_900129225.1	Bacteria	Bacillota	Negativicutes	Selenomonadales	Selenomonadaceae	Schwartzia	Schwartzia succinivorans
GCF_000160695.1|WP_040572266.1	GCF_000160695.1	Bacteria	Bacillota	Negativicutes	Selenomonadales	Selenomonadaceae	Selenomonas	Selenomonas flueggei
GCF_900186465.1|WP_102493135.1	GCF_900186465.1	Bacteria	Bacillota	Negativicutes	Selenomonadales	Selenomonadaceae	Selenomonas	Selenomonas felix
GCF_000160555.1|WP_006697068.1	GCF_000160555.1	Bacteria	Bacillota	Negativicutes	Selenomonadales	Selenomonadaceae	Selenomonas	Selenomonas noxia
GCF_030644225.1|WP_304988077.1	GCF_030644225.1	Bacteria	Bacillota	Negativicutes	Selenomonadales	Selenomonadaceae	Selenomonas	Selenomonas dianae
GCF_000213975.1|WP_006306261.1	GCF_000213975.1	Bacteria	Bacillota	Negativicutes	Selenomonadales	Selenomonadaceae	Centipeda	Centipeda periodontii
GCF_900290285.1|WP_407695407.1	GCF_900290285.1	Bacteria	Bacillota	Negativicutes	Selenomonadales	Selenomonadaceae	Selenomonas	Selenomonas massiliensis
GCF_000381005.1|WP_019542405.1	GCF_000381005.1	Bacteria	Bacillota	Negativicutes	Selenomonadales	Selenomonadaceae	Selenomonas	Selenomonas bovis
GCF_000155955.1|WP_005841692.1	GCF_000155955.1	Bacteria	Bacillota	Negativicutes	Selenomonadales	Selenomonadaceae	Mitsuokella	Mitsuokella multacida
GCF_928722185.1|WP_278742402.1	GCF_928722185.1	Bacteria	Bacillota	Negativicutes	Selenomonadales	Selenomonadaceae	Mitsuokella	Mitsuokella jalaludinii
GCF_000424065.1|WP_026767470.1	GCF_000424065.1	Bacteria	Bacillota	Negativicutes	Selenomonadales	Selenomonadaceae	Selenomonas	Selenomonas ruminantium
GCF_009697385.1|WP_154619768.1	GCF_009697385.1	Bacteria	Bacillota	Negativicutes	Selenomonadales	Selenomonadaceae	Selenomonas	Selenomonas montiformis
GCF_008271295.1|WP_149171140.1	GCF_008271295.1	Bacteria	Bacillota	Negativicutes	Selenomonadales	Selenomonadaceae	Selenomonas	Selenomonas ruminis
GCF_008271345.1|WP_149188327.1	GCF_008271345.1	Bacteria	Bacillota	Negativicutes	Selenomonadales	Selenomonadaceae	Selenomonas	Selenomonas caprae
GCF_000381065.1|WP_019554253.1	GCF_000381065.1	Bacteria	Bacillota	Negativicutes	Selenomonadales	Selenomonadaceae	Propionispira	Propionispira raffinosivorans
GCF_900109225.1|WP_091828304.1	GCF_900109225.1	Bacteria	Bacillota	Negativicutes	Selenomonadales	Selenomonadaceae	Propionispira	Propionispira arboris
GCF_030273445.1|WP_309320419.1	GCF_030273445.1	Bacteria	Bacillota	Negativicutes	Selenomonadales	Sporomusaceae	Anaerosinus	Anaerosinus gibii
GCF_964031165.1|WP_342228351.1	GCF_964031165.1	Bacteria	Pseudomonadota	Gammaproteobacteria	Legionellales	Coxiellaceae	Rickettsiella	Rickettsiella endosymbiont of Rhagonycha lignosa
GCF_964031245.1|WP_342219423.1	GCF_964031245.1	Bacteria	Pseudomonadota	Gammaproteobacteria	Legionellales	Coxiellaceae	Rickettsiella	Rickettsiella endosymbiont of Miltochrista miniata
GCF_000219355.1|WP_041185341.1	GCF_000219355.1	Bacteria	Pseudomonadota	Alphaproteobacteria	Rickettsiales	Candidatus Midichloriaceae	Candidatus Midichloria	Candidatus Midichloria mitochondrii
GCF_036670005.1|WP_331256646.1	GCF_036670005.1	Bacteria	Pseudomonadota	Alphaproteobacteria	Holosporales	Holosporaceae	Candidatus Bealeia	Candidatus Bealeia paramacronuclearis
GCF_001720395.1|WP_069312120.1	GCF_001720395.1	Bacteria	Pseudomonadota	Gammaproteobacteria	Thiotrichales	Piscirickettsiaceae	Piscirickettsia	Piscirickettsia litoralis
GCF_009708955.1|WP_075275113.1	GCF_009708955.1	Bacteria	Pseudomonadota	Gammaproteobacteria	Thiotrichales	Piscirickettsiaceae	Piscirickettsia	Piscirickettsia salmonis
GCF_902459475.1|WP_170131788.1	GCF_902459475.1	Bacteria	Pseudomonadota	Gammaproteobacteria	Legionellales	Coxiellaceae	Aquicella	Aquicella lusitana
GCF_902459485.1|WP_172622681.1	GCF_902459485.1	Bacteria	Pseudomonadota	Gammaproteobacteria	Legionellales	Coxiellaceae	Aquicella	Aquicella siphonis
GCF_000384135.1|WP_019878714.1	GCF_000384135.1	Bacteria	Bacillota	Negativicutes	Acidaminococcales	Acidaminococcaceae	Succinispira	Succinispira mobilis
GCF_928721695.1|WP_273187933.1	GCF_928721695.1	Bacteria	Bacillota	Negativicutes	Veillonellales	Veillonellaceae	Dialister	Dialister succinatiphilus
GCF_050219315.1|WP_427112261.1	GCF_050219315.1	Bacteria	Bacillota	Negativicutes	Veillonellales	Veillonellaceae	Megasphaera	Megasphaera sueciensis
GCF_900103535.1|WP_091652698.1	GCF_900103535.1	Bacteria	Bacillota	Negativicutes	Veillonellales	Veillonellaceae	Megasphaera	Megasphaera paucivorans
GCF_025144545.1|WP_009015191.1	GCF_025144545.1	Bacteria	Bacillota	Negativicutes	Acidaminococcales	Acidaminococcaceae	Acidaminococcus	Acidaminococcus intestini
GCF_021044795.1|WP_105326806.1	GCF_021044795.1	Bacteria	Bacillota	Negativicutes	Acidaminococcales	Acidaminococcaceae	Acidaminococcus	Acidaminococcus hominis
GCF_900291475.1|WP_105326806.1	GCF_900291475.1	Bacteria	Bacillota	Negativicutes	Acidaminococcales	Acidaminococcaceae	Acidaminococcus	Acidaminococcus provencensis
GCF_000025305.1|WP_012937644.1	GCF_000025305.1	Bacteria	Bacillota	Negativicutes	Acidaminococcales	Acidaminococcaceae	Acidaminococcus	Acidaminococcus fermentans
GCF_900095825.1|WP_075579085.1	GCF_900095825.1	Bacteria	Bacillota	Negativicutes	Acidaminococcales	Acidaminococcaceae	Acidaminococcus	Acidaminococcus massiliensis
GCF_023497905.1|WP_249747311.1	GCF_023497905.1	Bacteria	Bacillota	Negativicutes	Acidaminococcales	Acidaminococcaceae	Phascolarctobacterium	Phascolarctobacterium succinatutens
GCF_003945365.1|WP_125669199.1	GCF_003945365.1	Bacteria	Bacillota	Negativicutes	Acidaminococcales	Acidaminococcaceae	Phascolarctobacterium	Phascolarctobacterium faecium
GCF_900112895.1|WP_093912365.1	GCF_900112895.1	Bacteria	Bacillota	Negativicutes	Acidaminococcales	Acidaminococcaceae	Succiniclasticum	Succiniclasticum ruminis
GCF_000266945.1|WP_014809785.1	GCF_000266945.1	Bacteria	Thermodesulfobacteriota	Desulfomonilia	Desulfomonilales	Desulfomonilaceae	Desulfomonile	Desulfomonile tiedjei
GCF_002119425.1|WP_086034705.1	GCF_002119425.1	Bacteria	Campylobacterota	Desulfurellia	Desulfurellales	Desulfurellaceae	Desulfurella	Desulfurella amilsii
GCF_900101285.1|WP_092128860.1	GCF_900101285.1	Bacteria	Campylobacterota	Desulfurellia	Desulfurellales	Desulfurellaceae	Desulfurella	Desulfurella multipotens
GCF_000212395.1|WP_013756604.1	GCF_000212395.1	Bacteria	Thermodesulfobiota	Thermodesulfobiia	Thermodesulfobiales	Thermodesulfobiaceae	Thermodesulfobium	Thermodesulfobium narugense
GCF_003057965.1|WP_108309373.1	GCF_003057965.1	Bacteria	Thermodesulfobiota	Thermodesulfobiia	Thermodesulfobiales	Thermodesulfobiaceae	Thermodesulfobium	Thermodesulfobium acidiphilum
GCF_001705075.2|WP_065969106.1	GCF_001705075.2	Bacteria	Pseudomonadota	Gammaproteobacteria	Acidiferrobacterales	Acidiferrobacteraceae	Acidiferrobacter	Acidiferrobacter thiooxydans
GCF_003721225.2|WP_123102896.1	GCF_003721225.2	Bacteria	Pseudomonadota	Acidithiobacillia	Acidithiobacillales	Acidithiobacillaceae	Acidithiobacillus	Acidithiobacillus sulfuriphilus
GCF_002847505.1|WP_101538109.1	GCF_002847505.1	Bacteria	Pseudomonadota	Acidithiobacillia	Acidithiobacillales	Acidithiobacillaceae	Acidithiobacillus	Acidithiobacillus marinus
GCF_018853465.2|WP_215843846.1	GCF_018853465.2	Bacteria	Pseudomonadota	Acidithiobacillia	Acidithiobacillales	Acidithiobacillaceae	Acidithiobacillus	Acidithiobacillus montserratensis
GCF_018853445.1|WP_215863126.1	GCF_018853445.1	Bacteria	Pseudomonadota	Acidithiobacillia	Acidithiobacillales	Acidithiobacillaceae	Acidithiobacillus	Acidithiobacillus concretivorus
GCF_009662475.1|WP_031570195.1	GCF_009662475.1	Bacteria	Pseudomonadota	Acidithiobacillia	Acidithiobacillales	Acidithiobacillaceae	Acidithiobacillus	Acidithiobacillus thiooxidans
GCF_001931655.1|WP_075323019.1	GCF_001931655.1	Bacteria	Pseudomonadota	Acidithiobacillia	Acidithiobacillales	Acidithiobacillaceae	Acidithiobacillus	Acidithiobacillus albertensis
GCF_018853815.1|WP_215885242.1	GCF_018853815.1	Bacteria	Pseudomonadota	Acidithiobacillia	Acidithiobacillales	Acidithiobacillaceae	Acidithiobacillus	Acidithiobacillus sulfurivorans
GCF_010378095.2|WP_163095280.1	GCF_010378095.2	Bacteria	Pseudomonadota	Acidithiobacillia	Acidithiobacillales	Acidithiobacillaceae	Acidithiobacillus	Acidithiobacillus ferrianus
GCF_018854495.2|WP_215876532.1	GCF_018854495.2	Bacteria	Pseudomonadota	Acidithiobacillia	Acidithiobacillales	Acidithiobacillaceae	Acidithiobacillus	Acidithiobacillus ferruginosus
GCF_000021485.1|WP_012536199.1	GCF_000021485.1	Bacteria	Pseudomonadota	Acidithiobacillia	Acidithiobacillales	Acidithiobacillaceae	Acidithiobacillus	Acidithiobacillus ferrooxidans
GCF_003966655.1|WP_113526823.1	GCF_003966655.1	Bacteria	Pseudomonadota	Acidithiobacillia	Acidithiobacillales	Acidithiobacillaceae	Acidithiobacillus	Acidithiobacillus ferridurans
GCF_016250455.1|WP_035195106.1	GCF_016250455.1	Bacteria	Pseudomonadota	Acidithiobacillia	Acidithiobacillales	Acidithiobacillaceae	Acidithiobacillus	Acidithiobacillus ferrivorans
GCF_028215975.1|WP_271779267.1	GCF_028215975.1	Bacteria	Pseudomonadota	Acidithiobacillia	Acidithiobacillales	Acidithiobacillaceae	Acidithiobacillus	Acidithiobacillus ferriphilus
GCF_000221025.1|WP_014003020.1	GCF_000221025.1	Bacteria	Pseudomonadota	Acidithiobacillia	Acidithiobacillales	Acidithiobacillaceae	Acidithiobacillus	Acidithiobacillus caldus
GCF_018854015.1|WP_215872011.1	GCF_018854015.1	Bacteria	Pseudomonadota	Acidithiobacillia	Acidithiobacillales	Acidithiobacillaceae	Igneacidithiobacillus	Igneacidithiobacillus copahuensis
GCF_023277115.1|WP_248886219.1	GCF_023277115.1	Bacteria	Pseudomonadota	Acidithiobacillia	Acidithiobacillales	Acidithiobacillaceae	Acidithiobacillus	Acidithiobacillus acidisediminis
GCF_001753165.1|WP_070072936.1	GCF_001753165.1	Bacteria	Pseudomonadota	Gammaproteobacteria	Chromatiales	Ectothiorhodospiraceae	Acidihalobacter	Acidihalobacter aeolianus
GCF_000754095.2|WP_065089902.1	GCF_000754095.2	Bacteria	Pseudomonadota	Gammaproteobacteria	Chromatiales	Ectothiorhodospiraceae	Acidihalobacter	Acidihalobacter prosperus
GCF_001753245.1|WP_070079919.1	GCF_001753245.1	Bacteria	Pseudomonadota	Gammaproteobacteria	Chromatiales	Ectothiorhodospiraceae	Acidihalobacter	Acidihalobacter yilgarnensis
GCF_000024765.1|WP_012824051.1	GCF_000024765.1	Bacteria	Pseudomonadota	Gammaproteobacteria	Chromatiales	Halothiobacillaceae	Halothiobacillus	Halothiobacillus neapolitanus
GCF_001663815.1|WP_082922675.1	GCF_001663815.1	Bacteria	Pseudomonadota	Gammaproteobacteria	Chromatiales	Halothiobacillaceae	Halothiobacillus	Halothiobacillus diazotrophicus
GCF_006094455.1|WP_225806405.1	GCF_006094455.1	Bacteria	Pseudomonadota	Gammaproteobacteria	Enterobacterales	Morganellaceae	Morganella	Morganella morganii
GCF_000331515.1|WP_007464685.1	GCF_000331515.1	Bacteria	Pseudomonadota	Gammaproteobacteria	Vibrionales	Vibrionaceae	Photobacterium	Photobacterium marinum
GCF_025562715.2|WP_262567428.1	GCF_025562715.2	Bacteria	Pseudomonadota	Gammaproteobacteria	Oceanospirillales	Endozoicomonadaceae	Endozoicomonas	Endozoicomonas gorgoniicola
GCF_000177215.2|WP_009182595.1	GCF_000177215.2	Bacteria	Thermodesulfobacteriota	Desulfovibrionia	Desulfovibrionales	Desulfovibrionaceae	Solidesulfovibrio	Solidesulfovibrio carbinoliphilus
GCF_009856865.1|WP_160957949.1	GCF_009856865.1	Bacteria	Thermodesulfobacteriota	Desulfovibrionia	Desulfovibrionales	Desulfovibrionaceae	Solidesulfovibrio	Solidesulfovibrio aerotolerans
GCF_000010665.1|WP_043600160.1	GCF_000010665.1	Bacteria	Thermodesulfobacteriota	Desulfovibrionia	Desulfovibrionales	Desulfovibrionaceae	Solidesulfovibrio	Solidesulfovibrio magneticus
GCF_004135975.1|WP_129353823.1	GCF_004135975.1	Bacteria	Thermodesulfobacteriota	Desulfovibrionia	Desulfovibrionales	Desulfovibrionaceae	Solidesulfovibrio	Solidesulfovibrio carbinolicus
GCF_000179555.1|WP_005996590.1	GCF_000179555.1	Bacteria	Thermodesulfobacteriota	Desulfovibrionia	Desulfovibrionales	Desulfovibrionaceae	Solidesulfovibrio	Solidesulfovibrio fructosivorans
GCF_013376455.1|WP_163303535.1	GCF_013376455.1	Bacteria	Thermodesulfobacteriota	Desulfovibrionia	Desulfovibrionales	Desulfovibrionaceae	Desulfolutivibrio	Desulfolutivibrio sulfodismutans
GCF_000702665.1|WP_029459102.1	GCF_000702665.1	Bacteria	Thermodesulfobacteriota	Desulfovibrionia	Desulfovibrionales	Desulfovibrionaceae	Solidesulfovibrio	Solidesulfovibrio alcoholivorans
GCF_037094465.1|WP_338669965.1	GCF_037094465.1	Bacteria	Thermodesulfobacteriota	Desulfovibrionia	Desulfovibrionales	Desulfovibrionaceae	Pseudodesulfovibrio	Pseudodesulfovibrio methanolicus
GCF_041414475.1|WP_371385319.1	GCF_041414475.1	Bacteria	Thermodesulfobacteriota	Desulfovibrionia	Desulfovibrionales	Desulfovibrionaceae	Pseudodesulfovibrio	Pseudodesulfovibrio karagichevae
GCF_013019105.1|WP_173082388.1	GCF_013019105.1	Bacteria	Thermodesulfobacteriota	Desulfovibrionia	Desulfovibrionales	Desulfovibrionaceae	Fundidesulfovibrio	Fundidesulfovibrio magnetotacticus
GCF_022808915.1|WP_243360049.1	GCF_022808915.1	Bacteria	Thermodesulfobacteriota	Desulfovibrionia	Desulfovibrionales	Desulfovibrionaceae	Fundidesulfovibrio	Fundidesulfovibrio terrae
GCF_022808695.1|WP_243439546.1	GCF_022808695.1	Bacteria	Thermodesulfobacteriota	Desulfovibrionia	Desulfovibrionales	Desulfovibrionaceae	Fundidesulfovibrio	Fundidesulfovibrio soli
GCF_022808715.1|WP_243311974.1	GCF_022808715.1	Bacteria	Thermodesulfobacteriota	Desulfovibrionia	Desulfovibrionales	Desulfovibrionaceae	Fundidesulfovibrio	Fundidesulfovibrio agrisoli
GCF_000378465.1|WP_019013647.1	GCF_000378465.1	Bacteria	Pseudomonadota	Alphaproteobacteria	Acetobacterales	Elioraeaceae	Elioraea	Elioraea tepidiphila
GCF_002845745.1|WP_101249342.1	GCF_002845745.1	Bacteria	Pseudomonadota	Alphaproteobacteria	Rhodospirillales	Rhodospirillaceae	Telmatospirillum	Telmatospirillum siberiense
GCF_008728855.1|WP_225308390.1	GCF_008728855.1	Bacteria	Pseudomonadota	Alphaproteobacteria	Rhodospirillales	Dongiaceae	Hypericibacter	Hypericibacter terrae
GCF_042648965.1|WP_379723301.1	GCF_042648965.1	Bacteria	Pseudomonadota	Alphaproteobacteria	Rhodospirillales	Rhodospirillaceae	Ferrovibrio	Ferrovibrio xuzhouensis
GCF_038404985.1|WP_341977866.1	GCF_038404985.1	Bacteria	Pseudomonadota	Alphaproteobacteria	Rhodospirillales	Rhodospirillaceae	Ferrovibrio	Ferrovibrio plantarum
GCF_007197755.1|WP_144067590.1	GCF_007197755.1	Bacteria	Pseudomonadota	Alphaproteobacteria	Rhodospirillales	Rhodospirillaceae	Ferrovibrio	Ferrovibrio terrae
GCF_013423485.1|WP_180280381.1	GCF_013423485.1	Bacteria	Pseudomonadota	Alphaproteobacteria	Rhodospirillales	Azospirillaceae	Azospirillum	Azospirillum oleiclasticum
GCF_000632475.1|WP_308217010.1	GCF_000632475.1	Bacteria	Pseudomonadota	Alphaproteobacteria	Rhodospirillales	Azospirillaceae	Azospirillum	Azospirillum argentinense
GCF_014596085.1|WP_343068967.1	GCF_014596085.1	Bacteria	Pseudomonadota	Alphaproteobacteria	Rhodospirillales	Azospirillaceae	Azospirillum	Azospirillum tabaci
GCF_025961225.1|WP_264662005.1	GCF_025961225.1	Bacteria	Pseudomonadota	Alphaproteobacteria	Rhodospirillales	Azospirillaceae	Azospirillum	Azospirillum canadense
GCF_030814845.1|WP_209765267.1	GCF_030814845.1	Bacteria	Pseudomonadota	Alphaproteobacteria	Rhodospirillales	Azospirillaceae	Azospirillum	Azospirillum rugosum
GCF_001305595.1|WP_082109418.1	GCF_001305595.1	Bacteria	Pseudomonadota	Alphaproteobacteria	Rhodospirillales	Azospirillaceae	Azospirillum	Azospirillum thiophilum
GCF_016595245.1|WP_200194918.1	GCF_016595245.1	Bacteria	Pseudomonadota	Alphaproteobacteria	Rhodospirillales	Azospirillaceae	Azospirillum	Azospirillum endophyticum
GCF_001639105.2|WP_108549180.1	GCF_001639105.2	Bacteria	Pseudomonadota	Alphaproteobacteria	Rhodospirillales	Azospirillaceae	Azospirillum	Azospirillum humicireducens
GCF_013347285.1|WP_149199275.1	GCF_013347285.1	Bacteria	Pseudomonadota	Alphaproteobacteria	Rhodospirillales	Azospirillaceae	Azospirillum	Azospirillum oryzae
GCF_008364955.1|WP_149233256.1	GCF_008364955.1	Bacteria	Pseudomonadota	Alphaproteobacteria	Rhodospirillales	Azospirillaceae	Azospirillum	Azospirillum lipoferum
GCF_002573965.1|WP_098738001.1	GCF_002573965.1	Bacteria	Pseudomonadota	Alphaproteobacteria	Rhodospirillales	Azospirillaceae	Azospirillum	Azospirillum palustre
GCF_013340935.1|WP_174470121.1	GCF_013340935.1	Bacteria	Pseudomonadota	Alphaproteobacteria	Rhodospirillales	Azospirillaceae	Azospirillum	Azospirillum melinis
GCF_003989665.1|WP_126998834.1	GCF_003989665.1	Bacteria	Pseudomonadota	Alphaproteobacteria	Rhodospirillales	Azospirillaceae	Azospirillum	Azospirillum doebereinerae
GCF_003590795.1|WP_119830956.1	GCF_003590795.1	Bacteria	Pseudomonadota	Alphaproteobacteria	Rhodospirillales	Azospirillaceae	Azospirillum	Azospirillum cavernae
GCF_003966125.1|WP_126612591.1	GCF_003966125.1	Bacteria	Pseudomonadota	Alphaproteobacteria	Rhodospirillales	Azospirillaceae	Azospirillum	Azospirillum griseum
GCF_008039615.1|WP_147850456.1	GCF_008039615.1	Bacteria	Pseudomonadota	Alphaproteobacteria	Hyphomicrobiales		Vineibacter	Vineibacter terrae
GCF_900167455.1|WP_085932364.1	GCF_900167455.1	Bacteria	Pseudomonadota	Alphaproteobacteria	Hyphomicrobiales		Enhydrobacter	Enhydrobacter aerosaccus
GCF_000312425.1|WP_020696837.1	GCF_000312425.1	Bacteria	Pseudomonadota	Alphaproteobacteria	Hyphomicrobiales	Reyranellaceae	Reyranella	Reyranella massiliensis
GCF_019039055.1|WP_216965153.1	GCF_019039055.1	Bacteria	Pseudomonadota	Alphaproteobacteria	Hyphomicrobiales	Reyranellaceae	Reyranella	Reyranella humidisoli
GCF_003590945.1|WP_119778659.1	GCF_003590945.1	Bacteria	Pseudomonadota	Alphaproteobacteria	Acetobacterales	Acetobacteraceae	Oleomonas	Oleomonas cavernae
GCF_021568905.1|WP_236104628.1	GCF_021568905.1	Bacteria	Pseudomonadota	Alphaproteobacteria	Rhodospirillales	Zavarziniaceae	Zavarzinia	Zavarzinia marina
GCF_006175985.1|WP_139559302.1	GCF_006175985.1	Bacteria	Pseudomonadota	Gammaproteobacteria	Methylococcales	Methylococcaceae	Methylotetracoccus	Methylotetracoccus oryzae
GCF_030758975.1|WP_306227436.1	GCF_030758975.1	Bacteria	Pseudomonadota	Alphaproteobacteria	Hyphomicrobiales	Boseaceae	Bosea	Bosea beijingensis
GCF_900168195.1|WP_055727592.1	GCF_900168195.1	Bacteria	Pseudomonadota	Alphaproteobacteria	Hyphomicrobiales	Boseaceae	Bosea	Bosea thiooxidans
GCF_900102525.1|WP_170843294.1	GCF_900102525.1	Bacteria	Pseudomonadota	Alphaproteobacteria	Hyphomicrobiales	Boseaceae	Bosea	Bosea robiniae
GCF_014764685.1|WP_191125178.1	GCF_014764685.1	Bacteria	Pseudomonadota	Alphaproteobacteria	Hyphomicrobiales	Boseaceae	Bosea	Bosea spartocytisi
GCF_025209975.1|WP_311734781.1	GCF_025209975.1	Bacteria	Pseudomonadota	Alphaproteobacteria	Hyphomicrobiales	Boseaceae	Bosea	Bosea minatitlanensis
GCF_003315135.1|WP_113888582.1	GCF_003315135.1	Bacteria	Pseudomonadota	Alphaproteobacteria	Hyphomicrobiales	Roseiarcaceae	Roseiarcus	Roseiarcus fermentans
GCF_014636935.1|WP_188516490.1	GCF_014636935.1	Bacteria	Pseudomonadota	Alphaproteobacteria	Hyphomicrobiales	Alsobacteraceae	Alsobacter	Alsobacter metallidurans
GCF_045689225.1|WP_407339633.1	GCF_045689225.1	Bacteria	Pseudomonadota	Alphaproteobacteria	Hyphomicrobiales	Beijerinckiaceae	Methylocapsa	Methylocapsa polymorpha
GCF_900114285.1|WP_091678080.1	GCF_900114285.1	Bacteria	Pseudomonadota	Alphaproteobacteria	Hyphomicrobiales	Beijerinckiaceae	Methylocapsa	Methylocapsa palsarum
GCF_022760755.1|WP_243065557.1	GCF_022760755.1	Bacteria	Pseudomonadota	Alphaproteobacteria	Hyphomicrobiales	Rhodoblastaceae	Rhodoblastus	Candidatus Rhodoblastus alkanivorans
GCF_900187365.1|WP_088519853.1	GCF_900187365.1	Bacteria	Pseudomonadota	Alphaproteobacteria	Hyphomicrobiales	Rhodoblastaceae	Rhodoblastus	Rhodoblastus acidophilus
GCF_036576025.1|WP_332082198.1	GCF_036576025.1	Bacteria	Pseudomonadota	Alphaproteobacteria	Hyphomicrobiales	Methylocystaceae	Methylocystis	Methylocystis borbori
GCF_000372845.1|WP_018407058.1	GCF_000372845.1	Bacteria	Pseudomonadota	Alphaproteobacteria	Hyphomicrobiales	Methylocystaceae	Methylocystis	Methylocystis rosea
GCF_003722355.1|WP_123177132.1	GCF_003722355.1	Bacteria	Pseudomonadota	Alphaproteobacteria	Hyphomicrobiales	Methylocystaceae	Methylocystis	Methylocystis hirsuta
GCF_013350005.1|WP_175093280.1	GCF_013350005.1	Bacteria	Pseudomonadota	Alphaproteobacteria	Hyphomicrobiales	Methylocystaceae	Methylocystis	Methylocystis silviterrae
GCF_024448135.1|WP_256034523.1	GCF_024448135.1	Bacteria	Pseudomonadota	Alphaproteobacteria	Hyphomicrobiales	Methylocystaceae	Methylocystis	Methylocystis suflitae
GCF_027571405.1|WP_016919436.1	GCF_027571405.1	Bacteria	Pseudomonadota	Alphaproteobacteria	Hyphomicrobiales	Methylocystaceae	Methylocystis	Methylocystis parvus
GCF_040687965.1|WP_363346594.1	GCF_040687965.1	Bacteria	Pseudomonadota	Alphaproteobacteria	Hyphomicrobiales	Methylocystaceae	Methylocystis	Methylocystis echinoides
GCF_022059845.1|WP_342360556.1	GCF_022059845.1	Bacteria	Pseudomonadota	Alphaproteobacteria	Hyphomicrobiales	Terrirubraceae	Terrirubrum	Terrirubrum flagellatum
GCF_018398355.1|WP_183334876.1	GCF_018398355.1	Bacteria	Pseudomonadota	Alphaproteobacteria	Hyphomicrobiales	Chelatococcaceae	Chelatococcus	Chelatococcus composti
GCF_001418005.1|WP_055459387.1	GCF_001418005.1	Bacteria	Pseudomonadota	Alphaproteobacteria	Hyphomicrobiales	Chelatococcaceae	Chelatococcus	Chelatococcus sambhunathii
GCF_014196925.1|WP_183315475.1	GCF_014196925.1	Bacteria	Pseudomonadota	Alphaproteobacteria	Hyphomicrobiales	Chelatococcaceae	Chelatococcus	Chelatococcus caeni
GCF_004363955.1|WP_133769397.1	GCF_004363955.1	Bacteria	Pseudomonadota	Alphaproteobacteria	Hyphomicrobiales	Methylobacteriaceae	Enterovirga	Enterovirga rhinocerotis
GCF_000019945.1|WP_041371705.1	GCF_000019945.1							mouse metagenome
GCF_022179785.1|WP_182555357.1	GCF_022179785.1	Bacteria	Pseudomonadota	Alphaproteobacteria	Hyphomicrobiales	Methylobacteriaceae	Methylorubrum	Methylorubrum thiocyanatum
GCF_022179345.1|WP_238278936.1	GCF_022179345.1	Bacteria	Pseudomonadota	Alphaproteobacteria	Hyphomicrobiales	Methylobacteriaceae	Methylobacterium	Methylobacterium jeotgali
GCF_022533465.1|WP_241101666.1	GCF_022533465.1	Bacteria	Pseudomonadota	Alphaproteobacteria	Hyphomicrobiales	Methylobacteriaceae	Methylobacterium	Methylobacterium organophilum
GCF_007992175.1|WP_147078636.1	GCF_007992175.1	Bacteria	Pseudomonadota	Alphaproteobacteria	Hyphomicrobiales	Methylobacteriaceae	Methylobacterium	Methylobacterium haplocladii
GCF_022179645.1|WP_147816454.1	GCF_022179645.1	Bacteria	Pseudomonadota	Alphaproteobacteria	Hyphomicrobiales	Methylobacteriaceae	Methylobacterium	Methylobacterium thuringiense
GCF_007992215.1|WP_147044697.1	GCF_007992215.1	Bacteria	Pseudomonadota	Alphaproteobacteria	Hyphomicrobiales	Methylobacteriaceae	Methylobacterium	Methylobacterium gnaphalii
GCF_014196345.1|WP_183502996.1	GCF_014196345.1	Bacteria	Pseudomonadota	Alphaproteobacteria	Hyphomicrobiales	Methylobacteriaceae	Methylobacterium	Methylobacterium brachythecii
GCF_022179225.1|WP_238276958.1	GCF_022179225.1	Bacteria	Pseudomonadota	Alphaproteobacteria	Hyphomicrobiales	Methylobacteriaceae	Methylobacterium	Methylobacterium goesingense
GCF_025813715.1|WP_264049404.1	GCF_025813715.1	Bacteria	Pseudomonadota	Alphaproteobacteria	Hyphomicrobiales	Methylobacteriaceae	Methylobacterium	Methylobacterium flocculans
GCF_022179125.1|WP_238273242.1	GCF_022179125.1	Bacteria	Pseudomonadota	Alphaproteobacteria	Hyphomicrobiales	Methylobacteriaceae	Methylobacterium	Methylobacterium cerastii
GCF_004348265.1|WP_132250233.1	GCF_004348265.1	Bacteria	Pseudomonadota	Alphaproteobacteria	Hyphomicrobiales	Methylobacteriaceae	Methylobacterium	Methylobacterium segetis
GCF_003173715.1|WP_109896518.1	GCF_003173715.1	Bacteria	Pseudomonadota	Alphaproteobacteria	Hyphomicrobiales	Methylobacteriaceae	Methylobacterium	Methylobacterium durans
GCF_007992195.1|WP_147026262.1	GCF_007992195.1	Bacteria	Pseudomonadota	Alphaproteobacteria	Hyphomicrobiales	Methylobacteriaceae	Methylobacterium	Methylobacterium oxalidis
GCF_037106235.1|WP_336487083.1	GCF_037106235.1	Bacteria	Pseudomonadota	Alphaproteobacteria	Hyphomicrobiales	Methylobacteriaceae	Methylobacterium	Methylobacterium nigriterrae
GCF_008806345.1|WP_150965688.1	GCF_008806345.1	Bacteria	Pseudomonadota	Alphaproteobacteria	Hyphomicrobiales	Methylobacteriaceae	Methylobacterium	Methylobacterium planeticum
GCF_008806385.1|WP_151005620.1	GCF_008806385.1	Bacteria	Pseudomonadota	Alphaproteobacteria	Hyphomicrobiales	Methylobacteriaceae	Methylobacterium	Methylobacterium soli
GCF_022179305.1|WP_238245760.1	GCF_022179305.1	Bacteria	Pseudomonadota	Alphaproteobacteria	Hyphomicrobiales	Methylobacteriaceae	Methylobacterium	Methylobacterium iners
GCF_042679825.1|WP_238206553.1	GCF_042679825.1	Bacteria	Pseudomonadota	Alphaproteobacteria	Hyphomicrobiales	Methylobacteriaceae	Methylobacterium	Methylobacterium marchantiae
GCF_044501185.1|WP_192214949.1	GCF_044501185.1	Bacteria	Pseudomonadota	Alphaproteobacteria	Hyphomicrobiales	Methylobacteriaceae	Methylobacterium	Methylobacterium bullatum
GCF_022179065.1|WP_238227160.1	GCF_022179065.1	Bacteria	Pseudomonadota	Alphaproteobacteria	Hyphomicrobiales	Methylobacteriaceae	Methylobacterium	Methylobacterium adhaesivum
GCF_900113485.1|WP_091974769.1	GCF_900113485.1	Bacteria	Pseudomonadota	Alphaproteobacteria	Hyphomicrobiales	Methylobacteriaceae	Methylobacterium	Methylobacterium gossipiicola
GCF_022179685.1|WP_238180858.1	GCF_022179685.1	Bacteria	Pseudomonadota	Alphaproteobacteria	Hyphomicrobiales	Methylobacteriaceae	Methylobacterium	Methylobacterium trifolii
GCF_003173735.1|WP_109954167.1	GCF_003173735.1	Bacteria	Pseudomonadota	Alphaproteobacteria	Hyphomicrobiales	Methylobacteriaceae	Methylobacterium	Methylobacterium radiodurans
GCF_022179245.1|WP_238301470.1	GCF_022179245.1	Bacteria	Pseudomonadota	Alphaproteobacteria	Hyphomicrobiales	Methylobacteriaceae	Methylobacterium	Methylobacterium gregans
GCF_022179285.1|WP_066919706.1	GCF_022179285.1	Bacteria	Pseudomonadota	Alphaproteobacteria	Hyphomicrobiales	Methylobacteriaceae	Methylobacterium	Methylobacterium hispanicum
GCF_902141845.1|WP_142581869.1	GCF_902141845.1	Bacteria	Pseudomonadota	Alphaproteobacteria	Hyphomicrobiales	Methylobacteriaceae	Methylobacterium	Methylobacterium symbioticum
GCF_902141855.1|WP_144763623.1	GCF_902141855.1	Bacteria	Pseudomonadota	Alphaproteobacteria	Hyphomicrobiales	Methylobacteriaceae	Methylobacterium	Methylobacterium dankookense
GCF_022179765.1|WP_137829168.1	GCF_022179765.1	Bacteria	Pseudomonadota	Alphaproteobacteria	Hyphomicrobiales	Methylobacteriaceae	Methylorubrum	Methylorubrum suomiense
GCF_038442325.1|WP_342148185.1	GCF_038442325.1	Bacteria	Pseudomonadota	Alphaproteobacteria	Hyphomicrobiales	Methylobacteriaceae	Methylorubrum	Methylorubrum subtropicum
GCF_900114375.1|WP_091952058.1	GCF_900114375.1	Bacteria	Pseudomonadota	Alphaproteobacteria	Hyphomicrobiales	Methylobacteriaceae	Methylorubrum	Methylorubrum salsuginis
GCF_042660345.1|WP_192284783.1	GCF_042660345.1	Bacteria	Pseudomonadota	Alphaproteobacteria	Hyphomicrobiales	Methylobacteriaceae	Methylorubrum	Methylorubrum zatmanii
GCF_000083545.1|WP_015824560.1	GCF_000083545.1	Bacteria	Pseudomonadota	Alphaproteobacteria	Hyphomicrobiales	Methylobacteriaceae	Methylorubrum	Methylorubrum extorquens
GCF_040270385.1|WP_350396870.1	GCF_040270385.1	Bacteria	Pseudomonadota	Alphaproteobacteria	Hyphomicrobiales	Methylobacteriaceae	Methylorubrum	Methylorubrum podarium
GCF_014199985.1|WP_183669482.1	GCF_014199985.1	Bacteria	Pseudomonadota	Alphaproteobacteria	Hyphomicrobiales	Methylobacteriaceae	Methylorubrum	Methylorubrum rhodesianum
GCF_022179725.1|WP_133091339.1	GCF_022179725.1	Bacteria	Pseudomonadota	Alphaproteobacteria	Hyphomicrobiales	Methylobacteriaceae	Methylorubrum	Methylorubrum aminovorans
GCF_900114535.1|WP_092042324.1	GCF_900114535.1	Bacteria	Pseudomonadota	Alphaproteobacteria	Hyphomicrobiales	Methylobacteriaceae	Methylobacterium	Methylobacterium pseudosasicola
GCF_022179445.1|WP_147853622.1	GCF_022179445.1	Bacteria	Pseudomonadota	Alphaproteobacteria	Hyphomicrobiales	Methylobacteriaceae	Methylobacterium	Methylobacterium mesophilicum
GCF_900113845.1|WP_091862779.1	GCF_900113845.1	Bacteria	Pseudomonadota	Alphaproteobacteria	Hyphomicrobiales	Methylobacteriaceae	Methylobacterium	Methylobacterium brachiatum
GCF_022179585.1|WP_238194103.1	GCF_022179585.1	Bacteria	Pseudomonadota	Alphaproteobacteria	Hyphomicrobiales	Methylobacteriaceae	Methylobacterium	Methylobacterium tardum
GCF_000019725.1|WP_041372357.1	GCF_000019725.1	Bacteria	Pseudomonadota	Alphaproteobacteria	Hyphomicrobiales	Methylobacteriaceae	Methylobacterium	Methylobacterium radiotolerans
GCF_022179385.1|WP_238290320.1	GCF_022179385.1	Bacteria	Pseudomonadota	Alphaproteobacteria	Hyphomicrobiales	Methylobacteriaceae	Methylobacterium	Methylobacterium longum
GCF_000757795.1|WP_043382818.1	GCF_000757795.1	Bacteria	Pseudomonadota	Alphaproteobacteria	Hyphomicrobiales	Methylobacteriaceae	Methylobacterium	Methylobacterium oryzae
GCF_014138435.1|WP_043382818.1	GCF_014138435.1	Bacteria	Pseudomonadota	Alphaproteobacteria	Hyphomicrobiales	Methylobacteriaceae	Methylobacterium	Methylobacterium fujisawaense
GCF_001936175.1|WP_075380714.1	GCF_001936175.1	Bacteria	Pseudomonadota	Alphaproteobacteria	Hyphomicrobiales	Methylobacteriaceae	Methylobacterium	Methylobacterium phyllosphaerae
GCF_022179085.1|WP_238202780.1	GCF_022179085.1	Bacteria	Pseudomonadota	Alphaproteobacteria	Hyphomicrobiales	Methylobacteriaceae	Methylobacterium	Methylobacterium aerolatum
GCF_022179525.1|WP_238250250.1	GCF_022179525.1	Bacteria	Pseudomonadota	Alphaproteobacteria	Hyphomicrobiales	Methylobacteriaceae	Methylobacterium	Methylobacterium persicinum
GCF_042661665.1|WP_378966338.1	GCF_042661665.1	Bacteria	Pseudomonadota	Alphaproteobacteria	Hyphomicrobiales	Methylobacteriaceae	Methylobacterium	Methylobacterium komagatae
GCF_038442315.1|WP_342165189.1	GCF_038442315.1	Bacteria	Pseudomonadota	Alphaproteobacteria	Hyphomicrobiales	Methylobacteriaceae	Methylobacterium	Methylobacterium litchii
GCF_008386575.1|WP_149821887.1	GCF_008386575.1	Bacteria	Pseudomonadota	Alphaproteobacteria	Hyphomicrobiales	Salinarimonadaceae	Salinarimonas	Salinarimonas soli
GCF_039655745.1|WP_346336174.1	GCF_039655745.1	Bacteria	Pseudomonadota	Alphaproteobacteria	Hyphomicrobiales	Methylobacteriaceae	Hohaiivirga	Hohaiivirga grylli
GCF_016743775.1|WP_202059920.1	GCF_016743775.1	Bacteria	Pseudomonadota	Alphaproteobacteria	Hyphomicrobiales	Methylobacteriaceae	Microvirga	Microvirga aerilata
GCF_017921815.1|WP_210496969.1	GCF_017921815.1	Bacteria	Pseudomonadota	Alphaproteobacteria	Hyphomicrobiales	Methylobacteriaceae	Microvirga	Microvirga antarctica
GCF_001006805.1|WP_082145644.1	GCF_001006805.1	Bacteria	Pseudomonadota	Alphaproteobacteria	Hyphomicrobiales	Methylobacteriaceae	Microvirga	Microvirga massiliensis
GCF_900094735.1|WP_238947053.1	GCF_900094735.1	Bacteria	Pseudomonadota	Alphaproteobacteria	Hyphomicrobiales	Salinarimonadaceae	Saliniramus	Saliniramus fredricksonii
GCF_014645695.1|WP_188909235.1	GCF_014645695.1	Bacteria	Pseudomonadota	Alphaproteobacteria	Hyphomicrobiales	Salinarimonadaceae	Salinarimonas	Salinarimonas ramus
GCF_041514305.1|WP_372422703.1	GCF_041514305.1	Bacteria	Pseudomonadota	Alphaproteobacteria	Hyphomicrobiales	Salinarimonadaceae	Salinarimonas	Salinarimonas chemoclinalis
GCF_018398275.1|WP_245449982.1	GCF_018398275.1	Bacteria	Pseudomonadota	Alphaproteobacteria	Hyphomicrobiales	Chelatococcaceae	Chelatococcus	Chelatococcus asaccharovorans
GCF_014640075.1|WP_188611642.1	GCF_014640075.1	Bacteria	Pseudomonadota	Alphaproteobacteria	Hyphomicrobiales	Chelatococcaceae	Chelatococcus	Chelatococcus reniformis
GCF_042432745.1|WP_376829804.1	GCF_042432745.1	Bacteria	Pseudomonadota	Alphaproteobacteria	Hyphomicrobiales	Chelatococcaceae	Camelimonas	Camelimonas abortus
GCF_014656355.1|WP_191320171.1	GCF_014656355.1	Bacteria	Pseudomonadota	Alphaproteobacteria	Hyphomicrobiales	Chelatococcaceae	Camelimonas	Camelimonas fluminis
GCF_042685445.1|WP_132010081.1	GCF_042685445.1	Bacteria	Pseudomonadota	Alphaproteobacteria	Hyphomicrobiales	Chelatococcaceae	Camelimonas	Camelimonas lactis
GCF_009600605.1|WP_153484182.1	GCF_009600605.1	Bacteria	Pseudomonadota	Alphaproteobacteria	Hyphomicrobiales	Segnochrobactraceae	Segnochrobactrum	Segnochrobactrum spirostomi
GCF_013044135.1|WP_171217654.1	GCF_013044135.1	Bacteria	Pseudomonadota	Alphaproteobacteria	Hyphomicrobiales	Methylobacteriaceae	Enterovirga	Enterovirga aerilata
GCF_001653715.1|WP_048435029.1	GCF_001653715.1	Bacteria	Pseudomonadota	Alphaproteobacteria	Hyphomicrobiales	Methylobacteriaceae	Methylobacterium	Methylobacterium platani
GCF_044003835.1|WP_165087027.1	GCF_044003835.1	Bacteria	Pseudomonadota	Alphaproteobacteria	Hyphomicrobiales	Methylobacteriaceae	Methylobacterium	Methylobacterium alsaeris
GCF_003173755.1|WP_109959636.1	GCF_003173755.1	Bacteria	Pseudomonadota	Alphaproteobacteria	Hyphomicrobiales	Methylobacteriaceae	Methylobacterium	Methylobacterium terrae
GCF_030067675.1|WP_283739888.1	GCF_030067675.1	Bacteria	Pseudomonadota	Alphaproteobacteria	Hyphomicrobiales	Chelatococcaceae	Chelatococcus	Chelatococcus albus
GCF_007559335.1|WP_144228676.1	GCF_007559335.1	Bacteria	Verrucomicrobiota	Opitutia	Opitutales	Opitutaceae	Rariglobus	Rariglobus hedericola
GCF_900130065.1|WP_073075640.1	GCF_900130065.1	Bacteria	Bacillota	Clostridia	Eubacteriales	Oscillospiraceae	Sporobacter	Sporobacter termitidis
GCF_004137085.1|WP_129218055.1	GCF_004137085.1	Bacteria	Pseudomonadota	Alphaproteobacteria	Hyphomicrobiales	Lichenihabitantaceae	Lichenibacterium	Lichenibacterium ramalinae
GCF_004137685.1|WP_129223168.1	GCF_004137685.1	Bacteria	Pseudomonadota	Alphaproteobacteria	Hyphomicrobiales	Lichenihabitantaceae	Lichenibacterium	Lichenibacterium minor
GCF_021730615.1|WP_237478966.1	GCF_021730615.1	Bacteria	Pseudomonadota	Alphaproteobacteria	Hyphomicrobiales	Lichenihabitantaceae	Lichenibacterium	Lichenibacterium dinghuense
GCF_004327155.1|WP_165492846.1	GCF_004327155.1	Bacteria	Pseudomonadota	Alphaproteobacteria	Hyphomicrobiales	Lichenihabitantaceae	Lichenihabitans	Lichenihabitans psoromatis
GCF_026130545.1|WP_282587263.1	GCF_026130545.1	Bacteria	Pseudomonadota	Alphaproteobacteria	Hyphomicrobiales	Lichenihabitantaceae	Lichenifustis	Lichenifustis flavocetrariae
GCF_022271405.1|WP_238733326.1	GCF_022271405.1	Bacteria	Pseudomonadota	Alphaproteobacteria	Hyphomicrobiales	Nitrobacteraceae	Rhodopseudomonas	Rhodopseudomonas infernalis
GCF_001440035.1|WP_057741336.1	GCF_001440035.1	Bacteria	Pseudomonadota	Alphaproteobacteria	Hyphomicrobiales	Nitrobacteraceae	Bradyrhizobium	Bradyrhizobium manausense
GCF_016031635.1|WP_197967270.1	GCF_016031635.1	Bacteria	Pseudomonadota	Alphaproteobacteria	Hyphomicrobiales	Nitrobacteraceae	Bradyrhizobium	Bradyrhizobium diversitatis
GCF_001708935.1|WP_069095196.1	GCF_001708935.1	Bacteria	Pseudomonadota	Alphaproteobacteria	Hyphomicrobiales	Hyphomicrobiaceae	Methyloligella	Methyloligella halotolerans
GCF_042676065.1|WP_379091307.1	GCF_042676065.1	Bacteria	Pseudomonadota	Alphaproteobacteria	Hyphomicrobiales	Hyphomicrobiaceae	Methyloligella	Methyloligella solikamskensis
GCF_026344055.1|WP_266280526.1	GCF_026344055.1	Bacteria	Pseudomonadota	Alphaproteobacteria	Hyphomicrobiales	Kaistiaceae	Kaistia	Kaistia geumhonensis
GCF_014199915.1|WP_183853512.1	GCF_014199915.1	Bacteria	Pseudomonadota	Alphaproteobacteria	Hyphomicrobiales	Kaistiaceae	Prosthecomicrobium	Prosthecomicrobium pneumaticum
GCF_026343855.1|WP_266339735.1	GCF_026343855.1	Bacteria	Pseudomonadota	Alphaproteobacteria	Hyphomicrobiales	Kaistiaceae	Kaistia	Kaistia nematophila
GCF_026343955.1|WP_266333554.1	GCF_026343955.1	Bacteria	Pseudomonadota	Alphaproteobacteria	Hyphomicrobiales	Kaistiaceae	Kaistia	Kaistia defluvii
GCF_000380505.1|WP_018182680.1	GCF_000380505.1	Bacteria	Pseudomonadota	Alphaproteobacteria	Hyphomicrobiales	Kaistiaceae	Kaistia	Kaistia granuli
GCF_000423225.1|WP_029075829.1	GCF_000423225.1	Bacteria	Pseudomonadota	Alphaproteobacteria	Hyphomicrobiales	Kaistiaceae	Kaistia	Kaistia adipata
GCF_005144885.1|WP_136961170.1	GCF_005144885.1	Bacteria	Pseudomonadota	Alphaproteobacteria	Hyphomicrobiales	Phreatobacteraceae	Phreatobacter	Phreatobacter stygius
GCF_005160265.1|WP_252511313.1	GCF_005160265.1	Bacteria	Pseudomonadota	Alphaproteobacteria	Hyphomicrobiales	Phreatobacteraceae	Phreatobacter	Phreatobacter aquaticus
GCF_003008515.1|WP_245898189.1	GCF_003008515.1	Bacteria	Pseudomonadota	Alphaproteobacteria	Hyphomicrobiales	Phreatobacteraceae	Phreatobacter	Phreatobacter cathodiphilus
GCF_003046185.1|WP_245901894.1	GCF_003046185.1	Bacteria	Pseudomonadota	Alphaproteobacteria	Hyphomicrobiales	Phreatobacteraceae	Phreatobacter	Phreatobacter oligotrophus
GCF_030848545.1|WP_436203163.1	GCF_030848545.1	Bacteria	Pseudomonadota	Alphaproteobacteria	Hyphomicrobiales	Nitrobacteraceae	Astrobacterium	Astrobacterium formosum
GCF_009720755.1|WP_170300831.1	GCF_009720755.1	Bacteria	Pseudomonadota	Alphaproteobacteria	Hyphomicrobiales	Nitrobacteraceae	Rhodoplanes	Rhodoplanes serenus
GCF_030813915.1|WP_272780417.1	GCF_030813915.1	Bacteria	Pseudomonadota	Alphaproteobacteria	Hyphomicrobiales	Nitrobacteraceae	Rhodoplanes	Rhodoplanes tepidamans
GCF_016653355.1|WP_111357445.1	GCF_016653355.1	Bacteria	Pseudomonadota	Alphaproteobacteria	Hyphomicrobiales	Nitrobacteraceae	Rhodoplanes	Rhodoplanes elegans
GCF_042682915.1|WP_378478376.1	GCF_042682915.1	Bacteria	Pseudomonadota	Alphaproteobacteria	Hyphomicrobiales	Nitrobacteraceae	Rhodoplanes	Rhodoplanes azumiensis
GCF_000218565.1|WP_012564407.1	GCF_000218565.1	Bacteria	Pseudomonadota	Alphaproteobacteria	Hyphomicrobiales	Nitrobacteraceae	Afipia	Afipia carboxidovorans
GCF_003217325.1|WP_245407672.1	GCF_003217325.1	Bacteria	Pseudomonadota	Alphaproteobacteria	Hyphomicrobiales	Nitrobacteraceae	Rhodopseudomonas	Rhodopseudomonas faecalis
GCF_001982635.1|WP_076864945.1	GCF_001982635.1	Bacteria	Pseudomonadota	Alphaproteobacteria	Hyphomicrobiales	Nitrobacteraceae	Bradyrhizobium	Bradyrhizobium mercantei
GCF_001189235.2|WP_050403704.1	GCF_001189235.2	Bacteria	Pseudomonadota	Alphaproteobacteria	Hyphomicrobiales	Nitrobacteraceae	Bradyrhizobium	Bradyrhizobium embrapense
GCF_017493175.3|WP_207832807.1	GCF_017493175.3	Bacteria	Pseudomonadota	Alphaproteobacteria	Hyphomicrobiales	Nitrobacteraceae	Bradyrhizobium	Bradyrhizobium quebecense
GCF_020889705.1|WP_229172223.1	GCF_020889705.1	Bacteria	Pseudomonadota	Alphaproteobacteria	Hyphomicrobiales	Nitrobacteraceae	Bradyrhizobium	Bradyrhizobium altum
GCF_023278185.1|WP_016844929.1	GCF_023278185.1	Bacteria	Pseudomonadota	Alphaproteobacteria	Hyphomicrobiales	Nitrobacteraceae	Bradyrhizobium	Bradyrhizobium elkanii
GCF_020329495.1|WP_225645650.1	GCF_020329495.1	Bacteria	Pseudomonadota	Alphaproteobacteria	Hyphomicrobiales	Nitrobacteraceae	Bradyrhizobium	Bradyrhizobium australafricanum
GCF_029714545.1|WP_028333017.1	GCF_029714545.1	Bacteria	Pseudomonadota	Alphaproteobacteria	Hyphomicrobiales	Nitrobacteraceae	Bradyrhizobium	Bradyrhizobium pachyrhizi
GCF_020889785.1|WP_229199554.1	GCF_020889785.1	Bacteria	Pseudomonadota	Alphaproteobacteria	Hyphomicrobiales	Nitrobacteraceae	Bradyrhizobium	Bradyrhizobium acaciae
GCF_010811875.1|WP_163155179.1	GCF_010811875.1	Bacteria	Pseudomonadota	Alphaproteobacteria	Hyphomicrobiales	Nitrobacteraceae	Bradyrhizobium	Bradyrhizobium uaiense
GCF_020889685.1|WP_229186937.1	GCF_020889685.1	Bacteria	Pseudomonadota	Alphaproteobacteria	Hyphomicrobiales	Nitrobacteraceae	Bradyrhizobium	Bradyrhizobium oropedii
GCF_018736085.1|WP_215621307.1	GCF_018736085.1	Bacteria	Pseudomonadota	Alphaproteobacteria	Hyphomicrobiales	Nitrobacteraceae	Bradyrhizobium	Bradyrhizobium sediminis
GCF_013114825.1|WP_171581639.1	GCF_013114825.1	Bacteria	Pseudomonadota	Alphaproteobacteria	Hyphomicrobiales	Nitrobacteraceae	Bradyrhizobium	Bradyrhizobium australiense
GCF_001440405.1|WP_057853015.1	GCF_001440405.1	Bacteria	Pseudomonadota	Alphaproteobacteria	Hyphomicrobiales	Nitrobacteraceae	Bradyrhizobium	Bradyrhizobium valentinum
GCF_020329435.1|WP_225678394.1	GCF_020329435.1	Bacteria	Pseudomonadota	Alphaproteobacteria	Hyphomicrobiales	Nitrobacteraceae	Bradyrhizobium	Bradyrhizobium hereditatis
GCF_036924595.1|WP_334485309.1	GCF_036924595.1	Bacteria	Pseudomonadota	Alphaproteobacteria	Hyphomicrobiales	Nitrobacteraceae	Bradyrhizobium	Bradyrhizobium algeriense
GCF_001693385.1|WP_065731474.1	GCF_001693385.1	Bacteria	Pseudomonadota	Alphaproteobacteria	Hyphomicrobiales	Nitrobacteraceae	Bradyrhizobium	Bradyrhizobium icense
GCF_013114835.1|WP_171710035.1	GCF_013114835.1	Bacteria	Pseudomonadota	Alphaproteobacteria	Hyphomicrobiales	Nitrobacteraceae	Bradyrhizobium	Bradyrhizobium archetypum
GCF_000472965.1|WP_028351535.1	GCF_000472965.1	Bacteria	Pseudomonadota	Alphaproteobacteria	Hyphomicrobiales	Nitrobacteraceae	Bradyrhizobium	Bradyrhizobium murdochi
GCF_001440415.1|WP_057841635.1	GCF_001440415.1	Bacteria	Pseudomonadota	Alphaproteobacteria	Hyphomicrobiales	Nitrobacteraceae	Bradyrhizobium	Bradyrhizobium retamae
GCF_001440475.1|WP_057860904.1	GCF_001440475.1	Bacteria	Pseudomonadota	Alphaproteobacteria	Hyphomicrobiales	Nitrobacteraceae	Bradyrhizobium	Bradyrhizobium lablabi
GCF_027594865.1|WP_270166260.1	GCF_027594865.1	Bacteria	Pseudomonadota	Alphaproteobacteria	Hyphomicrobiales	Nitrobacteraceae	Bradyrhizobium	Bradyrhizobium xenonodulans
GCF_020329485.1|WP_225707541.1	GCF_020329485.1	Bacteria	Pseudomonadota	Alphaproteobacteria	Hyphomicrobiales	Nitrobacteraceae	Bradyrhizobium	Bradyrhizobium cenepequi
GCF_001542415.1|WP_066502551.1	GCF_001542415.1	Bacteria	Pseudomonadota	Alphaproteobacteria	Hyphomicrobiales	Nitrobacteraceae	Bradyrhizobium	Bradyrhizobium macuxiense
GCF_011516645.4|WP_166210048.1	GCF_011516645.4	Bacteria	Pseudomonadota	Alphaproteobacteria	Hyphomicrobiales	Nitrobacteraceae	Bradyrhizobium	Bradyrhizobium septentrionale
GCF_020329505.1|WP_225712662.1	GCF_020329505.1	Bacteria	Pseudomonadota	Alphaproteobacteria	Hyphomicrobiales	Nitrobacteraceae	Bradyrhizobium	Bradyrhizobium semiaridum
GCF_900696085.1|WP_139863466.1	GCF_900696085.1	Bacteria	Pseudomonadota	Alphaproteobacteria	Hyphomicrobiales	Nitrobacteraceae	Bradyrhizobium	Bradyrhizobium ivorense
GCF_042430365.1|WP_376965887.1	GCF_042430365.1	Bacteria	Pseudomonadota	Alphaproteobacteria	Hyphomicrobiales	Nitrobacteraceae	Bradyrhizobium	Bradyrhizobium erythrophlei
GCF_045108345.1|WP_405706105.1	GCF_045108345.1	Bacteria	Pseudomonadota	Alphaproteobacteria	Hyphomicrobiales	Xanthobacteraceae	Ancylobacter	Ancylobacter terrae
GCF_018390635.1|WP_213338595.1	GCF_018390635.1	Bacteria	Pseudomonadota	Alphaproteobacteria	Hyphomicrobiales	Xanthobacteraceae	Ancylobacter	Ancylobacter lacus
GCF_023016805.1|WP_247027444.1	GCF_023016805.1	Bacteria	Pseudomonadota	Alphaproteobacteria	Hyphomicrobiales	Xanthobacteraceae	Ancylobacter	Ancylobacter crimeensis
GCF_014195655.1|WP_183188592.1	GCF_014195655.1	Bacteria	Pseudomonadota	Alphaproteobacteria	Hyphomicrobiales	Xanthobacteraceae	Ancylobacter	Ancylobacter tetraedralis
GCF_030814815.1|WP_370876889.1	GCF_030814815.1	Bacteria	Pseudomonadota	Alphaproteobacteria	Hyphomicrobiales	Xanthobacteraceae	Ancylobacter	Ancylobacter amanitiformis
GCF_018390695.1|WP_214011323.1	GCF_018390695.1	Bacteria	Pseudomonadota	Alphaproteobacteria	Hyphomicrobiales	Xanthobacteraceae	Ancylobacter	Ancylobacter sonchi
GCF_018390555.1|WP_213351019.1	GCF_018390555.1	Bacteria	Pseudomonadota	Alphaproteobacteria	Hyphomicrobiales	Xanthobacteraceae	Ancylobacter	Ancylobacter oerskovii
GCF_027922345.1|WP_213364829.1	GCF_027922345.1	Bacteria	Pseudomonadota	Alphaproteobacteria	Hyphomicrobiales	Xanthobacteraceae	Ancylobacter	Ancylobacter defluvii
GCF_022601675.1|WP_241619921.1	GCF_022601675.1	Bacteria	Pseudomonadota	Alphaproteobacteria	Hyphomicrobiales	Xanthobacteraceae	Ancylobacter	Ancylobacter gelatini
GCF_010669125.1|WP_163076192.1	GCF_010669125.1	Bacteria	Pseudomonadota	Alphaproteobacteria	Hyphomicrobiales	Xanthobacteraceae	Ancylobacter	Ancylobacter pratisalsi
GCF_024752335.1|WP_258737700.1	GCF_024752335.1	Bacteria	Pseudomonadota	Alphaproteobacteria	Hyphomicrobiales	Xanthobacteraceae	Ancylobacter	Ancylobacter mangrovi
GCF_018449475.1|WP_213756740.1	GCF_018449475.1	Bacteria	Pseudomonadota	Alphaproteobacteria	Hyphomicrobiales	Xanthobacteraceae	Ancylobacter	Ancylobacter radicis
GCF_027922285.1|WP_213368927.1	GCF_027922285.1	Bacteria	Pseudomonadota	Alphaproteobacteria	Hyphomicrobiales	Xanthobacteraceae	Ancylobacter	Ancylobacter dichloromethanicus
GCF_030813595.1|WP_307059400.1	GCF_030813595.1	Bacteria	Pseudomonadota	Alphaproteobacteria	Hyphomicrobiales	Xanthobacteraceae	Ancylobacter	Ancylobacter vacuolatus
GCF_900100155.1|WP_091440678.1	GCF_900100155.1	Bacteria	Pseudomonadota	Alphaproteobacteria	Hyphomicrobiales	Xanthobacteraceae	Ancylobacter	Ancylobacter rudongensis
GCF_030813495.1|WP_307019567.1	GCF_030813495.1	Bacteria	Pseudomonadota	Alphaproteobacteria	Hyphomicrobiales	Xanthobacteraceae	Ancylobacter	Ancylobacter polymorphus
GCF_004339465.1|WP_131834445.1	GCF_004339465.1	Bacteria	Pseudomonadota	Alphaproteobacteria	Hyphomicrobiales	Xanthobacteraceae	Ancylobacter	Ancylobacter aquaticus
GCF_007559435.1|WP_144343206.1	GCF_007559435.1	Bacteria	Pseudomonadota	Alphaproteobacteria	Hyphomicrobiales	Xanthobacteraceae	Ancylobacter	Ancylobacter moscoviensis
GCF_902703545.1|WP_159597844.1	GCF_902703545.1	Bacteria	Pseudomonadota	Alphaproteobacteria	Hyphomicrobiales	Xanthobacteraceae	Starkeya	Starkeya nomas
GCF_000092925.1|WP_013165467.1	GCF_000092925.1	Bacteria	Pseudomonadota	Alphaproteobacteria	Hyphomicrobiales	Xanthobacteraceae	Ancylobacter	Ancylobacter novellus
GCF_023016525.1|WP_247201599.1	GCF_023016525.1	Bacteria	Pseudomonadota	Alphaproteobacteria	Hyphomicrobiales	Xanthobacteraceae	Ancylobacter	Ancylobacter koreensis
GCF_043195125.1|WP_394015018.1	GCF_043195125.1	Bacteria	Pseudomonadota	Alphaproteobacteria	Hyphomicrobiales	Xanthobacteraceae	Roseixanthobacter	Roseixanthobacter pseudopolyaromaticivorans
GCF_043195135.1|WP_394044552.1	GCF_043195135.1	Bacteria	Pseudomonadota	Alphaproteobacteria	Hyphomicrobiales	Xanthobacteraceae	Roseixanthobacter	Roseixanthobacter liquoris
GCF_043195095.1|WP_394069145.1	GCF_043195095.1	Bacteria	Pseudomonadota	Alphaproteobacteria	Hyphomicrobiales	Xanthobacteraceae	Roseixanthobacter	Roseixanthobacter glucoisosaccharinicivorans
GCF_043195105.1|WP_394081630.1	GCF_043195105.1	Bacteria	Pseudomonadota	Alphaproteobacteria	Hyphomicrobiales	Xanthobacteraceae	Roseixanthobacter	Roseixanthobacter finlandensis
GCF_003993795.1|WP_127089893.1	GCF_003993795.1	Bacteria	Pseudomonadota	Alphaproteobacteria	Hyphomicrobiales	Xanthobacteraceae	Aquabacter	Aquabacter cavernae
GCF_028863665.1|WP_274773931.1	GCF_028863665.1	Bacteria	Pseudomonadota	Alphaproteobacteria	Hyphomicrobiales	Xanthobacteraceae	Aquabacter	Aquabacter sediminis
GCF_000010525.1|WP_012170003.1	GCF_000010525.1	Bacteria	Pseudomonadota	Alphaproteobacteria	Hyphomicrobiales	Xanthobacteraceae	Azorhizobium	Azorhizobium caulinodans
GCF_000473085.1|WP_029006027.1	GCF_000473085.1	Bacteria	Pseudomonadota	Alphaproteobacteria	Hyphomicrobiales	Xanthobacteraceae	Azorhizobium	Azorhizobium doebereinerae
GCF_014206845.1|WP_121621295.1	GCF_014206845.1	Bacteria	Pseudomonadota	Alphaproteobacteria	Hyphomicrobiales	Xanthobacteraceae	Xanthobacter	Xanthobacter tagetidis
GCF_043194795.1|WP_394019978.1	GCF_043194795.1	Bacteria	Pseudomonadota	Alphaproteobacteria	Hyphomicrobiales	Xanthobacteraceae	Xanthobacter	Xanthobacter pseudotagetidis
GCF_043195065.1|WP_393995646.1	GCF_043195065.1	Bacteria	Pseudomonadota	Alphaproteobacteria	Hyphomicrobiales	Xanthobacteraceae	Xanthobacter	Xanthobacter cornucopiae
GCF_030814935.1|WP_237344025.1	GCF_030814935.1	Bacteria	Pseudomonadota	Alphaproteobacteria	Hyphomicrobiales	Xanthobacteraceae	Xanthobacter	Xanthobacter agilis
GCF_043194875.1|WP_394035738.1	GCF_043194875.1	Bacteria	Pseudomonadota	Alphaproteobacteria	Hyphomicrobiales	Xanthobacteraceae	Xanthobacter	Xanthobacter albus
GCF_043195015.1|WP_393988854.1	GCF_043195015.1	Bacteria	Pseudomonadota	Alphaproteobacteria	Hyphomicrobiales	Xanthobacteraceae	Xanthobacter	Xanthobacter sediminis
GCF_043831965.1|WP_394056265.1	GCF_043831965.1	Bacteria	Pseudomonadota	Alphaproteobacteria	Hyphomicrobiales	Xanthobacteraceae	Xanthobacter	Xanthobacter variabilis
GCF_016807805.1|WP_203195411.1	GCF_016807805.1	Bacteria	Pseudomonadota	Alphaproteobacteria	Hyphomicrobiales	Xanthobacteraceae	Xanthobacter	Xanthobacter dioxanivorans
GCF_043194755.1|WP_393979654.1	GCF_043194755.1	Bacteria	Pseudomonadota	Alphaproteobacteria	Hyphomicrobiales	Xanthobacteraceae	Xanthobacter	Xanthobacter nonsaccharivorans
GCF_043193855.1|WP_394101179.1	GCF_043193855.1	Bacteria	Pseudomonadota	Alphaproteobacteria	Hyphomicrobiales	Xanthobacteraceae	Xanthobacter	Xanthobacter wiegelii
GCF_023571765.1|WP_250167438.1	GCF_023571765.1	Bacteria	Pseudomonadota	Alphaproteobacteria	Hyphomicrobiales	Xanthobacteraceae	Xanthobacter	Xanthobacter aminoxidans
GCF_027925205.1|WP_281809557.1	GCF_027925205.1	Bacteria	Pseudomonadota	Alphaproteobacteria	Hyphomicrobiales	Xanthobacteraceae	Xanthobacter	Xanthobacter flavus
GCF_043194675.1|WP_394117361.1	GCF_043194675.1	Bacteria	Pseudomonadota	Alphaproteobacteria	Hyphomicrobiales	Xanthobacteraceae	Xanthobacter	Xanthobacter lutulentifluminis
GCF_043193975.1|WP_394094201.1	GCF_043193975.1	Bacteria	Pseudomonadota	Alphaproteobacteria	Hyphomicrobiales	Xanthobacteraceae	Xanthobacter	Xanthobacter versatilis
GCF_008364685.1|WP_232847466.1	GCF_008364685.1	Bacteria	Pseudomonadota	Alphaproteobacteria	Hyphomicrobiales	Xanthobacteraceae	Xanthobacter	Xanthobacter oligotrophicus
GCF_005871085.1|WP_246089793.1	GCF_005871085.1	Bacteria	Pseudomonadota	Alphaproteobacteria	Hyphomicrobiales	Xanthobacteraceae	Xanthobacter	Xanthobacter autotrophicus
GCF_002770725.1|WP_100080297.1	GCF_002770725.1	Bacteria	Pseudomonadota	Alphaproteobacteria	Hyphomicrobiales	Pleomorphomonadaceae	Pleomorphomonas	Pleomorphomonas carboxyditropha
GCF_000422965.1|WP_026790890.1	GCF_000422965.1	Bacteria	Pseudomonadota	Alphaproteobacteria	Hyphomicrobiales	Pleomorphomonadaceae	Pleomorphomonas	Pleomorphomonas oryzae
GCF_900114935.1|WP_101290830.1	GCF_900114935.1	Bacteria	Pseudomonadota	Alphaproteobacteria	Hyphomicrobiales	Pleomorphomonadaceae	Pleomorphomonas	Pleomorphomonas diazotrophica
GCF_040797145.1|WP_367625154.1	GCF_040797145.1	Bacteria	Pseudomonadota	Alphaproteobacteria	Hyphomicrobiales	Xanthobacteraceae	Labrys	Labrys neptuniae
GCF_030814995.1|WP_307279836.1	GCF_030814995.1	Bacteria	Pseudomonadota	Alphaproteobacteria	Hyphomicrobiales	Xanthobacteraceae	Labrys	Labrys wisconsinensis
GCF_030814655.1|WP_307426753.1	GCF_030814655.1	Bacteria	Pseudomonadota	Alphaproteobacteria	Hyphomicrobiales	Xanthobacteraceae	Labrys	Labrys monachus
GCF_034424805.1|WP_322430739.1	GCF_034424805.1	Bacteria	Pseudomonadota	Alphaproteobacteria	Hyphomicrobiales	Xanthobacteraceae	Labrys	Labrys sedimenti
GCF_030160835.1|WP_284311319.1	GCF_030160835.1	Bacteria	Pseudomonadota	Alphaproteobacteria	Hyphomicrobiales	Xanthobacteraceae	Labrys	Labrys miyagiensis
GCF_047345005.1|WP_413991968.1	GCF_047345005.1	Bacteria	Pseudomonadota	Alphaproteobacteria	Hyphomicrobiales	Xanthobacteraceae	Labrys	Labrys okinawensis
GCF_003576705.1|WP_119420211.1	GCF_003576705.1	Bacteria	Pseudomonadota	Alphaproteobacteria	Sneathiellales	Sneathiellaceae	Desertibaculum	Desertibaculum subflavum
GCF_001855275.1|WP_186009491.1	GCF_001855275.1	Bacteria	Pseudomonadota	Betaproteobacteria	Neisseriales	Chromobacteriaceae	Chromobacterium	Chromobacterium vaccinii
GCF_002902845.1|WP_103320682.1	GCF_002902845.1	Bacteria	Pseudomonadota	Betaproteobacteria	Neisseriales	Chromobacteriaceae	Chromobacterium	Chromobacterium sinusclupearum
GCF_034044715.1|WP_320507642.1	GCF_034044715.1	Bacteria	Pseudomonadota	Alphaproteobacteria	Rhodospirillales	Dongiaceae	Dongia	Dongia soli
GCF_900187945.1|WP_088561335.1	GCF_900187945.1	Bacteria	Pseudomonadota	Alphaproteobacteria	Geminicoccales	Geminicoccaceae	Arboricoccus	Arboricoccus pini
GCF_900110915.1|WP_092494562.1	GCF_900110915.1	Bacteria	Pseudomonadota	Alphaproteobacteria	Hyphomicrobiales	Afifellaceae	Faunimonas	Faunimonas pinastri
GCF_014672695.1|WP_190261470.1	GCF_014672695.1	Bacteria	Pseudomonadota	Alphaproteobacteria	Rhodospirillales	Rhodospirillaceae	Defluviicoccus	Defluviicoccus vanus
GCF_000427665.1|WP_051328911.1	GCF_000427665.1	Bacteria	Pseudomonadota	Alphaproteobacteria	Geminicoccales	Geminicoccaceae	Geminicoccus	Geminicoccus roseus
GCF_009806515.1|WP_200840545.1	GCF_009806515.1	Bacteria	Pseudomonadota	Alphaproteobacteria	Geminicoccales	Geminicoccaceae	Geminicoccus	Geminicoccus flavidas
GCF_019800005.1|WP_222182889.1	GCF_019800005.1	Bacteria	Pseudomonadota	Alphaproteobacteria	Geminicoccales	Geminicoccaceae	Geminicoccus	Geminicoccus harenae
GCF_029211145.1|WP_327789647.1	GCF_029211145.1	Bacteria	Pseudomonadota	Alphaproteobacteria	Geminicoccales	Geminicoccaceae	Marinimicrococcus	Marinimicrococcus flavescens
GCF_037908215.1|WP_418157545.1	GCF_037908215.1	Bacteria	Pseudomonadota	Alphaproteobacteria	Geminicoccales	Geminicoccaceae	Benzoatithermus	Benzoatithermus flavus
GCF_031453975.1|WP_309801747.1	GCF_031453975.1	Bacteria	Pseudomonadota	Alphaproteobacteria	Rhodospirillales	Rhodospirillaceae	Inquilinus	Inquilinus ginsengisoli
GCF_001418255.1|WP_055450122.1	GCF_001418255.1	Bacteria	Pseudomonadota	Betaproteobacteria	Burkholderiales		Thiomonas	Thiomonas bhubaneswarensis
GCF_002028405.1|WP_079416651.1	GCF_002028405.1	Bacteria	Pseudomonadota	Betaproteobacteria	Burkholderiales		Thiomonas	Thiomonas intermedia
GCF_000253115.1|WP_013104839.1	GCF_000253115.1	Bacteria	Pseudomonadota	Betaproteobacteria	Burkholderiales		Thiomonas	Thiomonas arsenitoxydans
GCF_024609765.1|WP_257317938.1	GCF_024609765.1	Bacteria	Pseudomonadota	Alphaproteobacteria	Hyphomicrobiales	Rhizobiaceae	Shinella	Shinella pollutisoli
GCF_000422425.1|WP_028300999.1	GCF_000422425.1	Bacteria	Pseudomonadota	Gammaproteobacteria	Oceanospirillales	Oceanospirillaceae	Oceanospirillum	Oceanospirillum beijerinckii
GCF_900188155.1|WP_089359142.1	GCF_900188155.1	Bacteria	Pseudomonadota	Gammaproteobacteria	Pseudomonadales	Pseudomonadaceae	Pseudomonas	Pseudomonas segetis
GCF_900104735.1|WP_048395096.1	GCF_900104735.1	Bacteria	Pseudomonadota	Gammaproteobacteria	Pseudomonadales	Pseudomonadaceae	Pseudomonas	Pseudomonas lini
GCF_900106005.1|WP_047703409.1	GCF_900106005.1	Bacteria	Pseudomonadota	Gammaproteobacteria	Pseudomonadales	Pseudomonadaceae	Pseudomonas	Pseudomonas mediterranea
GCF_003033885.1|WP_107322730.1	GCF_003033885.1	Bacteria	Pseudomonadota	Gammaproteobacteria	Pseudomonadales	Pseudomonadaceae	Pseudomonas	Pseudomonas rhizophila
GCF_014268615.1|WP_186654447.1	GCF_014268615.1	Bacteria	Pseudomonadota	Gammaproteobacteria	Pseudomonadales	Pseudomonadaceae	Pseudomonas	Pseudomonas tehranensis
GCF_001269655.1|WP_053122079.1	GCF_001269655.1	Bacteria	Pseudomonadota	Gammaproteobacteria	Pseudomonadales	Pseudomonadaceae	Pseudomonas	Pseudomonas thivervalensis
GCF_014268695.2|WP_046065733.1	GCF_014268695.2	Bacteria	Pseudomonadota	Gammaproteobacteria	Pseudomonadales	Pseudomonadaceae	Pseudomonas	Pseudomonas ogarae
GCF_008370715.1|WP_003200886.1	GCF_008370715.1	Bacteria	Pseudomonadota	Gammaproteobacteria	Pseudomonadales	Pseudomonadaceae	Pseudomonas	Pseudomonas brassicacearum
GCF_023330585.1|WP_249015185.1	GCF_023330585.1	Bacteria	Pseudomonadota	Gammaproteobacteria	Pseudomonadales	Pseudomonadaceae	Pseudomonas	Pseudomonas bijieensis
GCF_034011435.1|WP_093545659.1	GCF_034011435.1	Bacteria	Pseudomonadota	Gammaproteobacteria	Pseudomonadales	Pseudomonadaceae	Pseudomonas	Pseudomonas marginalis
GCF_009296165.1|WP_152746356.1	GCF_009296165.1	Bacteria	Pseudomonadota	Gammaproteobacteria	Pseudomonadales	Pseudomonadaceae	Pseudomonas	Pseudomonas kitaguniensis
GCF_000336465.1|WP_015372163.1	GCF_000336465.1	Bacteria	Pseudomonadota	Gammaproteobacteria	Pseudomonadales	Pseudomonadaceae	Pseudomonas	Pseudomonas poae
GCF_036864995.1|WP_338480972.1	GCF_036864995.1	Bacteria	Pseudomonadota	Gammaproteobacteria	Pseudomonadales	Pseudomonadaceae	Pseudomonas	Pseudomonas trivialis
GCF_000300235.2|WP_007090612.1	GCF_000300235.2	Bacteria	Pseudomonadota	Alphaproteobacteria	Rhodospirillales	Thalassospiraceae	Thalassospira	Thalassospira xiamenensis
GCF_002844375.1|WP_101284009.1	GCF_002844375.1	Bacteria	Pseudomonadota	Alphaproteobacteria	Rhodospirillales	Thalassospiraceae	Thalassospira	Thalassospira marina
GCF_002091635.1|WP_084335051.1	GCF_002091635.1	Bacteria	Pseudomonadota	Gammaproteobacteria	Pseudomonadales	Pseudomonadaceae	Pseudomonas	Pseudomonas indica
GCF_017167985.1|WP_206418202.1	GCF_017167985.1	Bacteria	Pseudomonadota	Gammaproteobacteria	Pseudomonadales	Pseudomonadaceae	Ectopseudomonas	Ectopseudomonas toyotomiensis
GCF_900113905.1|WP_074879480.1	GCF_900113905.1	Bacteria	Pseudomonadota	Gammaproteobacteria	Pseudomonadales	Pseudomonadaceae	Phytopseudomonas	Phytopseudomonas argentinensis
GCF_000733715.2|WP_017363984.1	GCF_000733715.2	Bacteria	Pseudomonadota	Gammaproteobacteria	Pseudomonadales	Pseudomonadaceae	Ectopseudomonas	Ectopseudomonas mendocina
GCF_900115475.1|WP_074937262.1	GCF_900115475.1	Bacteria	Pseudomonadota	Gammaproteobacteria	Pseudomonadales	Pseudomonadaceae	Ectopseudomonas	Ectopseudomonas composti
