GCF_000009765.2,WP_010986703.1,/mnt/d/5-NCBI-Reference/1-Bac/download/GCF_000009765.2/GCF_000009765.2.fasta,/mnt/d/5-NCBI-Reference/1-Bac/download/GCF_000009765.2/GCF_000009765.2.gff
GCF_000009805.1,WP_011211229.1,/mnt/d/5-NCBI-Reference/1-Bac/download/GCF_000009805.1/GCF_000009805.1.fasta,/mnt/d/5-NCBI-Reference/1-Bac/download/GCF_000009805.1/GCF_000009805.1.gff
GCF_000013345.1,WP_011435484.1,/mnt/d/5-NCBI-Reference/1-Bac/download/GCF_000013345.1/GCF_000013345.1.fasta,/mnt/d/5-NCBI-Reference/1-Bac/download/GCF_000013345.1/GCF_000013345.1.gff
GCF_000017305.1,WP_011981857.1,/mnt/d/5-NCBI-Reference/1-Bac/download/GCF_000017305.1/GCF_000017305.1.fasta,/mnt/d/5-NCBI-Reference/1-Bac/download/GCF_000017305.1/GCF_000017305.1.gff
GCF_000023245.1,WP_015804940.1,/mnt/d/5-NCBI-Reference/1-Bac/download/GCF_000023245.1/GCF_000023245.1.fasta,/mnt/d/5-NCBI-Reference/1-Bac/download/GCF_000023245.1/GCF_000023245.1.gff
GCF_000023865.1,WP_015787344.1,/mnt/d/5-NCBI-Reference/1-Bac/download/GCF_000023865.1/GCF_000023865.1.fasta,/mnt/d/5-NCBI-Reference/1-Bac/download/GCF_000023865.1/GCF_000023865.1.gff
GCF_000024025.1,WP_015793884.1,/mnt/d/5-NCBI-Reference/1-Bac/download/GCF_000024025.1/GCF_000024025.1.fasta,/mnt/d/5-NCBI-Reference/1-Bac/download/GCF_000024025.1/GCF_000024025.1.gff
GCF_000024365.1,WP_281023798.1,/mnt/d/5-NCBI-Reference/1-Bac/download/GCF_000024365.1/GCF_000024365.1.fasta,/mnt/d/5-NCBI-Reference/1-Bac/download/GCF_000024365.1/GCF_000024365.1.gff
GCF_000058485.1,WP_011602925.1,/mnt/d/5-NCBI-Reference/1-Bac/download/GCF_000058485.1/GCF_000058485.1.fasta,/mnt/d/5-NCBI-Reference/1-Bac/download/GCF_000058485.1/GCF_000058485.1.gff
GCF_000062885.1,WP_009945979.1,/mnt/d/5-NCBI-Reference/1-Bac/download/GCF_000062885.1/GCF_000062885.1.fasta,/mnt/d/5-NCBI-Reference/1-Bac/download/GCF_000062885.1/GCF_000062885.1.gff
GCF_000091305.1,WP_231885137.1,/mnt/d/5-NCBI-Reference/1-Bac/download/GCF_000091305.1/GCF_000091305.1.fasta,/mnt/d/5-NCBI-Reference/1-Bac/download/GCF_000091305.1/GCF_000091305.1.gff
GCF_000154965.1,WP_007382202.1,/mnt/d/5-NCBI-Reference/1-Bac/download/GCF_000154965.1/GCF_000154965.1.fasta,/mnt/d/5-NCBI-Reference/1-Bac/download/GCF_000154965.1/GCF_000154965.1.gff
GCF_000158915.1,WP_050800358.1,/mnt/d/5-NCBI-Reference/1-Bac/download/GCF_000158915.1/GCF_000158915.1.fasta,/mnt/d/5-NCBI-Reference/1-Bac/download/GCF_000158915.1/GCF_000158915.1.gff
GCF_000192435.1,WP_009678049.1,/mnt/d/5-NCBI-Reference/1-Bac/download/GCF_000192435.1/GCF_000192435.1.fasta,/mnt/d/5-NCBI-Reference/1-Bac/download/GCF_000192435.1/GCF_000192435.1.gff
GCF_000195955.2,NP_214708.1,/mnt/d/5-NCBI-Reference/1-Bac/download/GCF_000195955.2/GCF_000195955.2.fasta,/mnt/d/5-NCBI-Reference/1-Bac/download/GCF_000195955.2/GCF_000195955.2.gff
GCF_000196675.2,WP_013677153.1,/mnt/d/5-NCBI-Reference/1-Bac/download/GCF_000196675.2/GCF_000196675.2.fasta,/mnt/d/5-NCBI-Reference/1-Bac/download/GCF_000196675.2/GCF_000196675.2.gff
GCF_000220705.2,WP_095758120.1,/mnt/d/5-NCBI-Reference/1-Bac/download/GCF_000220705.2/GCF_000220705.2.fasta,/mnt/d/5-NCBI-Reference/1-Bac/download/GCF_000220705.2/GCF_000220705.2.gff
GCF_000225525.1,WP_043729628.1,/mnt/d/5-NCBI-Reference/1-Bac/download/GCF_000225525.1/GCF_000225525.1.fasta,/mnt/d/5-NCBI-Reference/1-Bac/download/GCF_000225525.1/GCF_000225525.1.gff
GCF_000231055.2,WP_005440646.1,/mnt/d/5-NCBI-Reference/1-Bac/download/GCF_000231055.2/GCF_000231055.2.fasta,/mnt/d/5-NCBI-Reference/1-Bac/download/GCF_000231055.2/GCF_000231055.2.gff
GCF_000235425.2,WP_007515490.1,/mnt/d/5-NCBI-Reference/1-Bac/download/GCF_000235425.2/GCF_000235425.2.fasta,/mnt/d/5-NCBI-Reference/1-Bac/download/GCF_000235425.2/GCF_000235425.2.gff
GCF_000237305.1,WP_014142605.1,/mnt/d/5-NCBI-Reference/1-Bac/download/GCF_000237305.1/GCF_000237305.1.fasta,/mnt/d/5-NCBI-Reference/1-Bac/download/GCF_000237305.1/GCF_000237305.1.gff
GCF_000239155.1,WP_157163291.1,/mnt/d/5-NCBI-Reference/1-Bac/download/GCF_000239155.1/GCF_000239155.1.fasta,/mnt/d/5-NCBI-Reference/1-Bac/download/GCF_000239155.1/GCF_000239155.1.gff
GCF_000241305.1,WP_007316268.1,/mnt/d/5-NCBI-Reference/1-Bac/download/GCF_000241305.1/GCF_000241305.1.fasta,/mnt/d/5-NCBI-Reference/1-Bac/download/GCF_000241305.1/GCF_000241305.1.gff
GCF_000243395.2,WP_005466034.1,/mnt/d/5-NCBI-Reference/1-Bac/download/GCF_000243395.2/GCF_000243395.2.fasta,/mnt/d/5-NCBI-Reference/1-Bac/download/GCF_000243395.2/GCF_000243395.2.gff
GCF_000244955.1,WP_009155896.1,/mnt/d/5-NCBI-Reference/1-Bac/download/GCF_000244955.1/GCF_000244955.1.fasta,/mnt/d/5-NCBI-Reference/1-Bac/download/GCF_000244955.1/GCF_000244955.1.gff
GCF_000244975.1,WP_005458906.1,/mnt/d/5-NCBI-Reference/1-Bac/download/GCF_000244975.1/GCF_000244975.1.fasta,/mnt/d/5-NCBI-Reference/1-Bac/download/GCF_000244975.1/GCF_000244975.1.gff
GCF_000253375.1,WP_014000106.1,/mnt/d/5-NCBI-Reference/1-Bac/download/GCF_000253375.1/GCF_000253375.1.fasta,/mnt/d/5-NCBI-Reference/1-Bac/download/GCF_000253375.1/GCF_000253375.1.gff
GCF_000258175.1,WP_006239464.1,/mnt/d/5-NCBI-Reference/1-Bac/download/GCF_000258175.1/GCF_000258175.1.fasta,/mnt/d/5-NCBI-Reference/1-Bac/download/GCF_000258175.1/GCF_000258175.1.gff
GCF_000261345.2,WP_058953952.1,/mnt/d/5-NCBI-Reference/1-Bac/download/GCF_000261345.2/GCF_000261345.2.fasta,/mnt/d/5-NCBI-Reference/1-Bac/download/GCF_000261345.2/GCF_000261345.2.gff
GCF_000262345.1,WP_157838559.1,/mnt/d/5-NCBI-Reference/1-Bac/download/GCF_000262345.1/GCF_000262345.1.fasta,/mnt/d/5-NCBI-Reference/1-Bac/download/GCF_000262345.1/GCF_000262345.1.gff
GCF_000269985.1,WP_014135805.1,/mnt/d/5-NCBI-Reference/1-Bac/download/GCF_000269985.1/GCF_000269985.1.fasta,/mnt/d/5-NCBI-Reference/1-Bac/download/GCF_000269985.1/GCF_000269985.1.gff
GCF_000280865.2,WP_040899231.1,/mnt/d/5-NCBI-Reference/1-Bac/download/GCF_000280865.2/GCF_000280865.2.fasta,/mnt/d/5-NCBI-Reference/1-Bac/download/GCF_000280865.2/GCF_000280865.2.gff
GCF_000298235.1,WP_006865829.1,/mnt/d/5-NCBI-Reference/1-Bac/download/GCF_000298235.1/GCF_000298235.1.fasta,/mnt/d/5-NCBI-Reference/1-Bac/download/GCF_000298235.1/GCF_000298235.1.gff
GCF_000306785.1,WP_014739897.1,/mnt/d/5-NCBI-Reference/1-Bac/download/GCF_000306785.1/GCF_000306785.1.fasta,/mnt/d/5-NCBI-Reference/1-Bac/download/GCF_000306785.1/GCF_000306785.1.gff
GCF_000308375.1,WP_167331991.1,/mnt/d/5-NCBI-Reference/1-Bac/download/GCF_000308375.1/GCF_000308375.1.fasta,/mnt/d/5-NCBI-Reference/1-Bac/download/GCF_000308375.1/GCF_000308375.1.gff
GCF_000308435.1,WP_051021221.1,/mnt/d/5-NCBI-Reference/1-Bac/download/GCF_000308435.1/GCF_000308435.1.fasta,/mnt/d/5-NCBI-Reference/1-Bac/download/GCF_000308435.1/GCF_000308435.1.gff
GCF_000308495.1,WP_040837603.1,/mnt/d/5-NCBI-Reference/1-Bac/download/GCF_000308495.1/GCF_000308495.1.fasta,/mnt/d/5-NCBI-Reference/1-Bac/download/GCF_000308495.1/GCF_000308495.1.gff
GCF_000308515.1,WP_051157889.1,/mnt/d/5-NCBI-Reference/1-Bac/download/GCF_000308515.1/GCF_000308515.1.fasta,/mnt/d/5-NCBI-Reference/1-Bac/download/GCF_000308515.1/GCF_000308515.1.gff
GCF_000308575.1,WP_051175499.1,/mnt/d/5-NCBI-Reference/1-Bac/download/GCF_000308575.1/GCF_000308575.1.fasta,/mnt/d/5-NCBI-Reference/1-Bac/download/GCF_000308575.1/GCF_000308575.1.gff
GCF_000308595.1,WP_083884269.1,/mnt/d/5-NCBI-Reference/1-Bac/download/GCF_000308595.1/GCF_000308595.1.fasta,/mnt/d/5-NCBI-Reference/1-Bac/download/GCF_000308595.1/GCF_000308595.1.gff
GCF_000308655.1,WP_040861107.1,/mnt/d/5-NCBI-Reference/1-Bac/download/GCF_000308655.1/GCF_000308655.1.fasta,/mnt/d/5-NCBI-Reference/1-Bac/download/GCF_000308655.1/GCF_000308655.1.gff
GCF_000308675.1,WP_040791830.1,/mnt/d/5-NCBI-Reference/1-Bac/download/GCF_000308675.1/GCF_000308675.1.fasta,/mnt/d/5-NCBI-Reference/1-Bac/download/GCF_000308675.1/GCF_000308675.1.gff
GCF_000308695.1,WP_051029735.1,/mnt/d/5-NCBI-Reference/1-Bac/download/GCF_000308695.1/GCF_000308695.1.fasta,/mnt/d/5-NCBI-Reference/1-Bac/download/GCF_000308695.1/GCF_000308695.1.gff
GCF_000308775.1,WP_051164987.1,/mnt/d/5-NCBI-Reference/1-Bac/download/GCF_000308775.1/GCF_000308775.1.fasta,/mnt/d/5-NCBI-Reference/1-Bac/download/GCF_000308775.1/GCF_000308775.1.gff
GCF_000308795.1,WP_052314232.1,/mnt/d/5-NCBI-Reference/1-Bac/download/GCF_000308795.1/GCF_000308795.1.fasta,/mnt/d/5-NCBI-Reference/1-Bac/download/GCF_000308795.1/GCF_000308795.1.gff
GCF_000308855.1,WP_083893145.1,/mnt/d/5-NCBI-Reference/1-Bac/download/GCF_000308855.1/GCF_000308855.1.fasta,/mnt/d/5-NCBI-Reference/1-Bac/download/GCF_000308855.1/GCF_000308855.1.gff
GCF_000328705.1,WP_015104861.1,/mnt/d/5-NCBI-Reference/1-Bac/download/GCF_000328705.1/GCF_000328705.1.fasta,/mnt/d/5-NCBI-Reference/1-Bac/download/GCF_000328705.1/GCF_000328705.1.gff
GCF_000331185.2,WP_078586881.1,/mnt/d/5-NCBI-Reference/1-Bac/download/GCF_000331185.2/GCF_000331185.2.fasta,/mnt/d/5-NCBI-Reference/1-Bac/download/GCF_000331185.2/GCF_000331185.2.gff
GCF_000333015.1,WP_005937653.1,/mnt/d/5-NCBI-Reference/1-Bac/download/GCF_000333015.1/GCF_000333015.1.fasta,/mnt/d/5-NCBI-Reference/1-Bac/download/GCF_000333015.1/GCF_000333015.1.gff
GCF_000334455.1,WP_245555808.1,/mnt/d/5-NCBI-Reference/1-Bac/download/GCF_000334455.1/GCF_000334455.1.fasta,/mnt/d/5-NCBI-Reference/1-Bac/download/GCF_000334455.1/GCF_000334455.1.gff
GCF_000340435.2,WP_054880339.1,/mnt/d/5-NCBI-Reference/1-Bac/download/GCF_000340435.2/GCF_000340435.2.fasta,/mnt/d/5-NCBI-Reference/1-Bac/download/GCF_000340435.2/GCF_000340435.2.gff
GCF_000341065.1,WP_017572859.1,/mnt/d/5-NCBI-Reference/1-Bac/download/GCF_000341065.1/GCF_000341065.1.fasta,/mnt/d/5-NCBI-Reference/1-Bac/download/GCF_000341065.1/GCF_000341065.1.gff
GCF_000349325.1,WP_015660237.1,/mnt/d/5-NCBI-Reference/1-Bac/download/GCF_000349325.1/GCF_000349325.1.fasta,/mnt/d/5-NCBI-Reference/1-Bac/download/GCF_000349325.1/GCF_000349325.1.gff
GCF_000371785.1,WP_017973520.1,/mnt/d/5-NCBI-Reference/1-Bac/download/GCF_000371785.1/GCF_000371785.1.fasta,/mnt/d/5-NCBI-Reference/1-Bac/download/GCF_000371785.1/GCF_000371785.1.gff
GCF_000372745.1,WP_020548659.1,/mnt/d/5-NCBI-Reference/1-Bac/download/GCF_000372745.1/GCF_000372745.1.fasta,/mnt/d/5-NCBI-Reference/1-Bac/download/GCF_000372745.1/GCF_000372745.1.gff
GCF_000373365.1,WP_051105669.1,/mnt/d/5-NCBI-Reference/1-Bac/download/GCF_000373365.1/GCF_000373365.1.fasta,/mnt/d/5-NCBI-Reference/1-Bac/download/GCF_000373365.1/GCF_000373365.1.gff
GCF_000373925.1,WP_157181540.1,/mnt/d/5-NCBI-Reference/1-Bac/download/GCF_000373925.1/GCF_000373925.1.fasta,/mnt/d/5-NCBI-Reference/1-Bac/download/GCF_000373925.1/GCF_000373925.1.gff
GCF_000374165.1,WP_018637960.1,/mnt/d/5-NCBI-Reference/1-Bac/download/GCF_000374165.1/GCF_000374165.1.fasta,/mnt/d/5-NCBI-Reference/1-Bac/download/GCF_000374165.1/GCF_000374165.1.gff
GCF_000374445.1,WP_018682269.1,/mnt/d/5-NCBI-Reference/1-Bac/download/GCF_000374445.1/GCF_000374445.1.fasta,/mnt/d/5-NCBI-Reference/1-Bac/download/GCF_000374445.1/GCF_000374445.1.gff
GCF_000376565.1,WP_019065745.1,/mnt/d/5-NCBI-Reference/1-Bac/download/GCF_000376565.1/GCF_000376565.1.fasta,/mnt/d/5-NCBI-Reference/1-Bac/download/GCF_000376565.1/GCF_000376565.1.gff
GCF_000379465.1,WP_020499725.1,/mnt/d/5-NCBI-Reference/1-Bac/download/GCF_000379465.1/GCF_000379465.1.fasta,/mnt/d/5-NCBI-Reference/1-Bac/download/GCF_000379465.1/GCF_000379465.1.gff
GCF_000379625.1,WP_425393422.1,/mnt/d/5-NCBI-Reference/1-Bac/download/GCF_000379625.1/GCF_000379625.1.fasta,/mnt/d/5-NCBI-Reference/1-Bac/download/GCF_000379625.1/GCF_000379625.1.gff
GCF_000380165.1,WP_026220094.1,/mnt/d/5-NCBI-Reference/1-Bac/download/GCF_000380165.1/GCF_000380165.1.fasta,/mnt/d/5-NCBI-Reference/1-Bac/download/GCF_000380165.1/GCF_000380165.1.gff
GCF_000380485.1,WP_018180589.1,/mnt/d/5-NCBI-Reference/1-Bac/download/GCF_000380485.1/GCF_000380485.1.fasta,/mnt/d/5-NCBI-Reference/1-Bac/download/GCF_000380485.1/GCF_000380485.1.gff
GCF_000380645.1,WP_018159712.1,/mnt/d/5-NCBI-Reference/1-Bac/download/GCF_000380645.1/GCF_000380645.1.fasta,/mnt/d/5-NCBI-Reference/1-Bac/download/GCF_000380645.1/GCF_000380645.1.gff
GCF_000381025.1,WP_158678706.1,/mnt/d/5-NCBI-Reference/1-Bac/download/GCF_000381025.1/GCF_000381025.1.fasta,/mnt/d/5-NCBI-Reference/1-Bac/download/GCF_000381025.1/GCF_000381025.1.gff
GCF_000381885.1,WP_019630162.1,/mnt/d/5-NCBI-Reference/1-Bac/download/GCF_000381885.1/GCF_000381885.1.fasta,/mnt/d/5-NCBI-Reference/1-Bac/download/GCF_000381885.1/GCF_000381885.1.gff
GCF_000383595.1,WP_028796989.1,/mnt/d/5-NCBI-Reference/1-Bac/download/GCF_000383595.1/GCF_000383595.1.fasta,/mnt/d/5-NCBI-Reference/1-Bac/download/GCF_000383595.1/GCF_000383595.1.gff
GCF_000383795.1,WP_048876488.1,/mnt/d/5-NCBI-Reference/1-Bac/download/GCF_000383795.1/GCF_000383795.1.fasta,/mnt/d/5-NCBI-Reference/1-Bac/download/GCF_000383795.1/GCF_000383795.1.gff
GCF_000383915.1,WP_425386928.1,/mnt/d/5-NCBI-Reference/1-Bac/download/GCF_000383915.1/GCF_000383915.1.fasta,/mnt/d/5-NCBI-Reference/1-Bac/download/GCF_000383915.1/GCF_000383915.1.gff
GCF_000384035.1,WP_019855311.1,/mnt/d/5-NCBI-Reference/1-Bac/download/GCF_000384035.1/GCF_000384035.1.fasta,/mnt/d/5-NCBI-Reference/1-Bac/download/GCF_000384035.1/GCF_000384035.1.gff
GCF_000384175.1,WP_019886550.1,/mnt/d/5-NCBI-Reference/1-Bac/download/GCF_000384175.1/GCF_000384175.1.fasta,/mnt/d/5-NCBI-Reference/1-Bac/download/GCF_000384175.1/GCF_000384175.1.gff
GCF_000384295.1,WP_026468536.1,/mnt/d/5-NCBI-Reference/1-Bac/download/GCF_000384295.1/GCF_000384295.1.fasta,/mnt/d/5-NCBI-Reference/1-Bac/download/GCF_000384295.1/GCF_000384295.1.gff
GCF_000384315.1,WP_051116548.1,/mnt/d/5-NCBI-Reference/1-Bac/download/GCF_000384315.1/GCF_000384315.1.fasta,/mnt/d/5-NCBI-Reference/1-Bac/download/GCF_000384315.1/GCF_000384315.1.gff
GCF_000400635.2,WP_016337045.1,/mnt/d/5-NCBI-Reference/1-Bac/download/GCF_000400635.2/GCF_000400635.2.fasta,/mnt/d/5-NCBI-Reference/1-Bac/download/GCF_000400635.2/GCF_000400635.2.gff
GCF_000423625.1,WP_051232894.1,/mnt/d/5-NCBI-Reference/1-Bac/download/GCF_000423625.1/GCF_000423625.1.fasta,/mnt/d/5-NCBI-Reference/1-Bac/download/GCF_000423625.1/GCF_000423625.1.gff
GCF_000426645.1,WP_211229437.1,/mnt/d/5-NCBI-Reference/1-Bac/download/GCF_000426645.1/GCF_000426645.1.fasta,/mnt/d/5-NCBI-Reference/1-Bac/download/GCF_000426645.1/GCF_000426645.1.gff
GCF_000427825.1,WP_084612233.1,/mnt/d/5-NCBI-Reference/1-Bac/download/GCF_000427825.1/GCF_000427825.1.fasta,/mnt/d/5-NCBI-Reference/1-Bac/download/GCF_000427825.1/GCF_000427825.1.gff
GCF_000427905.1,WP_038045022.1,/mnt/d/5-NCBI-Reference/1-Bac/download/GCF_000427905.1/GCF_000427905.1.fasta,/mnt/d/5-NCBI-Reference/1-Bac/download/GCF_000427905.1/GCF_000427905.1.gff
GCF_000429025.1,WP_028936749.1,/mnt/d/5-NCBI-Reference/1-Bac/download/GCF_000429025.1/GCF_000429025.1.fasta,/mnt/d/5-NCBI-Reference/1-Bac/download/GCF_000429025.1/GCF_000429025.1.gff
GCF_000429085.1,WP_028811544.1,/mnt/d/5-NCBI-Reference/1-Bac/download/GCF_000429085.1/GCF_000429085.1.fasta,/mnt/d/5-NCBI-Reference/1-Bac/download/GCF_000429085.1/GCF_000429085.1.gff
GCF_000478605.2,WP_023588592.1,/mnt/d/5-NCBI-Reference/1-Bac/download/GCF_000478605.2/GCF_000478605.2.fasta,/mnt/d/5-NCBI-Reference/1-Bac/download/GCF_000478605.2/GCF_000478605.2.gff
GCF_000482865.1,WP_035307344.1,/mnt/d/5-NCBI-Reference/1-Bac/download/GCF_000482865.1/GCF_000482865.1.fasta,/mnt/d/5-NCBI-Reference/1-Bac/download/GCF_000482865.1/GCF_000482865.1.gff
GCF_000497445.1,WP_031225933.1,/mnt/d/5-NCBI-Reference/1-Bac/download/GCF_000497445.1/GCF_000497445.1.fasta,/mnt/d/5-NCBI-Reference/1-Bac/download/GCF_000497445.1/GCF_000497445.1.gff
GCF_000504285.1,WP_245594527.1,/mnt/d/5-NCBI-Reference/1-Bac/download/GCF_000504285.1/GCF_000504285.1.fasta,/mnt/d/5-NCBI-Reference/1-Bac/download/GCF_000504285.1/GCF_000504285.1.gff
GCF_000511305.1,WP_024103461.1,/mnt/d/5-NCBI-Reference/1-Bac/download/GCF_000511305.1/GCF_000511305.1.fasta,/mnt/d/5-NCBI-Reference/1-Bac/download/GCF_000511305.1/GCF_000511305.1.gff
GCF_000519205.1,WP_156960353.1,/mnt/d/5-NCBI-Reference/1-Bac/download/GCF_000519205.1/GCF_000519205.1.fasta,/mnt/d/5-NCBI-Reference/1-Bac/download/GCF_000519205.1/GCF_000519205.1.gff
GCF_000524475.1,WP_084611556.1,/mnt/d/5-NCBI-Reference/1-Bac/download/GCF_000524475.1/GCF_000524475.1.fasta,/mnt/d/5-NCBI-Reference/1-Bac/download/GCF_000524475.1/GCF_000524475.1.gff
GCF_000525635.1,WP_042221247.1,/mnt/d/5-NCBI-Reference/1-Bac/download/GCF_000525635.1/GCF_000525635.1.fasta,/mnt/d/5-NCBI-Reference/1-Bac/download/GCF_000525635.1/GCF_000525635.1.gff
GCF_000585375.1,WP_051569618.1,/mnt/d/5-NCBI-Reference/1-Bac/download/GCF_000585375.1/GCF_000585375.1.fasta,/mnt/d/5-NCBI-Reference/1-Bac/download/GCF_000585375.1/GCF_000585375.1.gff
GCF_000620785.1,WP_084211492.1,/mnt/d/5-NCBI-Reference/1-Bac/download/GCF_000620785.1/GCF_000620785.1.fasta,/mnt/d/5-NCBI-Reference/1-Bac/download/GCF_000620785.1/GCF_000620785.1.gff
GCF_000696185.1,WP_035862901.1,/mnt/d/5-NCBI-Reference/1-Bac/download/GCF_000696185.1/GCF_000696185.1.fasta,/mnt/d/5-NCBI-Reference/1-Bac/download/GCF_000696185.1/GCF_000696185.1.gff
GCF_000696675.2,WP_029255799.1,/mnt/d/5-NCBI-Reference/1-Bac/download/GCF_000696675.2/GCF_000696675.2.fasta,/mnt/d/5-NCBI-Reference/1-Bac/download/GCF_000696675.2/GCF_000696675.2.gff
GCF_000715845.1,WP_033037634.1,/mnt/d/5-NCBI-Reference/1-Bac/download/GCF_000715845.1/GCF_000715845.1.fasta,/mnt/d/5-NCBI-Reference/1-Bac/download/GCF_000715845.1/GCF_000715845.1.gff
GCF_000716025.1,WP_030085463.1,/mnt/d/5-NCBI-Reference/1-Bac/download/GCF_000716025.1/GCF_000716025.1.fasta,/mnt/d/5-NCBI-Reference/1-Bac/download/GCF_000716025.1/GCF_000716025.1.gff
GCF_000716435.1,WP_043669393.1,/mnt/d/5-NCBI-Reference/1-Bac/download/GCF_000716435.1/GCF_000716435.1.fasta,/mnt/d/5-NCBI-Reference/1-Bac/download/GCF_000716435.1/GCF_000716435.1.gff
GCF_000716445.1,WP_051787679.1,/mnt/d/5-NCBI-Reference/1-Bac/download/GCF_000716445.1/GCF_000716445.1.fasta,/mnt/d/5-NCBI-Reference/1-Bac/download/GCF_000716445.1/GCF_000716445.1.gff
GCF_000716545.1,WP_033221278.1,/mnt/d/5-NCBI-Reference/1-Bac/download/GCF_000716545.1/GCF_000716545.1.fasta,/mnt/d/5-NCBI-Reference/1-Bac/download/GCF_000716545.1/GCF_000716545.1.gff
GCF_000716625.1,WP_030210391.1,/mnt/d/5-NCBI-Reference/1-Bac/download/GCF_000716625.1/GCF_000716625.1.fasta,/mnt/d/5-NCBI-Reference/1-Bac/download/GCF_000716625.1/GCF_000716625.1.gff
GCF_000716675.1,WP_030359976.1,/mnt/d/5-NCBI-Reference/1-Bac/download/GCF_000716675.1/GCF_000716675.1.fasta,/mnt/d/5-NCBI-Reference/1-Bac/download/GCF_000716675.1/GCF_000716675.1.gff
GCF_000716805.1,WP_033322767.1,/mnt/d/5-NCBI-Reference/1-Bac/download/GCF_000716805.1/GCF_000716805.1.fasta,/mnt/d/5-NCBI-Reference/1-Bac/download/GCF_000716805.1/GCF_000716805.1.gff
GCF_000717025.1,WP_051709282.1,/mnt/d/5-NCBI-Reference/1-Bac/download/GCF_000717025.1/GCF_000717025.1.fasta,/mnt/d/5-NCBI-Reference/1-Bac/download/GCF_000717025.1/GCF_000717025.1.gff
GCF_000717335.1,WP_425388726.1,/mnt/d/5-NCBI-Reference/1-Bac/download/GCF_000717335.1/GCF_000717335.1.fasta,/mnt/d/5-NCBI-Reference/1-Bac/download/GCF_000717335.1/GCF_000717335.1.gff
GCF_000717595.1,WP_051819628.1,/mnt/d/5-NCBI-Reference/1-Bac/download/GCF_000717595.1/GCF_000717595.1.fasta,/mnt/d/5-NCBI-Reference/1-Bac/download/GCF_000717595.1/GCF_000717595.1.gff
GCF_000717745.1,WP_030249997.1,/mnt/d/5-NCBI-Reference/1-Bac/download/GCF_000717745.1/GCF_000717745.1.fasta,/mnt/d/5-NCBI-Reference/1-Bac/download/GCF_000717745.1/GCF_000717745.1.gff
GCF_000717995.1,WP_030179799.1,/mnt/d/5-NCBI-Reference/1-Bac/download/GCF_000717995.1/GCF_000717995.1.fasta,/mnt/d/5-NCBI-Reference/1-Bac/download/GCF_000717995.1/GCF_000717995.1.gff
GCF_000718005.1,WP_043509858.1,/mnt/d/5-NCBI-Reference/1-Bac/download/GCF_000718005.1/GCF_000718005.1.fasta,/mnt/d/5-NCBI-Reference/1-Bac/download/GCF_000718005.1/GCF_000718005.1.gff
GCF_000718015.1,WP_030283173.1,/mnt/d/5-NCBI-Reference/1-Bac/download/GCF_000718015.1/GCF_000718015.1.fasta,/mnt/d/5-NCBI-Reference/1-Bac/download/GCF_000718015.1/GCF_000718015.1.gff
GCF_000718165.1,WP_052424832.1,/mnt/d/5-NCBI-Reference/1-Bac/download/GCF_000718165.1/GCF_000718165.1.fasta,/mnt/d/5-NCBI-Reference/1-Bac/download/GCF_000718165.1/GCF_000718165.1.gff
GCF_000718305.1,WP_110944417.1,/mnt/d/5-NCBI-Reference/1-Bac/download/GCF_000718305.1/GCF_000718305.1.fasta,/mnt/d/5-NCBI-Reference/1-Bac/download/GCF_000718305.1/GCF_000718305.1.gff
GCF_000718625.1,WP_030782336.1,/mnt/d/5-NCBI-Reference/1-Bac/download/GCF_000718625.1/GCF_000718625.1.fasta,/mnt/d/5-NCBI-Reference/1-Bac/download/GCF_000718625.1/GCF_000718625.1.gff
GCF_000718635.1,WP_157854587.1,/mnt/d/5-NCBI-Reference/1-Bac/download/GCF_000718635.1/GCF_000718635.1.fasta,/mnt/d/5-NCBI-Reference/1-Bac/download/GCF_000718635.1/GCF_000718635.1.gff
GCF_000718985.1,WP_051717783.1,/mnt/d/5-NCBI-Reference/1-Bac/download/GCF_000718985.1/GCF_000718985.1.fasta,/mnt/d/5-NCBI-Reference/1-Bac/download/GCF_000718985.1/GCF_000718985.1.gff
GCF_000719135.1,WP_110946210.1,/mnt/d/5-NCBI-Reference/1-Bac/download/GCF_000719135.1/GCF_000719135.1.fasta,/mnt/d/5-NCBI-Reference/1-Bac/download/GCF_000719135.1/GCF_000719135.1.gff
GCF_000719285.1,WP_031478590.1,/mnt/d/5-NCBI-Reference/1-Bac/download/GCF_000719285.1/GCF_000719285.1.fasta,/mnt/d/5-NCBI-Reference/1-Bac/download/GCF_000719285.1/GCF_000719285.1.gff
GCF_000720475.1,WP_157855802.1,/mnt/d/5-NCBI-Reference/1-Bac/download/GCF_000720475.1/GCF_000720475.1.fasta,/mnt/d/5-NCBI-Reference/1-Bac/download/GCF_000720475.1/GCF_000720475.1.gff
GCF_000720485.1,WP_078649498.1,/mnt/d/5-NCBI-Reference/1-Bac/download/GCF_000720485.1/GCF_000720485.1.fasta,/mnt/d/5-NCBI-Reference/1-Bac/download/GCF_000720485.1/GCF_000720485.1.gff
GCF_000720995.1,WP_190233203.1,/mnt/d/5-NCBI-Reference/1-Bac/download/GCF_000720995.1/GCF_000720995.1.fasta,/mnt/d/5-NCBI-Reference/1-Bac/download/GCF_000720995.1/GCF_000720995.1.gff
GCF_000723425.2,WP_038581078.1,/mnt/d/5-NCBI-Reference/1-Bac/download/GCF_000723425.2/GCF_000723425.2.fasta,/mnt/d/5-NCBI-Reference/1-Bac/download/GCF_000723425.2/GCF_000723425.2.gff
GCF_000725125.1,WP_037931647.1,/mnt/d/5-NCBI-Reference/1-Bac/download/GCF_000725125.1/GCF_000725125.1.fasta,/mnt/d/5-NCBI-Reference/1-Bac/download/GCF_000725125.1/GCF_000725125.1.gff
GCF_000725475.1,WP_031159796.1,/mnt/d/5-NCBI-Reference/1-Bac/download/GCF_000725475.1/GCF_000725475.1.fasta,/mnt/d/5-NCBI-Reference/1-Bac/download/GCF_000725475.1/GCF_000725475.1.gff
GCF_000725545.1,WP_397791886.1,/mnt/d/5-NCBI-Reference/1-Bac/download/GCF_000725545.1/GCF_000725545.1.fasta,/mnt/d/5-NCBI-Reference/1-Bac/download/GCF_000725545.1/GCF_000725545.1.gff
GCF_000725565.1,WP_158706259.1,/mnt/d/5-NCBI-Reference/1-Bac/download/GCF_000725565.1/GCF_000725565.1.fasta,/mnt/d/5-NCBI-Reference/1-Bac/download/GCF_000725565.1/GCF_000725565.1.gff
GCF_000725785.1,WP_031130542.1,/mnt/d/5-NCBI-Reference/1-Bac/download/GCF_000725785.1/GCF_000725785.1.fasta,/mnt/d/5-NCBI-Reference/1-Bac/download/GCF_000725785.1/GCF_000725785.1.gff
GCF_000739085.1,WP_017984681.1,/mnt/d/5-NCBI-Reference/1-Bac/download/GCF_000739085.1/GCF_000739085.1.fasta,/mnt/d/5-NCBI-Reference/1-Bac/download/GCF_000739085.1/GCF_000739085.1.gff
GCF_000744225.1,WP_083974266.1,/mnt/d/5-NCBI-Reference/1-Bac/download/GCF_000744225.1/GCF_000744225.1.fasta,/mnt/d/5-NCBI-Reference/1-Bac/download/GCF_000744225.1/GCF_000744225.1.gff
GCF_000744655.1,WP_037605278.1,/mnt/d/5-NCBI-Reference/1-Bac/download/GCF_000744655.1/GCF_000744655.1.fasta,/mnt/d/5-NCBI-Reference/1-Bac/download/GCF_000744655.1/GCF_000744655.1.gff
GCF_000744705.1,WP_081982294.1,/mnt/d/5-NCBI-Reference/1-Bac/download/GCF_000744705.1/GCF_000744705.1.fasta,/mnt/d/5-NCBI-Reference/1-Bac/download/GCF_000744705.1/GCF_000744705.1.gff
GCF_000744785.1,WP_035849072.1,/mnt/d/5-NCBI-Reference/1-Bac/download/GCF_000744785.1/GCF_000744785.1.fasta,/mnt/d/5-NCBI-Reference/1-Bac/download/GCF_000744785.1/GCF_000744785.1.gff
GCF_000744815.1,WP_037576249.1,/mnt/d/5-NCBI-Reference/1-Bac/download/GCF_000744815.1/GCF_000744815.1.fasta,/mnt/d/5-NCBI-Reference/1-Bac/download/GCF_000744815.1/GCF_000744815.1.gff
GCF_000745345.1,WP_037907828.1,/mnt/d/5-NCBI-Reference/1-Bac/download/GCF_000745345.1/GCF_000745345.1.fasta,/mnt/d/5-NCBI-Reference/1-Bac/download/GCF_000745345.1/GCF_000745345.1.gff
GCF_000787775.1,WP_084718519.1,/mnt/d/5-NCBI-Reference/1-Bac/download/GCF_000787775.1/GCF_000787775.1.fasta,/mnt/d/5-NCBI-Reference/1-Bac/download/GCF_000787775.1/GCF_000787775.1.gff
GCF_000787815.1,WP_042367469.1,/mnt/d/5-NCBI-Reference/1-Bac/download/GCF_000787815.1/GCF_000787815.1.fasta,/mnt/d/5-NCBI-Reference/1-Bac/download/GCF_000787815.1/GCF_000787815.1.gff
GCF_000787835.1,WP_042379298.1,/mnt/d/5-NCBI-Reference/1-Bac/download/GCF_000787835.1/GCF_000787835.1.fasta,/mnt/d/5-NCBI-Reference/1-Bac/download/GCF_000787835.1/GCF_000787835.1.gff
GCF_000787855.1,WP_042420810.1,/mnt/d/5-NCBI-Reference/1-Bac/download/GCF_000787855.1/GCF_000787855.1.fasta,/mnt/d/5-NCBI-Reference/1-Bac/download/GCF_000787855.1/GCF_000787855.1.gff
GCF_000802245.2,WP_425319688.1,/mnt/d/5-NCBI-Reference/1-Bac/download/GCF_000802245.2/GCF_000802245.2.fasta,/mnt/d/5-NCBI-Reference/1-Bac/download/GCF_000802245.2/GCF_000802245.2.gff
GCF_000802305.1,WP_039400174.1,/mnt/d/5-NCBI-Reference/1-Bac/download/GCF_000802305.1/GCF_000802305.1.fasta,/mnt/d/5-NCBI-Reference/1-Bac/download/GCF_000802305.1/GCF_000802305.1.gff
GCF_000829715.2,WP_245698565.1,/mnt/d/5-NCBI-Reference/1-Bac/download/GCF_000829715.2/GCF_000829715.2.fasta,/mnt/d/5-NCBI-Reference/1-Bac/download/GCF_000829715.2/GCF_000829715.2.gff
GCF_000830005.1,WP_041133870.1,/mnt/d/5-NCBI-Reference/1-Bac/download/GCF_000830005.1/GCF_000830005.1.fasta,/mnt/d/5-NCBI-Reference/1-Bac/download/GCF_000830005.1/GCF_000830005.1.gff
GCF_000935125.1,WP_044363641.1,/mnt/d/5-NCBI-Reference/1-Bac/download/GCF_000935125.1/GCF_000935125.1.fasta,/mnt/d/5-NCBI-Reference/1-Bac/download/GCF_000935125.1/GCF_000935125.1.gff
GCF_000943515.2,WP_145926539.1,/mnt/d/5-NCBI-Reference/1-Bac/download/GCF_000943515.2/GCF_000943515.2.fasta,/mnt/d/5-NCBI-Reference/1-Bac/download/GCF_000943515.2/GCF_000943515.2.gff
GCF_000948395.1,WP_277912957.1,/mnt/d/5-NCBI-Reference/1-Bac/download/GCF_000948395.1/GCF_000948395.1.fasta,/mnt/d/5-NCBI-Reference/1-Bac/download/GCF_000948395.1/GCF_000948395.1.gff
GCF_000955965.1,WP_031130542.1,/mnt/d/5-NCBI-Reference/1-Bac/download/GCF_000955965.1/GCF_000955965.1.fasta,/mnt/d/5-NCBI-Reference/1-Bac/download/GCF_000955965.1/GCF_000955965.1.gff
GCF_000961885.1,WP_045705122.1,/mnt/d/5-NCBI-Reference/1-Bac/download/GCF_000961885.1/GCF_000961885.1.fasta,/mnt/d/5-NCBI-Reference/1-Bac/download/GCF_000961885.1/GCF_000961885.1.gff
GCF_000966975.1,WP_045951077.1,/mnt/d/5-NCBI-Reference/1-Bac/download/GCF_000966975.1/GCF_000966975.1.fasta,/mnt/d/5-NCBI-Reference/1-Bac/download/GCF_000966975.1/GCF_000966975.1.gff
GCF_000968685.2,WP_107424853.1,/mnt/d/5-NCBI-Reference/1-Bac/download/GCF_000968685.2/GCF_000968685.2.fasta,/mnt/d/5-NCBI-Reference/1-Bac/download/GCF_000968685.2/GCF_000968685.2.gff
GCF_000974445.1,WP_030471328.1,/mnt/d/5-NCBI-Reference/1-Bac/download/GCF_000974445.1/GCF_000974445.1.fasta,/mnt/d/5-NCBI-Reference/1-Bac/download/GCF_000974445.1/GCF_000974445.1.gff
GCF_000974985.2,WP_046591164.1,/mnt/d/5-NCBI-Reference/1-Bac/download/GCF_000974985.2/GCF_000974985.2.fasta,/mnt/d/5-NCBI-Reference/1-Bac/download/GCF_000974985.2/GCF_000974985.2.gff
GCF_000980885.2,WP_046419517.1,/mnt/d/5-NCBI-Reference/1-Bac/download/GCF_000980885.2/GCF_000980885.2.fasta,/mnt/d/5-NCBI-Reference/1-Bac/download/GCF_000980885.2/GCF_000980885.2.gff
GCF_000993785.3,WP_425473485.1,/mnt/d/5-NCBI-Reference/1-Bac/download/GCF_000993785.3/GCF_000993785.3.fasta,/mnt/d/5-NCBI-Reference/1-Bac/download/GCF_000993785.3/GCF_000993785.3.gff
GCF_001005085.2,WP_046731628.1,/mnt/d/5-NCBI-Reference/1-Bac/download/GCF_001005085.2/GCF_001005085.2.fasta,/mnt/d/5-NCBI-Reference/1-Bac/download/GCF_001005085.2/GCF_001005085.2.gff
GCF_001013905.1,WP_029384589.1,/mnt/d/5-NCBI-Reference/1-Bac/download/GCF_001013905.1/GCF_001013905.1.fasta,/mnt/d/5-NCBI-Reference/1-Bac/download/GCF_001013905.1/GCF_001013905.1.gff
GCF_001017755.1,WP_235433441.1,/mnt/d/5-NCBI-Reference/1-Bac/download/GCF_001017755.1/GCF_001017755.1.fasta,/mnt/d/5-NCBI-Reference/1-Bac/download/GCF_001017755.1/GCF_001017755.1.gff
GCF_001027185.1,WP_208900748.1,/mnt/d/5-NCBI-Reference/1-Bac/download/GCF_001027185.1/GCF_001027185.1.fasta,/mnt/d/5-NCBI-Reference/1-Bac/download/GCF_001027185.1/GCF_001027185.1.gff
GCF_001044425.1,WP_048479447.1,/mnt/d/5-NCBI-Reference/1-Bac/download/GCF_001044425.1/GCF_001044425.1.fasta,/mnt/d/5-NCBI-Reference/1-Bac/download/GCF_001044425.1/GCF_001044425.1.gff
GCF_001184025.1,WP_062648249.1,/mnt/d/5-NCBI-Reference/1-Bac/download/GCF_001184025.1/GCF_001184025.1.fasta,/mnt/d/5-NCBI-Reference/1-Bac/download/GCF_001184025.1/GCF_001184025.1.gff
GCF_001186365.1,WP_152930172.1,/mnt/d/5-NCBI-Reference/1-Bac/download/GCF_001186365.1/GCF_001186365.1.fasta,/mnt/d/5-NCBI-Reference/1-Bac/download/GCF_001186365.1/GCF_001186365.1.gff
GCF_001187435.1,WP_241833402.1,/mnt/d/5-NCBI-Reference/1-Bac/download/GCF_001187435.1/GCF_001187435.1.fasta,/mnt/d/5-NCBI-Reference/1-Bac/download/GCF_001187435.1/GCF_001187435.1.gff
GCF_001267885.1,WP_053131250.1,/mnt/d/5-NCBI-Reference/1-Bac/download/GCF_001267885.1/GCF_001267885.1.fasta,/mnt/d/5-NCBI-Reference/1-Bac/download/GCF_001267885.1/GCF_001267885.1.gff
GCF_001270025.1,WP_059415809.1,/mnt/d/5-NCBI-Reference/1-Bac/download/GCF_001270025.1/GCF_001270025.1.fasta,/mnt/d/5-NCBI-Reference/1-Bac/download/GCF_001270025.1/GCF_001270025.1.gff
GCF_001270745.1,WP_053204764.1,/mnt/d/5-NCBI-Reference/1-Bac/download/GCF_001270745.1/GCF_001270745.1.fasta,/mnt/d/5-NCBI-Reference/1-Bac/download/GCF_001270745.1/GCF_001270745.1.gff
GCF_001294335.1,WP_425424213.1,/mnt/d/5-NCBI-Reference/1-Bac/download/GCF_001294335.1/GCF_001294335.1.fasta,/mnt/d/5-NCBI-Reference/1-Bac/download/GCF_001294335.1/GCF_001294335.1.gff
GCF_001302585.1,WP_054295422.1,/mnt/d/5-NCBI-Reference/1-Bac/download/GCF_001302585.1/GCF_001302585.1.fasta,/mnt/d/5-NCBI-Reference/1-Bac/download/GCF_001302585.1/GCF_001302585.1.gff
GCF_001305675.1,WP_062392283.1,/mnt/d/5-NCBI-Reference/1-Bac/download/GCF_001305675.1/GCF_001305675.1.fasta,/mnt/d/5-NCBI-Reference/1-Bac/download/GCF_001305675.1/GCF_001305675.1.gff
GCF_001418325.1,WP_079075025.1,/mnt/d/5-NCBI-Reference/1-Bac/download/GCF_001418325.1/GCF_001418325.1.fasta,/mnt/d/5-NCBI-Reference/1-Bac/download/GCF_001418325.1/GCF_001418325.1.gff
GCF_001418565.1,WP_055528972.1,/mnt/d/5-NCBI-Reference/1-Bac/download/GCF_001418565.1/GCF_001418565.1.fasta,/mnt/d/5-NCBI-Reference/1-Bac/download/GCF_001418565.1/GCF_001418565.1.gff
GCF_001418575.1,WP_055590187.1,/mnt/d/5-NCBI-Reference/1-Bac/download/GCF_001418575.1/GCF_001418575.1.fasta,/mnt/d/5-NCBI-Reference/1-Bac/download/GCF_001418575.1/GCF_001418575.1.gff
GCF_001419745.1,WP_055699402.1,/mnt/d/5-NCBI-Reference/1-Bac/download/GCF_001419745.1/GCF_001419745.1.fasta,/mnt/d/5-NCBI-Reference/1-Bac/download/GCF_001419745.1/GCF_001419745.1.gff
GCF_001434355.1,WP_050360863.1,/mnt/d/5-NCBI-Reference/1-Bac/download/GCF_001434355.1/GCF_001434355.1.fasta,/mnt/d/5-NCBI-Reference/1-Bac/download/GCF_001434355.1/GCF_001434355.1.gff
GCF_001493375.1,WP_079032479.1,/mnt/d/5-NCBI-Reference/1-Bac/download/GCF_001493375.1/GCF_001493375.1.fasta,/mnt/d/5-NCBI-Reference/1-Bac/download/GCF_001493375.1/GCF_001493375.1.gff
GCF_001509475.1,WP_079051844.1,/mnt/d/5-NCBI-Reference/1-Bac/download/GCF_001509475.1/GCF_001509475.1.fasta,/mnt/d/5-NCBI-Reference/1-Bac/download/GCF_001509475.1/GCF_001509475.1.gff
GCF_001513965.1,WP_067003241.1,/mnt/d/5-NCBI-Reference/1-Bac/download/GCF_001513965.1/GCF_001513965.1.fasta,/mnt/d/5-NCBI-Reference/1-Bac/download/GCF_001513965.1/GCF_001513965.1.gff
GCF_001513975.1,WP_062155947.1,/mnt/d/5-NCBI-Reference/1-Bac/download/GCF_001513975.1/GCF_001513975.1.fasta,/mnt/d/5-NCBI-Reference/1-Bac/download/GCF_001513975.1/GCF_001513975.1.gff
GCF_001514035.1,WP_067131182.1,/mnt/d/5-NCBI-Reference/1-Bac/download/GCF_001514035.1/GCF_001514035.1.fasta,/mnt/d/5-NCBI-Reference/1-Bac/download/GCF_001514035.1/GCF_001514035.1.gff
GCF_001514055.1,WP_059261514.1,/mnt/d/5-NCBI-Reference/1-Bac/download/GCF_001514055.1/GCF_001514055.1.fasta,/mnt/d/5-NCBI-Reference/1-Bac/download/GCF_001514055.1/GCF_001514055.1.gff
GCF_001514115.1,WP_096240299.1,/mnt/d/5-NCBI-Reference/1-Bac/download/GCF_001514115.1/GCF_001514115.1.fasta,/mnt/d/5-NCBI-Reference/1-Bac/download/GCF_001514115.1/GCF_001514115.1.gff
GCF_001514125.1,WP_159052313.1,/mnt/d/5-NCBI-Reference/1-Bac/download/GCF_001514125.1/GCF_001514125.1.fasta,/mnt/d/5-NCBI-Reference/1-Bac/download/GCF_001514125.1/GCF_001514125.1.gff
GCF_001514205.1,WP_099053871.1,/mnt/d/5-NCBI-Reference/1-Bac/download/GCF_001514205.1/GCF_001514205.1.fasta,/mnt/d/5-NCBI-Reference/1-Bac/download/GCF_001514205.1/GCF_001514205.1.gff
GCF_001514215.1,WP_061923536.1,/mnt/d/5-NCBI-Reference/1-Bac/download/GCF_001514215.1/GCF_001514215.1.fasta,/mnt/d/5-NCBI-Reference/1-Bac/download/GCF_001514215.1/GCF_001514215.1.gff
GCF_001514235.1,WP_062720793.1,/mnt/d/5-NCBI-Reference/1-Bac/download/GCF_001514235.1/GCF_001514235.1.fasta,/mnt/d/5-NCBI-Reference/1-Bac/download/GCF_001514235.1/GCF_001514235.1.gff
GCF_001514265.1,WP_053191214.1,/mnt/d/5-NCBI-Reference/1-Bac/download/GCF_001514265.1/GCF_001514265.1.fasta,/mnt/d/5-NCBI-Reference/1-Bac/download/GCF_001514265.1/GCF_001514265.1.gff
GCF_001514305.1,WP_067021382.1,/mnt/d/5-NCBI-Reference/1-Bac/download/GCF_001514305.1/GCF_001514305.1.fasta,/mnt/d/5-NCBI-Reference/1-Bac/download/GCF_001514305.1/GCF_001514305.1.gff
GCF_001536285.1,WP_091285854.1,/mnt/d/5-NCBI-Reference/1-Bac/download/GCF_001536285.1/GCF_001536285.1.fasta,/mnt/d/5-NCBI-Reference/1-Bac/download/GCF_001536285.1/GCF_001536285.1.gff
GCF_001542625.1,WP_067314768.1,/mnt/d/5-NCBI-Reference/1-Bac/download/GCF_001542625.1/GCF_001542625.1.fasta,/mnt/d/5-NCBI-Reference/1-Bac/download/GCF_001542625.1/GCF_001542625.1.gff
GCF_001552615.1,WP_084350602.1,/mnt/d/5-NCBI-Reference/1-Bac/download/GCF_001552615.1/GCF_001552615.1.fasta,/mnt/d/5-NCBI-Reference/1-Bac/download/GCF_001552615.1/GCF_001552615.1.gff
GCF_001552695.1,WP_061082144.1,/mnt/d/5-NCBI-Reference/1-Bac/download/GCF_001552695.1/GCF_001552695.1.fasta,/mnt/d/5-NCBI-Reference/1-Bac/download/GCF_001552695.1/GCF_001552695.1.gff
GCF_001611795.1,WP_062926987.1,/mnt/d/5-NCBI-Reference/1-Bac/download/GCF_001611795.1/GCF_001611795.1.fasta,/mnt/d/5-NCBI-Reference/1-Bac/download/GCF_001611795.1/GCF_001611795.1.gff
GCF_001612635.1,WP_084491825.1,/mnt/d/5-NCBI-Reference/1-Bac/download/GCF_001612635.1/GCF_001612635.1.fasta,/mnt/d/5-NCBI-Reference/1-Bac/download/GCF_001612635.1/GCF_001612635.1.gff
GCF_001612685.1,WP_069164045.1,/mnt/d/5-NCBI-Reference/1-Bac/download/GCF_001612685.1/GCF_001612685.1.fasta,/mnt/d/5-NCBI-Reference/1-Bac/download/GCF_001612685.1/GCF_001612685.1.gff
GCF_001612725.1,WP_062984068.1,/mnt/d/5-NCBI-Reference/1-Bac/download/GCF_001612725.1/GCF_001612725.1.fasta,/mnt/d/5-NCBI-Reference/1-Bac/download/GCF_001612725.1/GCF_001612725.1.gff
GCF_001612765.1,WP_063052403.1,/mnt/d/5-NCBI-Reference/1-Bac/download/GCF_001612765.1/GCF_001612765.1.fasta,/mnt/d/5-NCBI-Reference/1-Bac/download/GCF_001612765.1/GCF_001612765.1.gff
GCF_001612785.1,WP_084823445.1,/mnt/d/5-NCBI-Reference/1-Bac/download/GCF_001612785.1/GCF_001612785.1.fasta,/mnt/d/5-NCBI-Reference/1-Bac/download/GCF_001612785.1/GCF_001612785.1.gff
GCF_001612805.1,WP_067637697.1,/mnt/d/5-NCBI-Reference/1-Bac/download/GCF_001612805.1/GCF_001612805.1.fasta,/mnt/d/5-NCBI-Reference/1-Bac/download/GCF_001612805.1/GCF_001612805.1.gff
GCF_001612845.1,WP_084493865.1,/mnt/d/5-NCBI-Reference/1-Bac/download/GCF_001612845.1/GCF_001612845.1.fasta,/mnt/d/5-NCBI-Reference/1-Bac/download/GCF_001612845.1/GCF_001612845.1.gff
GCF_001612885.1,WP_245650534.1,/mnt/d/5-NCBI-Reference/1-Bac/download/GCF_001612885.1/GCF_001612885.1.fasta,/mnt/d/5-NCBI-Reference/1-Bac/download/GCF_001612885.1/GCF_001612885.1.gff
GCF_001612945.1,WP_157535067.1,/mnt/d/5-NCBI-Reference/1-Bac/download/GCF_001612945.1/GCF_001612945.1.fasta,/mnt/d/5-NCBI-Reference/1-Bac/download/GCF_001612945.1/GCF_001612945.1.gff
GCF_001612965.1,WP_084461858.1,/mnt/d/5-NCBI-Reference/1-Bac/download/GCF_001612965.1/GCF_001612965.1.fasta,/mnt/d/5-NCBI-Reference/1-Bac/download/GCF_001612965.1/GCF_001612965.1.gff
GCF_001612985.1,WP_062976493.1,/mnt/d/5-NCBI-Reference/1-Bac/download/GCF_001612985.1/GCF_001612985.1.fasta,/mnt/d/5-NCBI-Reference/1-Bac/download/GCF_001612985.1/GCF_001612985.1.gff
GCF_001613065.1,WP_067676964.1,/mnt/d/5-NCBI-Reference/1-Bac/download/GCF_001613065.1/GCF_001613065.1.fasta,/mnt/d/5-NCBI-Reference/1-Bac/download/GCF_001613065.1/GCF_001613065.1.gff
GCF_001613125.1,WP_084495920.1,/mnt/d/5-NCBI-Reference/1-Bac/download/GCF_001613125.1/GCF_001613125.1.fasta,/mnt/d/5-NCBI-Reference/1-Bac/download/GCF_001613125.1/GCF_001613125.1.gff
GCF_001613225.1,WP_084509398.1,/mnt/d/5-NCBI-Reference/1-Bac/download/GCF_001613225.1/GCF_001613225.1.fasta,/mnt/d/5-NCBI-Reference/1-Bac/download/GCF_001613225.1/GCF_001613225.1.gff
GCF_001613265.1,WP_067873520.1,/mnt/d/5-NCBI-Reference/1-Bac/download/GCF_001613265.1/GCF_001613265.1.fasta,/mnt/d/5-NCBI-Reference/1-Bac/download/GCF_001613265.1/GCF_001613265.1.gff
GCF_001613365.1,WP_084501813.1,/mnt/d/5-NCBI-Reference/1-Bac/download/GCF_001613365.1/GCF_001613365.1.fasta,/mnt/d/5-NCBI-Reference/1-Bac/download/GCF_001613365.1/GCF_001613365.1.gff
GCF_001613385.1,WP_062973733.1,/mnt/d/5-NCBI-Reference/1-Bac/download/GCF_001613385.1/GCF_001613385.1.fasta,/mnt/d/5-NCBI-Reference/1-Bac/download/GCF_001613385.1/GCF_001613385.1.gff
GCF_001613425.1,WP_052280277.1,/mnt/d/5-NCBI-Reference/1-Bac/download/GCF_001613425.1/GCF_001613425.1.fasta,/mnt/d/5-NCBI-Reference/1-Bac/download/GCF_001613425.1/GCF_001613425.1.gff
GCF_001613445.1,WP_084481516.1,/mnt/d/5-NCBI-Reference/1-Bac/download/GCF_001613445.1/GCF_001613445.1.fasta,/mnt/d/5-NCBI-Reference/1-Bac/download/GCF_001613445.1/GCF_001613445.1.gff
GCF_001613465.1,WP_063022047.1,/mnt/d/5-NCBI-Reference/1-Bac/download/GCF_001613465.1/GCF_001613465.1.fasta,/mnt/d/5-NCBI-Reference/1-Bac/download/GCF_001613465.1/GCF_001613465.1.gff
GCF_001613485.1,WP_051714867.1,/mnt/d/5-NCBI-Reference/1-Bac/download/GCF_001613485.1/GCF_001613485.1.fasta,/mnt/d/5-NCBI-Reference/1-Bac/download/GCF_001613485.1/GCF_001613485.1.gff
GCF_001613505.1,WP_084512671.1,/mnt/d/5-NCBI-Reference/1-Bac/download/GCF_001613505.1/GCF_001613505.1.fasta,/mnt/d/5-NCBI-Reference/1-Bac/download/GCF_001613505.1/GCF_001613505.1.gff
GCF_001618405.1,WP_063125150.1,/mnt/d/5-NCBI-Reference/1-Bac/download/GCF_001618405.1/GCF_001618405.1.fasta,/mnt/d/5-NCBI-Reference/1-Bac/download/GCF_001618405.1/GCF_001618405.1.gff
GCF_001618425.1,WP_084533748.1,/mnt/d/5-NCBI-Reference/1-Bac/download/GCF_001618425.1/GCF_001618425.1.fasta,/mnt/d/5-NCBI-Reference/1-Bac/download/GCF_001618425.1/GCF_001618425.1.gff
GCF_001625085.1,WP_067571177.1,/mnt/d/5-NCBI-Reference/1-Bac/download/GCF_001625085.1/GCF_001625085.1.fasta,/mnt/d/5-NCBI-Reference/1-Bac/download/GCF_001625085.1/GCF_001625085.1.gff
GCF_001642695.1,WP_166022418.1,/mnt/d/5-NCBI-Reference/1-Bac/download/GCF_001642695.1/GCF_001642695.1.fasta,/mnt/d/5-NCBI-Reference/1-Bac/download/GCF_001642695.1/GCF_001642695.1.gff
GCF_001642995.1,WP_067280855.1,/mnt/d/5-NCBI-Reference/1-Bac/download/GCF_001642995.1/GCF_001642995.1.fasta,/mnt/d/5-NCBI-Reference/1-Bac/download/GCF_001642995.1/GCF_001642995.1.gff
GCF_001646865.1,WP_068271460.1,/mnt/d/5-NCBI-Reference/1-Bac/download/GCF_001646865.1/GCF_001646865.1.fasta,/mnt/d/5-NCBI-Reference/1-Bac/download/GCF_001646865.1/GCF_001646865.1.gff
GCF_001660045.1,WP_064727986.1,/mnt/d/5-NCBI-Reference/1-Bac/download/GCF_001660045.1/GCF_001660045.1.fasta,/mnt/d/5-NCBI-Reference/1-Bac/download/GCF_001660045.1/GCF_001660045.1.gff
GCF_001685355.1,WP_067433119.1,/mnt/d/5-NCBI-Reference/1-Bac/download/GCF_001685355.1/GCF_001685355.1.fasta,/mnt/d/5-NCBI-Reference/1-Bac/download/GCF_001685355.1/GCF_001685355.1.gff
GCF_001700515.1,WP_107422134.1,/mnt/d/5-NCBI-Reference/1-Bac/download/GCF_001700515.1/GCF_001700515.1.fasta,/mnt/d/5-NCBI-Reference/1-Bac/download/GCF_001700515.1/GCF_001700515.1.gff
GCF_001704635.1,WP_065959589.1,/mnt/d/5-NCBI-Reference/1-Bac/download/GCF_001704635.1/GCF_001704635.1.fasta,/mnt/d/5-NCBI-Reference/1-Bac/download/GCF_001704635.1/GCF_001704635.1.gff
GCF_001735805.1,WP_069780717.1,/mnt/d/5-NCBI-Reference/1-Bac/download/GCF_001735805.1/GCF_001735805.1.fasta,/mnt/d/5-NCBI-Reference/1-Bac/download/GCF_001735805.1/GCF_001735805.1.gff
GCF_001746455.1,WP_069932330.1,/mnt/d/5-NCBI-Reference/1-Bac/download/GCF_001746455.1/GCF_001746455.1.fasta,/mnt/d/5-NCBI-Reference/1-Bac/download/GCF_001746455.1/GCF_001746455.1.gff
GCF_001747425.1,WP_084643368.1,/mnt/d/5-NCBI-Reference/1-Bac/download/GCF_001747425.1/GCF_001747425.1.fasta,/mnt/d/5-NCBI-Reference/1-Bac/download/GCF_001747425.1/GCF_001747425.1.gff
GCF_001748305.1,WP_069887126.1,/mnt/d/5-NCBI-Reference/1-Bac/download/GCF_001748305.1/GCF_001748305.1.fasta,/mnt/d/5-NCBI-Reference/1-Bac/download/GCF_001748305.1/GCF_001748305.1.gff
GCF_001751245.1,WP_070197190.1,/mnt/d/5-NCBI-Reference/1-Bac/download/GCF_001751245.1/GCF_001751245.1.fasta,/mnt/d/5-NCBI-Reference/1-Bac/download/GCF_001751245.1/GCF_001751245.1.gff
GCF_001751255.1,WP_070018129.1,/mnt/d/5-NCBI-Reference/1-Bac/download/GCF_001751255.1/GCF_001751255.1.fasta,/mnt/d/5-NCBI-Reference/1-Bac/download/GCF_001751255.1/GCF_001751255.1.gff
GCF_001751365.1,WP_171904238.1,/mnt/d/5-NCBI-Reference/1-Bac/download/GCF_001751365.1/GCF_001751365.1.fasta,/mnt/d/5-NCBI-Reference/1-Bac/download/GCF_001751365.1/GCF_001751365.1.gff
GCF_001854655.1,WP_071087707.1,/mnt/d/5-NCBI-Reference/1-Bac/download/GCF_001854655.1/GCF_001854655.1.fasta,/mnt/d/5-NCBI-Reference/1-Bac/download/GCF_001854655.1/GCF_001854655.1.gff
GCF_001854695.1,WP_071065817.1,/mnt/d/5-NCBI-Reference/1-Bac/download/GCF_001854695.1/GCF_001854695.1.fasta,/mnt/d/5-NCBI-Reference/1-Bac/download/GCF_001854695.1/GCF_001854695.1.gff
GCF_001866645.1,WP_079168631.1,/mnt/d/5-NCBI-Reference/1-Bac/download/GCF_001866645.1/GCF_001866645.1.fasta,/mnt/d/5-NCBI-Reference/1-Bac/download/GCF_001866645.1/GCF_001866645.1.gff
GCF_001866665.1,WP_071385981.1,/mnt/d/5-NCBI-Reference/1-Bac/download/GCF_001866665.1/GCF_001866665.1.fasta,/mnt/d/5-NCBI-Reference/1-Bac/download/GCF_001866665.1/GCF_001866665.1.gff
GCF_001879105.1,WP_071656541.1,/mnt/d/5-NCBI-Reference/1-Bac/download/GCF_001879105.1/GCF_001879105.1.fasta,/mnt/d/5-NCBI-Reference/1-Bac/download/GCF_001879105.1/GCF_001879105.1.gff
GCF_001886715.1,WP_071929815.1,/mnt/d/5-NCBI-Reference/1-Bac/download/GCF_001886715.1/GCF_001886715.1.fasta,/mnt/d/5-NCBI-Reference/1-Bac/download/GCF_001886715.1/GCF_001886715.1.gff
GCF_001894765.1,WP_072681108.1,/mnt/d/5-NCBI-Reference/1-Bac/download/GCF_001894765.1/GCF_001894765.1.fasta,/mnt/d/5-NCBI-Reference/1-Bac/download/GCF_001894765.1/GCF_001894765.1.gff
GCF_001895005.1,WP_084727856.1,/mnt/d/5-NCBI-Reference/1-Bac/download/GCF_001895005.1/GCF_001895005.1.fasta,/mnt/d/5-NCBI-Reference/1-Bac/download/GCF_001895005.1/GCF_001895005.1.gff
GCF_001895025.1,WP_072810011.1,/mnt/d/5-NCBI-Reference/1-Bac/download/GCF_001895025.1/GCF_001895025.1.fasta,/mnt/d/5-NCBI-Reference/1-Bac/download/GCF_001895025.1/GCF_001895025.1.gff
GCF_001921205.1,WP_083660968.1,/mnt/d/5-NCBI-Reference/1-Bac/download/GCF_001921205.1/GCF_001921205.1.fasta,/mnt/d/5-NCBI-Reference/1-Bac/download/GCF_001921205.1/GCF_001921205.1.gff
GCF_001921215.1,WP_245812264.1,/mnt/d/5-NCBI-Reference/1-Bac/download/GCF_001921215.1/GCF_001921215.1.fasta,/mnt/d/5-NCBI-Reference/1-Bac/download/GCF_001921215.1/GCF_001921215.1.gff
GCF_001940455.1,WP_084794405.1,/mnt/d/5-NCBI-Reference/1-Bac/download/GCF_001940455.1/GCF_001940455.1.fasta,/mnt/d/5-NCBI-Reference/1-Bac/download/GCF_001940455.1/GCF_001940455.1.gff
GCF_001941625.1,WP_404800001.1,/mnt/d/5-NCBI-Reference/1-Bac/download/GCF_001941625.1/GCF_001941625.1.fasta,/mnt/d/5-NCBI-Reference/1-Bac/download/GCF_001941625.1/GCF_001941625.1.gff
GCF_001953875.1,WP_060180374.1,/mnt/d/5-NCBI-Reference/1-Bac/download/GCF_001953875.1/GCF_001953875.1.fasta,/mnt/d/5-NCBI-Reference/1-Bac/download/GCF_001953875.1/GCF_001953875.1.gff
GCF_001983105.1,WP_420801664.1,/mnt/d/5-NCBI-Reference/1-Bac/download/GCF_001983105.1/GCF_001983105.1.fasta,/mnt/d/5-NCBI-Reference/1-Bac/download/GCF_001983105.1/GCF_001983105.1.gff
GCF_001984445.1,WP_077192492.1,/mnt/d/5-NCBI-Reference/1-Bac/download/GCF_001984445.1/GCF_001984445.1.fasta,/mnt/d/5-NCBI-Reference/1-Bac/download/GCF_001984445.1/GCF_001984445.1.gff
GCF_002081715.1,WP_081512233.1,/mnt/d/5-NCBI-Reference/1-Bac/download/GCF_002081715.1/GCF_002081715.1.fasta,/mnt/d/5-NCBI-Reference/1-Bac/download/GCF_002081715.1/GCF_002081715.1.gff
GCF_002082195.1,WP_237289321.1,/mnt/d/5-NCBI-Reference/1-Bac/download/GCF_002082195.1/GCF_002082195.1.fasta,/mnt/d/5-NCBI-Reference/1-Bac/download/GCF_002082195.1/GCF_002082195.1.gff
GCF_002104675.1,WP_085324178.1,/mnt/d/5-NCBI-Reference/1-Bac/download/GCF_002104675.1/GCF_002104675.1.fasta,/mnt/d/5-NCBI-Reference/1-Bac/download/GCF_002104675.1/GCF_002104675.1.gff
GCF_002148965.1,WP_086605176.1,/mnt/d/5-NCBI-Reference/1-Bac/download/GCF_002148965.1/GCF_002148965.1.fasta,/mnt/d/5-NCBI-Reference/1-Bac/download/GCF_002148965.1/GCF_002148965.1.gff
GCF_002149015.1,WP_425269082.1,/mnt/d/5-NCBI-Reference/1-Bac/download/GCF_002149015.1/GCF_002149015.1.fasta,/mnt/d/5-NCBI-Reference/1-Bac/download/GCF_002149015.1/GCF_002149015.1.gff
GCF_002150765.1,WP_086668547.1,/mnt/d/5-NCBI-Reference/1-Bac/download/GCF_002150765.1/GCF_002150765.1.fasta,/mnt/d/5-NCBI-Reference/1-Bac/download/GCF_002150765.1/GCF_002150765.1.gff
GCF_002150845.1,WP_086567365.1,/mnt/d/5-NCBI-Reference/1-Bac/download/GCF_002150845.1/GCF_002150845.1.fasta,/mnt/d/5-NCBI-Reference/1-Bac/download/GCF_002150845.1/GCF_002150845.1.gff
GCF_002154385.1,WP_030813297.1,/mnt/d/5-NCBI-Reference/1-Bac/download/GCF_002154385.1/GCF_002154385.1.fasta,/mnt/d/5-NCBI-Reference/1-Bac/download/GCF_002154385.1/GCF_002154385.1.gff
GCF_002154505.1,WP_086729205.1,/mnt/d/5-NCBI-Reference/1-Bac/download/GCF_002154505.1/GCF_002154505.1.fasta,/mnt/d/5-NCBI-Reference/1-Bac/download/GCF_002154505.1/GCF_002154505.1.gff
GCF_002154615.1,WP_086690932.1,/mnt/d/5-NCBI-Reference/1-Bac/download/GCF_002154615.1/GCF_002154615.1.fasta,/mnt/d/5-NCBI-Reference/1-Bac/download/GCF_002154615.1/GCF_002154615.1.gff
GCF_002155915.1,WP_067388407.1,/mnt/d/5-NCBI-Reference/1-Bac/download/GCF_002155915.1/GCF_002155915.1.fasta,/mnt/d/5-NCBI-Reference/1-Bac/download/GCF_002155915.1/GCF_002155915.1.gff
GCF_002209125.2,WP_042256218.1,/mnt/d/5-NCBI-Reference/1-Bac/download/GCF_002209125.2/GCF_002209125.2.fasta,/mnt/d/5-NCBI-Reference/1-Bac/download/GCF_002209125.2/GCF_002209125.2.gff
GCF_002214185.1,WP_189787499.1,/mnt/d/5-NCBI-Reference/1-Bac/download/GCF_002214185.1/GCF_002214185.1.fasta,/mnt/d/5-NCBI-Reference/1-Bac/download/GCF_002214185.1/GCF_002214185.1.gff
GCF_002217755.1,WP_089105227.1,/mnt/d/5-NCBI-Reference/1-Bac/download/GCF_002217755.1/GCF_002217755.1.fasta,/mnt/d/5-NCBI-Reference/1-Bac/download/GCF_002217755.1/GCF_002217755.1.gff
GCF_002234535.1,WP_093943390.1,/mnt/d/5-NCBI-Reference/1-Bac/download/GCF_002234535.1/GCF_002234535.1.fasta,/mnt/d/5-NCBI-Reference/1-Bac/download/GCF_002234535.1/GCF_002234535.1.gff
GCF_002234595.1,WP_093948341.1,/mnt/d/5-NCBI-Reference/1-Bac/download/GCF_002234595.1/GCF_002234595.1.fasta,/mnt/d/5-NCBI-Reference/1-Bac/download/GCF_002234595.1/GCF_002234595.1.gff
GCF_002240355.1,WP_245866287.1,/mnt/d/5-NCBI-Reference/1-Bac/download/GCF_002240355.1/GCF_002240355.1.fasta,/mnt/d/5-NCBI-Reference/1-Bac/download/GCF_002240355.1/GCF_002240355.1.gff
GCF_002242805.1,WP_094221406.1,/mnt/d/5-NCBI-Reference/1-Bac/download/GCF_002242805.1/GCF_002242805.1.fasta,/mnt/d/5-NCBI-Reference/1-Bac/download/GCF_002242805.1/GCF_002242805.1.gff
GCF_002261115.1,WP_172450420.1,/mnt/d/5-NCBI-Reference/1-Bac/download/GCF_002261115.1/GCF_002261115.1.fasta,/mnt/d/5-NCBI-Reference/1-Bac/download/GCF_002261115.1/GCF_002261115.1.gff
GCF_002262875.1,WP_420807868.1,/mnt/d/5-NCBI-Reference/1-Bac/download/GCF_002262875.1/GCF_002262875.1.fasta,/mnt/d/5-NCBI-Reference/1-Bac/download/GCF_002262875.1/GCF_002262875.1.gff
GCF_002263495.1,WP_232524373.1,/mnt/d/5-NCBI-Reference/1-Bac/download/GCF_002263495.1/GCF_002263495.1.fasta,/mnt/d/5-NCBI-Reference/1-Bac/download/GCF_002263495.1/GCF_002263495.1.gff
GCF_002263515.1,WP_052428449.1,/mnt/d/5-NCBI-Reference/1-Bac/download/GCF_002263515.1/GCF_002263515.1.fasta,/mnt/d/5-NCBI-Reference/1-Bac/download/GCF_002263515.1/GCF_002263515.1.gff
GCF_002354875.1,WP_096496867.1,/mnt/d/5-NCBI-Reference/1-Bac/download/GCF_002354875.1/GCF_002354875.1.fasta,/mnt/d/5-NCBI-Reference/1-Bac/download/GCF_002354875.1/GCF_002354875.1.gff
GCF_002564045.1,WP_245914177.1,/mnt/d/5-NCBI-Reference/1-Bac/download/GCF_002564045.1/GCF_002564045.1.fasta,/mnt/d/5-NCBI-Reference/1-Bac/download/GCF_002564045.1/GCF_002564045.1.gff
GCF_002568625.1,WP_098697282.1,/mnt/d/5-NCBI-Reference/1-Bac/download/GCF_002568625.1/GCF_002568625.1.fasta,/mnt/d/5-NCBI-Reference/1-Bac/download/GCF_002568625.1/GCF_002568625.1.gff
GCF_002794255.1,WP_408646817.1,/mnt/d/5-NCBI-Reference/1-Bac/download/GCF_002794255.1/GCF_002794255.1.fasta,/mnt/d/5-NCBI-Reference/1-Bac/download/GCF_002794255.1/GCF_002794255.1.gff
GCF_002803845.1,WP_030229500.1,/mnt/d/5-NCBI-Reference/1-Bac/download/GCF_002803845.1/GCF_002803845.1.fasta,/mnt/d/5-NCBI-Reference/1-Bac/download/GCF_002803845.1/GCF_002803845.1.gff
GCF_002843305.1,WP_240957699.1,/mnt/d/5-NCBI-Reference/1-Bac/download/GCF_002843305.1/GCF_002843305.1.fasta,/mnt/d/5-NCBI-Reference/1-Bac/download/GCF_002843305.1/GCF_002843305.1.gff
GCF_002846475.1,WP_101376577.1,/mnt/d/5-NCBI-Reference/1-Bac/download/GCF_002846475.1/GCF_002846475.1.fasta,/mnt/d/5-NCBI-Reference/1-Bac/download/GCF_002846475.1/GCF_002846475.1.gff
GCF_002846615.1,WP_244194733.1,/mnt/d/5-NCBI-Reference/1-Bac/download/GCF_002846615.1/GCF_002846615.1.fasta,/mnt/d/5-NCBI-Reference/1-Bac/download/GCF_002846615.1/GCF_002846615.1.gff
GCF_002891295.1,WP_102916768.1,/mnt/d/5-NCBI-Reference/1-Bac/download/GCF_002891295.1/GCF_002891295.1.fasta,/mnt/d/5-NCBI-Reference/1-Bac/download/GCF_002891295.1/GCF_002891295.1.gff
GCF_002891435.1,WP_102909775.1,/mnt/d/5-NCBI-Reference/1-Bac/download/GCF_002891435.1/GCF_002891435.1.fasta,/mnt/d/5-NCBI-Reference/1-Bac/download/GCF_002891435.1/GCF_002891435.1.gff
GCF_002911015.1,WP_103552185.1,/mnt/d/5-NCBI-Reference/1-Bac/download/GCF_002911015.1/GCF_002911015.1.fasta,/mnt/d/5-NCBI-Reference/1-Bac/download/GCF_002911015.1/GCF_002911015.1.gff
GCF_002911665.1,WP_103564814.1,/mnt/d/5-NCBI-Reference/1-Bac/download/GCF_002911665.1/GCF_002911665.1.fasta,/mnt/d/5-NCBI-Reference/1-Bac/download/GCF_002911665.1/GCF_002911665.1.gff
GCF_002934625.1,WP_104430857.1,/mnt/d/5-NCBI-Reference/1-Bac/download/GCF_002934625.1/GCF_002934625.1.fasta,/mnt/d/5-NCBI-Reference/1-Bac/download/GCF_002934625.1/GCF_002934625.1.gff
GCF_002946835.1,WP_099499411.1,/mnt/d/5-NCBI-Reference/1-Bac/download/GCF_002946835.1/GCF_002946835.1.fasta,/mnt/d/5-NCBI-Reference/1-Bac/download/GCF_002946835.1/GCF_002946835.1.gff
GCF_002954775.1,WP_105974442.1,/mnt/d/5-NCBI-Reference/1-Bac/download/GCF_002954775.1/GCF_002954775.1.fasta,/mnt/d/5-NCBI-Reference/1-Bac/download/GCF_002954775.1/GCF_002954775.1.gff
GCF_002982015.1,WP_105871134.1,/mnt/d/5-NCBI-Reference/1-Bac/download/GCF_002982015.1/GCF_002982015.1.fasta,/mnt/d/5-NCBI-Reference/1-Bac/download/GCF_002982015.1/GCF_002982015.1.gff
GCF_002993285.1,WP_234353915.1,/mnt/d/5-NCBI-Reference/1-Bac/download/GCF_002993285.1/GCF_002993285.1.fasta,/mnt/d/5-NCBI-Reference/1-Bac/download/GCF_002993285.1/GCF_002993285.1.gff
GCF_003001955.1,WP_106177812.1,/mnt/d/5-NCBI-Reference/1-Bac/download/GCF_003001955.1/GCF_003001955.1.fasta,/mnt/d/5-NCBI-Reference/1-Bac/download/GCF_003001955.1/GCF_003001955.1.gff
GCF_003002055.1,WP_106206940.1,/mnt/d/5-NCBI-Reference/1-Bac/download/GCF_003002055.1/GCF_003002055.1.fasta,/mnt/d/5-NCBI-Reference/1-Bac/download/GCF_003002055.1/GCF_003002055.1.gff
GCF_003002815.1,WP_170155829.1,/mnt/d/5-NCBI-Reference/1-Bac/download/GCF_003002815.1/GCF_003002815.1.fasta,/mnt/d/5-NCBI-Reference/1-Bac/download/GCF_003002815.1/GCF_003002815.1.gff
GCF_003003235.1,WP_106348740.1,/mnt/d/5-NCBI-Reference/1-Bac/download/GCF_003003235.1/GCF_003003235.1.fasta,/mnt/d/5-NCBI-Reference/1-Bac/download/GCF_003003235.1/GCF_003003235.1.gff
GCF_003013675.1,WP_106851196.1,/mnt/d/5-NCBI-Reference/1-Bac/download/GCF_003013675.1/GCF_003013675.1.fasta,/mnt/d/5-NCBI-Reference/1-Bac/download/GCF_003013675.1/GCF_003013675.1.gff
GCF_003014735.1,WP_106613870.1,/mnt/d/5-NCBI-Reference/1-Bac/download/GCF_003014735.1/GCF_003014735.1.fasta,/mnt/d/5-NCBI-Reference/1-Bac/download/GCF_003014735.1/GCF_003014735.1.gff
GCF_003024195.1,WP_225890982.1,/mnt/d/5-NCBI-Reference/1-Bac/download/GCF_003024195.1/GCF_003024195.1.fasta,/mnt/d/5-NCBI-Reference/1-Bac/download/GCF_003024195.1/GCF_003024195.1.gff
GCF_003054555.1,WP_108148824.1,/mnt/d/5-NCBI-Reference/1-Bac/download/GCF_003054555.1/GCF_003054555.1.fasta,/mnt/d/5-NCBI-Reference/1-Bac/download/GCF_003054555.1/GCF_003054555.1.gff
GCF_003074055.1,WP_108706996.1,/mnt/d/5-NCBI-Reference/1-Bac/download/GCF_003074055.1/GCF_003074055.1.fasta,/mnt/d/5-NCBI-Reference/1-Bac/download/GCF_003074055.1/GCF_003074055.1.gff
GCF_003096675.1,WP_116706616.1,/mnt/d/5-NCBI-Reference/1-Bac/download/GCF_003096675.1/GCF_003096675.1.fasta,/mnt/d/5-NCBI-Reference/1-Bac/download/GCF_003096675.1/GCF_003096675.1.gff
GCF_003097515.1,WP_244223986.1,/mnt/d/5-NCBI-Reference/1-Bac/download/GCF_003097515.1/GCF_003097515.1.fasta,/mnt/d/5-NCBI-Reference/1-Bac/download/GCF_003097515.1/GCF_003097515.1.gff
GCF_003112515.1,WP_108955251.1,/mnt/d/5-NCBI-Reference/1-Bac/download/GCF_003112515.1/GCF_003112515.1.fasta,/mnt/d/5-NCBI-Reference/1-Bac/download/GCF_003112515.1/GCF_003112515.1.gff
GCF_003112535.1,WP_108999576.1,/mnt/d/5-NCBI-Reference/1-Bac/download/GCF_003112535.1/GCF_003112535.1.fasta,/mnt/d/5-NCBI-Reference/1-Bac/download/GCF_003112535.1/GCF_003112535.1.gff
GCF_003112575.1,WP_030400054.1,/mnt/d/5-NCBI-Reference/1-Bac/download/GCF_003112575.1/GCF_003112575.1.fasta,/mnt/d/5-NCBI-Reference/1-Bac/download/GCF_003112575.1/GCF_003112575.1.gff
GCF_003121295.1,WP_422070563.1,/mnt/d/5-NCBI-Reference/1-Bac/download/GCF_003121295.1/GCF_003121295.1.fasta,/mnt/d/5-NCBI-Reference/1-Bac/download/GCF_003121295.1/GCF_003121295.1.gff
GCF_003122365.1,WP_109293724.1,/mnt/d/5-NCBI-Reference/1-Bac/download/GCF_003122365.1/GCF_003122365.1.fasta,/mnt/d/5-NCBI-Reference/1-Bac/download/GCF_003122365.1/GCF_003122365.1.gff
GCF_003130705.1,WP_109331795.1,/mnt/d/5-NCBI-Reference/1-Bac/download/GCF_003130705.1/GCF_003130705.1.fasta,/mnt/d/5-NCBI-Reference/1-Bac/download/GCF_003130705.1/GCF_003130705.1.gff
GCF_003148865.1,WP_233439995.1,/mnt/d/5-NCBI-Reference/1-Bac/download/GCF_003148865.1/GCF_003148865.1.fasta,/mnt/d/5-NCBI-Reference/1-Bac/download/GCF_003148865.1/GCF_003148865.1.gff
GCF_003182135.1,WP_110036872.1,/mnt/d/5-NCBI-Reference/1-Bac/download/GCF_003182135.1/GCF_003182135.1.fasta,/mnt/d/5-NCBI-Reference/1-Bac/download/GCF_003182135.1/GCF_003182135.1.gff
GCF_003182415.1,WP_407643151.1,/mnt/d/5-NCBI-Reference/1-Bac/download/GCF_003182415.1/GCF_003182415.1.fasta,/mnt/d/5-NCBI-Reference/1-Bac/download/GCF_003182415.1/GCF_003182415.1.gff
GCF_003202065.1,WP_051187119.1,/mnt/d/5-NCBI-Reference/1-Bac/download/GCF_003202065.1/GCF_003202065.1.fasta,/mnt/d/5-NCBI-Reference/1-Bac/download/GCF_003202065.1/GCF_003202065.1.gff
GCF_003202235.1,WP_110337680.1,/mnt/d/5-NCBI-Reference/1-Bac/download/GCF_003202235.1/GCF_003202235.1.fasta,/mnt/d/5-NCBI-Reference/1-Bac/download/GCF_003202235.1/GCF_003202235.1.gff
GCF_003202285.1,WP_112284288.1,/mnt/d/5-NCBI-Reference/1-Bac/download/GCF_003202285.1/GCF_003202285.1.fasta,/mnt/d/5-NCBI-Reference/1-Bac/download/GCF_003202285.1/GCF_003202285.1.gff
GCF_003217475.1,WP_110472393.1,/mnt/d/5-NCBI-Reference/1-Bac/download/GCF_003217475.1/GCF_003217475.1.fasta,/mnt/d/5-NCBI-Reference/1-Bac/download/GCF_003217475.1/GCF_003217475.1.gff
GCF_003219815.1,WP_211320731.1,/mnt/d/5-NCBI-Reference/1-Bac/download/GCF_003219815.1/GCF_003219815.1.fasta,/mnt/d/5-NCBI-Reference/1-Bac/download/GCF_003219815.1/GCF_003219815.1.gff
GCF_003236295.1,WP_267896710.1,/mnt/d/5-NCBI-Reference/1-Bac/download/GCF_003236295.1/GCF_003236295.1.fasta,/mnt/d/5-NCBI-Reference/1-Bac/download/GCF_003236295.1/GCF_003236295.1.gff
GCF_003258295.1,WP_111499579.1,/mnt/d/5-NCBI-Reference/1-Bac/download/GCF_003258295.1/GCF_003258295.1.fasta,/mnt/d/5-NCBI-Reference/1-Bac/download/GCF_003258295.1/GCF_003258295.1.gff
GCF_003260015.1,WP_240615897.1,/mnt/d/5-NCBI-Reference/1-Bac/download/GCF_003260015.1/GCF_003260015.1.fasta,/mnt/d/5-NCBI-Reference/1-Bac/download/GCF_003260015.1/GCF_003260015.1.gff
GCF_003261055.1,WP_246040657.1,/mnt/d/5-NCBI-Reference/1-Bac/download/GCF_003261055.1/GCF_003261055.1.fasta,/mnt/d/5-NCBI-Reference/1-Bac/download/GCF_003261055.1/GCF_003261055.1.gff
GCF_003265345.1,WP_232836987.1,/mnt/d/5-NCBI-Reference/1-Bac/download/GCF_003265345.1/GCF_003265345.1.fasta,/mnt/d/5-NCBI-Reference/1-Bac/download/GCF_003265345.1/GCF_003265345.1.gff
GCF_003268655.1,WP_227878418.1,/mnt/d/5-NCBI-Reference/1-Bac/download/GCF_003268655.1/GCF_003268655.1.fasta,/mnt/d/5-NCBI-Reference/1-Bac/download/GCF_003268655.1/GCF_003268655.1.gff
GCF_003270085.1,WP_112466086.1,/mnt/d/5-NCBI-Reference/1-Bac/download/GCF_003270085.1/GCF_003270085.1.fasta,/mnt/d/5-NCBI-Reference/1-Bac/download/GCF_003270085.1/GCF_003270085.1.gff
GCF_003312875.1,WP_113694272.1,/mnt/d/5-NCBI-Reference/1-Bac/download/GCF_003312875.1/GCF_003312875.1.fasta,/mnt/d/5-NCBI-Reference/1-Bac/download/GCF_003312875.1/GCF_003312875.1.gff
GCF_003323715.1,WP_245979109.1,/mnt/d/5-NCBI-Reference/1-Bac/download/GCF_003323715.1/GCF_003323715.1.fasta,/mnt/d/5-NCBI-Reference/1-Bac/download/GCF_003323715.1/GCF_003323715.1.gff
GCF_003323735.1,WP_425470608.1,/mnt/d/5-NCBI-Reference/1-Bac/download/GCF_003323735.1/GCF_003323735.1.fasta,/mnt/d/5-NCBI-Reference/1-Bac/download/GCF_003323735.1/GCF_003323735.1.gff
GCF_003330865.1,WP_114244615.1,/mnt/d/5-NCBI-Reference/1-Bac/download/GCF_003330865.1/GCF_003330865.1.fasta,/mnt/d/5-NCBI-Reference/1-Bac/download/GCF_003330865.1/GCF_003330865.1.gff
GCF_003344965.1,WP_114659341.1,/mnt/d/5-NCBI-Reference/1-Bac/download/GCF_003344965.1/GCF_003344965.1.fasta,/mnt/d/5-NCBI-Reference/1-Bac/download/GCF_003344965.1/GCF_003344965.1.gff
GCF_003346515.1,WP_267899096.1,/mnt/d/5-NCBI-Reference/1-Bac/download/GCF_003346515.1/GCF_003346515.1.fasta,/mnt/d/5-NCBI-Reference/1-Bac/download/GCF_003346515.1/GCF_003346515.1.gff
GCF_003350445.1,WP_090067389.1,/mnt/d/5-NCBI-Reference/1-Bac/download/GCF_003350445.1/GCF_003350445.1.fasta,/mnt/d/5-NCBI-Reference/1-Bac/download/GCF_003350445.1/GCF_003350445.1.gff
GCF_003350525.1,WP_068012996.1,/mnt/d/5-NCBI-Reference/1-Bac/download/GCF_003350525.1/GCF_003350525.1.fasta,/mnt/d/5-NCBI-Reference/1-Bac/download/GCF_003350525.1/GCF_003350525.1.gff
GCF_003350585.1,WP_082875411.1,/mnt/d/5-NCBI-Reference/1-Bac/download/GCF_003350585.1/GCF_003350585.1.fasta,/mnt/d/5-NCBI-Reference/1-Bac/download/GCF_003350585.1/GCF_003350585.1.gff
GCF_003355155.1,WP_245996512.1,/mnt/d/5-NCBI-Reference/1-Bac/download/GCF_003355155.1/GCF_003355155.1.fasta,/mnt/d/5-NCBI-Reference/1-Bac/download/GCF_003355155.1/GCF_003355155.1.gff
GCF_003385185.1,WP_245975840.1,/mnt/d/5-NCBI-Reference/1-Bac/download/GCF_003385185.1/GCF_003385185.1.fasta,/mnt/d/5-NCBI-Reference/1-Bac/download/GCF_003385185.1/GCF_003385185.1.gff
GCF_003385215.1,WP_162830701.1,/mnt/d/5-NCBI-Reference/1-Bac/download/GCF_003385215.1/GCF_003385215.1.fasta,/mnt/d/5-NCBI-Reference/1-Bac/download/GCF_003385215.1/GCF_003385215.1.gff
GCF_003385235.1,WP_116205861.1,/mnt/d/5-NCBI-Reference/1-Bac/download/GCF_003385235.1/GCF_003385235.1.fasta,/mnt/d/5-NCBI-Reference/1-Bac/download/GCF_003385235.1/GCF_003385235.1.gff
GCF_003386795.1,WP_115849412.1,/mnt/d/5-NCBI-Reference/1-Bac/download/GCF_003386795.1/GCF_003386795.1.fasta,/mnt/d/5-NCBI-Reference/1-Bac/download/GCF_003386795.1/GCF_003386795.1.gff
GCF_003428925.1,WP_162911845.1,/mnt/d/5-NCBI-Reference/1-Bac/download/GCF_003428925.1/GCF_003428925.1.fasta,/mnt/d/5-NCBI-Reference/1-Bac/download/GCF_003428925.1/GCF_003428925.1.gff
GCF_003429565.1,WP_128556719.1,/mnt/d/5-NCBI-Reference/1-Bac/download/GCF_003429565.1/GCF_003429565.1.fasta,/mnt/d/5-NCBI-Reference/1-Bac/download/GCF_003429565.1/GCF_003429565.1.gff
GCF_003579925.1,WP_119659197.1,/mnt/d/5-NCBI-Reference/1-Bac/download/GCF_003579925.1/GCF_003579925.1.fasta,/mnt/d/5-NCBI-Reference/1-Bac/download/GCF_003579925.1/GCF_003579925.1.gff
GCF_003584745.1,WP_232022721.1,/mnt/d/5-NCBI-Reference/1-Bac/download/GCF_003584745.1/GCF_003584745.1.fasta,/mnt/d/5-NCBI-Reference/1-Bac/download/GCF_003584745.1/GCF_003584745.1.gff
GCF_003595235.1,WP_120052193.1,/mnt/d/5-NCBI-Reference/1-Bac/download/GCF_003595235.1/GCF_003595235.1.fasta,/mnt/d/5-NCBI-Reference/1-Bac/download/GCF_003595235.1/GCF_003595235.1.gff
GCF_003598715.1,WP_239003471.1,/mnt/d/5-NCBI-Reference/1-Bac/download/GCF_003598715.1/GCF_003598715.1.fasta,/mnt/d/5-NCBI-Reference/1-Bac/download/GCF_003598715.1/GCF_003598715.1.gff
GCF_003600245.1,WP_233573850.1,/mnt/d/5-NCBI-Reference/1-Bac/download/GCF_003600245.1/GCF_003600245.1.fasta,/mnt/d/5-NCBI-Reference/1-Bac/download/GCF_003600245.1/GCF_003600245.1.gff
GCF_003626535.1,WP_241562047.1,/mnt/d/5-NCBI-Reference/1-Bac/download/GCF_003626535.1/GCF_003626535.1.fasta,/mnt/d/5-NCBI-Reference/1-Bac/download/GCF_003626535.1/GCF_003626535.1.gff
GCF_003626575.1,WP_120697582.1,/mnt/d/5-NCBI-Reference/1-Bac/download/GCF_003626575.1/GCF_003626575.1.fasta,/mnt/d/5-NCBI-Reference/1-Bac/download/GCF_003626575.1/GCF_003626575.1.gff
GCF_003626645.1,WP_241999991.1,/mnt/d/5-NCBI-Reference/1-Bac/download/GCF_003626645.1/GCF_003626645.1.fasta,/mnt/d/5-NCBI-Reference/1-Bac/download/GCF_003626645.1/GCF_003626645.1.gff
GCF_003626895.1,WP_120734633.1,/mnt/d/5-NCBI-Reference/1-Bac/download/GCF_003626895.1/GCF_003626895.1.fasta,/mnt/d/5-NCBI-Reference/1-Bac/download/GCF_003626895.1/GCF_003626895.1.gff
GCF_003627055.1,WP_120788919.1,/mnt/d/5-NCBI-Reference/1-Bac/download/GCF_003627055.1/GCF_003627055.1.fasta,/mnt/d/5-NCBI-Reference/1-Bac/download/GCF_003627055.1/GCF_003627055.1.gff
GCF_003634555.1,WP_211331736.1,/mnt/d/5-NCBI-Reference/1-Bac/download/GCF_003634555.1/GCF_003634555.1.fasta,/mnt/d/5-NCBI-Reference/1-Bac/download/GCF_003634555.1/GCF_003634555.1.gff
GCF_003634695.1,WP_121193840.1,/mnt/d/5-NCBI-Reference/1-Bac/download/GCF_003634695.1/GCF_003634695.1.fasta,/mnt/d/5-NCBI-Reference/1-Bac/download/GCF_003634695.1/GCF_003634695.1.gff
GCF_003634935.1,WP_246019275.1,/mnt/d/5-NCBI-Reference/1-Bac/download/GCF_003634935.1/GCF_003634935.1.fasta,/mnt/d/5-NCBI-Reference/1-Bac/download/GCF_003634935.1/GCF_003634935.1.gff
GCF_003634995.1,WP_121225581.1,/mnt/d/5-NCBI-Reference/1-Bac/download/GCF_003634995.1/GCF_003634995.1.fasta,/mnt/d/5-NCBI-Reference/1-Bac/download/GCF_003634995.1/GCF_003634995.1.gff
GCF_003635025.1,WP_093157875.1,/mnt/d/5-NCBI-Reference/1-Bac/download/GCF_003635025.1/GCF_003635025.1.fasta,/mnt/d/5-NCBI-Reference/1-Bac/download/GCF_003635025.1/GCF_003635025.1.gff
GCF_003663795.1,WP_121389850.1,/mnt/d/5-NCBI-Reference/1-Bac/download/GCF_003663795.1/GCF_003663795.1.fasta,/mnt/d/5-NCBI-Reference/1-Bac/download/GCF_003663795.1/GCF_003663795.1.gff
GCF_003675325.1,WP_240468106.1,/mnt/d/5-NCBI-Reference/1-Bac/download/GCF_003675325.1/GCF_003675325.1.fasta,/mnt/d/5-NCBI-Reference/1-Bac/download/GCF_003675325.1/GCF_003675325.1.gff
GCF_003696235.1,WP_122183218.1,/mnt/d/5-NCBI-Reference/1-Bac/download/GCF_003696235.1/GCF_003696235.1.fasta,/mnt/d/5-NCBI-Reference/1-Bac/download/GCF_003696235.1/GCF_003696235.1.gff
GCF_003696265.1,WP_122186034.1,/mnt/d/5-NCBI-Reference/1-Bac/download/GCF_003696265.1/GCF_003696265.1.fasta,/mnt/d/5-NCBI-Reference/1-Bac/download/GCF_003696265.1/GCF_003696265.1.gff
GCF_003721215.1,WP_123101502.1,/mnt/d/5-NCBI-Reference/1-Bac/download/GCF_003721215.1/GCF_003721215.1.fasta,/mnt/d/5-NCBI-Reference/1-Bac/download/GCF_003721215.1/GCF_003721215.1.gff
GCF_003724155.1,WP_123272172.1,/mnt/d/5-NCBI-Reference/1-Bac/download/GCF_003724155.1/GCF_003724155.1.fasta,/mnt/d/5-NCBI-Reference/1-Bac/download/GCF_003724155.1/GCF_003724155.1.gff
GCF_003752005.1,WP_123745588.1,/mnt/d/5-NCBI-Reference/1-Bac/download/GCF_003752005.1/GCF_003752005.1.fasta,/mnt/d/5-NCBI-Reference/1-Bac/download/GCF_003752005.1/GCF_003752005.1.gff
GCF_003752125.1,WP_167499086.1,/mnt/d/5-NCBI-Reference/1-Bac/download/GCF_003752125.1/GCF_003752125.1.fasta,/mnt/d/5-NCBI-Reference/1-Bac/download/GCF_003752125.1/GCF_003752125.1.gff
GCF_003797185.1,WP_123926014.1,/mnt/d/5-NCBI-Reference/1-Bac/download/GCF_003797185.1/GCF_003797185.1.fasta,/mnt/d/5-NCBI-Reference/1-Bac/download/GCF_003797185.1/GCF_003797185.1.gff
GCF_003814885.1,WP_123818378.1,/mnt/d/5-NCBI-Reference/1-Bac/download/GCF_003814885.1/GCF_003814885.1.fasta,/mnt/d/5-NCBI-Reference/1-Bac/download/GCF_003814885.1/GCF_003814885.1.gff
GCF_003860405.1,WP_239020697.1,/mnt/d/5-NCBI-Reference/1-Bac/download/GCF_003860405.1/GCF_003860405.1.fasta,/mnt/d/5-NCBI-Reference/1-Bac/download/GCF_003860405.1/GCF_003860405.1.gff
GCF_003865135.1,WP_244955160.1,/mnt/d/5-NCBI-Reference/1-Bac/download/GCF_003865135.1/GCF_003865135.1.fasta,/mnt/d/5-NCBI-Reference/1-Bac/download/GCF_003865135.1/GCF_003865135.1.gff
GCF_003865155.1,WP_170251729.1,/mnt/d/5-NCBI-Reference/1-Bac/download/GCF_003865155.1/GCF_003865155.1.fasta,/mnt/d/5-NCBI-Reference/1-Bac/download/GCF_003865155.1/GCF_003865155.1.gff
GCF_003931915.1,WP_325049506.1,/mnt/d/5-NCBI-Reference/1-Bac/download/GCF_003931915.1/GCF_003931915.1.fasta,/mnt/d/5-NCBI-Reference/1-Bac/download/GCF_003931915.1/GCF_003931915.1.gff
GCF_003932715.1,WP_078902354.1,/mnt/d/5-NCBI-Reference/1-Bac/download/GCF_003932715.1/GCF_003932715.1.fasta,/mnt/d/5-NCBI-Reference/1-Bac/download/GCF_003932715.1/GCF_003932715.1.gff
GCF_003945385.1,WP_085912960.1,/mnt/d/5-NCBI-Reference/1-Bac/download/GCF_003945385.1/GCF_003945385.1.fasta,/mnt/d/5-NCBI-Reference/1-Bac/download/GCF_003945385.1/GCF_003945385.1.gff
GCF_003946885.1,WP_125610806.1,/mnt/d/5-NCBI-Reference/1-Bac/download/GCF_003946885.1/GCF_003946885.1.fasta,/mnt/d/5-NCBI-Reference/1-Bac/download/GCF_003946885.1/GCF_003946885.1.gff
GCF_003955715.1,WP_126272191.1,/mnt/d/5-NCBI-Reference/1-Bac/download/GCF_003955715.1/GCF_003955715.1.fasta,/mnt/d/5-NCBI-Reference/1-Bac/download/GCF_003955715.1/GCF_003955715.1.gff
GCF_003963535.1,WP_126392384.1,/mnt/d/5-NCBI-Reference/1-Bac/download/GCF_003963535.1/GCF_003963535.1.fasta,/mnt/d/5-NCBI-Reference/1-Bac/download/GCF_003963535.1/GCF_003963535.1.gff
GCF_003967355.1,WP_126640632.1,/mnt/d/5-NCBI-Reference/1-Bac/download/GCF_003967355.1/GCF_003967355.1.fasta,/mnt/d/5-NCBI-Reference/1-Bac/download/GCF_003967355.1/GCF_003967355.1.gff
GCF_004005495.1,WP_127828677.1,/mnt/d/5-NCBI-Reference/1-Bac/download/GCF_004005495.1/GCF_004005495.1.fasta,/mnt/d/5-NCBI-Reference/1-Bac/download/GCF_004005495.1/GCF_004005495.1.gff
GCF_004011825.1,WP_127952873.1,/mnt/d/5-NCBI-Reference/1-Bac/download/GCF_004011825.1/GCF_004011825.1.fasta,/mnt/d/5-NCBI-Reference/1-Bac/download/GCF_004011825.1/GCF_004011825.1.gff
GCF_004011835.1,WP_127944720.1,/mnt/d/5-NCBI-Reference/1-Bac/download/GCF_004011835.1/GCF_004011835.1.fasta,/mnt/d/5-NCBI-Reference/1-Bac/download/GCF_004011835.1/GCF_004011835.1.gff
GCF_004011865.1,WP_127914826.1,/mnt/d/5-NCBI-Reference/1-Bac/download/GCF_004011865.1/GCF_004011865.1.fasta,/mnt/d/5-NCBI-Reference/1-Bac/download/GCF_004011865.1/GCF_004011865.1.gff
GCF_004011905.1,WP_127963346.1,/mnt/d/5-NCBI-Reference/1-Bac/download/GCF_004011905.1/GCF_004011905.1.fasta,/mnt/d/5-NCBI-Reference/1-Bac/download/GCF_004011905.1/GCF_004011905.1.gff
GCF_004023625.1,WP_128378767.1,/mnt/d/5-NCBI-Reference/1-Bac/download/GCF_004023625.1/GCF_004023625.1.fasta,/mnt/d/5-NCBI-Reference/1-Bac/download/GCF_004023625.1/GCF_004023625.1.gff
GCF_004028635.1,WP_128428631.1,/mnt/d/5-NCBI-Reference/1-Bac/download/GCF_004028635.1/GCF_004028635.1.fasta,/mnt/d/5-NCBI-Reference/1-Bac/download/GCF_004028635.1/GCF_004028635.1.gff
GCF_004117935.1,WP_128979047.1,/mnt/d/5-NCBI-Reference/1-Bac/download/GCF_004117935.1/GCF_004117935.1.fasta,/mnt/d/5-NCBI-Reference/1-Bac/download/GCF_004117935.1/GCF_004117935.1.gff
GCF_004122735.1,WP_129244648.1,/mnt/d/5-NCBI-Reference/1-Bac/download/GCF_004122735.1/GCF_004122735.1.fasta,/mnt/d/5-NCBI-Reference/1-Bac/download/GCF_004122735.1/GCF_004122735.1.gff
GCF_004135285.1,WP_129391603.1,/mnt/d/5-NCBI-Reference/1-Bac/download/GCF_004135285.1/GCF_004135285.1.fasta,/mnt/d/5-NCBI-Reference/1-Bac/download/GCF_004135285.1/GCF_004135285.1.gff
GCF_004138495.1,WP_420813967.1,/mnt/d/5-NCBI-Reference/1-Bac/download/GCF_004138495.1/GCF_004138495.1.fasta,/mnt/d/5-NCBI-Reference/1-Bac/download/GCF_004138495.1/GCF_004138495.1.gff
GCF_004138525.1,WP_106537982.1,/mnt/d/5-NCBI-Reference/1-Bac/download/GCF_004138525.1/GCF_004138525.1.fasta,/mnt/d/5-NCBI-Reference/1-Bac/download/GCF_004138525.1/GCF_004138525.1.gff
GCF_004214935.1,WP_420809098.1,/mnt/d/5-NCBI-Reference/1-Bac/download/GCF_004214935.1/GCF_004214935.1.fasta,/mnt/d/5-NCBI-Reference/1-Bac/download/GCF_004214935.1/GCF_004214935.1.gff
GCF_004216555.1,WP_130347740.1,/mnt/d/5-NCBI-Reference/1-Bac/download/GCF_004216555.1/GCF_004216555.1.fasta,/mnt/d/5-NCBI-Reference/1-Bac/download/GCF_004216555.1/GCF_004216555.1.gff
GCF_004216915.1,WP_130491182.1,/mnt/d/5-NCBI-Reference/1-Bac/download/GCF_004216915.1/GCF_004216915.1.fasta,/mnt/d/5-NCBI-Reference/1-Bac/download/GCF_004216915.1/GCF_004216915.1.gff
GCF_004217185.1,WP_278044847.1,/mnt/d/5-NCBI-Reference/1-Bac/download/GCF_004217185.1/GCF_004217185.1.fasta,/mnt/d/5-NCBI-Reference/1-Bac/download/GCF_004217185.1/GCF_004217185.1.gff
GCF_004305975.1,WP_227870138.1,/mnt/d/5-NCBI-Reference/1-Bac/download/GCF_004305975.1/GCF_004305975.1.fasta,/mnt/d/5-NCBI-Reference/1-Bac/download/GCF_004305975.1/GCF_004305975.1.gff
GCF_004328625.1,WP_031182399.1,/mnt/d/5-NCBI-Reference/1-Bac/download/GCF_004328625.1/GCF_004328625.1.fasta,/mnt/d/5-NCBI-Reference/1-Bac/download/GCF_004328625.1/GCF_004328625.1.gff
GCF_004339125.1,WP_165914752.1,/mnt/d/5-NCBI-Reference/1-Bac/download/GCF_004339125.1/GCF_004339125.1.fasta,/mnt/d/5-NCBI-Reference/1-Bac/download/GCF_004339125.1/GCF_004339125.1.gff
GCF_004339565.1,WP_243653722.1,/mnt/d/5-NCBI-Reference/1-Bac/download/GCF_004339565.1/GCF_004339565.1.fasta,/mnt/d/5-NCBI-Reference/1-Bac/download/GCF_004339565.1/GCF_004339565.1.gff
GCF_004340875.1,WP_424565469.1,/mnt/d/5-NCBI-Reference/1-Bac/download/GCF_004340875.1/GCF_004340875.1.fasta,/mnt/d/5-NCBI-Reference/1-Bac/download/GCF_004340875.1/GCF_004340875.1.gff
GCF_004345645.1,WP_132112378.1,/mnt/d/5-NCBI-Reference/1-Bac/download/GCF_004345645.1/GCF_004345645.1.fasta,/mnt/d/5-NCBI-Reference/1-Bac/download/GCF_004345645.1/GCF_004345645.1.gff
GCF_004348415.1,WP_165956045.1,/mnt/d/5-NCBI-Reference/1-Bac/download/GCF_004348415.1/GCF_004348415.1.fasta,/mnt/d/5-NCBI-Reference/1-Bac/download/GCF_004348415.1/GCF_004348415.1.gff
GCF_004348435.1,WP_132672425.1,/mnt/d/5-NCBI-Reference/1-Bac/download/GCF_004348435.1/GCF_004348435.1.fasta,/mnt/d/5-NCBI-Reference/1-Bac/download/GCF_004348435.1/GCF_004348435.1.gff
GCF_004348445.1,WP_132619027.1,/mnt/d/5-NCBI-Reference/1-Bac/download/GCF_004348445.1/GCF_004348445.1.fasta,/mnt/d/5-NCBI-Reference/1-Bac/download/GCF_004348445.1/GCF_004348445.1.gff
GCF_004348985.1,WP_165968273.1,/mnt/d/5-NCBI-Reference/1-Bac/download/GCF_004348985.1/GCF_004348985.1.fasta,/mnt/d/5-NCBI-Reference/1-Bac/download/GCF_004348985.1/GCF_004348985.1.gff
GCF_004349105.1,WP_162606090.1,/mnt/d/5-NCBI-Reference/1-Bac/download/GCF_004349105.1/GCF_004349105.1.fasta,/mnt/d/5-NCBI-Reference/1-Bac/download/GCF_004349105.1/GCF_004349105.1.gff
GCF_004349225.1,WP_235877499.1,/mnt/d/5-NCBI-Reference/1-Bac/download/GCF_004349225.1/GCF_004349225.1.fasta,/mnt/d/5-NCBI-Reference/1-Bac/download/GCF_004349225.1/GCF_004349225.1.gff
GCF_004362495.1,WP_067491658.1,/mnt/d/5-NCBI-Reference/1-Bac/download/GCF_004362495.1/GCF_004362495.1.fasta,/mnt/d/5-NCBI-Reference/1-Bac/download/GCF_004362495.1/GCF_004362495.1.gff
GCF_004362515.1,WP_091381701.1,/mnt/d/5-NCBI-Reference/1-Bac/download/GCF_004362515.1/GCF_004362515.1.fasta,/mnt/d/5-NCBI-Reference/1-Bac/download/GCF_004362515.1/GCF_004362515.1.gff
GCF_004362825.1,WP_424983671.1,/mnt/d/5-NCBI-Reference/1-Bac/download/GCF_004362825.1/GCF_004362825.1.fasta,/mnt/d/5-NCBI-Reference/1-Bac/download/GCF_004362825.1/GCF_004362825.1.gff
GCF_004363095.1,WP_424922900.1,/mnt/d/5-NCBI-Reference/1-Bac/download/GCF_004363095.1/GCF_004363095.1.fasta,/mnt/d/5-NCBI-Reference/1-Bac/download/GCF_004363095.1/GCF_004363095.1.gff
GCF_004364325.1,WP_133903785.1,/mnt/d/5-NCBI-Reference/1-Bac/download/GCF_004364325.1/GCF_004364325.1.fasta,/mnt/d/5-NCBI-Reference/1-Bac/download/GCF_004364325.1/GCF_004364325.1.gff
GCF_004522235.1,WP_167754184.1,/mnt/d/5-NCBI-Reference/1-Bac/download/GCF_004522235.1/GCF_004522235.1.fasta,/mnt/d/5-NCBI-Reference/1-Bac/download/GCF_004522235.1/GCF_004522235.1.gff
GCF_004784475.1,WP_135788615.1,/mnt/d/5-NCBI-Reference/1-Bac/download/GCF_004784475.1/GCF_004784475.1.fasta,/mnt/d/5-NCBI-Reference/1-Bac/download/GCF_004784475.1/GCF_004784475.1.gff
GCF_004794175.1,WP_136015823.1,/mnt/d/5-NCBI-Reference/1-Bac/download/GCF_004794175.1/GCF_004794175.1.fasta,/mnt/d/5-NCBI-Reference/1-Bac/download/GCF_004794175.1/GCF_004794175.1.gff
GCF_004803895.1,WP_175432698.1,/mnt/d/5-NCBI-Reference/1-Bac/download/GCF_004803895.1/GCF_004803895.1.fasta,/mnt/d/5-NCBI-Reference/1-Bac/download/GCF_004803895.1/GCF_004803895.1.gff
GCF_004923255.1,WP_201799317.1,/mnt/d/5-NCBI-Reference/1-Bac/download/GCF_004923255.1/GCF_004923255.1.fasta,/mnt/d/5-NCBI-Reference/1-Bac/download/GCF_004923255.1/GCF_004923255.1.gff
GCF_005047355.1,WP_246143204.1,/mnt/d/5-NCBI-Reference/1-Bac/download/GCF_005047355.1/GCF_005047355.1.fasta,/mnt/d/5-NCBI-Reference/1-Bac/download/GCF_005047355.1/GCF_005047355.1.gff
GCF_005048155.1,WP_136739719.1,/mnt/d/5-NCBI-Reference/1-Bac/download/GCF_005048155.1/GCF_005048155.1.fasta,/mnt/d/5-NCBI-Reference/1-Bac/download/GCF_005048155.1/GCF_005048155.1.gff
GCF_005049235.1,WP_136910585.1,/mnt/d/5-NCBI-Reference/1-Bac/download/GCF_005049235.1/GCF_005049235.1.fasta,/mnt/d/5-NCBI-Reference/1-Bac/download/GCF_005049235.1/GCF_005049235.1.gff
GCF_005146945.1,WP_206078005.1,/mnt/d/5-NCBI-Reference/1-Bac/download/GCF_005146945.1/GCF_005146945.1.fasta,/mnt/d/5-NCBI-Reference/1-Bac/download/GCF_005146945.1/GCF_005146945.1.gff
GCF_005280195.1,WP_137301315.1,/mnt/d/5-NCBI-Reference/1-Bac/download/GCF_005280195.1/GCF_005280195.1.fasta,/mnt/d/5-NCBI-Reference/1-Bac/download/GCF_005280195.1/GCF_005280195.1.gff
GCF_005280215.1,WP_137306975.1,/mnt/d/5-NCBI-Reference/1-Bac/download/GCF_005280215.1/GCF_005280215.1.fasta,/mnt/d/5-NCBI-Reference/1-Bac/download/GCF_005280215.1/GCF_005280215.1.gff
GCF_005298075.1,WP_420847530.1,/mnt/d/5-NCBI-Reference/1-Bac/download/GCF_005298075.1/GCF_005298075.1.fasta,/mnt/d/5-NCBI-Reference/1-Bac/download/GCF_005298075.1/GCF_005298075.1.gff
GCF_005405885.1,WP_137815244.1,/mnt/d/5-NCBI-Reference/1-Bac/download/GCF_005405885.1/GCF_005405885.1.fasta,/mnt/d/5-NCBI-Reference/1-Bac/download/GCF_005405885.1/GCF_005405885.1.gff
GCF_005434945.1,WP_137725325.1,/mnt/d/5-NCBI-Reference/1-Bac/download/GCF_005434945.1/GCF_005434945.1.fasta,/mnt/d/5-NCBI-Reference/1-Bac/download/GCF_005434945.1/GCF_005434945.1.gff
GCF_005517195.1,WP_137989208.1,/mnt/d/5-NCBI-Reference/1-Bac/download/GCF_005517195.1/GCF_005517195.1.fasta,/mnt/d/5-NCBI-Reference/1-Bac/download/GCF_005517195.1/GCF_005517195.1.gff
GCF_005519465.1,WP_009996249.1,/mnt/d/5-NCBI-Reference/1-Bac/download/GCF_005519465.1/GCF_005519465.1.fasta,/mnt/d/5-NCBI-Reference/1-Bac/download/GCF_005519465.1/GCF_005519465.1.gff
GCF_005768555.2,WP_119101367.1,/mnt/d/5-NCBI-Reference/1-Bac/download/GCF_005768555.2/GCF_005768555.2.fasta,/mnt/d/5-NCBI-Reference/1-Bac/download/GCF_005768555.2/GCF_005768555.2.gff
GCF_005786655.1,WP_138047629.1,/mnt/d/5-NCBI-Reference/1-Bac/download/GCF_005786655.1/GCF_005786655.1.fasta,/mnt/d/5-NCBI-Reference/1-Bac/download/GCF_005786655.1/GCF_005786655.1.gff
GCF_005795905.1,WP_234042553.1,/mnt/d/5-NCBI-Reference/1-Bac/download/GCF_005795905.1/GCF_005795905.1.fasta,/mnt/d/5-NCBI-Reference/1-Bac/download/GCF_005795905.1/GCF_005795905.1.gff
GCF_005862235.1,WP_138382913.1,/mnt/d/5-NCBI-Reference/1-Bac/download/GCF_005862235.1/GCF_005862235.1.fasta,/mnt/d/5-NCBI-Reference/1-Bac/download/GCF_005862235.1/GCF_005862235.1.gff
GCF_005869865.1,WP_104779822.1,/mnt/d/5-NCBI-Reference/1-Bac/download/GCF_005869865.1/GCF_005869865.1.fasta,/mnt/d/5-NCBI-Reference/1-Bac/download/GCF_005869865.1/GCF_005869865.1.gff
GCF_005930475.1,WP_138760470.1,/mnt/d/5-NCBI-Reference/1-Bac/download/GCF_005930475.1/GCF_005930475.1.fasta,/mnt/d/5-NCBI-Reference/1-Bac/download/GCF_005930475.1/GCF_005930475.1.gff
GCF_005930495.1,WP_138731566.1,/mnt/d/5-NCBI-Reference/1-Bac/download/GCF_005930495.1/GCF_005930495.1.fasta,/mnt/d/5-NCBI-Reference/1-Bac/download/GCF_005930495.1/GCF_005930495.1.gff
GCF_006152065.1,WP_139099105.1,/mnt/d/5-NCBI-Reference/1-Bac/download/GCF_006152065.1/GCF_006152065.1.fasta,/mnt/d/5-NCBI-Reference/1-Bac/download/GCF_006152065.1/GCF_006152065.1.gff
GCF_006334995.2,WP_226961281.1,/mnt/d/5-NCBI-Reference/1-Bac/download/GCF_006334995.2/GCF_006334995.2.fasta,/mnt/d/5-NCBI-Reference/1-Bac/download/GCF_006334995.2/GCF_006334995.2.gff
GCF_006335015.1,WP_246108585.1,/mnt/d/5-NCBI-Reference/1-Bac/download/GCF_006335015.1/GCF_006335015.1.fasta,/mnt/d/5-NCBI-Reference/1-Bac/download/GCF_006335015.1/GCF_006335015.1.gff
GCF_006494775.1,WP_141004716.1,/mnt/d/5-NCBI-Reference/1-Bac/download/GCF_006494775.1/GCF_006494775.1.fasta,/mnt/d/5-NCBI-Reference/1-Bac/download/GCF_006494775.1/GCF_006494775.1.gff
GCF_006539165.1,WP_230988815.1,/mnt/d/5-NCBI-Reference/1-Bac/download/GCF_006539165.1/GCF_006539165.1.fasta,/mnt/d/5-NCBI-Reference/1-Bac/download/GCF_006539165.1/GCF_006539165.1.gff
GCF_006539505.1,WP_141313171.1,/mnt/d/5-NCBI-Reference/1-Bac/download/GCF_006539505.1/GCF_006539505.1.fasta,/mnt/d/5-NCBI-Reference/1-Bac/download/GCF_006539505.1/GCF_006539505.1.gff
GCF_006539565.1,WP_141277920.1,/mnt/d/5-NCBI-Reference/1-Bac/download/GCF_006539565.1/GCF_006539565.1.fasta,/mnt/d/5-NCBI-Reference/1-Bac/download/GCF_006539565.1/GCF_006539565.1.gff
GCF_006539585.1,WP_085912960.1,/mnt/d/5-NCBI-Reference/1-Bac/download/GCF_006539585.1/GCF_006539585.1.fasta,/mnt/d/5-NCBI-Reference/1-Bac/download/GCF_006539585.1/GCF_006539585.1.gff
GCF_006547165.1,WP_141569731.1,/mnt/d/5-NCBI-Reference/1-Bac/download/GCF_006547165.1/GCF_006547165.1.fasta,/mnt/d/5-NCBI-Reference/1-Bac/download/GCF_006547165.1/GCF_006547165.1.gff
GCF_006636205.1,WP_141635800.1,/mnt/d/5-NCBI-Reference/1-Bac/download/GCF_006636205.1/GCF_006636205.1.fasta,/mnt/d/5-NCBI-Reference/1-Bac/download/GCF_006636205.1/GCF_006636205.1.gff
GCF_006704125.1,WP_142102917.1,/mnt/d/5-NCBI-Reference/1-Bac/download/GCF_006704125.1/GCF_006704125.1.fasta,/mnt/d/5-NCBI-Reference/1-Bac/download/GCF_006704125.1/GCF_006704125.1.gff
GCF_006715045.1,WP_425457053.1,/mnt/d/5-NCBI-Reference/1-Bac/download/GCF_006715045.1/GCF_006715045.1.fasta,/mnt/d/5-NCBI-Reference/1-Bac/download/GCF_006715045.1/GCF_006715045.1.gff
GCF_006715785.1,WP_055710134.1,/mnt/d/5-NCBI-Reference/1-Bac/download/GCF_006715785.1/GCF_006715785.1.fasta,/mnt/d/5-NCBI-Reference/1-Bac/download/GCF_006715785.1/GCF_006715785.1.gff
GCF_006716135.1,WP_167530085.1,/mnt/d/5-NCBI-Reference/1-Bac/download/GCF_006716135.1/GCF_006716135.1.fasta,/mnt/d/5-NCBI-Reference/1-Bac/download/GCF_006716135.1/GCF_006716135.1.gff
GCF_006716425.1,WP_141958177.1,/mnt/d/5-NCBI-Reference/1-Bac/download/GCF_006716425.1/GCF_006716425.1.fasta,/mnt/d/5-NCBI-Reference/1-Bac/download/GCF_006716425.1/GCF_006716425.1.gff
GCF_006716445.1,WP_170231245.1,/mnt/d/5-NCBI-Reference/1-Bac/download/GCF_006716445.1/GCF_006716445.1.fasta,/mnt/d/5-NCBI-Reference/1-Bac/download/GCF_006716445.1/GCF_006716445.1.gff
GCF_006716565.1,WP_246123980.1,/mnt/d/5-NCBI-Reference/1-Bac/download/GCF_006716565.1/GCF_006716565.1.fasta,/mnt/d/5-NCBI-Reference/1-Bac/download/GCF_006716565.1/GCF_006716565.1.gff
GCF_006716575.1,WP_114452426.1,/mnt/d/5-NCBI-Reference/1-Bac/download/GCF_006716575.1/GCF_006716575.1.fasta,/mnt/d/5-NCBI-Reference/1-Bac/download/GCF_006716575.1/GCF_006716575.1.gff
GCF_006716745.1,WP_141980698.1,/mnt/d/5-NCBI-Reference/1-Bac/download/GCF_006716745.1/GCF_006716745.1.fasta,/mnt/d/5-NCBI-Reference/1-Bac/download/GCF_006716745.1/GCF_006716745.1.gff
GCF_006717045.1,WP_246121442.1,/mnt/d/5-NCBI-Reference/1-Bac/download/GCF_006717045.1/GCF_006717045.1.fasta,/mnt/d/5-NCBI-Reference/1-Bac/download/GCF_006717045.1/GCF_006717045.1.gff
GCF_006788935.1,WP_142229029.1,/mnt/d/5-NCBI-Reference/1-Bac/download/GCF_006788935.1/GCF_006788935.1.fasta,/mnt/d/5-NCBI-Reference/1-Bac/download/GCF_006788935.1/GCF_006788935.1.gff
GCF_006912135.1,WP_142709522.1,/mnt/d/5-NCBI-Reference/1-Bac/download/GCF_006912135.1/GCF_006912135.1.fasta,/mnt/d/5-NCBI-Reference/1-Bac/download/GCF_006912135.1/GCF_006912135.1.gff
GCF_007362295.1,WP_244961569.1,/mnt/d/5-NCBI-Reference/1-Bac/download/GCF_007362295.1/GCF_007362295.1.fasta,/mnt/d/5-NCBI-Reference/1-Bac/download/GCF_007362295.1/GCF_007362295.1.gff
GCF_007362775.1,WP_168207457.1,/mnt/d/5-NCBI-Reference/1-Bac/download/GCF_007362775.1/GCF_007362775.1.fasta,/mnt/d/5-NCBI-Reference/1-Bac/download/GCF_007362775.1/GCF_007362775.1.gff
GCF_007559025.1,WP_143907769.1,/mnt/d/5-NCBI-Reference/1-Bac/download/GCF_007559025.1/GCF_007559025.1.fasta,/mnt/d/5-NCBI-Reference/1-Bac/download/GCF_007559025.1/GCF_007559025.1.gff
GCF_007713715.1,WP_186382732.1,/mnt/d/5-NCBI-Reference/1-Bac/download/GCF_007713715.1/GCF_007713715.1.fasta,/mnt/d/5-NCBI-Reference/1-Bac/download/GCF_007713715.1/GCF_007713715.1.gff
GCF_007713735.2,WP_243770081.1,/mnt/d/5-NCBI-Reference/1-Bac/download/GCF_007713735.2/GCF_007713735.2.fasta,/mnt/d/5-NCBI-Reference/1-Bac/download/GCF_007713735.2/GCF_007713735.2.gff
GCF_007827045.1,WP_145859467.1,/mnt/d/5-NCBI-Reference/1-Bac/download/GCF_007827045.1/GCF_007827045.1.fasta,/mnt/d/5-NCBI-Reference/1-Bac/download/GCF_007827045.1/GCF_007827045.1.gff
GCF_007828955.1,WP_145790129.1,/mnt/d/5-NCBI-Reference/1-Bac/download/GCF_007828955.1/GCF_007828955.1.fasta,/mnt/d/5-NCBI-Reference/1-Bac/download/GCF_007828955.1/GCF_007828955.1.gff
GCF_007829035.1,WP_145228823.1,/mnt/d/5-NCBI-Reference/1-Bac/download/GCF_007829035.1/GCF_007829035.1.fasta,/mnt/d/5-NCBI-Reference/1-Bac/download/GCF_007829035.1/GCF_007829035.1.gff
GCF_007829565.1,WP_157575519.1,/mnt/d/5-NCBI-Reference/1-Bac/download/GCF_007829565.1/GCF_007829565.1.fasta,/mnt/d/5-NCBI-Reference/1-Bac/download/GCF_007829565.1/GCF_007829565.1.gff
GCF_007829815.1,WP_145906143.1,/mnt/d/5-NCBI-Reference/1-Bac/download/GCF_007829815.1/GCF_007829815.1.fasta,/mnt/d/5-NCBI-Reference/1-Bac/download/GCF_007829815.1/GCF_007829815.1.gff
GCF_007829875.1,WP_145869125.1,/mnt/d/5-NCBI-Reference/1-Bac/download/GCF_007829875.1/GCF_007829875.1.fasta,/mnt/d/5-NCBI-Reference/1-Bac/download/GCF_007829875.1/GCF_007829875.1.gff
GCF_007829885.1,WP_145763606.1,/mnt/d/5-NCBI-Reference/1-Bac/download/GCF_007829885.1/GCF_007829885.1.fasta,/mnt/d/5-NCBI-Reference/1-Bac/download/GCF_007829885.1/GCF_007829885.1.gff
GCF_007829955.1,WP_145743909.1,/mnt/d/5-NCBI-Reference/1-Bac/download/GCF_007829955.1/GCF_007829955.1.fasta,/mnt/d/5-NCBI-Reference/1-Bac/download/GCF_007829955.1/GCF_007829955.1.gff
GCF_007845645.1,WP_146315002.1,/mnt/d/5-NCBI-Reference/1-Bac/download/GCF_007845645.1/GCF_007845645.1.fasta,/mnt/d/5-NCBI-Reference/1-Bac/download/GCF_007845645.1/GCF_007845645.1.gff
GCF_007845675.1,WP_407936500.1,/mnt/d/5-NCBI-Reference/1-Bac/download/GCF_007845675.1/GCF_007845675.1.fasta,/mnt/d/5-NCBI-Reference/1-Bac/download/GCF_007845675.1/GCF_007845675.1.gff
GCF_007856155.1,WP_246150949.1,/mnt/d/5-NCBI-Reference/1-Bac/download/GCF_007856155.1/GCF_007856155.1.fasta,/mnt/d/5-NCBI-Reference/1-Bac/download/GCF_007856155.1/GCF_007856155.1.gff
GCF_007989085.1,WP_147114968.1,/mnt/d/5-NCBI-Reference/1-Bac/download/GCF_007989085.1/GCF_007989085.1.fasta,/mnt/d/5-NCBI-Reference/1-Bac/download/GCF_007989085.1/GCF_007989085.1.gff
GCF_007990755.1,WP_147136766.1,/mnt/d/5-NCBI-Reference/1-Bac/download/GCF_007990755.1/GCF_007990755.1.fasta,/mnt/d/5-NCBI-Reference/1-Bac/download/GCF_007990755.1/GCF_007990755.1.gff
GCF_007994075.1,WP_147257664.1,/mnt/d/5-NCBI-Reference/1-Bac/download/GCF_007994075.1/GCF_007994075.1.fasta,/mnt/d/5-NCBI-Reference/1-Bac/download/GCF_007994075.1/GCF_007994075.1.gff
GCF_007994135.1,WP_228394945.1,/mnt/d/5-NCBI-Reference/1-Bac/download/GCF_007994135.1/GCF_007994135.1.fasta,/mnt/d/5-NCBI-Reference/1-Bac/download/GCF_007994135.1/GCF_007994135.1.gff
GCF_008011915.1,WP_010837388.1,/mnt/d/5-NCBI-Reference/1-Bac/download/GCF_008011915.1/GCF_008011915.1.fasta,/mnt/d/5-NCBI-Reference/1-Bac/download/GCF_008011915.1/GCF_008011915.1.gff
GCF_008297975.1,WP_187776295.1,/mnt/d/5-NCBI-Reference/1-Bac/download/GCF_008297975.1/GCF_008297975.1.fasta,/mnt/d/5-NCBI-Reference/1-Bac/download/GCF_008297975.1/GCF_008297975.1.gff
GCF_008312885.1,WP_149362099.1,/mnt/d/5-NCBI-Reference/1-Bac/download/GCF_008312885.1/GCF_008312885.1.fasta,/mnt/d/5-NCBI-Reference/1-Bac/download/GCF_008312885.1/GCF_008312885.1.gff
GCF_008369065.1,WP_149514018.1,/mnt/d/5-NCBI-Reference/1-Bac/download/GCF_008369065.1/GCF_008369065.1.fasta,/mnt/d/5-NCBI-Reference/1-Bac/download/GCF_008369065.1/GCF_008369065.1.gff
GCF_008386495.1,WP_149829285.1,/mnt/d/5-NCBI-Reference/1-Bac/download/GCF_008386495.1/GCF_008386495.1.fasta,/mnt/d/5-NCBI-Reference/1-Bac/download/GCF_008386495.1/GCF_008386495.1.gff
GCF_008386585.1,WP_149853381.1,/mnt/d/5-NCBI-Reference/1-Bac/download/GCF_008386585.1/GCF_008386585.1.fasta,/mnt/d/5-NCBI-Reference/1-Bac/download/GCF_008386585.1/GCF_008386585.1.gff
GCF_008630535.1,WP_150067810.1,/mnt/d/5-NCBI-Reference/1-Bac/download/GCF_008630535.1/GCF_008630535.1.fasta,/mnt/d/5-NCBI-Reference/1-Bac/download/GCF_008630535.1/GCF_008630535.1.gff
GCF_008634015.1,WP_150232708.1,/mnt/d/5-NCBI-Reference/1-Bac/download/GCF_008634015.1/GCF_008634015.1.fasta,/mnt/d/5-NCBI-Reference/1-Bac/download/GCF_008634015.1/GCF_008634015.1.gff
GCF_008634025.1,WP_150244659.1,/mnt/d/5-NCBI-Reference/1-Bac/download/GCF_008634025.1/GCF_008634025.1.fasta,/mnt/d/5-NCBI-Reference/1-Bac/download/GCF_008634025.1/GCF_008634025.1.gff
GCF_008638355.1,WP_150250985.1,/mnt/d/5-NCBI-Reference/1-Bac/download/GCF_008638355.1/GCF_008638355.1.fasta,/mnt/d/5-NCBI-Reference/1-Bac/download/GCF_008638355.1/GCF_008638355.1.gff
GCF_008639165.1,WP_015033756.1,/mnt/d/5-NCBI-Reference/1-Bac/download/GCF_008639165.1/GCF_008639165.1.fasta,/mnt/d/5-NCBI-Reference/1-Bac/download/GCF_008639165.1/GCF_008639165.1.gff
GCF_008704205.1,WP_150402369.1,/mnt/d/5-NCBI-Reference/1-Bac/download/GCF_008704205.1/GCF_008704205.1.fasta,/mnt/d/5-NCBI-Reference/1-Bac/download/GCF_008704205.1/GCF_008704205.1.gff
GCF_008704395.1,WP_055532048.1,/mnt/d/5-NCBI-Reference/1-Bac/download/GCF_008704395.1/GCF_008704395.1.fasta,/mnt/d/5-NCBI-Reference/1-Bac/download/GCF_008704395.1/GCF_008704395.1.gff
GCF_008704425.1,WP_051838900.1,/mnt/d/5-NCBI-Reference/1-Bac/download/GCF_008704425.1/GCF_008704425.1.fasta,/mnt/d/5-NCBI-Reference/1-Bac/download/GCF_008704425.1/GCF_008704425.1.gff
GCF_008704445.1,WP_055604729.1,/mnt/d/5-NCBI-Reference/1-Bac/download/GCF_008704445.1/GCF_008704445.1.fasta,/mnt/d/5-NCBI-Reference/1-Bac/download/GCF_008704445.1/GCF_008704445.1.gff
GCF_008704495.1,WP_079043640.1,/mnt/d/5-NCBI-Reference/1-Bac/download/GCF_008704495.1/GCF_008704495.1.fasta,/mnt/d/5-NCBI-Reference/1-Bac/download/GCF_008704495.1/GCF_008704495.1.gff
GCF_008704515.1,WP_026085163.1,/mnt/d/5-NCBI-Reference/1-Bac/download/GCF_008704515.1/GCF_008704515.1.fasta,/mnt/d/5-NCBI-Reference/1-Bac/download/GCF_008704515.1/GCF_008704515.1.gff
GCF_008704535.1,WP_150519534.1,/mnt/d/5-NCBI-Reference/1-Bac/download/GCF_008704535.1/GCF_008704535.1.fasta,/mnt/d/5-NCBI-Reference/1-Bac/download/GCF_008704535.1/GCF_008704535.1.gff
GCF_008704715.1,WP_150502443.1,/mnt/d/5-NCBI-Reference/1-Bac/download/GCF_008704715.1/GCF_008704715.1.fasta,/mnt/d/5-NCBI-Reference/1-Bac/download/GCF_008704715.1/GCF_008704715.1.gff
GCF_008704795.1,WP_150511233.1,/mnt/d/5-NCBI-Reference/1-Bac/download/GCF_008704795.1/GCF_008704795.1.fasta,/mnt/d/5-NCBI-Reference/1-Bac/download/GCF_008704795.1/GCF_008704795.1.gff
GCF_008704855.1,WP_085928015.1,/mnt/d/5-NCBI-Reference/1-Bac/download/GCF_008704855.1/GCF_008704855.1.fasta,/mnt/d/5-NCBI-Reference/1-Bac/download/GCF_008704855.1/GCF_008704855.1.gff
GCF_008704935.1,WP_150528862.1,/mnt/d/5-NCBI-Reference/1-Bac/download/GCF_008704935.1/GCF_008704935.1.fasta,/mnt/d/5-NCBI-Reference/1-Bac/download/GCF_008704935.1/GCF_008704935.1.gff
GCF_008704995.1,WP_052454098.1,/mnt/d/5-NCBI-Reference/1-Bac/download/GCF_008704995.1/GCF_008704995.1.fasta,/mnt/d/5-NCBI-Reference/1-Bac/download/GCF_008704995.1/GCF_008704995.1.gff
GCF_008705135.1,WP_150480991.1,/mnt/d/5-NCBI-Reference/1-Bac/download/GCF_008705135.1/GCF_008705135.1.fasta,/mnt/d/5-NCBI-Reference/1-Bac/download/GCF_008705135.1/GCF_008705135.1.gff
GCF_008761635.1,WP_151084310.1,/mnt/d/5-NCBI-Reference/1-Bac/download/GCF_008761635.1/GCF_008761635.1.fasta,/mnt/d/5-NCBI-Reference/1-Bac/download/GCF_008761635.1/GCF_008761635.1.gff
GCF_008806595.1,WP_150953042.1,/mnt/d/5-NCBI-Reference/1-Bac/download/GCF_008806595.1/GCF_008806595.1.fasta,/mnt/d/5-NCBI-Reference/1-Bac/download/GCF_008806595.1/GCF_008806595.1.gff
GCF_008868685.1,WP_151474345.1,/mnt/d/5-NCBI-Reference/1-Bac/download/GCF_008868685.1/GCF_008868685.1.fasta,/mnt/d/5-NCBI-Reference/1-Bac/download/GCF_008868685.1/GCF_008868685.1.gff
GCF_008905045.1,WP_151482771.1,/mnt/d/5-NCBI-Reference/1-Bac/download/GCF_008905045.1/GCF_008905045.1.fasta,/mnt/d/5-NCBI-Reference/1-Bac/download/GCF_008905045.1/GCF_008905045.1.gff
GCF_008932075.1,WP_151510670.1,/mnt/d/5-NCBI-Reference/1-Bac/download/GCF_008932075.1/GCF_008932075.1.fasta,/mnt/d/5-NCBI-Reference/1-Bac/download/GCF_008932075.1/GCF_008932075.1.gff
GCF_008974245.1,WP_151774996.1,/mnt/d/5-NCBI-Reference/1-Bac/download/GCF_008974245.1/GCF_008974245.1.fasta,/mnt/d/5-NCBI-Reference/1-Bac/download/GCF_008974245.1/GCF_008974245.1.gff
GCF_009184865.1,WP_152169034.1,/mnt/d/5-NCBI-Reference/1-Bac/download/GCF_009184865.1/GCF_009184865.1.fasta,/mnt/d/5-NCBI-Reference/1-Bac/download/GCF_009184865.1/GCF_009184865.1.gff
GCF_009299385.1,WP_152370805.1,/mnt/d/5-NCBI-Reference/1-Bac/download/GCF_009299385.1/GCF_009299385.1.fasta,/mnt/d/5-NCBI-Reference/1-Bac/download/GCF_009299385.1/GCF_009299385.1.gff
GCF_009299835.1,WP_152363751.1,/mnt/d/5-NCBI-Reference/1-Bac/download/GCF_009299835.1/GCF_009299835.1.fasta,/mnt/d/5-NCBI-Reference/1-Bac/download/GCF_009299835.1/GCF_009299835.1.gff
GCF_009377175.1,WP_162469779.1,/mnt/d/5-NCBI-Reference/1-Bac/download/GCF_009377175.1/GCF_009377175.1.fasta,/mnt/d/5-NCBI-Reference/1-Bac/download/GCF_009377175.1/GCF_009377175.1.gff
GCF_009377185.1,WP_322725060.1,/mnt/d/5-NCBI-Reference/1-Bac/download/GCF_009377185.1/GCF_009377185.1.fasta,/mnt/d/5-NCBI-Reference/1-Bac/download/GCF_009377185.1/GCF_009377185.1.gff
GCF_009377205.1,WP_322724237.1,/mnt/d/5-NCBI-Reference/1-Bac/download/GCF_009377205.1/GCF_009377205.1.fasta,/mnt/d/5-NCBI-Reference/1-Bac/download/GCF_009377205.1/GCF_009377205.1.gff
GCF_009377235.1,WP_322621337.1,/mnt/d/5-NCBI-Reference/1-Bac/download/GCF_009377235.1/GCF_009377235.1.fasta,/mnt/d/5-NCBI-Reference/1-Bac/download/GCF_009377235.1/GCF_009377235.1.gff
GCF_009498035.1,WP_051767063.1,/mnt/d/5-NCBI-Reference/1-Bac/download/GCF_009498035.1/GCF_009498035.1.fasta,/mnt/d/5-NCBI-Reference/1-Bac/download/GCF_009498035.1/GCF_009498035.1.gff
GCF_009498275.1,WP_153290462.1,/mnt/d/5-NCBI-Reference/1-Bac/download/GCF_009498275.1/GCF_009498275.1.fasta,/mnt/d/5-NCBI-Reference/1-Bac/download/GCF_009498275.1/GCF_009498275.1.gff
GCF_009569385.1,WP_153460735.1,/mnt/d/5-NCBI-Reference/1-Bac/download/GCF_009569385.1/GCF_009569385.1.fasta,/mnt/d/5-NCBI-Reference/1-Bac/download/GCF_009569385.1/GCF_009569385.1.gff
GCF_009600885.1,WP_153521402.1,/mnt/d/5-NCBI-Reference/1-Bac/download/GCF_009600885.1/GCF_009600885.1.fasta,/mnt/d/5-NCBI-Reference/1-Bac/download/GCF_009600885.1/GCF_009600885.1.gff
GCF_009600895.1,WP_153482874.1,/mnt/d/5-NCBI-Reference/1-Bac/download/GCF_009600895.1/GCF_009600895.1.fasta,/mnt/d/5-NCBI-Reference/1-Bac/download/GCF_009600895.1/GCF_009600895.1.gff
GCF_009604385.1,WP_323378185.1,/mnt/d/5-NCBI-Reference/1-Bac/download/GCF_009604385.1/GCF_009604385.1.fasta,/mnt/d/5-NCBI-Reference/1-Bac/download/GCF_009604385.1/GCF_009604385.1.gff
GCF_009604405.1,WP_406603825.1,/mnt/d/5-NCBI-Reference/1-Bac/download/GCF_009604405.1/GCF_009604405.1.fasta,/mnt/d/5-NCBI-Reference/1-Bac/download/GCF_009604405.1/GCF_009604405.1.gff
GCF_009664835.1,WP_228717379.1,/mnt/d/5-NCBI-Reference/1-Bac/download/GCF_009664835.1/GCF_009664835.1.fasta,/mnt/d/5-NCBI-Reference/1-Bac/download/GCF_009664835.1/GCF_009664835.1.gff
GCF_009707545.1,WP_322097433.1,/mnt/d/5-NCBI-Reference/1-Bac/download/GCF_009707545.1/GCF_009707545.1.fasta,/mnt/d/5-NCBI-Reference/1-Bac/download/GCF_009707545.1/GCF_009707545.1.gff
GCF_009707865.1,WP_312868895.1,/mnt/d/5-NCBI-Reference/1-Bac/download/GCF_009707865.1/GCF_009707865.1.fasta,/mnt/d/5-NCBI-Reference/1-Bac/download/GCF_009707865.1/GCF_009707865.1.gff
GCF_009708175.1,WP_154791662.1,/mnt/d/5-NCBI-Reference/1-Bac/download/GCF_009708175.1/GCF_009708175.1.fasta,/mnt/d/5-NCBI-Reference/1-Bac/download/GCF_009708175.1/GCF_009708175.1.gff
GCF_009709555.1,WP_155054828.1,/mnt/d/5-NCBI-Reference/1-Bac/download/GCF_009709555.1/GCF_009709555.1.fasta,/mnt/d/5-NCBI-Reference/1-Bac/download/GCF_009709555.1/GCF_009709555.1.gff
GCF_009709575.1,WP_162465963.1,/mnt/d/5-NCBI-Reference/1-Bac/download/GCF_009709575.1/GCF_009709575.1.fasta,/mnt/d/5-NCBI-Reference/1-Bac/download/GCF_009709575.1/GCF_009709575.1.gff
GCF_009735685.1,WP_156205282.1,/mnt/d/5-NCBI-Reference/1-Bac/download/GCF_009735685.1/GCF_009735685.1.fasta,/mnt/d/5-NCBI-Reference/1-Bac/download/GCF_009735685.1/GCF_009735685.1.gff
GCF_009739465.1,WP_231626923.1,/mnt/d/5-NCBI-Reference/1-Bac/download/GCF_009739465.1/GCF_009739465.1.fasta,/mnt/d/5-NCBI-Reference/1-Bac/download/GCF_009739465.1/GCF_009739465.1.gff
GCF_009739905.1,WP_156694266.1,/mnt/d/5-NCBI-Reference/1-Bac/download/GCF_009739905.1/GCF_009739905.1.fasta,/mnt/d/5-NCBI-Reference/1-Bac/download/GCF_009739905.1/GCF_009739905.1.gff
GCF_009745975.1,WP_156756655.1,/mnt/d/5-NCBI-Reference/1-Bac/download/GCF_009745975.1/GCF_009745975.1.fasta,/mnt/d/5-NCBI-Reference/1-Bac/download/GCF_009745975.1/GCF_009745975.1.gff
GCF_009755605.1,WP_343040487.1,/mnt/d/5-NCBI-Reference/1-Bac/download/GCF_009755605.1/GCF_009755605.1.fasta,/mnt/d/5-NCBI-Reference/1-Bac/download/GCF_009755605.1/GCF_009755605.1.gff
GCF_009760405.1,WP_235948585.1,/mnt/d/5-NCBI-Reference/1-Bac/download/GCF_009760405.1/GCF_009760405.1.fasta,/mnt/d/5-NCBI-Reference/1-Bac/download/GCF_009760405.1/GCF_009760405.1.gff
GCF_009765355.1,WP_158887003.1,/mnt/d/5-NCBI-Reference/1-Bac/download/GCF_009765355.1/GCF_009765355.1.fasta,/mnt/d/5-NCBI-Reference/1-Bac/download/GCF_009765355.1/GCF_009765355.1.gff
GCF_009769385.1,WP_158849934.1,/mnt/d/5-NCBI-Reference/1-Bac/download/GCF_009769385.1/GCF_009769385.1.fasta,/mnt/d/5-NCBI-Reference/1-Bac/download/GCF_009769385.1/GCF_009769385.1.gff
GCF_009796285.1,WP_158920994.1,/mnt/d/5-NCBI-Reference/1-Bac/download/GCF_009796285.1/GCF_009796285.1.fasta,/mnt/d/5-NCBI-Reference/1-Bac/download/GCF_009796285.1/GCF_009796285.1.gff
GCF_009811575.1,WP_190145641.1,/mnt/d/5-NCBI-Reference/1-Bac/download/GCF_009811575.1/GCF_009811575.1.fasta,/mnt/d/5-NCBI-Reference/1-Bac/download/GCF_009811575.1/GCF_009811575.1.gff
GCF_009831215.1,WP_161105735.1,/mnt/d/5-NCBI-Reference/1-Bac/download/GCF_009831215.1/GCF_009831215.1.fasta,/mnt/d/5-NCBI-Reference/1-Bac/download/GCF_009831215.1/GCF_009831215.1.gff
GCF_009858255.1,WP_067985099.1,/mnt/d/5-NCBI-Reference/1-Bac/download/GCF_009858255.1/GCF_009858255.1.fasta,/mnt/d/5-NCBI-Reference/1-Bac/download/GCF_009858255.1/GCF_009858255.1.gff
GCF_009906795.1,WP_338073953.1,/mnt/d/5-NCBI-Reference/1-Bac/download/GCF_009906795.1/GCF_009906795.1.fasta,/mnt/d/5-NCBI-Reference/1-Bac/download/GCF_009906795.1/GCF_009906795.1.gff
GCF_009908195.1,WP_161700935.1,/mnt/d/5-NCBI-Reference/1-Bac/download/GCF_009908195.1/GCF_009908195.1.fasta,/mnt/d/5-NCBI-Reference/1-Bac/download/GCF_009908195.1/GCF_009908195.1.gff
GCF_009932435.1,WP_161926747.1,/mnt/d/5-NCBI-Reference/1-Bac/download/GCF_009932435.1/GCF_009932435.1.fasta,/mnt/d/5-NCBI-Reference/1-Bac/download/GCF_009932435.1/GCF_009932435.1.gff
GCF_009932475.1,WP_186349846.1,/mnt/d/5-NCBI-Reference/1-Bac/download/GCF_009932475.1/GCF_009932475.1.fasta,/mnt/d/5-NCBI-Reference/1-Bac/download/GCF_009932475.1/GCF_009932475.1.gff
GCF_010077965.1,WP_235928017.1,/mnt/d/5-NCBI-Reference/1-Bac/download/GCF_010077965.1/GCF_010077965.1.fasta,/mnt/d/5-NCBI-Reference/1-Bac/download/GCF_010077965.1/GCF_010077965.1.gff
GCF_010682105.1,WP_163610620.1,/mnt/d/5-NCBI-Reference/1-Bac/download/GCF_010682105.1/GCF_010682105.1.fasta,/mnt/d/5-NCBI-Reference/1-Bac/download/GCF_010682105.1/GCF_010682105.1.gff
GCF_010723735.1,WP_163893873.1,/mnt/d/5-NCBI-Reference/1-Bac/download/GCF_010723735.1/GCF_010723735.1.fasta,/mnt/d/5-NCBI-Reference/1-Bac/download/GCF_010723735.1/GCF_010723735.1.gff
GCF_010731535.1,WP_085162756.1,/mnt/d/5-NCBI-Reference/1-Bac/download/GCF_010731535.1/GCF_010731535.1.fasta,/mnt/d/5-NCBI-Reference/1-Bac/download/GCF_010731535.1/GCF_010731535.1.gff
GCF_010993745.1,WP_246281675.1,/mnt/d/5-NCBI-Reference/1-Bac/download/GCF_010993745.1/GCF_010993745.1.fasta,/mnt/d/5-NCBI-Reference/1-Bac/download/GCF_010993745.1/GCF_010993745.1.gff
GCF_011044975.1,WP_165242871.1,/mnt/d/5-NCBI-Reference/1-Bac/download/GCF_011044975.1/GCF_011044975.1.fasta,/mnt/d/5-NCBI-Reference/1-Bac/download/GCF_011044975.1/GCF_011044975.1.gff
GCF_011044995.1,WP_165335327.1,/mnt/d/5-NCBI-Reference/1-Bac/download/GCF_011044995.1/GCF_011044995.1.fasta,/mnt/d/5-NCBI-Reference/1-Bac/download/GCF_011044995.1/GCF_011044995.1.gff
GCF_011045015.1,WP_206440062.1,/mnt/d/5-NCBI-Reference/1-Bac/download/GCF_011045015.1/GCF_011045015.1.fasta,/mnt/d/5-NCBI-Reference/1-Bac/download/GCF_011045015.1/GCF_011045015.1.gff
GCF_011045025.1,WP_165341225.1,/mnt/d/5-NCBI-Reference/1-Bac/download/GCF_011045025.1/GCF_011045025.1.fasta,/mnt/d/5-NCBI-Reference/1-Bac/download/GCF_011045025.1/GCF_011045025.1.gff
GCF_011045075.1,WP_338146217.1,/mnt/d/5-NCBI-Reference/1-Bac/download/GCF_011045075.1/GCF_011045075.1.fasta,/mnt/d/5-NCBI-Reference/1-Bac/download/GCF_011045075.1/GCF_011045075.1.gff
GCF_011067745.1,WP_166044254.1,/mnt/d/5-NCBI-Reference/1-Bac/download/GCF_011067745.1/GCF_011067745.1.fasta,/mnt/d/5-NCBI-Reference/1-Bac/download/GCF_011067745.1/GCF_011067745.1.gff
GCF_011694815.1,WP_243869670.1,/mnt/d/5-NCBI-Reference/1-Bac/download/GCF_011694815.1/GCF_011694815.1.fasta,/mnt/d/5-NCBI-Reference/1-Bac/download/GCF_011694815.1/GCF_011694815.1.gff
GCF_011758745.1,WP_341771556.1,/mnt/d/5-NCBI-Reference/1-Bac/download/GCF_011758745.1/GCF_011758745.1.fasta,/mnt/d/5-NCBI-Reference/1-Bac/download/GCF_011758745.1/GCF_011758745.1.gff
GCF_011758765.1,WP_313886045.1,/mnt/d/5-NCBI-Reference/1-Bac/download/GCF_011758765.1/GCF_011758765.1.fasta,/mnt/d/5-NCBI-Reference/1-Bac/download/GCF_011758765.1/GCF_011758765.1.gff
GCF_011761185.1,WP_167167217.1,/mnt/d/5-NCBI-Reference/1-Bac/download/GCF_011761185.1/GCF_011761185.1.fasta,/mnt/d/5-NCBI-Reference/1-Bac/download/GCF_011761185.1/GCF_011761185.1.gff
GCF_011766325.1,WP_173260627.1,/mnt/d/5-NCBI-Reference/1-Bac/download/GCF_011766325.1/GCF_011766325.1.fasta,/mnt/d/5-NCBI-Reference/1-Bac/download/GCF_011766325.1/GCF_011766325.1.gff
GCF_011839805.1,WP_308470224.1,/mnt/d/5-NCBI-Reference/1-Bac/download/GCF_011839805.1/GCF_011839805.1.fasta,/mnt/d/5-NCBI-Reference/1-Bac/download/GCF_011839805.1/GCF_011839805.1.gff
GCF_012033735.1,WP_167973858.1,/mnt/d/5-NCBI-Reference/1-Bac/download/GCF_012033735.1/GCF_012033735.1.fasta,/mnt/d/5-NCBI-Reference/1-Bac/download/GCF_012033735.1/GCF_012033735.1.gff
GCF_012033785.1,WP_312876786.1,/mnt/d/5-NCBI-Reference/1-Bac/download/GCF_012033785.1/GCF_012033785.1.fasta,/mnt/d/5-NCBI-Reference/1-Bac/download/GCF_012033785.1/GCF_012033785.1.gff
GCF_012034175.1,WP_167982534.1,/mnt/d/5-NCBI-Reference/1-Bac/download/GCF_012034175.1/GCF_012034175.1.fasta,/mnt/d/5-NCBI-Reference/1-Bac/download/GCF_012034175.1/GCF_012034175.1.gff
GCF_012034205.1,WP_167994091.1,/mnt/d/5-NCBI-Reference/1-Bac/download/GCF_012034205.1/GCF_012034205.1.fasta,/mnt/d/5-NCBI-Reference/1-Bac/download/GCF_012034205.1/GCF_012034205.1.gff
GCF_012034385.1,WP_420824749.1,/mnt/d/5-NCBI-Reference/1-Bac/download/GCF_012034385.1/GCF_012034385.1.fasta,/mnt/d/5-NCBI-Reference/1-Bac/download/GCF_012034385.1/GCF_012034385.1.gff
GCF_012034935.1,WP_168103219.1,/mnt/d/5-NCBI-Reference/1-Bac/download/GCF_012034935.1/GCF_012034935.1.fasta,/mnt/d/5-NCBI-Reference/1-Bac/download/GCF_012034935.1/GCF_012034935.1.gff
GCF_012273655.1,WP_168535759.1,/mnt/d/5-NCBI-Reference/1-Bac/download/GCF_012273655.1/GCF_012273655.1.fasta,/mnt/d/5-NCBI-Reference/1-Bac/download/GCF_012273655.1/GCF_012273655.1.gff
GCF_012328925.1,WP_168521561.1,/mnt/d/5-NCBI-Reference/1-Bac/download/GCF_012328925.1/GCF_012328925.1.fasta,/mnt/d/5-NCBI-Reference/1-Bac/download/GCF_012328925.1/GCF_012328925.1.gff
GCF_012395985.1,WP_068049356.1,/mnt/d/5-NCBI-Reference/1-Bac/download/GCF_012395985.1/GCF_012395985.1.fasta,/mnt/d/5-NCBI-Reference/1-Bac/download/GCF_012395985.1/GCF_012395985.1.gff
GCF_012396065.1,WP_168435119.1,/mnt/d/5-NCBI-Reference/1-Bac/download/GCF_012396065.1/GCF_012396065.1.fasta,/mnt/d/5-NCBI-Reference/1-Bac/download/GCF_012396065.1/GCF_012396065.1.gff
GCF_012911875.1,WP_169413996.1,/mnt/d/5-NCBI-Reference/1-Bac/download/GCF_012911875.1/GCF_012911875.1.fasta,/mnt/d/5-NCBI-Reference/1-Bac/download/GCF_012911875.1/GCF_012911875.1.gff
GCF_012911925.1,WP_407692246.1,/mnt/d/5-NCBI-Reference/1-Bac/download/GCF_012911925.1/GCF_012911925.1.fasta,/mnt/d/5-NCBI-Reference/1-Bac/download/GCF_012911925.1/GCF_012911925.1.gff
GCF_012911935.1,WP_338051408.1,/mnt/d/5-NCBI-Reference/1-Bac/download/GCF_012911935.1/GCF_012911935.1.fasta,/mnt/d/5-NCBI-Reference/1-Bac/download/GCF_012911935.1/GCF_012911935.1.gff
GCF_012932915.1,WP_169590834.1,/mnt/d/5-NCBI-Reference/1-Bac/download/GCF_012932915.1/GCF_012932915.1.fasta,/mnt/d/5-NCBI-Reference/1-Bac/download/GCF_012932915.1/GCF_012932915.1.gff
GCF_012933505.1,WP_376767189.1,/mnt/d/5-NCBI-Reference/1-Bac/download/GCF_012933505.1/GCF_012933505.1.fasta,/mnt/d/5-NCBI-Reference/1-Bac/download/GCF_012933505.1/GCF_012933505.1.gff
GCF_013002705.1,WP_171198569.1,/mnt/d/5-NCBI-Reference/1-Bac/download/GCF_013002705.1/GCF_013002705.1.fasta,/mnt/d/5-NCBI-Reference/1-Bac/download/GCF_013002705.1/GCF_013002705.1.gff
GCF_013046785.1,WP_171156016.1,/mnt/d/5-NCBI-Reference/1-Bac/download/GCF_013046785.1/GCF_013046785.1.fasta,/mnt/d/5-NCBI-Reference/1-Bac/download/GCF_013046785.1/GCF_013046785.1.gff
GCF_013155125.1,WP_172158518.1,/mnt/d/5-NCBI-Reference/1-Bac/download/GCF_013155125.1/GCF_013155125.1.fasta,/mnt/d/5-NCBI-Reference/1-Bac/download/GCF_013155125.1/GCF_013155125.1.gff
GCF_013280595.1,WP_173127754.1,/mnt/d/5-NCBI-Reference/1-Bac/download/GCF_013280595.1/GCF_013280595.1.fasta,/mnt/d/5-NCBI-Reference/1-Bac/download/GCF_013280595.1/GCF_013280595.1.gff
GCF_013315795.1,WP_174184575.1,/mnt/d/5-NCBI-Reference/1-Bac/download/GCF_013315795.1/GCF_013315795.1.fasta,/mnt/d/5-NCBI-Reference/1-Bac/download/GCF_013315795.1/GCF_013315795.1.gff
GCF_013364095.1,WP_176128618.1,/mnt/d/5-NCBI-Reference/1-Bac/download/GCF_013364095.1/GCF_013364095.1.fasta,/mnt/d/5-NCBI-Reference/1-Bac/download/GCF_013364095.1/GCF_013364095.1.gff
GCF_013364315.1,WP_176143668.1,/mnt/d/5-NCBI-Reference/1-Bac/download/GCF_013364315.1/GCF_013364315.1.fasta,/mnt/d/5-NCBI-Reference/1-Bac/download/GCF_013364315.1/GCF_013364315.1.gff
GCF_013407765.1,WP_179817155.1,/mnt/d/5-NCBI-Reference/1-Bac/download/GCF_013407765.1/GCF_013407765.1.fasta,/mnt/d/5-NCBI-Reference/1-Bac/download/GCF_013407765.1/GCF_013407765.1.gff
GCF_013407855.1,WP_179789450.1,/mnt/d/5-NCBI-Reference/1-Bac/download/GCF_013407855.1/GCF_013407855.1.fasta,/mnt/d/5-NCBI-Reference/1-Bac/download/GCF_013407855.1/GCF_013407855.1.gff
GCF_013407955.1,WP_179747767.1,/mnt/d/5-NCBI-Reference/1-Bac/download/GCF_013407955.1/GCF_013407955.1.fasta,/mnt/d/5-NCBI-Reference/1-Bac/download/GCF_013407955.1/GCF_013407955.1.gff
GCF_013408175.1,WP_179535888.1,/mnt/d/5-NCBI-Reference/1-Bac/download/GCF_013408175.1/GCF_013408175.1.fasta,/mnt/d/5-NCBI-Reference/1-Bac/download/GCF_013408175.1/GCF_013408175.1.gff
GCF_013408535.1,WP_092884317.1,/mnt/d/5-NCBI-Reference/1-Bac/download/GCF_013408535.1/GCF_013408535.1.fasta,/mnt/d/5-NCBI-Reference/1-Bac/download/GCF_013408535.1/GCF_013408535.1.gff
GCF_013408715.1,WP_179763038.1,/mnt/d/5-NCBI-Reference/1-Bac/download/GCF_013408715.1/GCF_013408715.1.fasta,/mnt/d/5-NCBI-Reference/1-Bac/download/GCF_013408715.1/GCF_013408715.1.gff
GCF_013409065.1,WP_179428797.1,/mnt/d/5-NCBI-Reference/1-Bac/download/GCF_013409065.1/GCF_013409065.1.fasta,/mnt/d/5-NCBI-Reference/1-Bac/download/GCF_013409065.1/GCF_013409065.1.gff
GCF_013409345.1,WP_179754763.1,/mnt/d/5-NCBI-Reference/1-Bac/download/GCF_013409345.1/GCF_013409345.1.fasta,/mnt/d/5-NCBI-Reference/1-Bac/download/GCF_013409345.1/GCF_013409345.1.gff
GCF_013409505.1,WP_343054185.1,/mnt/d/5-NCBI-Reference/1-Bac/download/GCF_013409505.1/GCF_013409505.1.fasta,/mnt/d/5-NCBI-Reference/1-Bac/download/GCF_013409505.1/GCF_013409505.1.gff
GCF_013409565.1,WP_173313343.1,/mnt/d/5-NCBI-Reference/1-Bac/download/GCF_013409565.1/GCF_013409565.1.fasta,/mnt/d/5-NCBI-Reference/1-Bac/download/GCF_013409565.1/GCF_013409565.1.gff
GCF_013410345.1,WP_218888223.1,/mnt/d/5-NCBI-Reference/1-Bac/download/GCF_013410345.1/GCF_013410345.1.fasta,/mnt/d/5-NCBI-Reference/1-Bac/download/GCF_013410345.1/GCF_013410345.1.gff
GCF_013410405.1,WP_179773780.1,/mnt/d/5-NCBI-Reference/1-Bac/download/GCF_013410405.1/GCF_013410405.1.fasta,/mnt/d/5-NCBI-Reference/1-Bac/download/GCF_013410405.1/GCF_013410405.1.gff
GCF_013433285.1,WP_171113938.1,/mnt/d/5-NCBI-Reference/1-Bac/download/GCF_013433285.1/GCF_013433285.1.fasta,/mnt/d/5-NCBI-Reference/1-Bac/download/GCF_013433285.1/GCF_013433285.1.gff
GCF_013450155.1,WP_180892398.1,/mnt/d/5-NCBI-Reference/1-Bac/download/GCF_013450155.1/GCF_013450155.1.fasta,/mnt/d/5-NCBI-Reference/1-Bac/download/GCF_013450155.1/GCF_013450155.1.gff
GCF_013618545.1,WP_323373036.1,/mnt/d/5-NCBI-Reference/1-Bac/download/GCF_013618545.1/GCF_013618545.1.fasta,/mnt/d/5-NCBI-Reference/1-Bac/download/GCF_013618545.1/GCF_013618545.1.gff
GCF_013912435.1,WP_181862626.1,/mnt/d/5-NCBI-Reference/1-Bac/download/GCF_013912435.1/GCF_013912435.1.fasta,/mnt/d/5-NCBI-Reference/1-Bac/download/GCF_013912435.1/GCF_013912435.1.gff
GCF_014070435.1,WP_053557273.1,/mnt/d/5-NCBI-Reference/1-Bac/download/GCF_014070435.1/GCF_014070435.1.fasta,/mnt/d/5-NCBI-Reference/1-Bac/download/GCF_014070435.1/GCF_014070435.1.gff
GCF_014070455.1,WP_182372453.1,/mnt/d/5-NCBI-Reference/1-Bac/download/GCF_014070455.1/GCF_014070455.1.fasta,/mnt/d/5-NCBI-Reference/1-Bac/download/GCF_014070455.1/GCF_014070455.1.gff
GCF_014126825.1,WP_182359904.1,/mnt/d/5-NCBI-Reference/1-Bac/download/GCF_014126825.1/GCF_014126825.1.fasta,/mnt/d/5-NCBI-Reference/1-Bac/download/GCF_014126825.1/GCF_014126825.1.gff
GCF_014137855.1,WP_220483611.1,/mnt/d/5-NCBI-Reference/1-Bac/download/GCF_014137855.1/GCF_014137855.1.fasta,/mnt/d/5-NCBI-Reference/1-Bac/download/GCF_014137855.1/GCF_014137855.1.gff
GCF_014137975.1,WP_182544340.1,/mnt/d/5-NCBI-Reference/1-Bac/download/GCF_014137975.1/GCF_014137975.1.fasta,/mnt/d/5-NCBI-Reference/1-Bac/download/GCF_014137975.1/GCF_014137975.1.gff
GCF_014138725.1,WP_182837948.1,/mnt/d/5-NCBI-Reference/1-Bac/download/GCF_014138725.1/GCF_014138725.1.fasta,/mnt/d/5-NCBI-Reference/1-Bac/download/GCF_014138725.1/GCF_014138725.1.gff
GCF_014145675.1,WP_182895206.1,/mnt/d/5-NCBI-Reference/1-Bac/download/GCF_014145675.1/GCF_014145675.1.fasta,/mnt/d/5-NCBI-Reference/1-Bac/download/GCF_014145675.1/GCF_014145675.1.gff
GCF_014156695.1,WP_323379372.1,/mnt/d/5-NCBI-Reference/1-Bac/download/GCF_014156695.1/GCF_014156695.1.fasta,/mnt/d/5-NCBI-Reference/1-Bac/download/GCF_014156695.1/GCF_014156695.1.gff
GCF_014190805.1,WP_183319324.1,/mnt/d/5-NCBI-Reference/1-Bac/download/GCF_014190805.1/GCF_014190805.1.fasta,/mnt/d/5-NCBI-Reference/1-Bac/download/GCF_014190805.1/GCF_014190805.1.gff
GCF_014191605.1,WP_183656221.1,/mnt/d/5-NCBI-Reference/1-Bac/download/GCF_014191605.1/GCF_014191605.1.fasta,/mnt/d/5-NCBI-Reference/1-Bac/download/GCF_014191605.1/GCF_014191605.1.gff
GCF_014195435.1,WP_323985296.1,/mnt/d/5-NCBI-Reference/1-Bac/download/GCF_014195435.1/GCF_014195435.1.fasta,/mnt/d/5-NCBI-Reference/1-Bac/download/GCF_014195435.1/GCF_014195435.1.gff
GCF_014195485.1,WP_183513652.1,/mnt/d/5-NCBI-Reference/1-Bac/download/GCF_014195485.1/GCF_014195485.1.fasta,/mnt/d/5-NCBI-Reference/1-Bac/download/GCF_014195485.1/GCF_014195485.1.gff
GCF_014197435.1,WP_183373022.1,/mnt/d/5-NCBI-Reference/1-Bac/download/GCF_014197435.1/GCF_014197435.1.fasta,/mnt/d/5-NCBI-Reference/1-Bac/download/GCF_014197435.1/GCF_014197435.1.gff
GCF_014202475.1,WP_184558394.1,/mnt/d/5-NCBI-Reference/1-Bac/download/GCF_014202475.1/GCF_014202475.1.fasta,/mnt/d/5-NCBI-Reference/1-Bac/download/GCF_014202475.1/GCF_014202475.1.gff
GCF_014203315.1,WP_040750284.1,/mnt/d/5-NCBI-Reference/1-Bac/download/GCF_014203315.1/GCF_014203315.1.fasta,/mnt/d/5-NCBI-Reference/1-Bac/download/GCF_014203315.1/GCF_014203315.1.gff
GCF_014203325.1,WP_184482212.1,/mnt/d/5-NCBI-Reference/1-Bac/download/GCF_014203325.1/GCF_014203325.1.fasta,/mnt/d/5-NCBI-Reference/1-Bac/download/GCF_014203325.1/GCF_014203325.1.gff
GCF_014203395.1,WP_184726603.1,/mnt/d/5-NCBI-Reference/1-Bac/download/GCF_014203395.1/GCF_014203395.1.fasta,/mnt/d/5-NCBI-Reference/1-Bac/download/GCF_014203395.1/GCF_014203395.1.gff
GCF_014203555.1,WP_184347121.1,/mnt/d/5-NCBI-Reference/1-Bac/download/GCF_014203555.1/GCF_014203555.1.fasta,/mnt/d/5-NCBI-Reference/1-Bac/download/GCF_014203555.1/GCF_014203555.1.gff
GCF_014203595.1,WP_184958665.1,/mnt/d/5-NCBI-Reference/1-Bac/download/GCF_014203595.1/GCF_014203595.1.fasta,/mnt/d/5-NCBI-Reference/1-Bac/download/GCF_014203595.1/GCF_014203595.1.gff
GCF_014203665.1,WP_184689908.1,/mnt/d/5-NCBI-Reference/1-Bac/download/GCF_014203665.1/GCF_014203665.1.fasta,/mnt/d/5-NCBI-Reference/1-Bac/download/GCF_014203665.1/GCF_014203665.1.gff
GCF_014203705.1,WP_184919369.1,/mnt/d/5-NCBI-Reference/1-Bac/download/GCF_014203705.1/GCF_014203705.1.fasta,/mnt/d/5-NCBI-Reference/1-Bac/download/GCF_014203705.1/GCF_014203705.1.gff
GCF_014203755.1,WP_184675422.1,/mnt/d/5-NCBI-Reference/1-Bac/download/GCF_014203755.1/GCF_014203755.1.fasta,/mnt/d/5-NCBI-Reference/1-Bac/download/GCF_014203755.1/GCF_014203755.1.gff
GCF_014203855.1,WP_184937929.1,/mnt/d/5-NCBI-Reference/1-Bac/download/GCF_014203855.1/GCF_014203855.1.fasta,/mnt/d/5-NCBI-Reference/1-Bac/download/GCF_014203855.1/GCF_014203855.1.gff
GCF_014203895.1,WP_116160871.1,/mnt/d/5-NCBI-Reference/1-Bac/download/GCF_014203895.1/GCF_014203895.1.fasta,/mnt/d/5-NCBI-Reference/1-Bac/download/GCF_014203895.1/GCF_014203895.1.gff
GCF_014204865.1,WP_184783259.1,/mnt/d/5-NCBI-Reference/1-Bac/download/GCF_014204865.1/GCF_014204865.1.fasta,/mnt/d/5-NCBI-Reference/1-Bac/download/GCF_014204865.1/GCF_014204865.1.gff
GCF_014204915.1,WP_185001808.1,/mnt/d/5-NCBI-Reference/1-Bac/download/GCF_014204915.1/GCF_014204915.1.fasta,/mnt/d/5-NCBI-Reference/1-Bac/download/GCF_014204915.1/GCF_014204915.1.gff
GCF_014205015.1,WP_184924625.1,/mnt/d/5-NCBI-Reference/1-Bac/download/GCF_014205015.1/GCF_014205015.1.fasta,/mnt/d/5-NCBI-Reference/1-Bac/download/GCF_014205015.1/GCF_014205015.1.gff
GCF_014205055.1,WP_184918040.1,/mnt/d/5-NCBI-Reference/1-Bac/download/GCF_014205055.1/GCF_014205055.1.fasta,/mnt/d/5-NCBI-Reference/1-Bac/download/GCF_014205055.1/GCF_014205055.1.gff
GCF_014205255.1,WP_184984012.1,/mnt/d/5-NCBI-Reference/1-Bac/download/GCF_014205255.1/GCF_014205255.1.fasta,/mnt/d/5-NCBI-Reference/1-Bac/download/GCF_014205255.1/GCF_014205255.1.gff
GCF_014216335.1,WP_373369685.1,/mnt/d/5-NCBI-Reference/1-Bac/download/GCF_014216335.1/GCF_014216335.1.fasta,/mnt/d/5-NCBI-Reference/1-Bac/download/GCF_014216335.1/GCF_014216335.1.gff
GCF_014217765.1,WP_169847105.1,/mnt/d/5-NCBI-Reference/1-Bac/download/GCF_014217765.1/GCF_014217765.1.fasta,/mnt/d/5-NCBI-Reference/1-Bac/download/GCF_014217765.1/GCF_014217765.1.gff
GCF_014235185.1,WP_185721627.1,/mnt/d/5-NCBI-Reference/1-Bac/download/GCF_014235185.1/GCF_014235185.1.fasta,/mnt/d/5-NCBI-Reference/1-Bac/download/GCF_014235185.1/GCF_014235185.1.gff
GCF_014252945.1,WP_185946666.1,/mnt/d/5-NCBI-Reference/1-Bac/download/GCF_014252945.1/GCF_014252945.1.fasta,/mnt/d/5-NCBI-Reference/1-Bac/download/GCF_014252945.1/GCF_014252945.1.gff
GCF_014257025.1,WP_222110002.1,/mnt/d/5-NCBI-Reference/1-Bac/download/GCF_014257025.1/GCF_014257025.1.fasta,/mnt/d/5-NCBI-Reference/1-Bac/download/GCF_014257025.1/GCF_014257025.1.gff
GCF_014280945.1,WP_164410782.1,/mnt/d/5-NCBI-Reference/1-Bac/download/GCF_014280945.1/GCF_014280945.1.fasta,/mnt/d/5-NCBI-Reference/1-Bac/download/GCF_014280945.1/GCF_014280945.1.gff
GCF_014295035.1,WP_187063239.1,/mnt/d/5-NCBI-Reference/1-Bac/download/GCF_014295035.1/GCF_014295035.1.fasta,/mnt/d/5-NCBI-Reference/1-Bac/download/GCF_014295035.1/GCF_014295035.1.gff
GCF_014323725.1,WP_187220815.1,/mnt/d/5-NCBI-Reference/1-Bac/download/GCF_014323725.1/GCF_014323725.1.fasta,/mnt/d/5-NCBI-Reference/1-Bac/download/GCF_014323725.1/GCF_014323725.1.gff
GCF_014489615.1,WP_187740552.1,/mnt/d/5-NCBI-Reference/1-Bac/download/GCF_014489615.1/GCF_014489615.1.fasta,/mnt/d/5-NCBI-Reference/1-Bac/download/GCF_014489615.1/GCF_014489615.1.gff
GCF_014489635.1,WP_187749518.1,/mnt/d/5-NCBI-Reference/1-Bac/download/GCF_014489635.1/GCF_014489635.1.fasta,/mnt/d/5-NCBI-Reference/1-Bac/download/GCF_014489635.1/GCF_014489635.1.gff
GCF_014493765.1,WP_187817427.1,/mnt/d/5-NCBI-Reference/1-Bac/download/GCF_014493765.1/GCF_014493765.1.fasta,/mnt/d/5-NCBI-Reference/1-Bac/download/GCF_014493765.1/GCF_014493765.1.gff
GCF_014534645.1,WP_188185938.1,/mnt/d/5-NCBI-Reference/1-Bac/download/GCF_014534645.1/GCF_014534645.1.fasta,/mnt/d/5-NCBI-Reference/1-Bac/download/GCF_014534645.1/GCF_014534645.1.gff
GCF_014621695.1,WP_223206126.1,/mnt/d/5-NCBI-Reference/1-Bac/download/GCF_014621695.1/GCF_014621695.1.fasta,/mnt/d/5-NCBI-Reference/1-Bac/download/GCF_014621695.1/GCF_014621695.1.gff
GCF_014635345.1,WP_229746059.1,/mnt/d/5-NCBI-Reference/1-Bac/download/GCF_014635345.1/GCF_014635345.1.fasta,/mnt/d/5-NCBI-Reference/1-Bac/download/GCF_014635345.1/GCF_014635345.1.gff
GCF_014643175.1,WP_307816185.1,/mnt/d/5-NCBI-Reference/1-Bac/download/GCF_014643175.1/GCF_014643175.1.fasta,/mnt/d/5-NCBI-Reference/1-Bac/download/GCF_014643175.1/GCF_014643175.1.gff
GCF_014645735.1,WP_189094530.1,/mnt/d/5-NCBI-Reference/1-Bac/download/GCF_014645735.1/GCF_014645735.1.fasta,/mnt/d/5-NCBI-Reference/1-Bac/download/GCF_014645735.1/GCF_014645735.1.gff
GCF_014645755.1,WP_166757678.1,/mnt/d/5-NCBI-Reference/1-Bac/download/GCF_014645755.1/GCF_014645755.1.fasta,/mnt/d/5-NCBI-Reference/1-Bac/download/GCF_014645755.1/GCF_014645755.1.gff
GCF_014645795.1,WP_373289940.1,/mnt/d/5-NCBI-Reference/1-Bac/download/GCF_014645795.1/GCF_014645795.1.fasta,/mnt/d/5-NCBI-Reference/1-Bac/download/GCF_014645795.1/GCF_014645795.1.gff
GCF_014645815.1,WP_189261294.1,/mnt/d/5-NCBI-Reference/1-Bac/download/GCF_014645815.1/GCF_014645815.1.fasta,/mnt/d/5-NCBI-Reference/1-Bac/download/GCF_014645815.1/GCF_014645815.1.gff
GCF_014645835.1,WP_229702624.1,/mnt/d/5-NCBI-Reference/1-Bac/download/GCF_014645835.1/GCF_014645835.1.fasta,/mnt/d/5-NCBI-Reference/1-Bac/download/GCF_014645835.1/GCF_014645835.1.gff
GCF_014645895.1,WP_189036602.1,/mnt/d/5-NCBI-Reference/1-Bac/download/GCF_014645895.1/GCF_014645895.1.fasta,/mnt/d/5-NCBI-Reference/1-Bac/download/GCF_014645895.1/GCF_014645895.1.gff
GCF_014646055.1,WP_189132192.1,/mnt/d/5-NCBI-Reference/1-Bac/download/GCF_014646055.1/GCF_014646055.1.fasta,/mnt/d/5-NCBI-Reference/1-Bac/download/GCF_014646055.1/GCF_014646055.1.gff
GCF_014646095.1,WP_189151857.1,/mnt/d/5-NCBI-Reference/1-Bac/download/GCF_014646095.1/GCF_014646095.1.fasta,/mnt/d/5-NCBI-Reference/1-Bac/download/GCF_014646095.1/GCF_014646095.1.gff
GCF_014646135.1,WP_188828449.1,/mnt/d/5-NCBI-Reference/1-Bac/download/GCF_014646135.1/GCF_014646135.1.fasta,/mnt/d/5-NCBI-Reference/1-Bac/download/GCF_014646135.1/GCF_014646135.1.gff
GCF_014646195.1,WP_229669958.1,/mnt/d/5-NCBI-Reference/1-Bac/download/GCF_014646195.1/GCF_014646195.1.fasta,/mnt/d/5-NCBI-Reference/1-Bac/download/GCF_014646195.1/GCF_014646195.1.gff
GCF_014646215.1,WP_188940108.1,/mnt/d/5-NCBI-Reference/1-Bac/download/GCF_014646215.1/GCF_014646215.1.fasta,/mnt/d/5-NCBI-Reference/1-Bac/download/GCF_014646215.1/GCF_014646215.1.gff
GCF_014646255.1,WP_189154215.1,/mnt/d/5-NCBI-Reference/1-Bac/download/GCF_014646255.1/GCF_014646255.1.fasta,/mnt/d/5-NCBI-Reference/1-Bac/download/GCF_014646255.1/GCF_014646255.1.gff
GCF_014646275.1,WP_229700013.1,/mnt/d/5-NCBI-Reference/1-Bac/download/GCF_014646275.1/GCF_014646275.1.fasta,/mnt/d/5-NCBI-Reference/1-Bac/download/GCF_014646275.1/GCF_014646275.1.gff
GCF_014646295.1,WP_189026489.1,/mnt/d/5-NCBI-Reference/1-Bac/download/GCF_014646295.1/GCF_014646295.1.fasta,/mnt/d/5-NCBI-Reference/1-Bac/download/GCF_014646295.1/GCF_014646295.1.gff
GCF_014646335.1,WP_189176798.1,/mnt/d/5-NCBI-Reference/1-Bac/download/GCF_014646335.1/GCF_014646335.1.fasta,/mnt/d/5-NCBI-Reference/1-Bac/download/GCF_014646335.1/GCF_014646335.1.gff
GCF_014647675.1,WP_189320147.1,/mnt/d/5-NCBI-Reference/1-Bac/download/GCF_014647675.1/GCF_014647675.1.fasta,/mnt/d/5-NCBI-Reference/1-Bac/download/GCF_014647675.1/GCF_014647675.1.gff
GCF_014647875.1,WP_189311643.1,/mnt/d/5-NCBI-Reference/1-Bac/download/GCF_014647875.1/GCF_014647875.1.fasta,/mnt/d/5-NCBI-Reference/1-Bac/download/GCF_014647875.1/GCF_014647875.1.gff
GCF_014648075.1,WP_229821006.1,/mnt/d/5-NCBI-Reference/1-Bac/download/GCF_014648075.1/GCF_014648075.1.fasta,/mnt/d/5-NCBI-Reference/1-Bac/download/GCF_014648075.1/GCF_014648075.1.gff
GCF_014648415.1,WP_189209866.1,/mnt/d/5-NCBI-Reference/1-Bac/download/GCF_014648415.1/GCF_014648415.1.fasta,/mnt/d/5-NCBI-Reference/1-Bac/download/GCF_014648415.1/GCF_014648415.1.gff
GCF_014648475.1,WP_229813124.1,/mnt/d/5-NCBI-Reference/1-Bac/download/GCF_014648475.1/GCF_014648475.1.fasta,/mnt/d/5-NCBI-Reference/1-Bac/download/GCF_014648475.1/GCF_014648475.1.gff
GCF_014648635.1,WP_189294400.1,/mnt/d/5-NCBI-Reference/1-Bac/download/GCF_014648635.1/GCF_014648635.1.fasta,/mnt/d/5-NCBI-Reference/1-Bac/download/GCF_014648635.1/GCF_014648635.1.gff
GCF_014648695.1,WP_189305876.1,/mnt/d/5-NCBI-Reference/1-Bac/download/GCF_014648695.1/GCF_014648695.1.fasta,/mnt/d/5-NCBI-Reference/1-Bac/download/GCF_014648695.1/GCF_014648695.1.gff
GCF_014648775.1,WP_189452521.1,/mnt/d/5-NCBI-Reference/1-Bac/download/GCF_014648775.1/GCF_014648775.1.fasta,/mnt/d/5-NCBI-Reference/1-Bac/download/GCF_014648775.1/GCF_014648775.1.gff
GCF_014648875.1,WP_150196791.1,/mnt/d/5-NCBI-Reference/1-Bac/download/GCF_014648875.1/GCF_014648875.1.fasta,/mnt/d/5-NCBI-Reference/1-Bac/download/GCF_014648875.1/GCF_014648875.1.gff
GCF_014648915.1,WP_189709367.1,/mnt/d/5-NCBI-Reference/1-Bac/download/GCF_014648915.1/GCF_014648915.1.fasta,/mnt/d/5-NCBI-Reference/1-Bac/download/GCF_014648915.1/GCF_014648915.1.gff
GCF_014648935.1,WP_371874217.1,/mnt/d/5-NCBI-Reference/1-Bac/download/GCF_014648935.1/GCF_014648935.1.fasta,/mnt/d/5-NCBI-Reference/1-Bac/download/GCF_014648935.1/GCF_014648935.1.gff
GCF_014648995.1,WP_189588754.1,/mnt/d/5-NCBI-Reference/1-Bac/download/GCF_014648995.1/GCF_014648995.1.fasta,/mnt/d/5-NCBI-Reference/1-Bac/download/GCF_014648995.1/GCF_014648995.1.gff
GCF_014649015.1,WP_189503826.1,/mnt/d/5-NCBI-Reference/1-Bac/download/GCF_014649015.1/GCF_014649015.1.fasta,/mnt/d/5-NCBI-Reference/1-Bac/download/GCF_014649015.1/GCF_014649015.1.gff
GCF_014649035.1,WP_189528357.1,/mnt/d/5-NCBI-Reference/1-Bac/download/GCF_014649035.1/GCF_014649035.1.fasta,/mnt/d/5-NCBI-Reference/1-Bac/download/GCF_014649035.1/GCF_014649035.1.gff
GCF_014649115.1,WP_189754098.1,/mnt/d/5-NCBI-Reference/1-Bac/download/GCF_014649115.1/GCF_014649115.1.fasta,/mnt/d/5-NCBI-Reference/1-Bac/download/GCF_014649115.1/GCF_014649115.1.gff
GCF_014649335.1,WP_189536797.1,/mnt/d/5-NCBI-Reference/1-Bac/download/GCF_014649335.1/GCF_014649335.1.fasta,/mnt/d/5-NCBI-Reference/1-Bac/download/GCF_014649335.1/GCF_014649335.1.gff
GCF_014649375.1,WP_189941393.1,/mnt/d/5-NCBI-Reference/1-Bac/download/GCF_014649375.1/GCF_014649375.1.fasta,/mnt/d/5-NCBI-Reference/1-Bac/download/GCF_014649375.1/GCF_014649375.1.gff
GCF_014649415.1,WP_199887856.1,/mnt/d/5-NCBI-Reference/1-Bac/download/GCF_014649415.1/GCF_014649415.1.fasta,/mnt/d/5-NCBI-Reference/1-Bac/download/GCF_014649415.1/GCF_014649415.1.gff
GCF_014649495.1,WP_191870742.1,/mnt/d/5-NCBI-Reference/1-Bac/download/GCF_014649495.1/GCF_014649495.1.fasta,/mnt/d/5-NCBI-Reference/1-Bac/download/GCF_014649495.1/GCF_014649495.1.gff
GCF_014649515.1,WP_189595566.1,/mnt/d/5-NCBI-Reference/1-Bac/download/GCF_014649515.1/GCF_014649515.1.fasta,/mnt/d/5-NCBI-Reference/1-Bac/download/GCF_014649515.1/GCF_014649515.1.gff
GCF_014649535.1,WP_229867285.1,/mnt/d/5-NCBI-Reference/1-Bac/download/GCF_014649535.1/GCF_014649535.1.fasta,/mnt/d/5-NCBI-Reference/1-Bac/download/GCF_014649535.1/GCF_014649535.1.gff
GCF_014649595.1,WP_193473336.1,/mnt/d/5-NCBI-Reference/1-Bac/download/GCF_014649595.1/GCF_014649595.1.fasta,/mnt/d/5-NCBI-Reference/1-Bac/download/GCF_014649595.1/GCF_014649595.1.gff
GCF_014649655.1,WP_190147217.1,/mnt/d/5-NCBI-Reference/1-Bac/download/GCF_014649655.1/GCF_014649655.1.fasta,/mnt/d/5-NCBI-Reference/1-Bac/download/GCF_014649655.1/GCF_014649655.1.gff
GCF_014649715.1,WP_189601028.1,/mnt/d/5-NCBI-Reference/1-Bac/download/GCF_014649715.1/GCF_014649715.1.fasta,/mnt/d/5-NCBI-Reference/1-Bac/download/GCF_014649715.1/GCF_014649715.1.gff
GCF_014649735.1,WP_189551557.1,/mnt/d/5-NCBI-Reference/1-Bac/download/GCF_014649735.1/GCF_014649735.1.fasta,/mnt/d/5-NCBI-Reference/1-Bac/download/GCF_014649735.1/GCF_014649735.1.gff
GCF_014649755.1,WP_190156754.1,/mnt/d/5-NCBI-Reference/1-Bac/download/GCF_014649755.1/GCF_014649755.1.fasta,/mnt/d/5-NCBI-Reference/1-Bac/download/GCF_014649755.1/GCF_014649755.1.gff
GCF_014649775.1,WP_229870616.1,/mnt/d/5-NCBI-Reference/1-Bac/download/GCF_014649775.1/GCF_014649775.1.fasta,/mnt/d/5-NCBI-Reference/1-Bac/download/GCF_014649775.1/GCF_014649775.1.gff
GCF_014649795.1,WP_190091721.1,/mnt/d/5-NCBI-Reference/1-Bac/download/GCF_014649795.1/GCF_014649795.1.fasta,/mnt/d/5-NCBI-Reference/1-Bac/download/GCF_014649795.1/GCF_014649795.1.gff
GCF_014649855.1,WP_189945856.1,/mnt/d/5-NCBI-Reference/1-Bac/download/GCF_014649855.1/GCF_014649855.1.fasta,/mnt/d/5-NCBI-Reference/1-Bac/download/GCF_014649855.1/GCF_014649855.1.gff
GCF_014649895.1,WP_031060180.1,/mnt/d/5-NCBI-Reference/1-Bac/download/GCF_014649895.1/GCF_014649895.1.fasta,/mnt/d/5-NCBI-Reference/1-Bac/download/GCF_014649895.1/GCF_014649895.1.gff
GCF_014649915.1,WP_229884617.1,/mnt/d/5-NCBI-Reference/1-Bac/download/GCF_014649915.1/GCF_014649915.1.fasta,/mnt/d/5-NCBI-Reference/1-Bac/download/GCF_014649915.1/GCF_014649915.1.gff
GCF_014649935.1,WP_189366517.1,/mnt/d/5-NCBI-Reference/1-Bac/download/GCF_014649935.1/GCF_014649935.1.fasta,/mnt/d/5-NCBI-Reference/1-Bac/download/GCF_014649935.1/GCF_014649935.1.gff
GCF_014649975.1,WP_078938677.1,/mnt/d/5-NCBI-Reference/1-Bac/download/GCF_014649975.1/GCF_014649975.1.fasta,/mnt/d/5-NCBI-Reference/1-Bac/download/GCF_014649975.1/GCF_014649975.1.gff
GCF_014649995.1,WP_190095117.1,/mnt/d/5-NCBI-Reference/1-Bac/download/GCF_014649995.1/GCF_014649995.1.fasta,/mnt/d/5-NCBI-Reference/1-Bac/download/GCF_014649995.1/GCF_014649995.1.gff
GCF_014650015.1,WP_193510961.1,/mnt/d/5-NCBI-Reference/1-Bac/download/GCF_014650015.1/GCF_014650015.1.fasta,/mnt/d/5-NCBI-Reference/1-Bac/download/GCF_014650015.1/GCF_014650015.1.gff
GCF_014650035.1,WP_190013560.1,/mnt/d/5-NCBI-Reference/1-Bac/download/GCF_014650035.1/GCF_014650035.1.fasta,/mnt/d/5-NCBI-Reference/1-Bac/download/GCF_014650035.1/GCF_014650035.1.gff
GCF_014650115.1,WP_189813489.1,/mnt/d/5-NCBI-Reference/1-Bac/download/GCF_014650115.1/GCF_014650115.1.fasta,/mnt/d/5-NCBI-Reference/1-Bac/download/GCF_014650115.1/GCF_014650115.1.gff
GCF_014650135.1,WP_193448971.1,/mnt/d/5-NCBI-Reference/1-Bac/download/GCF_014650135.1/GCF_014650135.1.fasta,/mnt/d/5-NCBI-Reference/1-Bac/download/GCF_014650135.1/GCF_014650135.1.gff
GCF_014650175.1,WP_189975313.1,/mnt/d/5-NCBI-Reference/1-Bac/download/GCF_014650175.1/GCF_014650175.1.fasta,/mnt/d/5-NCBI-Reference/1-Bac/download/GCF_014650175.1/GCF_014650175.1.gff
GCF_014650215.1,WP_192340792.1,/mnt/d/5-NCBI-Reference/1-Bac/download/GCF_014650215.1/GCF_014650215.1.fasta,/mnt/d/5-NCBI-Reference/1-Bac/download/GCF_014650215.1/GCF_014650215.1.gff
GCF_014650235.1,WP_191845901.1,/mnt/d/5-NCBI-Reference/1-Bac/download/GCF_014650235.1/GCF_014650235.1.fasta,/mnt/d/5-NCBI-Reference/1-Bac/download/GCF_014650235.1/GCF_014650235.1.gff
GCF_014650255.1,WP_184592937.1,/mnt/d/5-NCBI-Reference/1-Bac/download/GCF_014650255.1/GCF_014650255.1.fasta,/mnt/d/5-NCBI-Reference/1-Bac/download/GCF_014650255.1/GCF_014650255.1.gff
GCF_014650355.1,WP_161248916.1,/mnt/d/5-NCBI-Reference/1-Bac/download/GCF_014650355.1/GCF_014650355.1.fasta,/mnt/d/5-NCBI-Reference/1-Bac/download/GCF_014650355.1/GCF_014650355.1.gff
GCF_014650435.1,WP_189742085.1,/mnt/d/5-NCBI-Reference/1-Bac/download/GCF_014650435.1/GCF_014650435.1.fasta,/mnt/d/5-NCBI-Reference/1-Bac/download/GCF_014650435.1/GCF_014650435.1.gff
GCF_014650515.1,WP_189824103.1,/mnt/d/5-NCBI-Reference/1-Bac/download/GCF_014650515.1/GCF_014650515.1.fasta,/mnt/d/5-NCBI-Reference/1-Bac/download/GCF_014650515.1/GCF_014650515.1.gff
GCF_014650575.1,WP_190178412.1,/mnt/d/5-NCBI-Reference/1-Bac/download/GCF_014650575.1/GCF_014650575.1.fasta,/mnt/d/5-NCBI-Reference/1-Bac/download/GCF_014650575.1/GCF_014650575.1.gff
GCF_014650595.1,WP_189948741.1,/mnt/d/5-NCBI-Reference/1-Bac/download/GCF_014650595.1/GCF_014650595.1.fasta,/mnt/d/5-NCBI-Reference/1-Bac/download/GCF_014650595.1/GCF_014650595.1.gff
GCF_014650655.1,WP_229858682.1,/mnt/d/5-NCBI-Reference/1-Bac/download/GCF_014650655.1/GCF_014650655.1.fasta,/mnt/d/5-NCBI-Reference/1-Bac/download/GCF_014650655.1/GCF_014650655.1.gff
GCF_014650715.1,WP_189875990.1,/mnt/d/5-NCBI-Reference/1-Bac/download/GCF_014650715.1/GCF_014650715.1.fasta,/mnt/d/5-NCBI-Reference/1-Bac/download/GCF_014650715.1/GCF_014650715.1.gff
GCF_014650735.1,WP_189885414.1,/mnt/d/5-NCBI-Reference/1-Bac/download/GCF_014650735.1/GCF_014650735.1.fasta,/mnt/d/5-NCBI-Reference/1-Bac/download/GCF_014650735.1/GCF_014650735.1.gff
GCF_014650755.1,WP_138897408.1,/mnt/d/5-NCBI-Reference/1-Bac/download/GCF_014650755.1/GCF_014650755.1.fasta,/mnt/d/5-NCBI-Reference/1-Bac/download/GCF_014650755.1/GCF_014650755.1.gff
GCF_014650775.1,WP_190182541.1,/mnt/d/5-NCBI-Reference/1-Bac/download/GCF_014650775.1/GCF_014650775.1.fasta,/mnt/d/5-NCBI-Reference/1-Bac/download/GCF_014650775.1/GCF_014650775.1.gff
GCF_014650815.1,WP_229909101.1,/mnt/d/5-NCBI-Reference/1-Bac/download/GCF_014650815.1/GCF_014650815.1.fasta,/mnt/d/5-NCBI-Reference/1-Bac/download/GCF_014650815.1/GCF_014650815.1.gff
GCF_014650835.1,WP_150471133.1,/mnt/d/5-NCBI-Reference/1-Bac/download/GCF_014650835.1/GCF_014650835.1.fasta,/mnt/d/5-NCBI-Reference/1-Bac/download/GCF_014650835.1/GCF_014650835.1.gff
GCF_014650875.1,WP_190189666.1,/mnt/d/5-NCBI-Reference/1-Bac/download/GCF_014650875.1/GCF_014650875.1.fasta,/mnt/d/5-NCBI-Reference/1-Bac/download/GCF_014650875.1/GCF_014650875.1.gff
GCF_014650895.1,WP_373307799.1,/mnt/d/5-NCBI-Reference/1-Bac/download/GCF_014650895.1/GCF_014650895.1.fasta,/mnt/d/5-NCBI-Reference/1-Bac/download/GCF_014650895.1/GCF_014650895.1.gff
GCF_014650915.1,WP_189861339.1,/mnt/d/5-NCBI-Reference/1-Bac/download/GCF_014650915.1/GCF_014650915.1.fasta,/mnt/d/5-NCBI-Reference/1-Bac/download/GCF_014650915.1/GCF_014650915.1.gff
GCF_014650995.1,WP_189869279.1,/mnt/d/5-NCBI-Reference/1-Bac/download/GCF_014650995.1/GCF_014650995.1.fasta,/mnt/d/5-NCBI-Reference/1-Bac/download/GCF_014650995.1/GCF_014650995.1.gff
GCF_014651015.1,WP_189883377.1,/mnt/d/5-NCBI-Reference/1-Bac/download/GCF_014651015.1/GCF_014651015.1.fasta,/mnt/d/5-NCBI-Reference/1-Bac/download/GCF_014651015.1/GCF_014651015.1.gff
GCF_014651035.1,WP_190048249.1,/mnt/d/5-NCBI-Reference/1-Bac/download/GCF_014651035.1/GCF_014651035.1.fasta,/mnt/d/5-NCBI-Reference/1-Bac/download/GCF_014651035.1/GCF_014651035.1.gff
GCF_014651055.1,WP_190035174.1,/mnt/d/5-NCBI-Reference/1-Bac/download/GCF_014651055.1/GCF_014651055.1.fasta,/mnt/d/5-NCBI-Reference/1-Bac/download/GCF_014651055.1/GCF_014651055.1.gff
GCF_014651075.1,WP_190197840.1,/mnt/d/5-NCBI-Reference/1-Bac/download/GCF_014651075.1/GCF_014651075.1.fasta,/mnt/d/5-NCBI-Reference/1-Bac/download/GCF_014651075.1/GCF_014651075.1.gff
GCF_014651115.1,WP_190126348.1,/mnt/d/5-NCBI-Reference/1-Bac/download/GCF_014651115.1/GCF_014651115.1.fasta,/mnt/d/5-NCBI-Reference/1-Bac/download/GCF_014651115.1/GCF_014651115.1.gff
GCF_014651135.1,WP_190056591.1,/mnt/d/5-NCBI-Reference/1-Bac/download/GCF_014651135.1/GCF_014651135.1.fasta,/mnt/d/5-NCBI-Reference/1-Bac/download/GCF_014651135.1/GCF_014651135.1.gff
GCF_014653695.1,WP_191305206.1,/mnt/d/5-NCBI-Reference/1-Bac/download/GCF_014653695.1/GCF_014653695.1.fasta,/mnt/d/5-NCBI-Reference/1-Bac/download/GCF_014653695.1/GCF_014653695.1.gff
GCF_014653945.1,WP_191249064.1,/mnt/d/5-NCBI-Reference/1-Bac/download/GCF_014653945.1/GCF_014653945.1.fasta,/mnt/d/5-NCBI-Reference/1-Bac/download/GCF_014653945.1/GCF_014653945.1.gff
GCF_014654365.1,WP_373307994.1,/mnt/d/5-NCBI-Reference/1-Bac/download/GCF_014654365.1/GCF_014654365.1.fasta,/mnt/d/5-NCBI-Reference/1-Bac/download/GCF_014654365.1/GCF_014654365.1.gff
GCF_014654675.1,WP_189905391.1,/mnt/d/5-NCBI-Reference/1-Bac/download/GCF_014654675.1/GCF_014654675.1.fasta,/mnt/d/5-NCBI-Reference/1-Bac/download/GCF_014654675.1/GCF_014654675.1.gff
GCF_014654935.1,WP_189983122.1,/mnt/d/5-NCBI-Reference/1-Bac/download/GCF_014654935.1/GCF_014654935.1.fasta,/mnt/d/5-NCBI-Reference/1-Bac/download/GCF_014654935.1/GCF_014654935.1.gff
GCF_014655295.1,WP_190202500.1,/mnt/d/5-NCBI-Reference/1-Bac/download/GCF_014655295.1/GCF_014655295.1.fasta,/mnt/d/5-NCBI-Reference/1-Bac/download/GCF_014655295.1/GCF_014655295.1.gff
GCF_014655595.1,WP_190065316.1,/mnt/d/5-NCBI-Reference/1-Bac/download/GCF_014655595.1/GCF_014655595.1.fasta,/mnt/d/5-NCBI-Reference/1-Bac/download/GCF_014655595.1/GCF_014655595.1.gff
GCF_014655715.1,WP_190069121.1,/mnt/d/5-NCBI-Reference/1-Bac/download/GCF_014655715.1/GCF_014655715.1.fasta,/mnt/d/5-NCBI-Reference/1-Bac/download/GCF_014655715.1/GCF_014655715.1.gff
GCF_014655855.1,WP_185032007.1,/mnt/d/5-NCBI-Reference/1-Bac/download/GCF_014655855.1/GCF_014655855.1.fasta,/mnt/d/5-NCBI-Reference/1-Bac/download/GCF_014655855.1/GCF_014655855.1.gff
GCF_014655955.1,WP_190211453.1,/mnt/d/5-NCBI-Reference/1-Bac/download/GCF_014655955.1/GCF_014655955.1.fasta,/mnt/d/5-NCBI-Reference/1-Bac/download/GCF_014655955.1/GCF_014655955.1.gff
GCF_014656035.1,WP_208766252.1,/mnt/d/5-NCBI-Reference/1-Bac/download/GCF_014656035.1/GCF_014656035.1.fasta,/mnt/d/5-NCBI-Reference/1-Bac/download/GCF_014656035.1/GCF_014656035.1.gff
GCF_014656055.1,WP_110628329.1,/mnt/d/5-NCBI-Reference/1-Bac/download/GCF_014656055.1/GCF_014656055.1.fasta,/mnt/d/5-NCBI-Reference/1-Bac/download/GCF_014656055.1/GCF_014656055.1.gff
GCF_014656095.1,WP_190136108.1,/mnt/d/5-NCBI-Reference/1-Bac/download/GCF_014656095.1/GCF_014656095.1.fasta,/mnt/d/5-NCBI-Reference/1-Bac/download/GCF_014656095.1/GCF_014656095.1.gff
GCF_014656135.1,WP_189799108.1,/mnt/d/5-NCBI-Reference/1-Bac/download/GCF_014656135.1/GCF_014656135.1.fasta,/mnt/d/5-NCBI-Reference/1-Bac/download/GCF_014656135.1/GCF_014656135.1.gff
GCF_014656195.1,WP_229928819.1,/mnt/d/5-NCBI-Reference/1-Bac/download/GCF_014656195.1/GCF_014656195.1.fasta,/mnt/d/5-NCBI-Reference/1-Bac/download/GCF_014656195.1/GCF_014656195.1.gff
GCF_014656275.1,WP_190227800.1,/mnt/d/5-NCBI-Reference/1-Bac/download/GCF_014656275.1/GCF_014656275.1.fasta,/mnt/d/5-NCBI-Reference/1-Bac/download/GCF_014656275.1/GCF_014656275.1.gff
GCF_014656295.1,WP_229924844.1,/mnt/d/5-NCBI-Reference/1-Bac/download/GCF_014656295.1/GCF_014656295.1.fasta,/mnt/d/5-NCBI-Reference/1-Bac/download/GCF_014656295.1/GCF_014656295.1.gff
GCF_014673495.1,WP_037651617.1,/mnt/d/5-NCBI-Reference/1-Bac/download/GCF_014673495.1/GCF_014673495.1.fasta,/mnt/d/5-NCBI-Reference/1-Bac/download/GCF_014673495.1/GCF_014673495.1.gff
GCF_014697215.1,WP_317891415.1,/mnt/d/5-NCBI-Reference/1-Bac/download/GCF_014697215.1/GCF_014697215.1.fasta,/mnt/d/5-NCBI-Reference/1-Bac/download/GCF_014697215.1/GCF_014697215.1.gff
GCF_014701095.1,WP_190899079.1,/mnt/d/5-NCBI-Reference/1-Bac/download/GCF_014701095.1/GCF_014701095.1.fasta,/mnt/d/5-NCBI-Reference/1-Bac/download/GCF_014701095.1/GCF_014701095.1.gff
GCF_014701115.1,WP_382033457.1,/mnt/d/5-NCBI-Reference/1-Bac/download/GCF_014701115.1/GCF_014701115.1.fasta,/mnt/d/5-NCBI-Reference/1-Bac/download/GCF_014701115.1/GCF_014701115.1.gff
GCF_014779715.1,WP_191208040.1,/mnt/d/5-NCBI-Reference/1-Bac/download/GCF_014779715.1/GCF_014779715.1.fasta,/mnt/d/5-NCBI-Reference/1-Bac/download/GCF_014779715.1/GCF_014779715.1.gff
GCF_014841105.1,WP_192040250.1,/mnt/d/5-NCBI-Reference/1-Bac/download/GCF_014841105.1/GCF_014841105.1.fasta,/mnt/d/5-NCBI-Reference/1-Bac/download/GCF_014841105.1/GCF_014841105.1.gff
GCF_014852565.2,WP_192360128.1,/mnt/d/5-NCBI-Reference/1-Bac/download/GCF_014852565.2/GCF_014852565.2.fasta,/mnt/d/5-NCBI-Reference/1-Bac/download/GCF_014852565.2/GCF_014852565.2.gff
GCF_014873495.1,WP_192781685.1,/mnt/d/5-NCBI-Reference/1-Bac/download/GCF_014873495.1/GCF_014873495.1.fasta,/mnt/d/5-NCBI-Reference/1-Bac/download/GCF_014873495.1/GCF_014873495.1.gff
GCF_014873875.1,WP_202896532.1,/mnt/d/5-NCBI-Reference/1-Bac/download/GCF_014873875.1/GCF_014873875.1.fasta,/mnt/d/5-NCBI-Reference/1-Bac/download/GCF_014873875.1/GCF_014873875.1.gff
GCF_014874055.1,WP_311770907.1,/mnt/d/5-NCBI-Reference/1-Bac/download/GCF_014874055.1/GCF_014874055.1.fasta,/mnt/d/5-NCBI-Reference/1-Bac/download/GCF_014874055.1/GCF_014874055.1.gff
GCF_015099595.1,WP_064689329.1,/mnt/d/5-NCBI-Reference/1-Bac/download/GCF_015099595.1/GCF_015099595.1.fasta,/mnt/d/5-NCBI-Reference/1-Bac/download/GCF_015099595.1/GCF_015099595.1.gff
GCF_015160855.1,WP_194045812.1,/mnt/d/5-NCBI-Reference/1-Bac/download/GCF_015160855.1/GCF_015160855.1.fasta,/mnt/d/5-NCBI-Reference/1-Bac/download/GCF_015160855.1/GCF_015160855.1.gff
GCF_015160875.1,WP_189699005.1,/mnt/d/5-NCBI-Reference/1-Bac/download/GCF_015160875.1/GCF_015160875.1.fasta,/mnt/d/5-NCBI-Reference/1-Bac/download/GCF_015160875.1/GCF_015160875.1.gff
GCF_015163075.1,WP_322656295.1,/mnt/d/5-NCBI-Reference/1-Bac/download/GCF_015163075.1/GCF_015163075.1.fasta,/mnt/d/5-NCBI-Reference/1-Bac/download/GCF_015163075.1/GCF_015163075.1.gff
GCF_015209505.1,WP_193929259.1,/mnt/d/5-NCBI-Reference/1-Bac/download/GCF_015209505.1/GCF_015209505.1.fasta,/mnt/d/5-NCBI-Reference/1-Bac/download/GCF_015209505.1/GCF_015209505.1.gff
GCF_015244315.1,WP_194277599.1,/mnt/d/5-NCBI-Reference/1-Bac/download/GCF_015244315.1/GCF_015244315.1.fasta,/mnt/d/5-NCBI-Reference/1-Bac/download/GCF_015244315.1/GCF_015244315.1.gff
GCF_015356825.1,WP_323747944.1,/mnt/d/5-NCBI-Reference/1-Bac/download/GCF_015356825.1/GCF_015356825.1.fasta,/mnt/d/5-NCBI-Reference/1-Bac/download/GCF_015356825.1/GCF_015356825.1.gff
GCF_015356865.1,WP_438939701.1,/mnt/d/5-NCBI-Reference/1-Bac/download/GCF_015356865.1/GCF_015356865.1.fasta,/mnt/d/5-NCBI-Reference/1-Bac/download/GCF_015356865.1/GCF_015356865.1.gff
GCF_015674855.1,WP_196152917.1,/mnt/d/5-NCBI-Reference/1-Bac/download/GCF_015674855.1/GCF_015674855.1.fasta,/mnt/d/5-NCBI-Reference/1-Bac/download/GCF_015674855.1/GCF_015674855.1.gff
GCF_015690355.1,WP_196195686.1,/mnt/d/5-NCBI-Reference/1-Bac/download/GCF_015690355.1/GCF_015690355.1.fasta,/mnt/d/5-NCBI-Reference/1-Bac/download/GCF_015690355.1/GCF_015690355.1.gff
GCF_015710995.1,WP_152335197.1,/mnt/d/5-NCBI-Reference/1-Bac/download/GCF_015710995.1/GCF_015710995.1.fasta,/mnt/d/5-NCBI-Reference/1-Bac/download/GCF_015710995.1/GCF_015710995.1.gff
GCF_015910445.1,WP_197354837.1,/mnt/d/5-NCBI-Reference/1-Bac/download/GCF_015910445.1/GCF_015910445.1.fasta,/mnt/d/5-NCBI-Reference/1-Bac/download/GCF_015910445.1/GCF_015910445.1.gff
GCF_016031615.1,WP_197988618.1,/mnt/d/5-NCBI-Reference/1-Bac/download/GCF_016031615.1/GCF_016031615.1.fasta,/mnt/d/5-NCBI-Reference/1-Bac/download/GCF_016031615.1/GCF_016031615.1.gff
GCF_016464305.1,WP_199439380.1,/mnt/d/5-NCBI-Reference/1-Bac/download/GCF_016464305.1/GCF_016464305.1.fasta,/mnt/d/5-NCBI-Reference/1-Bac/download/GCF_016464305.1/GCF_016464305.1.gff
GCF_016464705.1,WP_372448974.1,/mnt/d/5-NCBI-Reference/1-Bac/download/GCF_016464705.1/GCF_016464705.1.fasta,/mnt/d/5-NCBI-Reference/1-Bac/download/GCF_016464705.1/GCF_016464705.1.gff
GCF_016482825.1,WP_199705855.1,/mnt/d/5-NCBI-Reference/1-Bac/download/GCF_016482825.1/GCF_016482825.1.fasta,/mnt/d/5-NCBI-Reference/1-Bac/download/GCF_016482825.1/GCF_016482825.1.gff
GCF_016526145.1,WP_374220978.1,/mnt/d/5-NCBI-Reference/1-Bac/download/GCF_016526145.1/GCF_016526145.1.fasta,/mnt/d/5-NCBI-Reference/1-Bac/download/GCF_016526145.1/GCF_016526145.1.gff
GCF_016595275.2,WP_200251443.1,/mnt/d/5-NCBI-Reference/1-Bac/download/GCF_016595275.2/GCF_016595275.2.fasta,/mnt/d/5-NCBI-Reference/1-Bac/download/GCF_016595275.2/GCF_016595275.2.gff
GCF_016595675.1,WP_200318777.1,/mnt/d/5-NCBI-Reference/1-Bac/download/GCF_016595675.1/GCF_016595675.1.fasta,/mnt/d/5-NCBI-Reference/1-Bac/download/GCF_016595675.1/GCF_016595675.1.gff
GCF_016598475.1,WP_200307346.1,/mnt/d/5-NCBI-Reference/1-Bac/download/GCF_016598475.1/GCF_016598475.1.fasta,/mnt/d/5-NCBI-Reference/1-Bac/download/GCF_016598475.1/GCF_016598475.1.gff
GCF_016598615.1,WP_200398036.1,/mnt/d/5-NCBI-Reference/1-Bac/download/GCF_016598615.1/GCF_016598615.1.fasta,/mnt/d/5-NCBI-Reference/1-Bac/download/GCF_016598615.1/GCF_016598615.1.gff
GCF_016599145.1,WP_200172068.1,/mnt/d/5-NCBI-Reference/1-Bac/download/GCF_016599145.1/GCF_016599145.1.fasta,/mnt/d/5-NCBI-Reference/1-Bac/download/GCF_016599145.1/GCF_016599145.1.gff
GCF_016741775.1,WP_201830549.1,/mnt/d/5-NCBI-Reference/1-Bac/download/GCF_016741775.1/GCF_016741775.1.fasta,/mnt/d/5-NCBI-Reference/1-Bac/download/GCF_016741775.1/GCF_016741775.1.gff
GCF_016741815.1,WP_201948938.1,/mnt/d/5-NCBI-Reference/1-Bac/download/GCF_016741815.1/GCF_016741815.1.fasta,/mnt/d/5-NCBI-Reference/1-Bac/download/GCF_016741815.1/GCF_016741815.1.gff
GCF_016741825.1,WP_201808389.1,/mnt/d/5-NCBI-Reference/1-Bac/download/GCF_016741825.1/GCF_016741825.1.fasta,/mnt/d/5-NCBI-Reference/1-Bac/download/GCF_016741825.1/GCF_016741825.1.gff
GCF_016741855.1,WP_374205394.1,/mnt/d/5-NCBI-Reference/1-Bac/download/GCF_016741855.1/GCF_016741855.1.fasta,/mnt/d/5-NCBI-Reference/1-Bac/download/GCF_016741855.1/GCF_016741855.1.gff
GCF_016741875.1,WP_372444793.1,/mnt/d/5-NCBI-Reference/1-Bac/download/GCF_016741875.1/GCF_016741875.1.fasta,/mnt/d/5-NCBI-Reference/1-Bac/download/GCF_016741875.1/GCF_016741875.1.gff
GCF_016741935.1,WP_201849174.1,/mnt/d/5-NCBI-Reference/1-Bac/download/GCF_016741935.1/GCF_016741935.1.fasta,/mnt/d/5-NCBI-Reference/1-Bac/download/GCF_016741935.1/GCF_016741935.1.gff
GCF_016755875.1,WP_202201491.1,/mnt/d/5-NCBI-Reference/1-Bac/download/GCF_016755875.1/GCF_016755875.1.fasta,/mnt/d/5-NCBI-Reference/1-Bac/download/GCF_016755875.1/GCF_016755875.1.gff
GCF_016756395.1,WP_202237709.1,/mnt/d/5-NCBI-Reference/1-Bac/download/GCF_016756395.1/GCF_016756395.1.fasta,/mnt/d/5-NCBI-Reference/1-Bac/download/GCF_016756395.1/GCF_016756395.1.gff
GCF_016786325.1,WP_203002701.1,/mnt/d/5-NCBI-Reference/1-Bac/download/GCF_016786325.1/GCF_016786325.1.fasta,/mnt/d/5-NCBI-Reference/1-Bac/download/GCF_016786325.1/GCF_016786325.1.gff
GCF_016804005.1,WP_203187682.1,/mnt/d/5-NCBI-Reference/1-Bac/download/GCF_016804005.1/GCF_016804005.1.fasta,/mnt/d/5-NCBI-Reference/1-Bac/download/GCF_016804005.1/GCF_016804005.1.gff
GCF_016804345.1,WP_203011554.1,/mnt/d/5-NCBI-Reference/1-Bac/download/GCF_016804345.1/GCF_016804345.1.fasta,/mnt/d/5-NCBI-Reference/1-Bac/download/GCF_016804345.1/GCF_016804345.1.gff
GCF_016860525.1,WP_189995660.1,/mnt/d/5-NCBI-Reference/1-Bac/download/GCF_016860525.1/GCF_016860525.1.fasta,/mnt/d/5-NCBI-Reference/1-Bac/download/GCF_016860525.1/GCF_016860525.1.gff
GCF_016860545.1,WP_189918102.1,/mnt/d/5-NCBI-Reference/1-Bac/download/GCF_016860545.1/GCF_016860545.1.fasta,/mnt/d/5-NCBI-Reference/1-Bac/download/GCF_016860545.1/GCF_016860545.1.gff
GCF_016861975.1,WP_203663254.1,/mnt/d/5-NCBI-Reference/1-Bac/download/GCF_016861975.1/GCF_016861975.1.fasta,/mnt/d/5-NCBI-Reference/1-Bac/download/GCF_016861975.1/GCF_016861975.1.gff
GCF_016862215.1,WP_203835123.1,/mnt/d/5-NCBI-Reference/1-Bac/download/GCF_016862215.1/GCF_016862215.1.fasta,/mnt/d/5-NCBI-Reference/1-Bac/download/GCF_016862215.1/GCF_016862215.1.gff
GCF_016862975.1,WP_203918294.1,/mnt/d/5-NCBI-Reference/1-Bac/download/GCF_016862975.1/GCF_016862975.1.fasta,/mnt/d/5-NCBI-Reference/1-Bac/download/GCF_016862975.1/GCF_016862975.1.gff
GCF_016865425.1,WP_239156623.1,/mnt/d/5-NCBI-Reference/1-Bac/download/GCF_016865425.1/GCF_016865425.1.fasta,/mnt/d/5-NCBI-Reference/1-Bac/download/GCF_016865425.1/GCF_016865425.1.gff
GCF_016901035.1,WP_205083108.1,/mnt/d/5-NCBI-Reference/1-Bac/download/GCF_016901035.1/GCF_016901035.1.fasta,/mnt/d/5-NCBI-Reference/1-Bac/download/GCF_016901035.1/GCF_016901035.1.gff
GCF_016906185.1,WP_030277511.1,/mnt/d/5-NCBI-Reference/1-Bac/download/GCF_016906185.1/GCF_016906185.1.fasta,/mnt/d/5-NCBI-Reference/1-Bac/download/GCF_016906185.1/GCF_016906185.1.gff
GCF_016907385.1,WP_205109621.1,/mnt/d/5-NCBI-Reference/1-Bac/download/GCF_016907385.1/GCF_016907385.1.fasta,/mnt/d/5-NCBI-Reference/1-Bac/download/GCF_016907385.1/GCF_016907385.1.gff
GCF_016907535.1,WP_204915934.1,/mnt/d/5-NCBI-Reference/1-Bac/download/GCF_016907535.1/GCF_016907535.1.fasta,/mnt/d/5-NCBI-Reference/1-Bac/download/GCF_016907535.1/GCF_016907535.1.gff
GCF_016907655.1,WP_204846187.1,/mnt/d/5-NCBI-Reference/1-Bac/download/GCF_016907655.1/GCF_016907655.1.fasta,/mnt/d/5-NCBI-Reference/1-Bac/download/GCF_016907655.1/GCF_016907655.1.gff
GCF_016907695.1,WP_204448752.1,/mnt/d/5-NCBI-Reference/1-Bac/download/GCF_016907695.1/GCF_016907695.1.fasta,/mnt/d/5-NCBI-Reference/1-Bac/download/GCF_016907695.1/GCF_016907695.1.gff
GCF_016907715.1,WP_205122203.1,/mnt/d/5-NCBI-Reference/1-Bac/download/GCF_016907715.1/GCF_016907715.1.fasta,/mnt/d/5-NCBI-Reference/1-Bac/download/GCF_016907715.1/GCF_016907715.1.gff
GCF_016907955.1,WP_307830142.1,/mnt/d/5-NCBI-Reference/1-Bac/download/GCF_016907955.1/GCF_016907955.1.fasta,/mnt/d/5-NCBI-Reference/1-Bac/download/GCF_016907955.1/GCF_016907955.1.gff
GCF_016917755.1,WP_205365131.1,/mnt/d/5-NCBI-Reference/1-Bac/download/GCF_016917755.1/GCF_016917755.1.fasta,/mnt/d/5-NCBI-Reference/1-Bac/download/GCF_016917755.1/GCF_016917755.1.gff
GCF_016918035.1,WP_328842282.1,/mnt/d/5-NCBI-Reference/1-Bac/download/GCF_016918035.1/GCF_016918035.1.fasta,/mnt/d/5-NCBI-Reference/1-Bac/download/GCF_016918035.1/GCF_016918035.1.gff
GCF_016918095.1,WP_344469950.1,/mnt/d/5-NCBI-Reference/1-Bac/download/GCF_016918095.1/GCF_016918095.1.fasta,/mnt/d/5-NCBI-Reference/1-Bac/download/GCF_016918095.1/GCF_016918095.1.gff
GCF_016918855.1,WP_205364450.1,/mnt/d/5-NCBI-Reference/1-Bac/download/GCF_016918855.1/GCF_016918855.1.fasta,/mnt/d/5-NCBI-Reference/1-Bac/download/GCF_016918855.1/GCF_016918855.1.gff
GCF_016919245.1,WP_205375339.1,/mnt/d/5-NCBI-Reference/1-Bac/download/GCF_016919245.1/GCF_016919245.1.fasta,/mnt/d/5-NCBI-Reference/1-Bac/download/GCF_016919245.1/GCF_016919245.1.gff
GCF_016921115.1,WP_205386290.1,/mnt/d/5-NCBI-Reference/1-Bac/download/GCF_016921115.1/GCF_016921115.1.fasta,/mnt/d/5-NCBI-Reference/1-Bac/download/GCF_016921115.1/GCF_016921115.1.gff
GCF_017068375.1,WP_206015141.1,/mnt/d/5-NCBI-Reference/1-Bac/download/GCF_017068375.1/GCF_017068375.1.fasta,/mnt/d/5-NCBI-Reference/1-Bac/download/GCF_017068375.1/GCF_017068375.1.gff
GCF_017068395.1,WP_420855046.1,/mnt/d/5-NCBI-Reference/1-Bac/download/GCF_017068395.1/GCF_017068395.1.fasta,/mnt/d/5-NCBI-Reference/1-Bac/download/GCF_017068395.1/GCF_017068395.1.gff
GCF_017114865.1,WP_241028005.1,/mnt/d/5-NCBI-Reference/1-Bac/download/GCF_017114865.1/GCF_017114865.1.fasta,/mnt/d/5-NCBI-Reference/1-Bac/download/GCF_017114865.1/GCF_017114865.1.gff
GCF_017312725.1,WP_207128201.1,/mnt/d/5-NCBI-Reference/1-Bac/download/GCF_017312725.1/GCF_017312725.1.fasta,/mnt/d/5-NCBI-Reference/1-Bac/download/GCF_017312725.1/GCF_017312725.1.gff
GCF_017349075.1,WP_207246504.1,/mnt/d/5-NCBI-Reference/1-Bac/download/GCF_017349075.1/GCF_017349075.1.fasta,/mnt/d/5-NCBI-Reference/1-Bac/download/GCF_017349075.1/GCF_017349075.1.gff
GCF_017377795.1,WP_207844139.1,/mnt/d/5-NCBI-Reference/1-Bac/download/GCF_017377795.1/GCF_017377795.1.fasta,/mnt/d/5-NCBI-Reference/1-Bac/download/GCF_017377795.1/GCF_017377795.1.gff
GCF_017526105.1,WP_208032374.1,/mnt/d/5-NCBI-Reference/1-Bac/download/GCF_017526105.1/GCF_017526105.1.fasta,/mnt/d/5-NCBI-Reference/1-Bac/download/GCF_017526105.1/GCF_017526105.1.gff
GCF_017639205.1,WP_189737157.1,/mnt/d/5-NCBI-Reference/1-Bac/download/GCF_017639205.1/GCF_017639205.1.fasta,/mnt/d/5-NCBI-Reference/1-Bac/download/GCF_017639205.1/GCF_017639205.1.gff
GCF_017676345.1,WP_372447983.1,/mnt/d/5-NCBI-Reference/1-Bac/download/GCF_017676345.1/GCF_017676345.1.fasta,/mnt/d/5-NCBI-Reference/1-Bac/download/GCF_017676345.1/GCF_017676345.1.gff
GCF_017676365.1,WP_209241357.1,/mnt/d/5-NCBI-Reference/1-Bac/download/GCF_017676365.1/GCF_017676365.1.fasta,/mnt/d/5-NCBI-Reference/1-Bac/download/GCF_017676365.1/GCF_017676365.1.gff
GCF_017676385.1,WP_209263689.1,/mnt/d/5-NCBI-Reference/1-Bac/download/GCF_017676385.1/GCF_017676385.1.fasta,/mnt/d/5-NCBI-Reference/1-Bac/download/GCF_017676385.1/GCF_017676385.1.gff
GCF_017813245.1,WP_209345439.1,/mnt/d/5-NCBI-Reference/1-Bac/download/GCF_017813245.1/GCF_017813245.1.fasta,/mnt/d/5-NCBI-Reference/1-Bac/download/GCF_017813245.1/GCF_017813245.1.gff
GCF_017875555.1,WP_209662275.1,/mnt/d/5-NCBI-Reference/1-Bac/download/GCF_017875555.1/GCF_017875555.1.fasta,/mnt/d/5-NCBI-Reference/1-Bac/download/GCF_017875555.1/GCF_017875555.1.gff
GCF_017876235.1,WP_053625216.1,/mnt/d/5-NCBI-Reference/1-Bac/download/GCF_017876235.1/GCF_017876235.1.fasta,/mnt/d/5-NCBI-Reference/1-Bac/download/GCF_017876235.1/GCF_017876235.1.gff
GCF_017876315.1,WP_210026092.1,/mnt/d/5-NCBI-Reference/1-Bac/download/GCF_017876315.1/GCF_017876315.1.fasta,/mnt/d/5-NCBI-Reference/1-Bac/download/GCF_017876315.1/GCF_017876315.1.gff
GCF_017876325.1,WP_372448495.1,/mnt/d/5-NCBI-Reference/1-Bac/download/GCF_017876325.1/GCF_017876325.1.fasta,/mnt/d/5-NCBI-Reference/1-Bac/download/GCF_017876325.1/GCF_017876325.1.gff
GCF_017876405.1,WP_209638719.1,/mnt/d/5-NCBI-Reference/1-Bac/download/GCF_017876405.1/GCF_017876405.1.fasta,/mnt/d/5-NCBI-Reference/1-Bac/download/GCF_017876405.1/GCF_017876405.1.gff
GCF_017876625.1,WP_209514955.1,/mnt/d/5-NCBI-Reference/1-Bac/download/GCF_017876625.1/GCF_017876625.1.fasta,/mnt/d/5-NCBI-Reference/1-Bac/download/GCF_017876625.1/GCF_017876625.1.gff
GCF_017876755.1,WP_086783397.1,/mnt/d/5-NCBI-Reference/1-Bac/download/GCF_017876755.1/GCF_017876755.1.fasta,/mnt/d/5-NCBI-Reference/1-Bac/download/GCF_017876755.1/GCF_017876755.1.gff
GCF_018069565.1,WP_210874768.1,/mnt/d/5-NCBI-Reference/1-Bac/download/GCF_018069565.1/GCF_018069565.1.fasta,/mnt/d/5-NCBI-Reference/1-Bac/download/GCF_018069565.1/GCF_018069565.1.gff
GCF_018069625.1,WP_246586382.1,/mnt/d/5-NCBI-Reference/1-Bac/download/GCF_018069625.1/GCF_018069625.1.fasta,/mnt/d/5-NCBI-Reference/1-Bac/download/GCF_018069625.1/GCF_018069625.1.gff
GCF_018070025.1,WP_247706238.1,/mnt/d/5-NCBI-Reference/1-Bac/download/GCF_018070025.1/GCF_018070025.1.fasta,/mnt/d/5-NCBI-Reference/1-Bac/download/GCF_018070025.1/GCF_018070025.1.gff
GCF_018070075.1,WP_210970552.1,/mnt/d/5-NCBI-Reference/1-Bac/download/GCF_018070075.1/GCF_018070075.1.fasta,/mnt/d/5-NCBI-Reference/1-Bac/download/GCF_018070075.1/GCF_018070075.1.gff
GCF_018101125.2,WP_211040763.1,/mnt/d/5-NCBI-Reference/1-Bac/download/GCF_018101125.2/GCF_018101125.2.fasta,/mnt/d/5-NCBI-Reference/1-Bac/download/GCF_018101125.2/GCF_018101125.2.gff
GCF_018138705.1,WP_246643840.1,/mnt/d/5-NCBI-Reference/1-Bac/download/GCF_018138705.1/GCF_018138705.1.fasta,/mnt/d/5-NCBI-Reference/1-Bac/download/GCF_018138705.1/GCF_018138705.1.gff
GCF_018138715.1,WP_246649130.1,/mnt/d/5-NCBI-Reference/1-Bac/download/GCF_018138715.1/GCF_018138715.1.fasta,/mnt/d/5-NCBI-Reference/1-Bac/download/GCF_018138715.1/GCF_018138715.1.gff
GCF_018139625.1,WP_212517434.1,/mnt/d/5-NCBI-Reference/1-Bac/download/GCF_018139625.1/GCF_018139625.1.fasta,/mnt/d/5-NCBI-Reference/1-Bac/download/GCF_018139625.1/GCF_018139625.1.gff
GCF_018139695.1,WP_212533738.1,/mnt/d/5-NCBI-Reference/1-Bac/download/GCF_018139695.1/GCF_018139695.1.fasta,/mnt/d/5-NCBI-Reference/1-Bac/download/GCF_018139695.1/GCF_018139695.1.gff
GCF_018141485.1,WP_245001534.1,/mnt/d/5-NCBI-Reference/1-Bac/download/GCF_018141485.1/GCF_018141485.1.fasta,/mnt/d/5-NCBI-Reference/1-Bac/download/GCF_018141485.1/GCF_018141485.1.gff
GCF_018274385.1,WP_307856394.1,/mnt/d/5-NCBI-Reference/1-Bac/download/GCF_018274385.1/GCF_018274385.1.fasta,/mnt/d/5-NCBI-Reference/1-Bac/download/GCF_018274385.1/GCF_018274385.1.gff
GCF_018283645.1,WP_211463640.1,/mnt/d/5-NCBI-Reference/1-Bac/download/GCF_018283645.1/GCF_018283645.1.fasta,/mnt/d/5-NCBI-Reference/1-Bac/download/GCF_018283645.1/GCF_018283645.1.gff
GCF_018316795.1,WP_212642207.1,/mnt/d/5-NCBI-Reference/1-Bac/download/GCF_018316795.1/GCF_018316795.1.fasta,/mnt/d/5-NCBI-Reference/1-Bac/download/GCF_018316795.1/GCF_018316795.1.gff
GCF_018324685.1,WP_035298586.1,/mnt/d/5-NCBI-Reference/1-Bac/download/GCF_018324685.1/GCF_018324685.1.fasta,/mnt/d/5-NCBI-Reference/1-Bac/download/GCF_018324685.1/GCF_018324685.1.gff
GCF_018332715.1,WP_212996084.1,/mnt/d/5-NCBI-Reference/1-Bac/download/GCF_018332715.1/GCF_018332715.1.fasta,/mnt/d/5-NCBI-Reference/1-Bac/download/GCF_018332715.1/GCF_018332715.1.gff
GCF_018531445.1,WP_308257673.1,/mnt/d/5-NCBI-Reference/1-Bac/download/GCF_018531445.1/GCF_018531445.1.fasta,/mnt/d/5-NCBI-Reference/1-Bac/download/GCF_018531445.1/GCF_018531445.1.gff
GCF_018604545.1,WP_215121231.1,/mnt/d/5-NCBI-Reference/1-Bac/download/GCF_018604545.1/GCF_018604545.1.fasta,/mnt/d/5-NCBI-Reference/1-Bac/download/GCF_018604545.1/GCF_018604545.1.gff
GCF_018860155.1,WP_215918443.1,/mnt/d/5-NCBI-Reference/1-Bac/download/GCF_018860155.1/GCF_018860155.1.fasta,/mnt/d/5-NCBI-Reference/1-Bac/download/GCF_018860155.1/GCF_018860155.1.gff
GCF_018885265.1,WP_216209332.1,/mnt/d/5-NCBI-Reference/1-Bac/download/GCF_018885265.1/GCF_018885265.1.fasta,/mnt/d/5-NCBI-Reference/1-Bac/download/GCF_018885265.1/GCF_018885265.1.gff
GCF_018927715.1,WP_216591455.1,/mnt/d/5-NCBI-Reference/1-Bac/download/GCF_018927715.1/GCF_018927715.1.fasta,/mnt/d/5-NCBI-Reference/1-Bac/download/GCF_018927715.1/GCF_018927715.1.gff
GCF_018982965.1,WP_216724300.1,/mnt/d/5-NCBI-Reference/1-Bac/download/GCF_018982965.1/GCF_018982965.1.fasta,/mnt/d/5-NCBI-Reference/1-Bac/download/GCF_018982965.1/GCF_018982965.1.gff
GCF_019038435.1,WP_216902596.1,/mnt/d/5-NCBI-Reference/1-Bac/download/GCF_019038435.1/GCF_019038435.1.fasta,/mnt/d/5-NCBI-Reference/1-Bac/download/GCF_019038435.1/GCF_019038435.1.gff
GCF_019038455.1,WP_368858154.1,/mnt/d/5-NCBI-Reference/1-Bac/download/GCF_019038455.1/GCF_019038455.1.fasta,/mnt/d/5-NCBI-Reference/1-Bac/download/GCF_019038455.1/GCF_019038455.1.gff
GCF_019219615.1,WP_218401485.1,/mnt/d/5-NCBI-Reference/1-Bac/download/GCF_019219615.1/GCF_019219615.1.fasta,/mnt/d/5-NCBI-Reference/1-Bac/download/GCF_019219615.1/GCF_019219615.1.gff
GCF_019222765.1,WP_246634162.1,/mnt/d/5-NCBI-Reference/1-Bac/download/GCF_019222765.1/GCF_019222765.1.fasta,/mnt/d/5-NCBI-Reference/1-Bac/download/GCF_019222765.1/GCF_019222765.1.gff
GCF_019263585.2,WP_226369944.1,/mnt/d/5-NCBI-Reference/1-Bac/download/GCF_019263585.2/GCF_019263585.2.fasta,/mnt/d/5-NCBI-Reference/1-Bac/download/GCF_019263585.2/GCF_019263585.2.gff
GCF_019263705.2,WP_218616586.1,/mnt/d/5-NCBI-Reference/1-Bac/download/GCF_019263705.2/GCF_019263705.2.fasta,/mnt/d/5-NCBI-Reference/1-Bac/download/GCF_019263705.2/GCF_019263705.2.gff
GCF_019285775.1,WP_083529901.1,/mnt/d/5-NCBI-Reference/1-Bac/download/GCF_019285775.1/GCF_019285775.1.fasta,/mnt/d/5-NCBI-Reference/1-Bac/download/GCF_019285775.1/GCF_019285775.1.gff
GCF_019375475.1,WP_219438435.1,/mnt/d/5-NCBI-Reference/1-Bac/download/GCF_019375475.1/GCF_019375475.1.fasta,/mnt/d/5-NCBI-Reference/1-Bac/download/GCF_019375475.1/GCF_019375475.1.gff
GCF_019400875.1,WP_219689681.1,/mnt/d/5-NCBI-Reference/1-Bac/download/GCF_019400875.1/GCF_019400875.1.fasta,/mnt/d/5-NCBI-Reference/1-Bac/download/GCF_019400875.1/GCF_019400875.1.gff
GCF_019599145.1,WP_220648638.1,/mnt/d/5-NCBI-Reference/1-Bac/download/GCF_019599145.1/GCF_019599145.1.fasta,/mnt/d/5-NCBI-Reference/1-Bac/download/GCF_019599145.1/GCF_019599145.1.gff
GCF_019710745.1,WP_221352744.1,/mnt/d/5-NCBI-Reference/1-Bac/download/GCF_019710745.1/GCF_019710745.1.fasta,/mnt/d/5-NCBI-Reference/1-Bac/download/GCF_019710745.1/GCF_019710745.1.gff
GCF_019857225.1,WP_222810943.1,/mnt/d/5-NCBI-Reference/1-Bac/download/GCF_019857225.1/GCF_019857225.1.fasta,/mnt/d/5-NCBI-Reference/1-Bac/download/GCF_019857225.1/GCF_019857225.1.gff
GCF_019890615.1,WP_252395747.1,/mnt/d/5-NCBI-Reference/1-Bac/download/GCF_019890615.1/GCF_019890615.1.fasta,/mnt/d/5-NCBI-Reference/1-Bac/download/GCF_019890615.1/GCF_019890615.1.gff
GCF_019890715.1,WP_372460239.1,/mnt/d/5-NCBI-Reference/1-Bac/download/GCF_019890715.1/GCF_019890715.1.fasta,/mnt/d/5-NCBI-Reference/1-Bac/download/GCF_019890715.1/GCF_019890715.1.gff
GCF_019890725.1,WP_222966230.1,/mnt/d/5-NCBI-Reference/1-Bac/download/GCF_019890725.1/GCF_019890725.1.fasta,/mnt/d/5-NCBI-Reference/1-Bac/download/GCF_019890725.1/GCF_019890725.1.gff
GCF_019933235.1,WP_086720101.1,/mnt/d/5-NCBI-Reference/1-Bac/download/GCF_019933235.1/GCF_019933235.1.fasta,/mnt/d/5-NCBI-Reference/1-Bac/download/GCF_019933235.1/GCF_019933235.1.gff
GCF_020010905.1,WP_010350166.1,/mnt/d/5-NCBI-Reference/1-Bac/download/GCF_020010905.1/GCF_020010905.1.fasta,/mnt/d/5-NCBI-Reference/1-Bac/download/GCF_020010905.1/GCF_020010905.1.gff
GCF_020010925.1,WP_267298976.1,/mnt/d/5-NCBI-Reference/1-Bac/download/GCF_020010925.1/GCF_020010925.1.fasta,/mnt/d/5-NCBI-Reference/1-Bac/download/GCF_020010925.1/GCF_020010925.1.gff
GCF_020024005.1,WP_223734329.1,/mnt/d/5-NCBI-Reference/1-Bac/download/GCF_020024005.1/GCF_020024005.1.fasta,/mnt/d/5-NCBI-Reference/1-Bac/download/GCF_020024005.1/GCF_020024005.1.gff
GCF_020037025.1,WP_223767423.1,/mnt/d/5-NCBI-Reference/1-Bac/download/GCF_020037025.1/GCF_020037025.1.fasta,/mnt/d/5-NCBI-Reference/1-Bac/download/GCF_020037025.1/GCF_020037025.1.gff
GCF_020099395.1,WP_224347138.1,/mnt/d/5-NCBI-Reference/1-Bac/download/GCF_020099395.1/GCF_020099395.1.fasta,/mnt/d/5-NCBI-Reference/1-Bac/download/GCF_020099395.1/GCF_020099395.1.gff
GCF_020216065.1,WP_225278827.1,/mnt/d/5-NCBI-Reference/1-Bac/download/GCF_020216065.1/GCF_020216065.1.fasta,/mnt/d/5-NCBI-Reference/1-Bac/download/GCF_020216065.1/GCF_020216065.1.gff
GCF_020312145.1,WP_225641508.1,/mnt/d/5-NCBI-Reference/1-Bac/download/GCF_020312145.1/GCF_020312145.1.fasta,/mnt/d/5-NCBI-Reference/1-Bac/download/GCF_020312145.1/GCF_020312145.1.gff
GCF_020312315.1,WP_225635080.1,/mnt/d/5-NCBI-Reference/1-Bac/download/GCF_020312315.1/GCF_020312315.1.fasta,/mnt/d/5-NCBI-Reference/1-Bac/download/GCF_020312315.1/GCF_020312315.1.gff
GCF_020400595.2,WP_420803375.1,/mnt/d/5-NCBI-Reference/1-Bac/download/GCF_020400595.2/GCF_020400595.2.fasta,/mnt/d/5-NCBI-Reference/1-Bac/download/GCF_020400595.2/GCF_020400595.2.gff
GCF_020400605.1,WP_443729184.1,/mnt/d/5-NCBI-Reference/1-Bac/download/GCF_020400605.1/GCF_020400605.1.fasta,/mnt/d/5-NCBI-Reference/1-Bac/download/GCF_020400605.1/GCF_020400605.1.gff
GCF_020400655.1,WP_225810360.1,/mnt/d/5-NCBI-Reference/1-Bac/download/GCF_020400655.1/GCF_020400655.1.fasta,/mnt/d/5-NCBI-Reference/1-Bac/download/GCF_020400655.1/GCF_020400655.1.gff
GCF_020404845.1,WP_226024649.1,/mnt/d/5-NCBI-Reference/1-Bac/download/GCF_020404845.1/GCF_020404845.1.fasta,/mnt/d/5-NCBI-Reference/1-Bac/download/GCF_020404845.1/GCF_020404845.1.gff
GCF_020410765.1,WP_226076537.1,/mnt/d/5-NCBI-Reference/1-Bac/download/GCF_020410765.1/GCF_020410765.1.fasta,/mnt/d/5-NCBI-Reference/1-Bac/download/GCF_020410765.1/GCF_020410765.1.gff
GCF_020515525.1,WP_226437060.1,/mnt/d/5-NCBI-Reference/1-Bac/download/GCF_020515525.1/GCF_020515525.1.fasta,/mnt/d/5-NCBI-Reference/1-Bac/download/GCF_020515525.1/GCF_020515525.1.gff
GCF_020521275.1,WP_189420314.1,/mnt/d/5-NCBI-Reference/1-Bac/download/GCF_020521275.1/GCF_020521275.1.fasta,/mnt/d/5-NCBI-Reference/1-Bac/download/GCF_020521275.1/GCF_020521275.1.gff
GCF_020521295.1,WP_189968383.1,/mnt/d/5-NCBI-Reference/1-Bac/download/GCF_020521295.1/GCF_020521295.1.fasta,/mnt/d/5-NCBI-Reference/1-Bac/download/GCF_020521295.1/GCF_020521295.1.gff
GCF_020532625.1,WP_264201639.1,/mnt/d/5-NCBI-Reference/1-Bac/download/GCF_020532625.1/GCF_020532625.1.fasta,/mnt/d/5-NCBI-Reference/1-Bac/download/GCF_020532625.1/GCF_020532625.1.gff
GCF_020532645.1,WP_226738764.1,/mnt/d/5-NCBI-Reference/1-Bac/download/GCF_020532645.1/GCF_020532645.1.fasta,/mnt/d/5-NCBI-Reference/1-Bac/download/GCF_020532645.1/GCF_020532645.1.gff
GCF_020542785.1,WP_025432202.1,/mnt/d/5-NCBI-Reference/1-Bac/download/GCF_020542785.1/GCF_020542785.1.fasta,/mnt/d/5-NCBI-Reference/1-Bac/download/GCF_020542785.1/GCF_020542785.1.gff
GCF_020564935.1,WP_227050527.1,/mnt/d/5-NCBI-Reference/1-Bac/download/GCF_020564935.1/GCF_020564935.1.fasta,/mnt/d/5-NCBI-Reference/1-Bac/download/GCF_020564935.1/GCF_020564935.1.gff
GCF_020616555.1,WP_227294789.1,/mnt/d/5-NCBI-Reference/1-Bac/download/GCF_020616555.1/GCF_020616555.1.fasta,/mnt/d/5-NCBI-Reference/1-Bac/download/GCF_020616555.1/GCF_020616555.1.gff
GCF_020639365.1,WP_229339561.1,/mnt/d/5-NCBI-Reference/1-Bac/download/GCF_020639365.1/GCF_020639365.1.fasta,/mnt/d/5-NCBI-Reference/1-Bac/download/GCF_020639365.1/GCF_020639365.1.gff
GCF_020733635.1,WP_227980262.1,/mnt/d/5-NCBI-Reference/1-Bac/download/GCF_020733635.1/GCF_020733635.1.fasta,/mnt/d/5-NCBI-Reference/1-Bac/download/GCF_020733635.1/GCF_020733635.1.gff
GCF_020740535.1,WP_425336632.1,/mnt/d/5-NCBI-Reference/1-Bac/download/GCF_020740535.1/GCF_020740535.1.fasta,/mnt/d/5-NCBI-Reference/1-Bac/download/GCF_020740535.1/GCF_020740535.1.gff
GCF_020783575.1,WP_121546067.1,/mnt/d/5-NCBI-Reference/1-Bac/download/GCF_020783575.1/GCF_020783575.1.fasta,/mnt/d/5-NCBI-Reference/1-Bac/download/GCF_020783575.1/GCF_020783575.1.gff
GCF_020819595.1,WP_228621772.1,/mnt/d/5-NCBI-Reference/1-Bac/download/GCF_020819595.1/GCF_020819595.1.fasta,/mnt/d/5-NCBI-Reference/1-Bac/download/GCF_020819595.1/GCF_020819595.1.gff
GCF_020859565.1,WP_230572184.1,/mnt/d/5-NCBI-Reference/1-Bac/download/GCF_020859565.1/GCF_020859565.1.fasta,/mnt/d/5-NCBI-Reference/1-Bac/download/GCF_020859565.1/GCF_020859565.1.gff
GCF_020907985.1,WP_230051945.1,/mnt/d/5-NCBI-Reference/1-Bac/download/GCF_020907985.1/GCF_020907985.1.fasta,/mnt/d/5-NCBI-Reference/1-Bac/download/GCF_020907985.1/GCF_020907985.1.gff
GCF_021026295.1,WP_372460498.1,/mnt/d/5-NCBI-Reference/1-Bac/download/GCF_021026295.1/GCF_021026295.1.fasta,/mnt/d/5-NCBI-Reference/1-Bac/download/GCF_021026295.1/GCF_021026295.1.gff
GCF_021026375.1,WP_372460780.1,/mnt/d/5-NCBI-Reference/1-Bac/download/GCF_021026375.1/GCF_021026375.1.fasta,/mnt/d/5-NCBI-Reference/1-Bac/download/GCF_021026375.1/GCF_021026375.1.gff
GCF_021028635.1,WP_230900824.1,/mnt/d/5-NCBI-Reference/1-Bac/download/GCF_021028635.1/GCF_021028635.1.fasta,/mnt/d/5-NCBI-Reference/1-Bac/download/GCF_021028635.1/GCF_021028635.1.gff
GCF_021129235.1,WP_231485127.1,/mnt/d/5-NCBI-Reference/1-Bac/download/GCF_021129235.1/GCF_021129235.1.fasta,/mnt/d/5-NCBI-Reference/1-Bac/download/GCF_021129235.1/GCF_021129235.1.gff
GCF_021183565.1,WP_233041641.1,/mnt/d/5-NCBI-Reference/1-Bac/download/GCF_021183565.1/GCF_021183565.1.fasta,/mnt/d/5-NCBI-Reference/1-Bac/download/GCF_021183565.1/GCF_021183565.1.gff
GCF_021183645.1,WP_233060037.1,/mnt/d/5-NCBI-Reference/1-Bac/download/GCF_021183645.1/GCF_021183645.1.fasta,/mnt/d/5-NCBI-Reference/1-Bac/download/GCF_021183645.1/GCF_021183645.1.gff
GCF_021216675.1,WP_232268332.1,/mnt/d/5-NCBI-Reference/1-Bac/download/GCF_021216675.1/GCF_021216675.1.fasta,/mnt/d/5-NCBI-Reference/1-Bac/download/GCF_021216675.1/GCF_021216675.1.gff
GCF_021228125.1,WP_095579639.1,/mnt/d/5-NCBI-Reference/1-Bac/download/GCF_021228125.1/GCF_021228125.1.fasta,/mnt/d/5-NCBI-Reference/1-Bac/download/GCF_021228125.1/GCF_021228125.1.gff
GCF_021245825.1,WP_232715735.1,/mnt/d/5-NCBI-Reference/1-Bac/download/GCF_021245825.1/GCF_021245825.1.fasta,/mnt/d/5-NCBI-Reference/1-Bac/download/GCF_021245825.1/GCF_021245825.1.gff
GCF_021246445.1,WP_232671329.1,/mnt/d/5-NCBI-Reference/1-Bac/download/GCF_021246445.1/GCF_021246445.1.fasta,/mnt/d/5-NCBI-Reference/1-Bac/download/GCF_021246445.1/GCF_021246445.1.gff
GCF_021261325.1,WP_232646085.1,/mnt/d/5-NCBI-Reference/1-Bac/download/GCF_021261325.1/GCF_021261325.1.fasta,/mnt/d/5-NCBI-Reference/1-Bac/download/GCF_021261325.1/GCF_021261325.1.gff
GCF_021283305.1,WP_232871751.1,/mnt/d/5-NCBI-Reference/1-Bac/download/GCF_021283305.1/GCF_021283305.1.fasta,/mnt/d/5-NCBI-Reference/1-Bac/download/GCF_021283305.1/GCF_021283305.1.gff
GCF_021343995.1,WP_233302442.1,/mnt/d/5-NCBI-Reference/1-Bac/download/GCF_021343995.1/GCF_021343995.1.fasta,/mnt/d/5-NCBI-Reference/1-Bac/download/GCF_021343995.1/GCF_021343995.1.gff
GCF_021390435.2,WP_233727645.1,/mnt/d/5-NCBI-Reference/1-Bac/download/GCF_021390435.2/GCF_021390435.2.fasta,/mnt/d/5-NCBI-Reference/1-Bac/download/GCF_021390435.2/GCF_021390435.2.gff
GCF_021391495.1,WP_229857667.1,/mnt/d/5-NCBI-Reference/1-Bac/download/GCF_021391495.1/GCF_021391495.1.fasta,/mnt/d/5-NCBI-Reference/1-Bac/download/GCF_021391495.1/GCF_021391495.1.gff
GCF_021398215.2,WP_233911740.1,/mnt/d/5-NCBI-Reference/1-Bac/download/GCF_021398215.2/GCF_021398215.2.fasta,/mnt/d/5-NCBI-Reference/1-Bac/download/GCF_021398215.2/GCF_021398215.2.gff
GCF_021441825.1,WP_234547868.1,/mnt/d/5-NCBI-Reference/1-Bac/download/GCF_021441825.1/GCF_021441825.1.fasta,/mnt/d/5-NCBI-Reference/1-Bac/download/GCF_021441825.1/GCF_021441825.1.gff
GCF_021462265.1,WP_234535632.1,/mnt/d/5-NCBI-Reference/1-Bac/download/GCF_021462265.1/GCF_021462265.1.fasta,/mnt/d/5-NCBI-Reference/1-Bac/download/GCF_021462265.1/GCF_021462265.1.gff
GCF_021462825.1,WP_234515537.1,/mnt/d/5-NCBI-Reference/1-Bac/download/GCF_021462825.1/GCF_021462825.1.fasta,/mnt/d/5-NCBI-Reference/1-Bac/download/GCF_021462825.1/GCF_021462825.1.gff
GCF_021474405.1,WP_234849178.1,/mnt/d/5-NCBI-Reference/1-Bac/download/GCF_021474405.1/GCF_021474405.1.fasta,/mnt/d/5-NCBI-Reference/1-Bac/download/GCF_021474405.1/GCF_021474405.1.gff
GCF_021474425.1,WP_234767419.1,/mnt/d/5-NCBI-Reference/1-Bac/download/GCF_021474425.1/GCF_021474425.1.fasta,/mnt/d/5-NCBI-Reference/1-Bac/download/GCF_021474425.1/GCF_021474425.1.gff
GCF_021502675.1,WP_235051768.1,/mnt/d/5-NCBI-Reference/1-Bac/download/GCF_021502675.1/GCF_021502675.1.fasta,/mnt/d/5-NCBI-Reference/1-Bac/download/GCF_021502675.1/GCF_021502675.1.gff
GCF_021556455.1,WP_372481869.1,/mnt/d/5-NCBI-Reference/1-Bac/download/GCF_021556455.1/GCF_021556455.1.fasta,/mnt/d/5-NCBI-Reference/1-Bac/download/GCF_021556455.1/GCF_021556455.1.gff
GCF_021654135.1,WP_237340032.1,/mnt/d/5-NCBI-Reference/1-Bac/download/GCF_021654135.1/GCF_021654135.1.fasta,/mnt/d/5-NCBI-Reference/1-Bac/download/GCF_021654135.1/GCF_021654135.1.gff
GCF_021738965.1,WP_372491680.1,/mnt/d/5-NCBI-Reference/1-Bac/download/GCF_021738965.1/GCF_021738965.1.fasta,/mnt/d/5-NCBI-Reference/1-Bac/download/GCF_021738965.1/GCF_021738965.1.gff
GCF_022221585.1,WP_238573050.1,/mnt/d/5-NCBI-Reference/1-Bac/download/GCF_022221585.1/GCF_022221585.1.fasta,/mnt/d/5-NCBI-Reference/1-Bac/download/GCF_022221585.1/GCF_022221585.1.gff
GCF_022385335.1,WP_239754554.1,/mnt/d/5-NCBI-Reference/1-Bac/download/GCF_022385335.1/GCF_022385335.1.fasta,/mnt/d/5-NCBI-Reference/1-Bac/download/GCF_022385335.1/GCF_022385335.1.gff
GCF_022513565.1,WP_240859849.1,/mnt/d/5-NCBI-Reference/1-Bac/download/GCF_022513565.1/GCF_022513565.1.fasta,/mnt/d/5-NCBI-Reference/1-Bac/download/GCF_022513565.1/GCF_022513565.1.gff
GCF_022524345.1,WP_241063084.1,/mnt/d/5-NCBI-Reference/1-Bac/download/GCF_022524345.1/GCF_022524345.1.fasta,/mnt/d/5-NCBI-Reference/1-Bac/download/GCF_022524345.1/GCF_022524345.1.gff
GCF_022524485.1,WP_241035775.1,/mnt/d/5-NCBI-Reference/1-Bac/download/GCF_022524485.1/GCF_022524485.1.fasta,/mnt/d/5-NCBI-Reference/1-Bac/download/GCF_022524485.1/GCF_022524485.1.gff
GCF_022647665.1,WP_242336628.1,/mnt/d/5-NCBI-Reference/1-Bac/download/GCF_022647665.1/GCF_022647665.1.fasta,/mnt/d/5-NCBI-Reference/1-Bac/download/GCF_022647665.1/GCF_022647665.1.gff
GCF_022678645.1,WP_242180794.1,/mnt/d/5-NCBI-Reference/1-Bac/download/GCF_022678645.1/GCF_022678645.1.fasta,/mnt/d/5-NCBI-Reference/1-Bac/download/GCF_022678645.1/GCF_022678645.1.gff
GCF_022698145.1,WP_242708681.1,/mnt/d/5-NCBI-Reference/1-Bac/download/GCF_022698145.1/GCF_022698145.1.fasta,/mnt/d/5-NCBI-Reference/1-Bac/download/GCF_022698145.1/GCF_022698145.1.gff
GCF_022698165.1,WP_242773331.1,/mnt/d/5-NCBI-Reference/1-Bac/download/GCF_022698165.1/GCF_022698165.1.fasta,/mnt/d/5-NCBI-Reference/1-Bac/download/GCF_022698165.1/GCF_022698165.1.gff
GCF_022699385.1,WP_242751306.1,/mnt/d/5-NCBI-Reference/1-Bac/download/GCF_022699385.1/GCF_022699385.1.fasta,/mnt/d/5-NCBI-Reference/1-Bac/download/GCF_022699385.1/GCF_022699385.1.gff
GCF_023155275.1,WP_248014686.1,/mnt/d/5-NCBI-Reference/1-Bac/download/GCF_023155275.1/GCF_023155275.1.fasta,/mnt/d/5-NCBI-Reference/1-Bac/download/GCF_023155275.1/GCF_023155275.1.gff
GCF_023218175.1,WP_248631735.1,/mnt/d/5-NCBI-Reference/1-Bac/download/GCF_023218175.1/GCF_023218175.1.fasta,/mnt/d/5-NCBI-Reference/1-Bac/download/GCF_023218175.1/GCF_023218175.1.gff
GCF_023242945.1,WP_248826595.1,/mnt/d/5-NCBI-Reference/1-Bac/download/GCF_023242945.1/GCF_023242945.1.fasta,/mnt/d/5-NCBI-Reference/1-Bac/download/GCF_023242945.1/GCF_023242945.1.gff
GCF_023277745.1,WP_248866242.1,/mnt/d/5-NCBI-Reference/1-Bac/download/GCF_023277745.1/GCF_023277745.1.fasta,/mnt/d/5-NCBI-Reference/1-Bac/download/GCF_023277745.1/GCF_023277745.1.gff
GCF_023498005.1,WP_425574992.1,/mnt/d/5-NCBI-Reference/1-Bac/download/GCF_023498005.1/GCF_023498005.1.fasta,/mnt/d/5-NCBI-Reference/1-Bac/download/GCF_023498005.1/GCF_023498005.1.gff
GCF_023516435.1,WP_249774040.1,/mnt/d/5-NCBI-Reference/1-Bac/download/GCF_023516435.1/GCF_023516435.1.fasta,/mnt/d/5-NCBI-Reference/1-Bac/download/GCF_023516435.1/GCF_023516435.1.gff
GCF_023516615.1,WP_249838345.1,/mnt/d/5-NCBI-Reference/1-Bac/download/GCF_023516615.1/GCF_023516615.1.fasta,/mnt/d/5-NCBI-Reference/1-Bac/download/GCF_023516615.1/GCF_023516615.1.gff
GCF_023614315.1,WP_010474662.1,/mnt/d/5-NCBI-Reference/1-Bac/download/GCF_023614315.1/GCF_023614315.1.fasta,/mnt/d/5-NCBI-Reference/1-Bac/download/GCF_023614315.1/GCF_023614315.1.gff
GCF_023701525.1,WP_250922442.1,/mnt/d/5-NCBI-Reference/1-Bac/download/GCF_023701525.1/GCF_023701525.1.fasta,/mnt/d/5-NCBI-Reference/1-Bac/download/GCF_023701525.1/GCF_023701525.1.gff
GCF_023703325.1,WP_251408240.1,/mnt/d/5-NCBI-Reference/1-Bac/download/GCF_023703325.1/GCF_023703325.1.fasta,/mnt/d/5-NCBI-Reference/1-Bac/download/GCF_023703325.1/GCF_023703325.1.gff
GCF_023887685.1,WP_252421430.1,/mnt/d/5-NCBI-Reference/1-Bac/download/GCF_023887685.1/GCF_023887685.1.fasta,/mnt/d/5-NCBI-Reference/1-Bac/download/GCF_023887685.1/GCF_023887685.1.gff
GCF_023898865.1,WP_252445528.1,/mnt/d/5-NCBI-Reference/1-Bac/download/GCF_023898865.1/GCF_023898865.1.fasta,/mnt/d/5-NCBI-Reference/1-Bac/download/GCF_023898865.1/GCF_023898865.1.gff
GCF_023923245.1,WP_252554750.1,/mnt/d/5-NCBI-Reference/1-Bac/download/GCF_023923245.1/GCF_023923245.1.fasta,/mnt/d/5-NCBI-Reference/1-Bac/download/GCF_023923245.1/GCF_023923245.1.gff
GCF_024171735.1,WP_372493496.1,/mnt/d/5-NCBI-Reference/1-Bac/download/GCF_024171735.1/GCF_024171735.1.fasta,/mnt/d/5-NCBI-Reference/1-Bac/download/GCF_024171735.1/GCF_024171735.1.gff
GCF_024171785.1,WP_407649654.1,/mnt/d/5-NCBI-Reference/1-Bac/download/GCF_024171785.1/GCF_024171785.1.fasta,/mnt/d/5-NCBI-Reference/1-Bac/download/GCF_024171785.1/GCF_024171785.1.gff
GCF_024171815.1,WP_253659314.1,/mnt/d/5-NCBI-Reference/1-Bac/download/GCF_024171815.1/GCF_024171815.1.fasta,/mnt/d/5-NCBI-Reference/1-Bac/download/GCF_024171815.1/GCF_024171815.1.gff
GCF_024171865.1,WP_253829974.1,/mnt/d/5-NCBI-Reference/1-Bac/download/GCF_024171865.1/GCF_024171865.1.fasta,/mnt/d/5-NCBI-Reference/1-Bac/download/GCF_024171865.1/GCF_024171865.1.gff
GCF_024171885.1,WP_372502647.1,/mnt/d/5-NCBI-Reference/1-Bac/download/GCF_024171885.1/GCF_024171885.1.fasta,/mnt/d/5-NCBI-Reference/1-Bac/download/GCF_024171885.1/GCF_024171885.1.gff
GCF_024171895.1,WP_253863558.1,/mnt/d/5-NCBI-Reference/1-Bac/download/GCF_024171895.1/GCF_024171895.1.fasta,/mnt/d/5-NCBI-Reference/1-Bac/download/GCF_024171895.1/GCF_024171895.1.gff
GCF_024171925.1,WP_253885550.1,/mnt/d/5-NCBI-Reference/1-Bac/download/GCF_024171925.1/GCF_024171925.1.fasta,/mnt/d/5-NCBI-Reference/1-Bac/download/GCF_024171925.1/GCF_024171925.1.gff
GCF_024171945.1,WP_253834195.1,/mnt/d/5-NCBI-Reference/1-Bac/download/GCF_024171945.1/GCF_024171945.1.fasta,/mnt/d/5-NCBI-Reference/1-Bac/download/GCF_024171945.1/GCF_024171945.1.gff
GCF_024172095.1,WP_253798052.1,/mnt/d/5-NCBI-Reference/1-Bac/download/GCF_024172095.1/GCF_024172095.1.fasta,/mnt/d/5-NCBI-Reference/1-Bac/download/GCF_024172095.1/GCF_024172095.1.gff
GCF_024295805.1,WP_254740670.1,/mnt/d/5-NCBI-Reference/1-Bac/download/GCF_024295805.1/GCF_024295805.1.fasta,/mnt/d/5-NCBI-Reference/1-Bac/download/GCF_024295805.1/GCF_024295805.1.gff
GCF_024298965.1,WP_121824281.1,/mnt/d/5-NCBI-Reference/1-Bac/download/GCF_024298965.1/GCF_024298965.1.fasta,/mnt/d/5-NCBI-Reference/1-Bac/download/GCF_024298965.1/GCF_024298965.1.gff
GCF_024349285.1,WP_168438402.1,/mnt/d/5-NCBI-Reference/1-Bac/download/GCF_024349285.1/GCF_024349285.1.fasta,/mnt/d/5-NCBI-Reference/1-Bac/download/GCF_024349285.1/GCF_024349285.1.gff
GCF_024435355.1,WP_255950014.1,/mnt/d/5-NCBI-Reference/1-Bac/download/GCF_024435355.1/GCF_024435355.1.fasta,/mnt/d/5-NCBI-Reference/1-Bac/download/GCF_024435355.1/GCF_024435355.1.gff
GCF_024436035.1,WP_255921753.1,/mnt/d/5-NCBI-Reference/1-Bac/download/GCF_024436035.1/GCF_024436035.1.fasta,/mnt/d/5-NCBI-Reference/1-Bac/download/GCF_024436035.1/GCF_024436035.1.gff
GCF_024436055.1,WP_255930492.1,/mnt/d/5-NCBI-Reference/1-Bac/download/GCF_024436055.1/GCF_024436055.1.fasta,/mnt/d/5-NCBI-Reference/1-Bac/download/GCF_024436055.1/GCF_024436055.1.gff
GCF_024438035.1,WP_255968314.1,/mnt/d/5-NCBI-Reference/1-Bac/download/GCF_024438035.1/GCF_024438035.1.fasta,/mnt/d/5-NCBI-Reference/1-Bac/download/GCF_024438035.1/GCF_024438035.1.gff
GCF_024505145.1,WP_449343549.1,/mnt/d/5-NCBI-Reference/1-Bac/download/GCF_024505145.1/GCF_024505145.1.fasta,/mnt/d/5-NCBI-Reference/1-Bac/download/GCF_024505145.1/GCF_024505145.1.gff
GCF_024539675.1,WP_256918735.1,/mnt/d/5-NCBI-Reference/1-Bac/download/GCF_024539675.1/GCF_024539675.1.fasta,/mnt/d/5-NCBI-Reference/1-Bac/download/GCF_024539675.1/GCF_024539675.1.gff
GCF_024600715.1,WP_058942105.1,/mnt/d/5-NCBI-Reference/1-Bac/download/GCF_024600715.1/GCF_024600715.1.fasta,/mnt/d/5-NCBI-Reference/1-Bac/download/GCF_024600715.1/GCF_024600715.1.gff
GCF_024648825.1,WP_258951996.1,/mnt/d/5-NCBI-Reference/1-Bac/download/GCF_024648825.1/GCF_024648825.1.fasta,/mnt/d/5-NCBI-Reference/1-Bac/download/GCF_024648825.1/GCF_024648825.1.gff
GCF_024648865.1,WP_258935593.1,/mnt/d/5-NCBI-Reference/1-Bac/download/GCF_024648865.1/GCF_024648865.1.fasta,/mnt/d/5-NCBI-Reference/1-Bac/download/GCF_024648865.1/GCF_024648865.1.gff
GCF_024648885.1,WP_258935593.1,/mnt/d/5-NCBI-Reference/1-Bac/download/GCF_024648885.1/GCF_024648885.1.fasta,/mnt/d/5-NCBI-Reference/1-Bac/download/GCF_024648885.1/GCF_024648885.1.gff
GCF_024666385.1,WP_257855774.1,/mnt/d/5-NCBI-Reference/1-Bac/download/GCF_024666385.1/GCF_024666385.1.fasta,/mnt/d/5-NCBI-Reference/1-Bac/download/GCF_024666385.1/GCF_024666385.1.gff
GCF_024703995.1,WP_257918268.1,/mnt/d/5-NCBI-Reference/1-Bac/download/GCF_024703995.1/GCF_024703995.1.fasta,/mnt/d/5-NCBI-Reference/1-Bac/download/GCF_024703995.1/GCF_024703995.1.gff
GCF_024734405.1,WP_258349338.1,/mnt/d/5-NCBI-Reference/1-Bac/download/GCF_024734405.1/GCF_024734405.1.fasta,/mnt/d/5-NCBI-Reference/1-Bac/download/GCF_024734405.1/GCF_024734405.1.gff
GCF_024752535.1,WP_374117510.1,/mnt/d/5-NCBI-Reference/1-Bac/download/GCF_024752535.1/GCF_024752535.1.fasta,/mnt/d/5-NCBI-Reference/1-Bac/download/GCF_024752535.1/GCF_024752535.1.gff
GCF_024753135.1,WP_258782453.1,/mnt/d/5-NCBI-Reference/1-Bac/download/GCF_024753135.1/GCF_024753135.1.fasta,/mnt/d/5-NCBI-Reference/1-Bac/download/GCF_024753135.1/GCF_024753135.1.gff
GCF_024756275.1,WP_258789050.1,/mnt/d/5-NCBI-Reference/1-Bac/download/GCF_024756275.1/GCF_024756275.1.fasta,/mnt/d/5-NCBI-Reference/1-Bac/download/GCF_024756275.1/GCF_024756275.1.gff
GCF_024760485.1,WP_026244228.1,/mnt/d/5-NCBI-Reference/1-Bac/download/GCF_024760485.1/GCF_024760485.1.fasta,/mnt/d/5-NCBI-Reference/1-Bac/download/GCF_024760485.1/GCF_024760485.1.gff
GCF_024761905.1,WP_438818859.1,/mnt/d/5-NCBI-Reference/1-Bac/download/GCF_024761905.1/GCF_024761905.1.fasta,/mnt/d/5-NCBI-Reference/1-Bac/download/GCF_024761905.1/GCF_024761905.1.gff
GCF_025061645.1,WP_259627096.1,/mnt/d/5-NCBI-Reference/1-Bac/download/GCF_025061645.1/GCF_025061645.1.fasta,/mnt/d/5-NCBI-Reference/1-Bac/download/GCF_025061645.1/GCF_025061645.1.gff
GCF_025133285.1,WP_430541364.1,/mnt/d/5-NCBI-Reference/1-Bac/download/GCF_025133285.1/GCF_025133285.1.fasta,/mnt/d/5-NCBI-Reference/1-Bac/download/GCF_025133285.1/GCF_025133285.1.gff
GCF_025165795.1,WP_375546746.1,/mnt/d/5-NCBI-Reference/1-Bac/download/GCF_025165795.1/GCF_025165795.1.fasta,/mnt/d/5-NCBI-Reference/1-Bac/download/GCF_025165795.1/GCF_025165795.1.gff
GCF_025165815.1,WP_311202751.1,/mnt/d/5-NCBI-Reference/1-Bac/download/GCF_025165815.1/GCF_025165815.1.fasta,/mnt/d/5-NCBI-Reference/1-Bac/download/GCF_025165815.1/GCF_025165815.1.gff
GCF_025231465.1,WP_182775743.1,/mnt/d/5-NCBI-Reference/1-Bac/download/GCF_025231465.1/GCF_025231465.1.fasta,/mnt/d/5-NCBI-Reference/1-Bac/download/GCF_025231465.1/GCF_025231465.1.gff
GCF_025273675.1,WP_260840304.1,/mnt/d/5-NCBI-Reference/1-Bac/download/GCF_025273675.1/GCF_025273675.1.fasta,/mnt/d/5-NCBI-Reference/1-Bac/download/GCF_025273675.1/GCF_025273675.1.gff
GCF_025399795.1,WP_261703550.1,/mnt/d/5-NCBI-Reference/1-Bac/download/GCF_025399795.1/GCF_025399795.1.fasta,/mnt/d/5-NCBI-Reference/1-Bac/download/GCF_025399795.1/GCF_025399795.1.gff
GCF_025403405.1,WP_261561630.1,/mnt/d/5-NCBI-Reference/1-Bac/download/GCF_025403405.1/GCF_025403405.1.fasta,/mnt/d/5-NCBI-Reference/1-Bac/download/GCF_025403405.1/GCF_025403405.1.gff
GCF_025568765.1,WP_262699892.1,/mnt/d/5-NCBI-Reference/1-Bac/download/GCF_025568765.1/GCF_025568765.1.fasta,/mnt/d/5-NCBI-Reference/1-Bac/download/GCF_025568765.1/GCF_025568765.1.gff
GCF_025642135.1,WP_263230048.1,/mnt/d/5-NCBI-Reference/1-Bac/download/GCF_025642135.1/GCF_025642135.1.fasta,/mnt/d/5-NCBI-Reference/1-Bac/download/GCF_025642135.1/GCF_025642135.1.gff
GCF_025642175.1,WP_263278000.1,/mnt/d/5-NCBI-Reference/1-Bac/download/GCF_025642175.1/GCF_025642175.1.fasta,/mnt/d/5-NCBI-Reference/1-Bac/download/GCF_025642175.1/GCF_025642175.1.gff
GCF_025643595.1,WP_263249294.1,/mnt/d/5-NCBI-Reference/1-Bac/download/GCF_025643595.1/GCF_025643595.1.fasta,/mnt/d/5-NCBI-Reference/1-Bac/download/GCF_025643595.1/GCF_025643595.1.gff
GCF_025665295.1,WP_263271303.1,/mnt/d/5-NCBI-Reference/1-Bac/download/GCF_025665295.1/GCF_025665295.1.fasta,/mnt/d/5-NCBI-Reference/1-Bac/download/GCF_025665295.1/GCF_025665295.1.gff
GCF_025722975.1,WP_065922819.1,/mnt/d/5-NCBI-Reference/1-Bac/download/GCF_025722975.1/GCF_025722975.1.fasta,/mnt/d/5-NCBI-Reference/1-Bac/download/GCF_025722975.1/GCF_025722975.1.gff
GCF_025821625.1,WP_264021237.1,/mnt/d/5-NCBI-Reference/1-Bac/download/GCF_025821625.1/GCF_025821625.1.fasta,/mnt/d/5-NCBI-Reference/1-Bac/download/GCF_025821625.1/GCF_025821625.1.gff
GCF_025837095.1,WP_264153758.1,/mnt/d/5-NCBI-Reference/1-Bac/download/GCF_025837095.1/GCF_025837095.1.fasta,/mnt/d/5-NCBI-Reference/1-Bac/download/GCF_025837095.1/GCF_025837095.1.gff
GCF_025908395.1,WP_055414296.1,/mnt/d/5-NCBI-Reference/1-Bac/download/GCF_025908395.1/GCF_025908395.1.fasta,/mnt/d/5-NCBI-Reference/1-Bac/download/GCF_025908395.1/GCF_025908395.1.gff
GCF_026008515.1,WP_278315337.1,/mnt/d/5-NCBI-Reference/1-Bac/download/GCF_026008515.1/GCF_026008515.1.fasta,/mnt/d/5-NCBI-Reference/1-Bac/download/GCF_026008515.1/GCF_026008515.1.gff
GCF_026153295.1,WP_435532170.1,/mnt/d/5-NCBI-Reference/1-Bac/download/GCF_026153295.1/GCF_026153295.1.fasta,/mnt/d/5-NCBI-Reference/1-Bac/download/GCF_026153295.1/GCF_026153295.1.gff
GCF_026153355.1,WP_265362670.1,/mnt/d/5-NCBI-Reference/1-Bac/download/GCF_026153355.1/GCF_026153355.1.fasta,/mnt/d/5-NCBI-Reference/1-Bac/download/GCF_026153355.1/GCF_026153355.1.gff
GCF_026262575.1,WP_416237295.1,/mnt/d/5-NCBI-Reference/1-Bac/download/GCF_026262575.1/GCF_026262575.1.fasta,/mnt/d/5-NCBI-Reference/1-Bac/download/GCF_026262575.1/GCF_026262575.1.gff
GCF_026274175.1,WP_266595584.1,/mnt/d/5-NCBI-Reference/1-Bac/download/GCF_026274175.1/GCF_026274175.1.fasta,/mnt/d/5-NCBI-Reference/1-Bac/download/GCF_026274175.1/GCF_026274175.1.gff
GCF_026340665.1,WP_266542931.1,/mnt/d/5-NCBI-Reference/1-Bac/download/GCF_026340665.1/GCF_026340665.1.fasta,/mnt/d/5-NCBI-Reference/1-Bac/download/GCF_026340665.1/GCF_026340665.1.gff
GCF_026341275.1,WP_267028987.1,/mnt/d/5-NCBI-Reference/1-Bac/download/GCF_026341275.1/GCF_026341275.1.fasta,/mnt/d/5-NCBI-Reference/1-Bac/download/GCF_026341275.1/GCF_026341275.1.gff
GCF_026427415.1,WP_267259477.1,/mnt/d/5-NCBI-Reference/1-Bac/download/GCF_026427415.1/GCF_026427415.1.fasta,/mnt/d/5-NCBI-Reference/1-Bac/download/GCF_026427415.1/GCF_026427415.1.gff
GCF_026627255.1,WP_267718665.1,/mnt/d/5-NCBI-Reference/1-Bac/download/GCF_026627255.1/GCF_026627255.1.fasta,/mnt/d/5-NCBI-Reference/1-Bac/download/GCF_026627255.1/GCF_026627255.1.gff
GCF_026802195.1,WP_268756923.1,/mnt/d/5-NCBI-Reference/1-Bac/download/GCF_026802195.1/GCF_026802195.1.fasta,/mnt/d/5-NCBI-Reference/1-Bac/download/GCF_026802195.1/GCF_026802195.1.gff
GCF_027270315.1,WP_269659555.1,/mnt/d/5-NCBI-Reference/1-Bac/download/GCF_027270315.1/GCF_027270315.1.fasta,/mnt/d/5-NCBI-Reference/1-Bac/download/GCF_027270315.1/GCF_027270315.1.gff
GCF_027497495.1,WP_167539193.1,/mnt/d/5-NCBI-Reference/1-Bac/download/GCF_027497495.1/GCF_027497495.1.fasta,/mnt/d/5-NCBI-Reference/1-Bac/download/GCF_027497495.1/GCF_027497495.1.gff
GCF_027625935.1,WP_270083679.1,/mnt/d/5-NCBI-Reference/1-Bac/download/GCF_027625935.1/GCF_027625935.1.fasta,/mnt/d/5-NCBI-Reference/1-Bac/download/GCF_027625935.1/GCF_027625935.1.gff
GCF_027626975.1,WP_277412182.1,/mnt/d/5-NCBI-Reference/1-Bac/download/GCF_027626975.1/GCF_027626975.1.fasta,/mnt/d/5-NCBI-Reference/1-Bac/download/GCF_027626975.1/GCF_027626975.1.gff
GCF_027853915.1,WP_333777743.1,/mnt/d/5-NCBI-Reference/1-Bac/download/GCF_027853915.1/GCF_027853915.1.fasta,/mnt/d/5-NCBI-Reference/1-Bac/download/GCF_027853915.1/GCF_027853915.1.gff
GCF_027853965.1,WP_270925432.1,/mnt/d/5-NCBI-Reference/1-Bac/download/GCF_027853965.1/GCF_027853965.1.fasta,/mnt/d/5-NCBI-Reference/1-Bac/download/GCF_027853965.1/GCF_027853965.1.gff
GCF_027922005.1,WP_271222700.1,/mnt/d/5-NCBI-Reference/1-Bac/download/GCF_027922005.1/GCF_027922005.1.fasta,/mnt/d/5-NCBI-Reference/1-Bac/download/GCF_027922005.1/GCF_027922005.1.gff
GCF_027922425.1,WP_051738255.1,/mnt/d/5-NCBI-Reference/1-Bac/download/GCF_027922425.1/GCF_027922425.1.fasta,/mnt/d/5-NCBI-Reference/1-Bac/download/GCF_027922425.1/GCF_027922425.1.gff
GCF_027923225.1,WP_281906002.1,/mnt/d/5-NCBI-Reference/1-Bac/download/GCF_027923225.1/GCF_027923225.1.fasta,/mnt/d/5-NCBI-Reference/1-Bac/download/GCF_027923225.1/GCF_027923225.1.gff
GCF_027924405.1,WP_281877814.1,/mnt/d/5-NCBI-Reference/1-Bac/download/GCF_027924405.1/GCF_027924405.1.fasta,/mnt/d/5-NCBI-Reference/1-Bac/download/GCF_027924405.1/GCF_027924405.1.gff
GCF_027942015.1,WP_124288824.1,/mnt/d/5-NCBI-Reference/1-Bac/download/GCF_027942015.1/GCF_027942015.1.fasta,/mnt/d/5-NCBI-Reference/1-Bac/download/GCF_027942015.1/GCF_027942015.1.gff
GCF_027947535.2,WP_372516165.1,/mnt/d/5-NCBI-Reference/1-Bac/download/GCF_027947535.2/GCF_027947535.2.fasta,/mnt/d/5-NCBI-Reference/1-Bac/download/GCF_027947535.2/GCF_027947535.2.gff
GCF_027947575.1,WP_109032808.1,/mnt/d/5-NCBI-Reference/1-Bac/download/GCF_027947575.1/GCF_027947575.1.fasta,/mnt/d/5-NCBI-Reference/1-Bac/download/GCF_027947575.1/GCF_027947575.1.gff
GCF_027947595.1,WP_271416013.1,/mnt/d/5-NCBI-Reference/1-Bac/download/GCF_027947595.1/GCF_027947595.1.fasta,/mnt/d/5-NCBI-Reference/1-Bac/download/GCF_027947595.1/GCF_027947595.1.gff
GCF_028401405.1,WP_272169133.1,/mnt/d/5-NCBI-Reference/1-Bac/download/GCF_028401405.1/GCF_028401405.1.fasta,/mnt/d/5-NCBI-Reference/1-Bac/download/GCF_028401405.1/GCF_028401405.1.gff
GCF_028401765.1,WP_200700107.1,/mnt/d/5-NCBI-Reference/1-Bac/download/GCF_028401765.1/GCF_028401765.1.fasta,/mnt/d/5-NCBI-Reference/1-Bac/download/GCF_028401765.1/GCF_028401765.1.gff
GCF_028421465.1,WP_272258064.1,/mnt/d/5-NCBI-Reference/1-Bac/download/GCF_028421465.1/GCF_028421465.1.fasta,/mnt/d/5-NCBI-Reference/1-Bac/download/GCF_028421465.1/GCF_028421465.1.gff
GCF_028622115.1,WP_273939660.1,/mnt/d/5-NCBI-Reference/1-Bac/download/GCF_028622115.1/GCF_028622115.1.fasta,/mnt/d/5-NCBI-Reference/1-Bac/download/GCF_028622115.1/GCF_028622115.1.gff
GCF_028657195.3,WP_430542591.1,/mnt/d/5-NCBI-Reference/1-Bac/download/GCF_028657195.3/GCF_028657195.3.fasta,/mnt/d/5-NCBI-Reference/1-Bac/download/GCF_028657195.3/GCF_028657195.3.gff
GCF_028737205.1,WP_274282213.1,/mnt/d/5-NCBI-Reference/1-Bac/download/GCF_028737205.1/GCF_028737205.1.fasta,/mnt/d/5-NCBI-Reference/1-Bac/download/GCF_028737205.1/GCF_028737205.1.gff
GCF_028737255.1,WP_274233241.1,/mnt/d/5-NCBI-Reference/1-Bac/download/GCF_028737255.1/GCF_028737255.1.fasta,/mnt/d/5-NCBI-Reference/1-Bac/download/GCF_028737255.1/GCF_028737255.1.gff
GCF_028737265.1,WP_274193665.1,/mnt/d/5-NCBI-Reference/1-Bac/download/GCF_028737265.1/GCF_028737265.1.fasta,/mnt/d/5-NCBI-Reference/1-Bac/download/GCF_028737265.1/GCF_028737265.1.gff
GCF_028737315.1,WP_408629994.1,/mnt/d/5-NCBI-Reference/1-Bac/download/GCF_028737315.1/GCF_028737315.1.fasta,/mnt/d/5-NCBI-Reference/1-Bac/download/GCF_028737315.1/GCF_028737315.1.gff
GCF_028807635.1,WP_274558814.1,/mnt/d/5-NCBI-Reference/1-Bac/download/GCF_028807635.1/GCF_028807635.1.fasta,/mnt/d/5-NCBI-Reference/1-Bac/download/GCF_028807635.1/GCF_028807635.1.gff
GCF_028863365.1,WP_249828574.1,/mnt/d/5-NCBI-Reference/1-Bac/download/GCF_028863365.1/GCF_028863365.1.fasta,/mnt/d/5-NCBI-Reference/1-Bac/download/GCF_028863365.1/GCF_028863365.1.gff
GCF_029011865.1,WP_275309157.1,/mnt/d/5-NCBI-Reference/1-Bac/download/GCF_029011865.1/GCF_029011865.1.fasta,/mnt/d/5-NCBI-Reference/1-Bac/download/GCF_029011865.1/GCF_029011865.1.gff
GCF_029094505.1,WP_275276859.1,/mnt/d/5-NCBI-Reference/1-Bac/download/GCF_029094505.1/GCF_029094505.1.fasta,/mnt/d/5-NCBI-Reference/1-Bac/download/GCF_029094505.1/GCF_029094505.1.gff
GCF_029223485.1,WP_275772993.1,/mnt/d/5-NCBI-Reference/1-Bac/download/GCF_029223485.1/GCF_029223485.1.fasta,/mnt/d/5-NCBI-Reference/1-Bac/download/GCF_029223485.1/GCF_029223485.1.gff
GCF_029223525.1,WP_275809812.1,/mnt/d/5-NCBI-Reference/1-Bac/download/GCF_029223525.1/GCF_029223525.1.fasta,/mnt/d/5-NCBI-Reference/1-Bac/download/GCF_029223525.1/GCF_029223525.1.gff
GCF_029269835.1,WP_276107141.1,/mnt/d/5-NCBI-Reference/1-Bac/download/GCF_029269835.1/GCF_029269835.1.fasta,/mnt/d/5-NCBI-Reference/1-Bac/download/GCF_029269835.1/GCF_029269835.1.gff
GCF_029269905.1,WP_276096258.1,/mnt/d/5-NCBI-Reference/1-Bac/download/GCF_029269905.1/GCF_029269905.1.fasta,/mnt/d/5-NCBI-Reference/1-Bac/download/GCF_029269905.1/GCF_029269905.1.gff
GCF_029457455.1,WP_277371239.1,/mnt/d/5-NCBI-Reference/1-Bac/download/GCF_029457455.1/GCF_029457455.1.fasta,/mnt/d/5-NCBI-Reference/1-Bac/download/GCF_029457455.1/GCF_029457455.1.gff
GCF_029589495.1,WP_277835367.1,/mnt/d/5-NCBI-Reference/1-Bac/download/GCF_029589495.1/GCF_029589495.1.fasta,/mnt/d/5-NCBI-Reference/1-Bac/download/GCF_029589495.1/GCF_029589495.1.gff
GCF_029632925.1,WP_278126830.1,/mnt/d/5-NCBI-Reference/1-Bac/download/GCF_029632925.1/GCF_029632925.1.fasta,/mnt/d/5-NCBI-Reference/1-Bac/download/GCF_029632925.1/GCF_029632925.1.gff
GCF_029760955.1,WP_279335888.1,/mnt/d/5-NCBI-Reference/1-Bac/download/GCF_029760955.1/GCF_029760955.1.fasta,/mnt/d/5-NCBI-Reference/1-Bac/download/GCF_029760955.1/GCF_029760955.1.gff
GCF_029846675.1,WP_279952108.1,/mnt/d/5-NCBI-Reference/1-Bac/download/GCF_029846675.1/GCF_029846675.1.fasta,/mnt/d/5-NCBI-Reference/1-Bac/download/GCF_029846675.1/GCF_029846675.1.gff
GCF_029952525.1,WP_281455119.1,/mnt/d/5-NCBI-Reference/1-Bac/download/GCF_029952525.1/GCF_029952525.1.fasta,/mnt/d/5-NCBI-Reference/1-Bac/download/GCF_029952525.1/GCF_029952525.1.gff
GCF_029953285.1,WP_281473145.1,/mnt/d/5-NCBI-Reference/1-Bac/download/GCF_029953285.1/GCF_029953285.1.fasta,/mnt/d/5-NCBI-Reference/1-Bac/download/GCF_029953285.1/GCF_029953285.1.gff
GCF_029968015.1,WP_282538851.1,/mnt/d/5-NCBI-Reference/1-Bac/download/GCF_029968015.1/GCF_029968015.1.fasta,/mnt/d/5-NCBI-Reference/1-Bac/download/GCF_029968015.1/GCF_029968015.1.gff
GCF_029968035.1,WP_282542262.1,/mnt/d/5-NCBI-Reference/1-Bac/download/GCF_029968035.1/GCF_029968035.1.fasta,/mnt/d/5-NCBI-Reference/1-Bac/download/GCF_029968035.1/GCF_029968035.1.gff
GCF_029968095.1,WP_282513291.1,/mnt/d/5-NCBI-Reference/1-Bac/download/GCF_029968095.1/GCF_029968095.1.fasta,/mnt/d/5-NCBI-Reference/1-Bac/download/GCF_029968095.1/GCF_029968095.1.gff
GCF_030077645.1,WP_283897297.1,/mnt/d/5-NCBI-Reference/1-Bac/download/GCF_030077645.1/GCF_030077645.1.fasta,/mnt/d/5-NCBI-Reference/1-Bac/download/GCF_030077645.1/GCF_030077645.1.gff
GCF_030182635.1,WP_284744352.1,/mnt/d/5-NCBI-Reference/1-Bac/download/GCF_030182635.1/GCF_030182635.1.fasta,/mnt/d/5-NCBI-Reference/1-Bac/download/GCF_030182635.1/GCF_030182635.1.gff
GCF_030262575.1,WP_285431569.1,/mnt/d/5-NCBI-Reference/1-Bac/download/GCF_030262575.1/GCF_030262575.1.fasta,/mnt/d/5-NCBI-Reference/1-Bac/download/GCF_030262575.1/GCF_030262575.1.gff
GCF_030264295.1,WP_285459823.1,/mnt/d/5-NCBI-Reference/1-Bac/download/GCF_030264295.1/GCF_030264295.1.fasta,/mnt/d/5-NCBI-Reference/1-Bac/download/GCF_030264295.1/GCF_030264295.1.gff
GCF_030269445.1,WP_285630872.1,/mnt/d/5-NCBI-Reference/1-Bac/download/GCF_030269445.1/GCF_030269445.1.fasta,/mnt/d/5-NCBI-Reference/1-Bac/download/GCF_030269445.1/GCF_030269445.1.gff
GCF_030285625.1,WP_285968359.1,/mnt/d/5-NCBI-Reference/1-Bac/download/GCF_030285625.1/GCF_030285625.1.fasta,/mnt/d/5-NCBI-Reference/1-Bac/download/GCF_030285625.1/GCF_030285625.1.gff
GCF_030285665.1,WP_286002228.1,/mnt/d/5-NCBI-Reference/1-Bac/download/GCF_030285665.1/GCF_030285665.1.fasta,/mnt/d/5-NCBI-Reference/1-Bac/download/GCF_030285665.1/GCF_030285665.1.gff
GCF_030286555.1,WP_286053543.1,/mnt/d/5-NCBI-Reference/1-Bac/download/GCF_030286555.1/GCF_030286555.1.fasta,/mnt/d/5-NCBI-Reference/1-Bac/download/GCF_030286555.1/GCF_030286555.1.gff
GCF_030294945.1,WP_286260247.1,/mnt/d/5-NCBI-Reference/1-Bac/download/GCF_030294945.1/GCF_030294945.1.fasta,/mnt/d/5-NCBI-Reference/1-Bac/download/GCF_030294945.1/GCF_030294945.1.gff
GCF_030296615.1,WP_286344637.1,/mnt/d/5-NCBI-Reference/1-Bac/download/GCF_030296615.1/GCF_030296615.1.fasta,/mnt/d/5-NCBI-Reference/1-Bac/download/GCF_030296615.1/GCF_030296615.1.gff
GCF_030406905.1,WP_399011183.1,/mnt/d/5-NCBI-Reference/1-Bac/download/GCF_030406905.1/GCF_030406905.1.fasta,/mnt/d/5-NCBI-Reference/1-Bac/download/GCF_030406905.1/GCF_030406905.1.gff
GCF_030719215.1,WP_306104193.1,/mnt/d/5-NCBI-Reference/1-Bac/download/GCF_030719215.1/GCF_030719215.1.fasta,/mnt/d/5-NCBI-Reference/1-Bac/download/GCF_030719215.1/GCF_030719215.1.gff
GCF_030719255.1,WP_306083605.1,/mnt/d/5-NCBI-Reference/1-Bac/download/GCF_030719255.1/GCF_030719255.1.fasta,/mnt/d/5-NCBI-Reference/1-Bac/download/GCF_030719255.1/GCF_030719255.1.gff
GCF_030719275.1,WP_306090603.1,/mnt/d/5-NCBI-Reference/1-Bac/download/GCF_030719275.1/GCF_030719275.1.fasta,/mnt/d/5-NCBI-Reference/1-Bac/download/GCF_030719275.1/GCF_030719275.1.gff
GCF_030719295.1,WP_306059012.1,/mnt/d/5-NCBI-Reference/1-Bac/download/GCF_030719295.1/GCF_030719295.1.fasta,/mnt/d/5-NCBI-Reference/1-Bac/download/GCF_030719295.1/GCF_030719295.1.gff
GCF_030803725.1,WP_189420314.1,/mnt/d/5-NCBI-Reference/1-Bac/download/GCF_030803725.1/GCF_030803725.1.fasta,/mnt/d/5-NCBI-Reference/1-Bac/download/GCF_030803725.1/GCF_030803725.1.gff
GCF_030813815.1,WP_306906084.1,/mnt/d/5-NCBI-Reference/1-Bac/download/GCF_030813815.1/GCF_030813815.1.fasta,/mnt/d/5-NCBI-Reference/1-Bac/download/GCF_030813815.1/GCF_030813815.1.gff
GCF_030814215.1,WP_306992619.1,/mnt/d/5-NCBI-Reference/1-Bac/download/GCF_030814215.1/GCF_030814215.1.fasta,/mnt/d/5-NCBI-Reference/1-Bac/download/GCF_030814215.1/GCF_030814215.1.gff
GCF_030816955.1,WP_307175323.1,/mnt/d/5-NCBI-Reference/1-Bac/download/GCF_030816955.1/GCF_030816955.1.fasta,/mnt/d/5-NCBI-Reference/1-Bac/download/GCF_030816955.1/GCF_030816955.1.gff
GCF_030852425.1,WP_371320727.1,/mnt/d/5-NCBI-Reference/1-Bac/download/GCF_030852425.1/GCF_030852425.1.fasta,/mnt/d/5-NCBI-Reference/1-Bac/download/GCF_030852425.1/GCF_030852425.1.gff
GCF_030863865.1,WP_086876427.1,/mnt/d/5-NCBI-Reference/1-Bac/download/GCF_030863865.1/GCF_030863865.1.fasta,/mnt/d/5-NCBI-Reference/1-Bac/download/GCF_030863865.1/GCF_030863865.1.gff
GCF_030866805.1,WP_308493613.1,/mnt/d/5-NCBI-Reference/1-Bac/download/GCF_030866805.1/GCF_030866805.1.fasta,/mnt/d/5-NCBI-Reference/1-Bac/download/GCF_030866805.1/GCF_030866805.1.gff
GCF_030866825.1,WP_308466036.1,/mnt/d/5-NCBI-Reference/1-Bac/download/GCF_030866825.1/GCF_030866825.1.fasta,/mnt/d/5-NCBI-Reference/1-Bac/download/GCF_030866825.1/GCF_030866825.1.gff
GCF_031348265.1,WP_184846608.1,/mnt/d/5-NCBI-Reference/1-Bac/download/GCF_031348265.1/GCF_031348265.1.fasta,/mnt/d/5-NCBI-Reference/1-Bac/download/GCF_031348265.1/GCF_031348265.1.gff
GCF_031455225.1,WP_374726124.1,/mnt/d/5-NCBI-Reference/1-Bac/download/GCF_031455225.1/GCF_031455225.1.fasta,/mnt/d/5-NCBI-Reference/1-Bac/download/GCF_031455225.1/GCF_031455225.1.gff
GCF_031629165.1,WP_310948870.1,/mnt/d/5-NCBI-Reference/1-Bac/download/GCF_031629165.1/GCF_031629165.1.fasta,/mnt/d/5-NCBI-Reference/1-Bac/download/GCF_031629165.1/GCF_031629165.1.gff
GCF_031679605.1,WP_311039868.1,/mnt/d/5-NCBI-Reference/1-Bac/download/GCF_031679605.1/GCF_031679605.1.fasta,/mnt/d/5-NCBI-Reference/1-Bac/download/GCF_031679605.1/GCF_031679605.1.gff
GCF_031845305.1,WP_311423925.1,/mnt/d/5-NCBI-Reference/1-Bac/download/GCF_031845305.1/GCF_031845305.1.fasta,/mnt/d/5-NCBI-Reference/1-Bac/download/GCF_031845305.1/GCF_031845305.1.gff
GCF_031845325.1,WP_311345516.1,/mnt/d/5-NCBI-Reference/1-Bac/download/GCF_031845325.1/GCF_031845325.1.fasta,/mnt/d/5-NCBI-Reference/1-Bac/download/GCF_031845325.1/GCF_031845325.1.gff
GCF_031845345.1,WP_311554816.1,/mnt/d/5-NCBI-Reference/1-Bac/download/GCF_031845345.1/GCF_031845345.1.fasta,/mnt/d/5-NCBI-Reference/1-Bac/download/GCF_031845345.1/GCF_031845345.1.gff
GCF_031845365.1,WP_311703731.1,/mnt/d/5-NCBI-Reference/1-Bac/download/GCF_031845365.1/GCF_031845365.1.fasta,/mnt/d/5-NCBI-Reference/1-Bac/download/GCF_031845365.1/GCF_031845365.1.gff
GCF_031845425.1,WP_311596886.1,/mnt/d/5-NCBI-Reference/1-Bac/download/GCF_031845425.1/GCF_031845425.1.fasta,/mnt/d/5-NCBI-Reference/1-Bac/download/GCF_031845425.1/GCF_031845425.1.gff
GCF_031845445.1,WP_394814435.1,/mnt/d/5-NCBI-Reference/1-Bac/download/GCF_031845445.1/GCF_031845445.1.fasta,/mnt/d/5-NCBI-Reference/1-Bac/download/GCF_031845445.1/GCF_031845445.1.gff
GCF_031845485.1,WP_311671824.1,/mnt/d/5-NCBI-Reference/1-Bac/download/GCF_031845485.1/GCF_031845485.1.fasta,/mnt/d/5-NCBI-Reference/1-Bac/download/GCF_031845485.1/GCF_031845485.1.gff
GCF_031845505.1,WP_093828168.1,/mnt/d/5-NCBI-Reference/1-Bac/download/GCF_031845505.1/GCF_031845505.1.fasta,/mnt/d/5-NCBI-Reference/1-Bac/download/GCF_031845505.1/GCF_031845505.1.gff
GCF_031845545.1,WP_311686432.1,/mnt/d/5-NCBI-Reference/1-Bac/download/GCF_031845545.1/GCF_031845545.1.fasta,/mnt/d/5-NCBI-Reference/1-Bac/download/GCF_031845545.1/GCF_031845545.1.gff
GCF_031845565.1,WP_311617621.1,/mnt/d/5-NCBI-Reference/1-Bac/download/GCF_031845565.1/GCF_031845565.1.fasta,/mnt/d/5-NCBI-Reference/1-Bac/download/GCF_031845565.1/GCF_031845565.1.gff
GCF_031845585.1,WP_010267500.1,/mnt/d/5-NCBI-Reference/1-Bac/download/GCF_031845585.1/GCF_031845585.1.fasta,/mnt/d/5-NCBI-Reference/1-Bac/download/GCF_031845585.1/GCF_031845585.1.gff
GCF_031845605.1,WP_311661458.1,/mnt/d/5-NCBI-Reference/1-Bac/download/GCF_031845605.1/GCF_031845605.1.fasta,/mnt/d/5-NCBI-Reference/1-Bac/download/GCF_031845605.1/GCF_031845605.1.gff
GCF_031845645.1,WP_311719713.1,/mnt/d/5-NCBI-Reference/1-Bac/download/GCF_031845645.1/GCF_031845645.1.fasta,/mnt/d/5-NCBI-Reference/1-Bac/download/GCF_031845645.1/GCF_031845645.1.gff
GCF_031845665.1,WP_311692609.1,/mnt/d/5-NCBI-Reference/1-Bac/download/GCF_031845665.1/GCF_031845665.1.fasta,/mnt/d/5-NCBI-Reference/1-Bac/download/GCF_031845665.1/GCF_031845665.1.gff
GCF_031845685.1,WP_311648724.1,/mnt/d/5-NCBI-Reference/1-Bac/download/GCF_031845685.1/GCF_031845685.1.fasta,/mnt/d/5-NCBI-Reference/1-Bac/download/GCF_031845685.1/GCF_031845685.1.gff
GCF_031845725.1,WP_311626580.1,/mnt/d/5-NCBI-Reference/1-Bac/download/GCF_031845725.1/GCF_031845725.1.fasta,/mnt/d/5-NCBI-Reference/1-Bac/download/GCF_031845725.1/GCF_031845725.1.gff
GCF_031845745.1,WP_311636585.1,/mnt/d/5-NCBI-Reference/1-Bac/download/GCF_031845745.1/GCF_031845745.1.fasta,/mnt/d/5-NCBI-Reference/1-Bac/download/GCF_031845745.1/GCF_031845745.1.gff
GCF_031845765.1,WP_311602113.1,/mnt/d/5-NCBI-Reference/1-Bac/download/GCF_031845765.1/GCF_031845765.1.fasta,/mnt/d/5-NCBI-Reference/1-Bac/download/GCF_031845765.1/GCF_031845765.1.gff
GCF_031845785.1,WP_311611228.1,/mnt/d/5-NCBI-Reference/1-Bac/download/GCF_031845785.1/GCF_031845785.1.fasta,/mnt/d/5-NCBI-Reference/1-Bac/download/GCF_031845785.1/GCF_031845785.1.gff
GCF_031845825.1,WP_311574936.1,/mnt/d/5-NCBI-Reference/1-Bac/download/GCF_031845825.1/GCF_031845825.1.fasta,/mnt/d/5-NCBI-Reference/1-Bac/download/GCF_031845825.1/GCF_031845825.1.gff
GCF_031845845.1,WP_157856799.1,/mnt/d/5-NCBI-Reference/1-Bac/download/GCF_031845845.1/GCF_031845845.1.fasta,/mnt/d/5-NCBI-Reference/1-Bac/download/GCF_031845845.1/GCF_031845845.1.gff
GCF_031845865.1,WP_311729728.1,/mnt/d/5-NCBI-Reference/1-Bac/download/GCF_031845865.1/GCF_031845865.1.fasta,/mnt/d/5-NCBI-Reference/1-Bac/download/GCF_031845865.1/GCF_031845865.1.gff
GCF_032248595.1,WP_314175629.1,/mnt/d/5-NCBI-Reference/1-Bac/download/GCF_032248595.1/GCF_032248595.1.fasta,/mnt/d/5-NCBI-Reference/1-Bac/download/GCF_032248595.1/GCF_032248595.1.gff
GCF_032248615.1,WP_314616198.1,/mnt/d/5-NCBI-Reference/1-Bac/download/GCF_032248615.1/GCF_032248615.1.fasta,/mnt/d/5-NCBI-Reference/1-Bac/download/GCF_032248615.1/GCF_032248615.1.gff
GCF_032248635.1,WP_314252525.1,/mnt/d/5-NCBI-Reference/1-Bac/download/GCF_032248635.1/GCF_032248635.1.fasta,/mnt/d/5-NCBI-Reference/1-Bac/download/GCF_032248635.1/GCF_032248635.1.gff
GCF_032248645.1,WP_314223099.1,/mnt/d/5-NCBI-Reference/1-Bac/download/GCF_032248645.1/GCF_032248645.1.fasta,/mnt/d/5-NCBI-Reference/1-Bac/download/GCF_032248645.1/GCF_032248645.1.gff
GCF_032248675.1,WP_314412126.1,/mnt/d/5-NCBI-Reference/1-Bac/download/GCF_032248675.1/GCF_032248675.1.fasta,/mnt/d/5-NCBI-Reference/1-Bac/download/GCF_032248675.1/GCF_032248675.1.gff
GCF_032423885.1,WP_315876148.1,/mnt/d/5-NCBI-Reference/1-Bac/download/GCF_032423885.1/GCF_032423885.1.fasta,/mnt/d/5-NCBI-Reference/1-Bac/download/GCF_032423885.1/GCF_032423885.1.gff
GCF_032654805.1,WP_316529154.1,/mnt/d/5-NCBI-Reference/1-Bac/download/GCF_032654805.1/GCF_032654805.1.fasta,/mnt/d/5-NCBI-Reference/1-Bac/download/GCF_032654805.1/GCF_032654805.1.gff
GCF_032656385.1,WP_218719944.1,/mnt/d/5-NCBI-Reference/1-Bac/download/GCF_032656385.1/GCF_032656385.1.fasta,/mnt/d/5-NCBI-Reference/1-Bac/download/GCF_032656385.1/GCF_032656385.1.gff
GCF_032656585.1,WP_316754183.1,/mnt/d/5-NCBI-Reference/1-Bac/download/GCF_032656585.1/GCF_032656585.1.fasta,/mnt/d/5-NCBI-Reference/1-Bac/download/GCF_032656585.1/GCF_032656585.1.gff
GCF_032656605.1,WP_316776212.1,/mnt/d/5-NCBI-Reference/1-Bac/download/GCF_032656605.1/GCF_032656605.1.fasta,/mnt/d/5-NCBI-Reference/1-Bac/download/GCF_032656605.1/GCF_032656605.1.gff
GCF_033042195.1,WP_394855344.1,/mnt/d/5-NCBI-Reference/1-Bac/download/GCF_033042195.1/GCF_033042195.1.fasta,/mnt/d/5-NCBI-Reference/1-Bac/download/GCF_033042195.1/GCF_033042195.1.gff
GCF_033042225.1,WP_317548506.1,/mnt/d/5-NCBI-Reference/1-Bac/download/GCF_033042225.1/GCF_033042225.1.fasta,/mnt/d/5-NCBI-Reference/1-Bac/download/GCF_033042225.1/GCF_033042225.1.gff
GCF_033109485.1,WP_317821023.1,/mnt/d/5-NCBI-Reference/1-Bac/download/GCF_033109485.1/GCF_033109485.1.fasta,/mnt/d/5-NCBI-Reference/1-Bac/download/GCF_033109485.1/GCF_033109485.1.gff
GCF_033343995.1,WP_318106708.1,/mnt/d/5-NCBI-Reference/1-Bac/download/GCF_033343995.1/GCF_033343995.1.fasta,/mnt/d/5-NCBI-Reference/1-Bac/download/GCF_033343995.1/GCF_033343995.1.gff
GCF_033406955.1,WP_189283095.1,/mnt/d/5-NCBI-Reference/1-Bac/download/GCF_033406955.1/GCF_033406955.1.fasta,/mnt/d/5-NCBI-Reference/1-Bac/download/GCF_033406955.1/GCF_033406955.1.gff
GCF_033794345.1,WP_319731283.1,/mnt/d/5-NCBI-Reference/1-Bac/download/GCF_033794345.1/GCF_033794345.1.fasta,/mnt/d/5-NCBI-Reference/1-Bac/download/GCF_033794345.1/GCF_033794345.1.gff
GCF_033794965.1,WP_044473800.1,/mnt/d/5-NCBI-Reference/1-Bac/download/GCF_033794965.1/GCF_033794965.1.fasta,/mnt/d/5-NCBI-Reference/1-Bac/download/GCF_033794965.1/GCF_033794965.1.gff
GCF_033949925.1,WP_319988946.1,/mnt/d/5-NCBI-Reference/1-Bac/download/GCF_033949925.1/GCF_033949925.1.fasta,/mnt/d/5-NCBI-Reference/1-Bac/download/GCF_033949925.1/GCF_033949925.1.gff
GCF_033949945.1,WP_319966302.1,/mnt/d/5-NCBI-Reference/1-Bac/download/GCF_033949945.1/GCF_033949945.1.fasta,/mnt/d/5-NCBI-Reference/1-Bac/download/GCF_033949945.1/GCF_033949945.1.gff
GCF_033949975.1,WP_319975270.1,/mnt/d/5-NCBI-Reference/1-Bac/download/GCF_033949975.1/GCF_033949975.1.fasta,/mnt/d/5-NCBI-Reference/1-Bac/download/GCF_033949975.1/GCF_033949975.1.gff
GCF_034929455.1,WP_323323166.1,/mnt/d/5-NCBI-Reference/1-Bac/download/GCF_034929455.1/GCF_034929455.1.fasta,/mnt/d/5-NCBI-Reference/1-Bac/download/GCF_034929455.1/GCF_034929455.1.gff
GCF_034961445.1,WP_323445714.1,/mnt/d/5-NCBI-Reference/1-Bac/download/GCF_034961445.1/GCF_034961445.1.fasta,/mnt/d/5-NCBI-Reference/1-Bac/download/GCF_034961445.1/GCF_034961445.1.gff
GCF_035320975.1,WP_324265746.1,/mnt/d/5-NCBI-Reference/1-Bac/download/GCF_035320975.1/GCF_035320975.1.fasta,/mnt/d/5-NCBI-Reference/1-Bac/download/GCF_035320975.1/GCF_035320975.1.gff
GCF_035544775.1,WP_195082089.1,/mnt/d/5-NCBI-Reference/1-Bac/download/GCF_035544775.1/GCF_035544775.1.fasta,/mnt/d/5-NCBI-Reference/1-Bac/download/GCF_035544775.1/GCF_035544775.1.gff
GCF_035798155.1,WP_326015000.1,/mnt/d/5-NCBI-Reference/1-Bac/download/GCF_035798155.1/GCF_035798155.1.fasta,/mnt/d/5-NCBI-Reference/1-Bac/download/GCF_035798155.1/GCF_035798155.1.gff
GCF_035917595.1,WP_326612191.1,/mnt/d/5-NCBI-Reference/1-Bac/download/GCF_035917595.1/GCF_035917595.1.fasta,/mnt/d/5-NCBI-Reference/1-Bac/download/GCF_035917595.1/GCF_035917595.1.gff
GCF_035917655.1,WP_193485127.1,/mnt/d/5-NCBI-Reference/1-Bac/download/GCF_035917655.1/GCF_035917655.1.fasta,/mnt/d/5-NCBI-Reference/1-Bac/download/GCF_035917655.1/GCF_035917655.1.gff
GCF_035918035.1,WP_326752864.1,/mnt/d/5-NCBI-Reference/1-Bac/download/GCF_035918035.1/GCF_035918035.1.fasta,/mnt/d/5-NCBI-Reference/1-Bac/download/GCF_035918035.1/GCF_035918035.1.gff
GCF_035918135.1,WP_326581410.1,/mnt/d/5-NCBI-Reference/1-Bac/download/GCF_035918135.1/GCF_035918135.1.fasta,/mnt/d/5-NCBI-Reference/1-Bac/download/GCF_035918135.1/GCF_035918135.1.gff
GCF_035918295.1,WP_326834464.1,/mnt/d/5-NCBI-Reference/1-Bac/download/GCF_035918295.1/GCF_035918295.1.fasta,/mnt/d/5-NCBI-Reference/1-Bac/download/GCF_035918295.1/GCF_035918295.1.gff
GCF_035957715.1,WP_327395549.1,/mnt/d/5-NCBI-Reference/1-Bac/download/GCF_035957715.1/GCF_035957715.1.fasta,/mnt/d/5-NCBI-Reference/1-Bac/download/GCF_035957715.1/GCF_035957715.1.gff
GCF_036010405.1,WP_266271691.1,/mnt/d/5-NCBI-Reference/1-Bac/download/GCF_036010405.1/GCF_036010405.1.fasta,/mnt/d/5-NCBI-Reference/1-Bac/download/GCF_036010405.1/GCF_036010405.1.gff
GCF_036014075.1,WP_328413841.1,/mnt/d/5-NCBI-Reference/1-Bac/download/GCF_036014075.1/GCF_036014075.1.fasta,/mnt/d/5-NCBI-Reference/1-Bac/download/GCF_036014075.1/GCF_036014075.1.gff
GCF_036035005.1,WP_328491125.1,/mnt/d/5-NCBI-Reference/1-Bac/download/GCF_036035005.1/GCF_036035005.1.fasta,/mnt/d/5-NCBI-Reference/1-Bac/download/GCF_036035005.1/GCF_036035005.1.gff
GCF_036051655.1,WP_324195149.1,/mnt/d/5-NCBI-Reference/1-Bac/download/GCF_036051655.1/GCF_036051655.1.fasta,/mnt/d/5-NCBI-Reference/1-Bac/download/GCF_036051655.1/GCF_036051655.1.gff
GCF_036073155.1,WP_107308756.1,/mnt/d/5-NCBI-Reference/1-Bac/download/GCF_036073155.1/GCF_036073155.1.fasta,/mnt/d/5-NCBI-Reference/1-Bac/download/GCF_036073155.1/GCF_036073155.1.gff
GCF_036142455.1,WP_328656868.1,/mnt/d/5-NCBI-Reference/1-Bac/download/GCF_036142455.1/GCF_036142455.1.fasta,/mnt/d/5-NCBI-Reference/1-Bac/download/GCF_036142455.1/GCF_036142455.1.gff
GCF_036170895.1,WP_328740003.1,/mnt/d/5-NCBI-Reference/1-Bac/download/GCF_036170895.1/GCF_036170895.1.fasta,/mnt/d/5-NCBI-Reference/1-Bac/download/GCF_036170895.1/GCF_036170895.1.gff
GCF_036172715.1,WP_328736211.1,/mnt/d/5-NCBI-Reference/1-Bac/download/GCF_036172715.1/GCF_036172715.1.fasta,/mnt/d/5-NCBI-Reference/1-Bac/download/GCF_036172715.1/GCF_036172715.1.gff
GCF_036177905.1,WP_328782552.1,/mnt/d/5-NCBI-Reference/1-Bac/download/GCF_036177905.1/GCF_036177905.1.fasta,/mnt/d/5-NCBI-Reference/1-Bac/download/GCF_036177905.1/GCF_036177905.1.gff
GCF_036178885.1,WP_328742118.1,/mnt/d/5-NCBI-Reference/1-Bac/download/GCF_036178885.1/GCF_036178885.1.fasta,/mnt/d/5-NCBI-Reference/1-Bac/download/GCF_036178885.1/GCF_036178885.1.gff
GCF_036189845.1,WP_328921915.1,/mnt/d/5-NCBI-Reference/1-Bac/download/GCF_036189845.1/GCF_036189845.1.fasta,/mnt/d/5-NCBI-Reference/1-Bac/download/GCF_036189845.1/GCF_036189845.1.gff
GCF_036204065.1,WP_328938469.1,/mnt/d/5-NCBI-Reference/1-Bac/download/GCF_036204065.1/GCF_036204065.1.fasta,/mnt/d/5-NCBI-Reference/1-Bac/download/GCF_036204065.1/GCF_036204065.1.gff
GCF_036227585.1,WP_329144981.1,/mnt/d/5-NCBI-Reference/1-Bac/download/GCF_036227585.1/GCF_036227585.1.fasta,/mnt/d/5-NCBI-Reference/1-Bac/download/GCF_036227585.1/GCF_036227585.1.gff
GCF_036240075.1,WP_014156167.1,/mnt/d/5-NCBI-Reference/1-Bac/download/GCF_036240075.1/GCF_036240075.1.fasta,/mnt/d/5-NCBI-Reference/1-Bac/download/GCF_036240075.1/GCF_036240075.1.gff
GCF_036243155.1,WP_413230108.1,/mnt/d/5-NCBI-Reference/1-Bac/download/GCF_036243155.1/GCF_036243155.1.fasta,/mnt/d/5-NCBI-Reference/1-Bac/download/GCF_036243155.1/GCF_036243155.1.gff
GCF_036250755.1,WP_329564021.1,/mnt/d/5-NCBI-Reference/1-Bac/download/GCF_036250755.1/GCF_036250755.1.fasta,/mnt/d/5-NCBI-Reference/1-Bac/download/GCF_036250755.1/GCF_036250755.1.gff
GCF_036287475.1,WP_106974526.1,/mnt/d/5-NCBI-Reference/1-Bac/download/GCF_036287475.1/GCF_036287475.1.fasta,/mnt/d/5-NCBI-Reference/1-Bac/download/GCF_036287475.1/GCF_036287475.1.gff
GCF_036327435.1,WP_330154349.1,/mnt/d/5-NCBI-Reference/1-Bac/download/GCF_036327435.1/GCF_036327435.1.fasta,/mnt/d/5-NCBI-Reference/1-Bac/download/GCF_036327435.1/GCF_036327435.1.gff
GCF_036327795.1,WP_330136346.1,/mnt/d/5-NCBI-Reference/1-Bac/download/GCF_036327795.1/GCF_036327795.1.fasta,/mnt/d/5-NCBI-Reference/1-Bac/download/GCF_036327795.1/GCF_036327795.1.gff
GCF_036345035.1,WP_330326207.1,/mnt/d/5-NCBI-Reference/1-Bac/download/GCF_036345035.1/GCF_036345035.1.fasta,/mnt/d/5-NCBI-Reference/1-Bac/download/GCF_036345035.1/GCF_036345035.1.gff
GCF_036345975.1,WP_319100344.1,/mnt/d/5-NCBI-Reference/1-Bac/download/GCF_036345975.1/GCF_036345975.1.fasta,/mnt/d/5-NCBI-Reference/1-Bac/download/GCF_036345975.1/GCF_036345975.1.gff
GCF_036346855.1,WP_327743874.1,/mnt/d/5-NCBI-Reference/1-Bac/download/GCF_036346855.1/GCF_036346855.1.fasta,/mnt/d/5-NCBI-Reference/1-Bac/download/GCF_036346855.1/GCF_036346855.1.gff
GCF_036350515.1,WP_431309107.1,/mnt/d/5-NCBI-Reference/1-Bac/download/GCF_036350515.1/GCF_036350515.1.fasta,/mnt/d/5-NCBI-Reference/1-Bac/download/GCF_036350515.1/GCF_036350515.1.gff
GCF_036352915.1,WP_330821682.1,/mnt/d/5-NCBI-Reference/1-Bac/download/GCF_036352915.1/GCF_036352915.1.fasta,/mnt/d/5-NCBI-Reference/1-Bac/download/GCF_036352915.1/GCF_036352915.1.gff
GCF_036353415.1,WP_330794009.1,/mnt/d/5-NCBI-Reference/1-Bac/download/GCF_036353415.1/GCF_036353415.1.fasta,/mnt/d/5-NCBI-Reference/1-Bac/download/GCF_036353415.1/GCF_036353415.1.gff
GCF_036689765.1,WP_332884889.1,/mnt/d/5-NCBI-Reference/1-Bac/download/GCF_036689765.1/GCF_036689765.1.fasta,/mnt/d/5-NCBI-Reference/1-Bac/download/GCF_036689765.1/GCF_036689765.1.gff
GCF_036898485.1,WP_319225178.1,/mnt/d/5-NCBI-Reference/1-Bac/download/GCF_036898485.1/GCF_036898485.1.fasta,/mnt/d/5-NCBI-Reference/1-Bac/download/GCF_036898485.1/GCF_036898485.1.gff
GCF_036967205.1,WP_338696724.1,/mnt/d/5-NCBI-Reference/1-Bac/download/GCF_036967205.1/GCF_036967205.1.fasta,/mnt/d/5-NCBI-Reference/1-Bac/download/GCF_036967205.1/GCF_036967205.1.gff
GCF_037083825.1,WP_336404000.1,/mnt/d/5-NCBI-Reference/1-Bac/download/GCF_037083825.1/GCF_037083825.1.fasta,/mnt/d/5-NCBI-Reference/1-Bac/download/GCF_037083825.1/GCF_037083825.1.gff
GCF_037083865.1,WP_225232155.1,/mnt/d/5-NCBI-Reference/1-Bac/download/GCF_037083865.1/GCF_037083865.1.fasta,/mnt/d/5-NCBI-Reference/1-Bac/download/GCF_037083865.1/GCF_037083865.1.gff
GCF_037327425.1,WP_338886166.1,/mnt/d/5-NCBI-Reference/1-Bac/download/GCF_037327425.1/GCF_037327425.1.fasta,/mnt/d/5-NCBI-Reference/1-Bac/download/GCF_037327425.1/GCF_037327425.1.gff
GCF_037400275.1,WP_337712328.1,/mnt/d/5-NCBI-Reference/1-Bac/download/GCF_037400275.1/GCF_037400275.1.fasta,/mnt/d/5-NCBI-Reference/1-Bac/download/GCF_037400275.1/GCF_037400275.1.gff
GCF_037400335.1,WP_337705736.1,/mnt/d/5-NCBI-Reference/1-Bac/download/GCF_037400335.1/GCF_037400335.1.fasta,/mnt/d/5-NCBI-Reference/1-Bac/download/GCF_037400335.1/GCF_037400335.1.gff
GCF_037401875.1,WP_337695371.1,/mnt/d/5-NCBI-Reference/1-Bac/download/GCF_037401875.1/GCF_037401875.1.fasta,/mnt/d/5-NCBI-Reference/1-Bac/download/GCF_037401875.1/GCF_037401875.1.gff
GCF_037414505.1,WP_338931376.1,/mnt/d/5-NCBI-Reference/1-Bac/download/GCF_037414505.1/GCF_037414505.1.fasta,/mnt/d/5-NCBI-Reference/1-Bac/download/GCF_037414505.1/GCF_037414505.1.gff
GCF_037727765.1,WP_340294754.1,/mnt/d/5-NCBI-Reference/1-Bac/download/GCF_037727765.1/GCF_037727765.1.fasta,/mnt/d/5-NCBI-Reference/1-Bac/download/GCF_037727765.1/GCF_037727765.1.gff
GCF_037860615.1,WP_340369499.1,/mnt/d/5-NCBI-Reference/1-Bac/download/GCF_037860615.1/GCF_037860615.1.fasta,/mnt/d/5-NCBI-Reference/1-Bac/download/GCF_037860615.1/GCF_037860615.1.gff
GCF_037892235.1,WP_340473197.1,/mnt/d/5-NCBI-Reference/1-Bac/download/GCF_037892235.1/GCF_037892235.1.fasta,/mnt/d/5-NCBI-Reference/1-Bac/download/GCF_037892235.1/GCF_037892235.1.gff
GCF_038024885.1,WP_066165658.1,/mnt/d/5-NCBI-Reference/1-Bac/download/GCF_038024885.1/GCF_038024885.1.fasta,/mnt/d/5-NCBI-Reference/1-Bac/download/GCF_038024885.1/GCF_038024885.1.gff
GCF_038069675.1,WP_341442976.1,/mnt/d/5-NCBI-Reference/1-Bac/download/GCF_038069675.1/GCF_038069675.1.fasta,/mnt/d/5-NCBI-Reference/1-Bac/download/GCF_038069675.1/GCF_038069675.1.gff
GCF_039521145.1,WP_343935790.1,/mnt/d/5-NCBI-Reference/1-Bac/download/GCF_039521145.1/GCF_039521145.1.fasta,/mnt/d/5-NCBI-Reference/1-Bac/download/GCF_039521145.1/GCF_039521145.1.gff
GCF_039521165.1,WP_344156450.1,/mnt/d/5-NCBI-Reference/1-Bac/download/GCF_039521165.1/GCF_039521165.1.fasta,/mnt/d/5-NCBI-Reference/1-Bac/download/GCF_039521165.1/GCF_039521165.1.gff
GCF_039521225.1,WP_346097933.1,/mnt/d/5-NCBI-Reference/1-Bac/download/GCF_039521225.1/GCF_039521225.1.fasta,/mnt/d/5-NCBI-Reference/1-Bac/download/GCF_039521225.1/GCF_039521225.1.gff
GCF_039521245.1,WP_346161596.1,/mnt/d/5-NCBI-Reference/1-Bac/download/GCF_039521245.1/GCF_039521245.1.fasta,/mnt/d/5-NCBI-Reference/1-Bac/download/GCF_039521245.1/GCF_039521245.1.gff
GCF_039521265.1,WP_344076959.1,/mnt/d/5-NCBI-Reference/1-Bac/download/GCF_039521265.1/GCF_039521265.1.fasta,/mnt/d/5-NCBI-Reference/1-Bac/download/GCF_039521265.1/GCF_039521265.1.gff
GCF_039524635.1,WP_344000601.1,/mnt/d/5-NCBI-Reference/1-Bac/download/GCF_039524635.1/GCF_039524635.1.fasta,/mnt/d/5-NCBI-Reference/1-Bac/download/GCF_039524635.1/GCF_039524635.1.gff
GCF_039524755.1,WP_344654227.1,/mnt/d/5-NCBI-Reference/1-Bac/download/GCF_039524755.1/GCF_039524755.1.fasta,/mnt/d/5-NCBI-Reference/1-Bac/download/GCF_039524755.1/GCF_039524755.1.gff
GCF_039524935.1,WP_344092613.1,/mnt/d/5-NCBI-Reference/1-Bac/download/GCF_039524935.1/GCF_039524935.1.fasta,/mnt/d/5-NCBI-Reference/1-Bac/download/GCF_039524935.1/GCF_039524935.1.gff
GCF_039524975.1,WP_346072718.1,/mnt/d/5-NCBI-Reference/1-Bac/download/GCF_039524975.1/GCF_039524975.1.fasta,/mnt/d/5-NCBI-Reference/1-Bac/download/GCF_039524975.1/GCF_039524975.1.gff
GCF_039525155.1,WP_344051811.1,/mnt/d/5-NCBI-Reference/1-Bac/download/GCF_039525155.1/GCF_039525155.1.fasta,/mnt/d/5-NCBI-Reference/1-Bac/download/GCF_039525155.1/GCF_039525155.1.gff
GCF_039525705.1,WP_346071938.1,/mnt/d/5-NCBI-Reference/1-Bac/download/GCF_039525705.1/GCF_039525705.1.fasta,/mnt/d/5-NCBI-Reference/1-Bac/download/GCF_039525705.1/GCF_039525705.1.gff
GCF_039525725.1,WP_344272284.1,/mnt/d/5-NCBI-Reference/1-Bac/download/GCF_039525725.1/GCF_039525725.1.fasta,/mnt/d/5-NCBI-Reference/1-Bac/download/GCF_039525725.1/GCF_039525725.1.gff
GCF_039526425.1,WP_344008981.1,/mnt/d/5-NCBI-Reference/1-Bac/download/GCF_039526425.1/GCF_039526425.1.fasta,/mnt/d/5-NCBI-Reference/1-Bac/download/GCF_039526425.1/GCF_039526425.1.gff
GCF_039526725.1,WP_343970221.1,/mnt/d/5-NCBI-Reference/1-Bac/download/GCF_039526725.1/GCF_039526725.1.fasta,/mnt/d/5-NCBI-Reference/1-Bac/download/GCF_039526725.1/GCF_039526725.1.gff
GCF_039526835.1,WP_206966596.1,/mnt/d/5-NCBI-Reference/1-Bac/download/GCF_039526835.1/GCF_039526835.1.fasta,/mnt/d/5-NCBI-Reference/1-Bac/download/GCF_039526835.1/GCF_039526835.1.gff
GCF_039526905.1,WP_425563694.1,/mnt/d/5-NCBI-Reference/1-Bac/download/GCF_039526905.1/GCF_039526905.1.fasta,/mnt/d/5-NCBI-Reference/1-Bac/download/GCF_039526905.1/GCF_039526905.1.gff
GCF_039527585.1,WP_344040189.1,/mnt/d/5-NCBI-Reference/1-Bac/download/GCF_039527585.1/GCF_039527585.1.fasta,/mnt/d/5-NCBI-Reference/1-Bac/download/GCF_039527585.1/GCF_039527585.1.gff
GCF_039527695.1,WP_344345458.1,/mnt/d/5-NCBI-Reference/1-Bac/download/GCF_039527695.1/GCF_039527695.1.fasta,/mnt/d/5-NCBI-Reference/1-Bac/download/GCF_039527695.1/GCF_039527695.1.gff
GCF_039527835.1,WP_344389130.1,/mnt/d/5-NCBI-Reference/1-Bac/download/GCF_039527835.1/GCF_039527835.1.fasta,/mnt/d/5-NCBI-Reference/1-Bac/download/GCF_039527835.1/GCF_039527835.1.gff
GCF_039527935.1,WP_344275290.1,/mnt/d/5-NCBI-Reference/1-Bac/download/GCF_039527935.1/GCF_039527935.1.fasta,/mnt/d/5-NCBI-Reference/1-Bac/download/GCF_039527935.1/GCF_039527935.1.gff
GCF_039528095.1,WP_344627791.1,/mnt/d/5-NCBI-Reference/1-Bac/download/GCF_039528095.1/GCF_039528095.1.fasta,/mnt/d/5-NCBI-Reference/1-Bac/download/GCF_039528095.1/GCF_039528095.1.gff
GCF_039528135.1,WP_344445636.1,/mnt/d/5-NCBI-Reference/1-Bac/download/GCF_039528135.1/GCF_039528135.1.fasta,/mnt/d/5-NCBI-Reference/1-Bac/download/GCF_039528135.1/GCF_039528135.1.gff
GCF_039528515.1,WP_344128940.1,/mnt/d/5-NCBI-Reference/1-Bac/download/GCF_039528515.1/GCF_039528515.1.fasta,/mnt/d/5-NCBI-Reference/1-Bac/download/GCF_039528515.1/GCF_039528515.1.gff
GCF_039529215.1,WP_344259459.1,/mnt/d/5-NCBI-Reference/1-Bac/download/GCF_039529215.1/GCF_039529215.1.fasta,/mnt/d/5-NCBI-Reference/1-Bac/download/GCF_039529215.1/GCF_039529215.1.gff
GCF_039529395.1,WP_138903381.1,/mnt/d/5-NCBI-Reference/1-Bac/download/GCF_039529395.1/GCF_039529395.1.fasta,/mnt/d/5-NCBI-Reference/1-Bac/download/GCF_039529395.1/GCF_039529395.1.gff
GCF_039529415.1,WP_312845887.1,/mnt/d/5-NCBI-Reference/1-Bac/download/GCF_039529415.1/GCF_039529415.1.fasta,/mnt/d/5-NCBI-Reference/1-Bac/download/GCF_039529415.1/GCF_039529415.1.gff
GCF_039529815.1,WP_344419751.1,/mnt/d/5-NCBI-Reference/1-Bac/download/GCF_039529815.1/GCF_039529815.1.fasta,/mnt/d/5-NCBI-Reference/1-Bac/download/GCF_039529815.1/GCF_039529815.1.gff
GCF_039529885.1,WP_019435695.1,/mnt/d/5-NCBI-Reference/1-Bac/download/GCF_039529885.1/GCF_039529885.1.fasta,/mnt/d/5-NCBI-Reference/1-Bac/download/GCF_039529885.1/GCF_039529885.1.gff
GCF_039529925.1,WP_344558101.1,/mnt/d/5-NCBI-Reference/1-Bac/download/GCF_039529925.1/GCF_039529925.1.fasta,/mnt/d/5-NCBI-Reference/1-Bac/download/GCF_039529925.1/GCF_039529925.1.gff
GCF_039529945.1,WP_344468996.1,/mnt/d/5-NCBI-Reference/1-Bac/download/GCF_039529945.1/GCF_039529945.1.fasta,/mnt/d/5-NCBI-Reference/1-Bac/download/GCF_039529945.1/GCF_039529945.1.gff
GCF_039530165.1,WP_253656489.1,/mnt/d/5-NCBI-Reference/1-Bac/download/GCF_039530165.1/GCF_039530165.1.fasta,/mnt/d/5-NCBI-Reference/1-Bac/download/GCF_039530165.1/GCF_039530165.1.gff
GCF_039530525.1,WP_059249676.1,/mnt/d/5-NCBI-Reference/1-Bac/download/GCF_039530525.1/GCF_039530525.1.fasta,/mnt/d/5-NCBI-Reference/1-Bac/download/GCF_039530525.1/GCF_039530525.1.gff
GCF_039530985.1,WP_344531937.1,/mnt/d/5-NCBI-Reference/1-Bac/download/GCF_039530985.1/GCF_039530985.1.fasta,/mnt/d/5-NCBI-Reference/1-Bac/download/GCF_039530985.1/GCF_039530985.1.gff
GCF_039531005.1,WP_344289516.1,/mnt/d/5-NCBI-Reference/1-Bac/download/GCF_039531005.1/GCF_039531005.1.fasta,/mnt/d/5-NCBI-Reference/1-Bac/download/GCF_039531005.1/GCF_039531005.1.gff
GCF_039531635.1,WP_344427533.1,/mnt/d/5-NCBI-Reference/1-Bac/download/GCF_039531635.1/GCF_039531635.1.fasta,/mnt/d/5-NCBI-Reference/1-Bac/download/GCF_039531635.1/GCF_039531635.1.gff
GCF_039531695.1,WP_425559340.1,/mnt/d/5-NCBI-Reference/1-Bac/download/GCF_039531695.1/GCF_039531695.1.fasta,/mnt/d/5-NCBI-Reference/1-Bac/download/GCF_039531695.1/GCF_039531695.1.gff
GCF_039531955.1,WP_344131294.1,/mnt/d/5-NCBI-Reference/1-Bac/download/GCF_039531955.1/GCF_039531955.1.fasta,/mnt/d/5-NCBI-Reference/1-Bac/download/GCF_039531955.1/GCF_039531955.1.gff
GCF_039531975.1,WP_346075748.1,/mnt/d/5-NCBI-Reference/1-Bac/download/GCF_039531975.1/GCF_039531975.1.fasta,/mnt/d/5-NCBI-Reference/1-Bac/download/GCF_039531975.1/GCF_039531975.1.gff
GCF_039532135.1,WP_344566653.1,/mnt/d/5-NCBI-Reference/1-Bac/download/GCF_039532135.1/GCF_039532135.1.fasta,/mnt/d/5-NCBI-Reference/1-Bac/download/GCF_039532135.1/GCF_039532135.1.gff
GCF_039532155.1,WP_344576006.1,/mnt/d/5-NCBI-Reference/1-Bac/download/GCF_039532155.1/GCF_039532155.1.fasta,/mnt/d/5-NCBI-Reference/1-Bac/download/GCF_039532155.1/GCF_039532155.1.gff
GCF_039532665.1,WP_344474110.1,/mnt/d/5-NCBI-Reference/1-Bac/download/GCF_039532665.1/GCF_039532665.1.fasta,/mnt/d/5-NCBI-Reference/1-Bac/download/GCF_039532665.1/GCF_039532665.1.gff
GCF_039532705.1,WP_346174537.1,/mnt/d/5-NCBI-Reference/1-Bac/download/GCF_039532705.1/GCF_039532705.1.fasta,/mnt/d/5-NCBI-Reference/1-Bac/download/GCF_039532705.1/GCF_039532705.1.gff
GCF_039532725.1,WP_346138159.1,/mnt/d/5-NCBI-Reference/1-Bac/download/GCF_039532725.1/GCF_039532725.1.fasta,/mnt/d/5-NCBI-Reference/1-Bac/download/GCF_039532725.1/GCF_039532725.1.gff
GCF_039532745.1,WP_344420505.1,/mnt/d/5-NCBI-Reference/1-Bac/download/GCF_039532745.1/GCF_039532745.1.fasta,/mnt/d/5-NCBI-Reference/1-Bac/download/GCF_039532745.1/GCF_039532745.1.gff
GCF_039532765.1,WP_344402739.1,/mnt/d/5-NCBI-Reference/1-Bac/download/GCF_039532765.1/GCF_039532765.1.fasta,/mnt/d/5-NCBI-Reference/1-Bac/download/GCF_039532765.1/GCF_039532765.1.gff
GCF_039532825.1,WP_344396410.1,/mnt/d/5-NCBI-Reference/1-Bac/download/GCF_039532825.1/GCF_039532825.1.fasta,/mnt/d/5-NCBI-Reference/1-Bac/download/GCF_039532825.1/GCF_039532825.1.gff
GCF_039532845.1,WP_003976037.1,/mnt/d/5-NCBI-Reference/1-Bac/download/GCF_039532845.1/GCF_039532845.1.fasta,/mnt/d/5-NCBI-Reference/1-Bac/download/GCF_039532845.1/GCF_039532845.1.gff
GCF_039532885.1,WP_344353824.1,/mnt/d/5-NCBI-Reference/1-Bac/download/GCF_039532885.1/GCF_039532885.1.fasta,/mnt/d/5-NCBI-Reference/1-Bac/download/GCF_039532885.1/GCF_039532885.1.gff
GCF_039532905.1,WP_229821006.1,/mnt/d/5-NCBI-Reference/1-Bac/download/GCF_039532905.1/GCF_039532905.1.fasta,/mnt/d/5-NCBI-Reference/1-Bac/download/GCF_039532905.1/GCF_039532905.1.gff
GCF_039532925.1,WP_344594310.1,/mnt/d/5-NCBI-Reference/1-Bac/download/GCF_039532925.1/GCF_039532925.1.fasta,/mnt/d/5-NCBI-Reference/1-Bac/download/GCF_039532925.1/GCF_039532925.1.gff
GCF_039532945.1,WP_344410937.1,/mnt/d/5-NCBI-Reference/1-Bac/download/GCF_039532945.1/GCF_039532945.1.fasta,/mnt/d/5-NCBI-Reference/1-Bac/download/GCF_039532945.1/GCF_039532945.1.gff
GCF_039532965.1,WP_344378831.1,/mnt/d/5-NCBI-Reference/1-Bac/download/GCF_039532965.1/GCF_039532965.1.fasta,/mnt/d/5-NCBI-Reference/1-Bac/download/GCF_039532965.1/GCF_039532965.1.gff
GCF_039532985.1,WP_344355984.1,/mnt/d/5-NCBI-Reference/1-Bac/download/GCF_039532985.1/GCF_039532985.1.fasta,/mnt/d/5-NCBI-Reference/1-Bac/download/GCF_039532985.1/GCF_039532985.1.gff
GCF_039533005.1,WP_344642145.1,/mnt/d/5-NCBI-Reference/1-Bac/download/GCF_039533005.1/GCF_039533005.1.fasta,/mnt/d/5-NCBI-Reference/1-Bac/download/GCF_039533005.1/GCF_039533005.1.gff
GCF_039533145.1,WP_425583577.1,/mnt/d/5-NCBI-Reference/1-Bac/download/GCF_039533145.1/GCF_039533145.1.fasta,/mnt/d/5-NCBI-Reference/1-Bac/download/GCF_039533145.1/GCF_039533145.1.gff
GCF_039533285.1,WP_344563482.1,/mnt/d/5-NCBI-Reference/1-Bac/download/GCF_039533285.1/GCF_039533285.1.fasta,/mnt/d/5-NCBI-Reference/1-Bac/download/GCF_039533285.1/GCF_039533285.1.gff
GCF_039533345.1,WP_344630898.1,/mnt/d/5-NCBI-Reference/1-Bac/download/GCF_039533345.1/GCF_039533345.1.fasta,/mnt/d/5-NCBI-Reference/1-Bac/download/GCF_039533345.1/GCF_039533345.1.gff
GCF_039533365.1,WP_344599387.1,/mnt/d/5-NCBI-Reference/1-Bac/download/GCF_039533365.1/GCF_039533365.1.fasta,/mnt/d/5-NCBI-Reference/1-Bac/download/GCF_039533365.1/GCF_039533365.1.gff
GCF_039533385.1,WP_346078962.1,/mnt/d/5-NCBI-Reference/1-Bac/download/GCF_039533385.1/GCF_039533385.1.fasta,/mnt/d/5-NCBI-Reference/1-Bac/download/GCF_039533385.1/GCF_039533385.1.gff
GCF_039533405.1,WP_344538127.1,/mnt/d/5-NCBI-Reference/1-Bac/download/GCF_039533405.1/GCF_039533405.1.fasta,/mnt/d/5-NCBI-Reference/1-Bac/download/GCF_039533405.1/GCF_039533405.1.gff
GCF_039533515.1,WP_425557587.1,/mnt/d/5-NCBI-Reference/1-Bac/download/GCF_039533515.1/GCF_039533515.1.fasta,/mnt/d/5-NCBI-Reference/1-Bac/download/GCF_039533515.1/GCF_039533515.1.gff
GCF_039533535.1,WP_324773474.1,/mnt/d/5-NCBI-Reference/1-Bac/download/GCF_039533535.1/GCF_039533535.1.fasta,/mnt/d/5-NCBI-Reference/1-Bac/download/GCF_039533535.1/GCF_039533535.1.gff
GCF_039533575.1,WP_344517480.1,/mnt/d/5-NCBI-Reference/1-Bac/download/GCF_039533575.1/GCF_039533575.1.fasta,/mnt/d/5-NCBI-Reference/1-Bac/download/GCF_039533575.1/GCF_039533575.1.gff
GCF_039533705.1,WP_346143023.1,/mnt/d/5-NCBI-Reference/1-Bac/download/GCF_039533705.1/GCF_039533705.1.fasta,/mnt/d/5-NCBI-Reference/1-Bac/download/GCF_039533705.1/GCF_039533705.1.gff
GCF_039533765.1,WP_344497604.1,/mnt/d/5-NCBI-Reference/1-Bac/download/GCF_039533765.1/GCF_039533765.1.fasta,/mnt/d/5-NCBI-Reference/1-Bac/download/GCF_039533765.1/GCF_039533765.1.gff
GCF_039533825.1,WP_344528992.1,/mnt/d/5-NCBI-Reference/1-Bac/download/GCF_039533825.1/GCF_039533825.1.fasta,/mnt/d/5-NCBI-Reference/1-Bac/download/GCF_039533825.1/GCF_039533825.1.gff
GCF_039533845.1,WP_182730283.1,/mnt/d/5-NCBI-Reference/1-Bac/download/GCF_039533845.1/GCF_039533845.1.fasta,/mnt/d/5-NCBI-Reference/1-Bac/download/GCF_039533845.1/GCF_039533845.1.gff
GCF_039534065.1,WP_344727345.1,/mnt/d/5-NCBI-Reference/1-Bac/download/GCF_039534065.1/GCF_039534065.1.fasta,/mnt/d/5-NCBI-Reference/1-Bac/download/GCF_039534065.1/GCF_039534065.1.gff
GCF_039534145.1,WP_189366517.1,/mnt/d/5-NCBI-Reference/1-Bac/download/GCF_039534145.1/GCF_039534145.1.fasta,/mnt/d/5-NCBI-Reference/1-Bac/download/GCF_039534145.1/GCF_039534145.1.gff
GCF_039534165.1,WP_344679887.1,/mnt/d/5-NCBI-Reference/1-Bac/download/GCF_039534165.1/GCF_039534165.1.fasta,/mnt/d/5-NCBI-Reference/1-Bac/download/GCF_039534165.1/GCF_039534165.1.gff
GCF_039534285.1,WP_189366517.1,/mnt/d/5-NCBI-Reference/1-Bac/download/GCF_039534285.1/GCF_039534285.1.fasta,/mnt/d/5-NCBI-Reference/1-Bac/download/GCF_039534285.1/GCF_039534285.1.gff
GCF_039534425.1,WP_313763854.1,/mnt/d/5-NCBI-Reference/1-Bac/download/GCF_039534425.1/GCF_039534425.1.fasta,/mnt/d/5-NCBI-Reference/1-Bac/download/GCF_039534425.1/GCF_039534425.1.gff
GCF_039534525.1,WP_345047588.1,/mnt/d/5-NCBI-Reference/1-Bac/download/GCF_039534525.1/GCF_039534525.1.fasta,/mnt/d/5-NCBI-Reference/1-Bac/download/GCF_039534525.1/GCF_039534525.1.gff
GCF_039534625.1,WP_345110617.1,/mnt/d/5-NCBI-Reference/1-Bac/download/GCF_039534625.1/GCF_039534625.1.fasta,/mnt/d/5-NCBI-Reference/1-Bac/download/GCF_039534625.1/GCF_039534625.1.gff
GCF_039534915.1,WP_386723683.1,/mnt/d/5-NCBI-Reference/1-Bac/download/GCF_039534915.1/GCF_039534915.1.fasta,/mnt/d/5-NCBI-Reference/1-Bac/download/GCF_039534915.1/GCF_039534915.1.gff
GCF_039534955.1,WP_345084435.1,/mnt/d/5-NCBI-Reference/1-Bac/download/GCF_039534955.1/GCF_039534955.1.fasta,/mnt/d/5-NCBI-Reference/1-Bac/download/GCF_039534955.1/GCF_039534955.1.gff
GCF_039535215.1,WP_345501448.1,/mnt/d/5-NCBI-Reference/1-Bac/download/GCF_039535215.1/GCF_039535215.1.fasta,/mnt/d/5-NCBI-Reference/1-Bac/download/GCF_039535215.1/GCF_039535215.1.gff
GCF_039535235.1,WP_345488150.1,/mnt/d/5-NCBI-Reference/1-Bac/download/GCF_039535235.1/GCF_039535235.1.fasta,/mnt/d/5-NCBI-Reference/1-Bac/download/GCF_039535235.1/GCF_039535235.1.gff
GCF_039535415.1,WP_345518038.1,/mnt/d/5-NCBI-Reference/1-Bac/download/GCF_039535415.1/GCF_039535415.1.fasta,/mnt/d/5-NCBI-Reference/1-Bac/download/GCF_039535415.1/GCF_039535415.1.gff
GCF_039535435.1,WP_345222800.1,/mnt/d/5-NCBI-Reference/1-Bac/download/GCF_039535435.1/GCF_039535435.1.fasta,/mnt/d/5-NCBI-Reference/1-Bac/download/GCF_039535435.1/GCF_039535435.1.gff
GCF_039535455.1,WP_345578681.1,/mnt/d/5-NCBI-Reference/1-Bac/download/GCF_039535455.1/GCF_039535455.1.fasta,/mnt/d/5-NCBI-Reference/1-Bac/download/GCF_039535455.1/GCF_039535455.1.gff
GCF_039535475.1,WP_345530390.1,/mnt/d/5-NCBI-Reference/1-Bac/download/GCF_039535475.1/GCF_039535475.1.fasta,/mnt/d/5-NCBI-Reference/1-Bac/download/GCF_039535475.1/GCF_039535475.1.gff
GCF_039536205.1,WP_345036380.1,/mnt/d/5-NCBI-Reference/1-Bac/download/GCF_039536205.1/GCF_039536205.1.fasta,/mnt/d/5-NCBI-Reference/1-Bac/download/GCF_039536205.1/GCF_039536205.1.gff
GCF_039536665.1,WP_345546864.1,/mnt/d/5-NCBI-Reference/1-Bac/download/GCF_039536665.1/GCF_039536665.1.fasta,/mnt/d/5-NCBI-Reference/1-Bac/download/GCF_039536665.1/GCF_039536665.1.gff
GCF_039536925.1,WP_344866958.1,/mnt/d/5-NCBI-Reference/1-Bac/download/GCF_039536925.1/GCF_039536925.1.fasta,/mnt/d/5-NCBI-Reference/1-Bac/download/GCF_039536925.1/GCF_039536925.1.gff
GCF_039537105.1,WP_344783745.1,/mnt/d/5-NCBI-Reference/1-Bac/download/GCF_039537105.1/GCF_039537105.1.fasta,/mnt/d/5-NCBI-Reference/1-Bac/download/GCF_039537105.1/GCF_039537105.1.gff
GCF_039537125.1,WP_345570727.1,/mnt/d/5-NCBI-Reference/1-Bac/download/GCF_039537125.1/GCF_039537125.1.fasta,/mnt/d/5-NCBI-Reference/1-Bac/download/GCF_039537125.1/GCF_039537125.1.gff
GCF_039537145.1,WP_345018849.1,/mnt/d/5-NCBI-Reference/1-Bac/download/GCF_039537145.1/GCF_039537145.1.fasta,/mnt/d/5-NCBI-Reference/1-Bac/download/GCF_039537145.1/GCF_039537145.1.gff
GCF_039537365.1,WP_345281576.1,/mnt/d/5-NCBI-Reference/1-Bac/download/GCF_039537365.1/GCF_039537365.1.fasta,/mnt/d/5-NCBI-Reference/1-Bac/download/GCF_039537365.1/GCF_039537365.1.gff
GCF_039537405.1,WP_344877520.1,/mnt/d/5-NCBI-Reference/1-Bac/download/GCF_039537405.1/GCF_039537405.1.fasta,/mnt/d/5-NCBI-Reference/1-Bac/download/GCF_039537405.1/GCF_039537405.1.gff
GCF_039537585.1,WP_344794302.1,/mnt/d/5-NCBI-Reference/1-Bac/download/GCF_039537585.1/GCF_039537585.1.fasta,/mnt/d/5-NCBI-Reference/1-Bac/download/GCF_039537585.1/GCF_039537585.1.gff
GCF_039537795.1,WP_346129441.1,/mnt/d/5-NCBI-Reference/1-Bac/download/GCF_039537795.1/GCF_039537795.1.fasta,/mnt/d/5-NCBI-Reference/1-Bac/download/GCF_039537795.1/GCF_039537795.1.gff
GCF_039538105.1,WP_345260520.1,/mnt/d/5-NCBI-Reference/1-Bac/download/GCF_039538105.1/GCF_039538105.1.fasta,/mnt/d/5-NCBI-Reference/1-Bac/download/GCF_039538105.1/GCF_039538105.1.gff
GCF_039538125.1,WP_346157951.1,/mnt/d/5-NCBI-Reference/1-Bac/download/GCF_039538125.1/GCF_039538125.1.fasta,/mnt/d/5-NCBI-Reference/1-Bac/download/GCF_039538125.1/GCF_039538125.1.gff
GCF_039538145.1,WP_344791674.1,/mnt/d/5-NCBI-Reference/1-Bac/download/GCF_039538145.1/GCF_039538145.1.fasta,/mnt/d/5-NCBI-Reference/1-Bac/download/GCF_039538145.1/GCF_039538145.1.gff
GCF_039538245.1,WP_344776121.1,/mnt/d/5-NCBI-Reference/1-Bac/download/GCF_039538245.1/GCF_039538245.1.fasta,/mnt/d/5-NCBI-Reference/1-Bac/download/GCF_039538245.1/GCF_039538245.1.gff
GCF_039538545.1,WP_346185128.1,/mnt/d/5-NCBI-Reference/1-Bac/download/GCF_039538545.1/GCF_039538545.1.fasta,/mnt/d/5-NCBI-Reference/1-Bac/download/GCF_039538545.1/GCF_039538545.1.gff
GCF_039539045.1,WP_345590393.1,/mnt/d/5-NCBI-Reference/1-Bac/download/GCF_039539045.1/GCF_039539045.1.fasta,/mnt/d/5-NCBI-Reference/1-Bac/download/GCF_039539045.1/GCF_039539045.1.gff
GCF_039540215.1,WP_425588247.1,/mnt/d/5-NCBI-Reference/1-Bac/download/GCF_039540215.1/GCF_039540215.1.fasta,/mnt/d/5-NCBI-Reference/1-Bac/download/GCF_039540215.1/GCF_039540215.1.gff
GCF_039540295.1,WP_345659850.1,/mnt/d/5-NCBI-Reference/1-Bac/download/GCF_039540295.1/GCF_039540295.1.fasta,/mnt/d/5-NCBI-Reference/1-Bac/download/GCF_039540295.1/GCF_039540295.1.gff
GCF_039540555.1,WP_345344238.1,/mnt/d/5-NCBI-Reference/1-Bac/download/GCF_039540555.1/GCF_039540555.1.fasta,/mnt/d/5-NCBI-Reference/1-Bac/download/GCF_039540555.1/GCF_039540555.1.gff
GCF_039540695.1,WP_346078962.1,/mnt/d/5-NCBI-Reference/1-Bac/download/GCF_039540695.1/GCF_039540695.1.fasta,/mnt/d/5-NCBI-Reference/1-Bac/download/GCF_039540695.1/GCF_039540695.1.gff
GCF_039541715.1,WP_345419767.1,/mnt/d/5-NCBI-Reference/1-Bac/download/GCF_039541715.1/GCF_039541715.1.fasta,/mnt/d/5-NCBI-Reference/1-Bac/download/GCF_039541715.1/GCF_039541715.1.gff
GCF_039541955.1,WP_345471618.1,/mnt/d/5-NCBI-Reference/1-Bac/download/GCF_039541955.1/GCF_039541955.1.fasta,/mnt/d/5-NCBI-Reference/1-Bac/download/GCF_039541955.1/GCF_039541955.1.gff
GCF_039541975.1,WP_345401034.1,/mnt/d/5-NCBI-Reference/1-Bac/download/GCF_039541975.1/GCF_039541975.1.fasta,/mnt/d/5-NCBI-Reference/1-Bac/download/GCF_039541975.1/GCF_039541975.1.gff
GCF_039542115.1,WP_274191626.1,/mnt/d/5-NCBI-Reference/1-Bac/download/GCF_039542115.1/GCF_039542115.1.fasta,/mnt/d/5-NCBI-Reference/1-Bac/download/GCF_039542115.1/GCF_039542115.1.gff
GCF_039542135.1,WP_345413740.1,/mnt/d/5-NCBI-Reference/1-Bac/download/GCF_039542135.1/GCF_039542135.1.fasta,/mnt/d/5-NCBI-Reference/1-Bac/download/GCF_039542135.1/GCF_039542135.1.gff
GCF_039542225.1,WP_345679894.1,/mnt/d/5-NCBI-Reference/1-Bac/download/GCF_039542225.1/GCF_039542225.1.fasta,/mnt/d/5-NCBI-Reference/1-Bac/download/GCF_039542225.1/GCF_039542225.1.gff
GCF_039542405.1,WP_346056373.1,/mnt/d/5-NCBI-Reference/1-Bac/download/GCF_039542405.1/GCF_039542405.1.fasta,/mnt/d/5-NCBI-Reference/1-Bac/download/GCF_039542405.1/GCF_039542405.1.gff
GCF_039542425.1,WP_345377856.1,/mnt/d/5-NCBI-Reference/1-Bac/download/GCF_039542425.1/GCF_039542425.1.fasta,/mnt/d/5-NCBI-Reference/1-Bac/download/GCF_039542425.1/GCF_039542425.1.gff
GCF_039542605.1,WP_345624255.1,/mnt/d/5-NCBI-Reference/1-Bac/download/GCF_039542605.1/GCF_039542605.1.fasta,/mnt/d/5-NCBI-Reference/1-Bac/download/GCF_039542605.1/GCF_039542605.1.gff
GCF_039542665.1,WP_345367516.1,/mnt/d/5-NCBI-Reference/1-Bac/download/GCF_039542665.1/GCF_039542665.1.fasta,/mnt/d/5-NCBI-Reference/1-Bac/download/GCF_039542665.1/GCF_039542665.1.gff
GCF_039542905.1,WP_345697152.1,/mnt/d/5-NCBI-Reference/1-Bac/download/GCF_039542905.1/GCF_039542905.1.fasta,/mnt/d/5-NCBI-Reference/1-Bac/download/GCF_039542905.1/GCF_039542905.1.gff
GCF_039542925.1,WP_345691611.1,/mnt/d/5-NCBI-Reference/1-Bac/download/GCF_039542925.1/GCF_039542925.1.fasta,/mnt/d/5-NCBI-Reference/1-Bac/download/GCF_039542925.1/GCF_039542925.1.gff
GCF_039543305.1,WP_345492995.1,/mnt/d/5-NCBI-Reference/1-Bac/download/GCF_039543305.1/GCF_039543305.1.fasta,/mnt/d/5-NCBI-Reference/1-Bac/download/GCF_039543305.1/GCF_039543305.1.gff
GCF_039543345.1,WP_345602945.1,/mnt/d/5-NCBI-Reference/1-Bac/download/GCF_039543345.1/GCF_039543345.1.fasta,/mnt/d/5-NCBI-Reference/1-Bac/download/GCF_039543345.1/GCF_039543345.1.gff
GCF_039543365.1,WP_185059458.1,/mnt/d/5-NCBI-Reference/1-Bac/download/GCF_039543365.1/GCF_039543365.1.fasta,/mnt/d/5-NCBI-Reference/1-Bac/download/GCF_039543365.1/GCF_039543365.1.gff
GCF_039543385.1,WP_345635305.1,/mnt/d/5-NCBI-Reference/1-Bac/download/GCF_039543385.1/GCF_039543385.1.fasta,/mnt/d/5-NCBI-Reference/1-Bac/download/GCF_039543385.1/GCF_039543385.1.gff
GCF_039543405.1,WP_345625435.1,/mnt/d/5-NCBI-Reference/1-Bac/download/GCF_039543405.1/GCF_039543405.1.fasta,/mnt/d/5-NCBI-Reference/1-Bac/download/GCF_039543405.1/GCF_039543405.1.gff
GCF_039543485.1,WP_345610900.1,/mnt/d/5-NCBI-Reference/1-Bac/download/GCF_039543485.1/GCF_039543485.1.fasta,/mnt/d/5-NCBI-Reference/1-Bac/download/GCF_039543485.1/GCF_039543485.1.gff
GCF_039543605.1,WP_345641237.1,/mnt/d/5-NCBI-Reference/1-Bac/download/GCF_039543605.1/GCF_039543605.1.fasta,/mnt/d/5-NCBI-Reference/1-Bac/download/GCF_039543605.1/GCF_039543605.1.gff
GCF_039543625.1,WP_345668452.1,/mnt/d/5-NCBI-Reference/1-Bac/download/GCF_039543625.1/GCF_039543625.1.fasta,/mnt/d/5-NCBI-Reference/1-Bac/download/GCF_039543625.1/GCF_039543625.1.gff
GCF_039543945.1,WP_346092440.1,/mnt/d/5-NCBI-Reference/1-Bac/download/GCF_039543945.1/GCF_039543945.1.fasta,/mnt/d/5-NCBI-Reference/1-Bac/download/GCF_039543945.1/GCF_039543945.1.gff
GCF_040024445.1,WP_348607133.1,/mnt/d/5-NCBI-Reference/1-Bac/download/GCF_040024445.1/GCF_040024445.1.fasta,/mnt/d/5-NCBI-Reference/1-Bac/download/GCF_040024445.1/GCF_040024445.1.gff
GCF_040105315.1,WP_345641978.1,/mnt/d/5-NCBI-Reference/1-Bac/download/GCF_040105315.1/GCF_040105315.1.fasta,/mnt/d/5-NCBI-Reference/1-Bac/download/GCF_040105315.1/GCF_040105315.1.gff
GCF_040105385.1,WP_349297865.1,/mnt/d/5-NCBI-Reference/1-Bac/download/GCF_040105385.1/GCF_040105385.1.fasta,/mnt/d/5-NCBI-Reference/1-Bac/download/GCF_040105385.1/GCF_040105385.1.gff
GCF_040302545.1,WP_367528890.1,/mnt/d/5-NCBI-Reference/1-Bac/download/GCF_040302545.1/GCF_040302545.1.fasta,/mnt/d/5-NCBI-Reference/1-Bac/download/GCF_040302545.1/GCF_040302545.1.gff
GCF_040489275.1,WP_298775299.1,/mnt/d/5-NCBI-Reference/1-Bac/download/GCF_040489275.1/GCF_040489275.1.fasta,/mnt/d/5-NCBI-Reference/1-Bac/download/GCF_040489275.1/GCF_040489275.1.gff
GCF_040529335.1,WP_353942705.1,/mnt/d/5-NCBI-Reference/1-Bac/download/GCF_040529335.1/GCF_040529335.1.fasta,/mnt/d/5-NCBI-Reference/1-Bac/download/GCF_040529335.1/GCF_040529335.1.gff
GCF_040560175.1,WP_354606184.1,/mnt/d/5-NCBI-Reference/1-Bac/download/GCF_040560175.1/GCF_040560175.1.fasta,/mnt/d/5-NCBI-Reference/1-Bac/download/GCF_040560175.1/GCF_040560175.1.gff
GCF_040612295.1,WP_355396103.1,/mnt/d/5-NCBI-Reference/1-Bac/download/GCF_040612295.1/GCF_040612295.1.fasta,/mnt/d/5-NCBI-Reference/1-Bac/download/GCF_040612295.1/GCF_040612295.1.gff
GCF_040635425.1,WP_359883488.1,/mnt/d/5-NCBI-Reference/1-Bac/download/GCF_040635425.1/GCF_040635425.1.fasta,/mnt/d/5-NCBI-Reference/1-Bac/download/GCF_040635425.1/GCF_040635425.1.gff
GCF_040639395.1,WP_358064803.1,/mnt/d/5-NCBI-Reference/1-Bac/download/GCF_040639395.1/GCF_040639395.1.fasta,/mnt/d/5-NCBI-Reference/1-Bac/download/GCF_040639395.1/GCF_040639395.1.gff
GCF_040645895.1,WP_359763164.1,/mnt/d/5-NCBI-Reference/1-Bac/download/GCF_040645895.1/GCF_040645895.1.fasta,/mnt/d/5-NCBI-Reference/1-Bac/download/GCF_040645895.1/GCF_040645895.1.gff
GCF_040649515.1,WP_358363410.1,/mnt/d/5-NCBI-Reference/1-Bac/download/GCF_040649515.1/GCF_040649515.1.fasta,/mnt/d/5-NCBI-Reference/1-Bac/download/GCF_040649515.1/GCF_040649515.1.gff
GCF_040650805.1,WP_360004457.1,/mnt/d/5-NCBI-Reference/1-Bac/download/GCF_040650805.1/GCF_040650805.1.fasta,/mnt/d/5-NCBI-Reference/1-Bac/download/GCF_040650805.1/GCF_040650805.1.gff
GCF_040653035.1,WP_435865335.1,/mnt/d/5-NCBI-Reference/1-Bac/download/GCF_040653035.1/GCF_040653035.1.fasta,/mnt/d/5-NCBI-Reference/1-Bac/download/GCF_040653035.1/GCF_040653035.1.gff
GCF_040655195.1,WP_357191429.1,/mnt/d/5-NCBI-Reference/1-Bac/download/GCF_040655195.1/GCF_040655195.1.fasta,/mnt/d/5-NCBI-Reference/1-Bac/download/GCF_040655195.1/GCF_040655195.1.gff
GCF_040677245.1,WP_364588562.1,/mnt/d/5-NCBI-Reference/1-Bac/download/GCF_040677245.1/GCF_040677245.1.fasta,/mnt/d/5-NCBI-Reference/1-Bac/download/GCF_040677245.1/GCF_040677245.1.gff
GCF_040681085.1,WP_364482414.1,/mnt/d/5-NCBI-Reference/1-Bac/download/GCF_040681085.1/GCF_040681085.1.fasta,/mnt/d/5-NCBI-Reference/1-Bac/download/GCF_040681085.1/GCF_040681085.1.gff
GCF_040684435.1,WP_364626321.1,/mnt/d/5-NCBI-Reference/1-Bac/download/GCF_040684435.1/GCF_040684435.1.fasta,/mnt/d/5-NCBI-Reference/1-Bac/download/GCF_040684435.1/GCF_040684435.1.gff
GCF_040685215.1,WP_364884138.1,/mnt/d/5-NCBI-Reference/1-Bac/download/GCF_040685215.1/GCF_040685215.1.fasta,/mnt/d/5-NCBI-Reference/1-Bac/download/GCF_040685215.1/GCF_040685215.1.gff
GCF_040746085.1,WP_367126494.1,/mnt/d/5-NCBI-Reference/1-Bac/download/GCF_040746085.1/GCF_040746085.1.fasta,/mnt/d/5-NCBI-Reference/1-Bac/download/GCF_040746085.1/GCF_040746085.1.gff
GCF_040782645.1,WP_367322914.1,/mnt/d/5-NCBI-Reference/1-Bac/download/GCF_040782645.1/GCF_040782645.1.fasta,/mnt/d/5-NCBI-Reference/1-Bac/download/GCF_040782645.1/GCF_040782645.1.gff
GCF_040796495.1,WP_437178886.1,/mnt/d/5-NCBI-Reference/1-Bac/download/GCF_040796495.1/GCF_040796495.1.fasta,/mnt/d/5-NCBI-Reference/1-Bac/download/GCF_040796495.1/GCF_040796495.1.gff
GCF_040907265.1,WP_078888536.1,/mnt/d/5-NCBI-Reference/1-Bac/download/GCF_040907265.1/GCF_040907265.1.fasta,/mnt/d/5-NCBI-Reference/1-Bac/download/GCF_040907265.1/GCF_040907265.1.gff
GCF_041021105.1,WP_369035958.1,/mnt/d/5-NCBI-Reference/1-Bac/download/GCF_041021105.1/GCF_041021105.1.fasta,/mnt/d/5-NCBI-Reference/1-Bac/download/GCF_041021105.1/GCF_041021105.1.gff
GCF_041228765.1,WP_370181140.1,/mnt/d/5-NCBI-Reference/1-Bac/download/GCF_041228765.1/GCF_041228765.1.fasta,/mnt/d/5-NCBI-Reference/1-Bac/download/GCF_041228765.1/GCF_041228765.1.gff
GCF_041276425.1,WP_370440044.1,/mnt/d/5-NCBI-Reference/1-Bac/download/GCF_041276425.1/GCF_041276425.1.fasta,/mnt/d/5-NCBI-Reference/1-Bac/download/GCF_041276425.1/GCF_041276425.1.gff
GCF_041320705.1,WP_370719810.1,/mnt/d/5-NCBI-Reference/1-Bac/download/GCF_041320705.1/GCF_041320705.1.fasta,/mnt/d/5-NCBI-Reference/1-Bac/download/GCF_041320705.1/GCF_041320705.1.gff
GCF_041346965.1,WP_370934348.1,/mnt/d/5-NCBI-Reference/1-Bac/download/GCF_041346965.1/GCF_041346965.1.fasta,/mnt/d/5-NCBI-Reference/1-Bac/download/GCF_041346965.1/GCF_041346965.1.gff
GCF_041363955.1,WP_371098420.1,/mnt/d/5-NCBI-Reference/1-Bac/download/GCF_041363955.1/GCF_041363955.1.fasta,/mnt/d/5-NCBI-Reference/1-Bac/download/GCF_041363955.1/GCF_041363955.1.gff
GCF_041380215.1,WP_371236333.1,/mnt/d/5-NCBI-Reference/1-Bac/download/GCF_041380215.1/GCF_041380215.1.fasta,/mnt/d/5-NCBI-Reference/1-Bac/download/GCF_041380215.1/GCF_041380215.1.gff
GCF_041519305.1,WP_372407812.1,/mnt/d/5-NCBI-Reference/1-Bac/download/GCF_041519305.1/GCF_041519305.1.fasta,/mnt/d/5-NCBI-Reference/1-Bac/download/GCF_041519305.1/GCF_041519305.1.gff
GCF_041897805.1,WP_104478342.1,/mnt/d/5-NCBI-Reference/1-Bac/download/GCF_041897805.1/GCF_041897805.1.fasta,/mnt/d/5-NCBI-Reference/1-Bac/download/GCF_041897805.1/GCF_041897805.1.gff
GCF_042429225.1,WP_247470988.1,/mnt/d/5-NCBI-Reference/1-Bac/download/GCF_042429225.1/GCF_042429225.1.fasta,/mnt/d/5-NCBI-Reference/1-Bac/download/GCF_042429225.1/GCF_042429225.1.gff
GCF_042429765.1,WP_377852053.1,/mnt/d/5-NCBI-Reference/1-Bac/download/GCF_042429765.1/GCF_042429765.1.fasta,/mnt/d/5-NCBI-Reference/1-Bac/download/GCF_042429765.1/GCF_042429765.1.gff
GCF_042429965.1,WP_378201755.1,/mnt/d/5-NCBI-Reference/1-Bac/download/GCF_042429965.1/GCF_042429965.1.fasta,/mnt/d/5-NCBI-Reference/1-Bac/download/GCF_042429965.1/GCF_042429965.1.gff
GCF_042430225.1,WP_380149295.1,/mnt/d/5-NCBI-Reference/1-Bac/download/GCF_042430225.1/GCF_042430225.1.fasta,/mnt/d/5-NCBI-Reference/1-Bac/download/GCF_042430225.1/GCF_042430225.1.gff
GCF_042430725.1,WP_381342367.1,/mnt/d/5-NCBI-Reference/1-Bac/download/GCF_042430725.1/GCF_042430725.1.fasta,/mnt/d/5-NCBI-Reference/1-Bac/download/GCF_042430725.1/GCF_042430725.1.gff
GCF_042431345.1,WP_030825039.1,/mnt/d/5-NCBI-Reference/1-Bac/download/GCF_042431345.1/GCF_042431345.1.fasta,/mnt/d/5-NCBI-Reference/1-Bac/download/GCF_042431345.1/GCF_042431345.1.gff
GCF_042432625.1,WP_382359767.1,/mnt/d/5-NCBI-Reference/1-Bac/download/GCF_042432625.1/GCF_042432625.1.fasta,/mnt/d/5-NCBI-Reference/1-Bac/download/GCF_042432625.1/GCF_042432625.1.gff
GCF_042433995.1,WP_380137567.1,/mnt/d/5-NCBI-Reference/1-Bac/download/GCF_042433995.1/GCF_042433995.1.fasta,/mnt/d/5-NCBI-Reference/1-Bac/download/GCF_042433995.1/GCF_042433995.1.gff
GCF_042434075.1,WP_245244960.1,/mnt/d/5-NCBI-Reference/1-Bac/download/GCF_042434075.1/GCF_042434075.1.fasta,/mnt/d/5-NCBI-Reference/1-Bac/download/GCF_042434075.1/GCF_042434075.1.gff
GCF_042434995.1,WP_394324357.1,/mnt/d/5-NCBI-Reference/1-Bac/download/GCF_042434995.1/GCF_042434995.1.fasta,/mnt/d/5-NCBI-Reference/1-Bac/download/GCF_042434995.1/GCF_042434995.1.gff
GCF_042510955.1,WP_380538272.1,/mnt/d/5-NCBI-Reference/1-Bac/download/GCF_042510955.1/GCF_042510955.1.fasta,/mnt/d/5-NCBI-Reference/1-Bac/download/GCF_042510955.1/GCF_042510955.1.gff
GCF_042510965.1,WP_380568463.1,/mnt/d/5-NCBI-Reference/1-Bac/download/GCF_042510965.1/GCF_042510965.1.fasta,/mnt/d/5-NCBI-Reference/1-Bac/download/GCF_042510965.1/GCF_042510965.1.gff
GCF_042511045.1,WP_380505801.1,/mnt/d/5-NCBI-Reference/1-Bac/download/GCF_042511045.1/GCF_042511045.1.fasta,/mnt/d/5-NCBI-Reference/1-Bac/download/GCF_042511045.1/GCF_042511045.1.gff
GCF_042647905.1,WP_377867878.1,/mnt/d/5-NCBI-Reference/1-Bac/download/GCF_042647905.1/GCF_042647905.1.fasta,/mnt/d/5-NCBI-Reference/1-Bac/download/GCF_042647905.1/GCF_042647905.1.gff
GCF_042647945.1,WP_394305936.1,/mnt/d/5-NCBI-Reference/1-Bac/download/GCF_042647945.1/GCF_042647945.1.fasta,/mnt/d/5-NCBI-Reference/1-Bac/download/GCF_042647945.1/GCF_042647945.1.gff
GCF_042648045.1,WP_310777264.1,/mnt/d/5-NCBI-Reference/1-Bac/download/GCF_042648045.1/GCF_042648045.1.fasta,/mnt/d/5-NCBI-Reference/1-Bac/download/GCF_042648045.1/GCF_042648045.1.gff
GCF_042649515.1,WP_382371005.1,/mnt/d/5-NCBI-Reference/1-Bac/download/GCF_042649515.1/GCF_042649515.1.fasta,/mnt/d/5-NCBI-Reference/1-Bac/download/GCF_042649515.1/GCF_042649515.1.gff
GCF_042650145.1,WP_378561915.1,/mnt/d/5-NCBI-Reference/1-Bac/download/GCF_042650145.1/GCF_042650145.1.fasta,/mnt/d/5-NCBI-Reference/1-Bac/download/GCF_042650145.1/GCF_042650145.1.gff
GCF_042650325.1,WP_386438291.1,/mnt/d/5-NCBI-Reference/1-Bac/download/GCF_042650325.1/GCF_042650325.1.fasta,/mnt/d/5-NCBI-Reference/1-Bac/download/GCF_042650325.1/GCF_042650325.1.gff
GCF_042650365.1,WP_378549603.1,/mnt/d/5-NCBI-Reference/1-Bac/download/GCF_042650365.1/GCF_042650365.1.fasta,/mnt/d/5-NCBI-Reference/1-Bac/download/GCF_042650365.1/GCF_042650365.1.gff
GCF_042650385.1,WP_449289783.1,/mnt/d/5-NCBI-Reference/1-Bac/download/GCF_042650385.1/GCF_042650385.1.fasta,/mnt/d/5-NCBI-Reference/1-Bac/download/GCF_042650385.1/GCF_042650385.1.gff
GCF_042651015.1,WP_345493235.1,/mnt/d/5-NCBI-Reference/1-Bac/download/GCF_042651015.1/GCF_042651015.1.fasta,/mnt/d/5-NCBI-Reference/1-Bac/download/GCF_042651015.1/GCF_042651015.1.gff
GCF_042651645.1,WP_381742951.1,/mnt/d/5-NCBI-Reference/1-Bac/download/GCF_042651645.1/GCF_042651645.1.fasta,/mnt/d/5-NCBI-Reference/1-Bac/download/GCF_042651645.1/GCF_042651645.1.gff
GCF_042652185.1,WP_138355063.1,/mnt/d/5-NCBI-Reference/1-Bac/download/GCF_042652185.1/GCF_042652185.1.fasta,/mnt/d/5-NCBI-Reference/1-Bac/download/GCF_042652185.1/GCF_042652185.1.gff
GCF_042653545.1,WP_378055546.1,/mnt/d/5-NCBI-Reference/1-Bac/download/GCF_042653545.1/GCF_042653545.1.fasta,/mnt/d/5-NCBI-Reference/1-Bac/download/GCF_042653545.1/GCF_042653545.1.gff
GCF_042653685.1,WP_378034833.1,/mnt/d/5-NCBI-Reference/1-Bac/download/GCF_042653685.1/GCF_042653685.1.fasta,/mnt/d/5-NCBI-Reference/1-Bac/download/GCF_042653685.1/GCF_042653685.1.gff
GCF_042653885.1,WP_386442638.1,/mnt/d/5-NCBI-Reference/1-Bac/download/GCF_042653885.1/GCF_042653885.1.fasta,/mnt/d/5-NCBI-Reference/1-Bac/download/GCF_042653885.1/GCF_042653885.1.gff
GCF_042653945.1,WP_381170489.1,/mnt/d/5-NCBI-Reference/1-Bac/download/GCF_042653945.1/GCF_042653945.1.fasta,/mnt/d/5-NCBI-Reference/1-Bac/download/GCF_042653945.1/GCF_042653945.1.gff
GCF_042654005.1,WP_381170489.1,/mnt/d/5-NCBI-Reference/1-Bac/download/GCF_042654005.1/GCF_042654005.1.fasta,/mnt/d/5-NCBI-Reference/1-Bac/download/GCF_042654005.1/GCF_042654005.1.gff
GCF_042654025.1,WP_378419407.1,/mnt/d/5-NCBI-Reference/1-Bac/download/GCF_042654025.1/GCF_042654025.1.fasta,/mnt/d/5-NCBI-Reference/1-Bac/download/GCF_042654025.1/GCF_042654025.1.gff
GCF_042654145.1,WP_358237564.1,/mnt/d/5-NCBI-Reference/1-Bac/download/GCF_042654145.1/GCF_042654145.1.fasta,/mnt/d/5-NCBI-Reference/1-Bac/download/GCF_042654145.1/GCF_042654145.1.gff
GCF_042654885.1,WP_381196442.1,/mnt/d/5-NCBI-Reference/1-Bac/download/GCF_042654885.1/GCF_042654885.1.fasta,/mnt/d/5-NCBI-Reference/1-Bac/download/GCF_042654885.1/GCF_042654885.1.gff
GCF_042654925.1,WP_386352590.1,/mnt/d/5-NCBI-Reference/1-Bac/download/GCF_042654925.1/GCF_042654925.1.fasta,/mnt/d/5-NCBI-Reference/1-Bac/download/GCF_042654925.1/GCF_042654925.1.gff
GCF_042655885.1,WP_381369229.1,/mnt/d/5-NCBI-Reference/1-Bac/download/GCF_042655885.1/GCF_042655885.1.fasta,/mnt/d/5-NCBI-Reference/1-Bac/download/GCF_042655885.1/GCF_042655885.1.gff
GCF_042656005.1,WP_380229320.1,/mnt/d/5-NCBI-Reference/1-Bac/download/GCF_042656005.1/GCF_042656005.1.fasta,/mnt/d/5-NCBI-Reference/1-Bac/download/GCF_042656005.1/GCF_042656005.1.gff
GCF_042656345.1,WP_381221262.1,/mnt/d/5-NCBI-Reference/1-Bac/download/GCF_042656345.1/GCF_042656345.1.fasta,/mnt/d/5-NCBI-Reference/1-Bac/download/GCF_042656345.1/GCF_042656345.1.gff
GCF_042656465.1,WP_390315407.1,/mnt/d/5-NCBI-Reference/1-Bac/download/GCF_042656465.1/GCF_042656465.1.fasta,/mnt/d/5-NCBI-Reference/1-Bac/download/GCF_042656465.1/GCF_042656465.1.gff
GCF_042657145.1,WP_381016649.1,/mnt/d/5-NCBI-Reference/1-Bac/download/GCF_042657145.1/GCF_042657145.1.fasta,/mnt/d/5-NCBI-Reference/1-Bac/download/GCF_042657145.1/GCF_042657145.1.gff
GCF_042657305.1,WP_379588367.1,/mnt/d/5-NCBI-Reference/1-Bac/download/GCF_042657305.1/GCF_042657305.1.fasta,/mnt/d/5-NCBI-Reference/1-Bac/download/GCF_042657305.1/GCF_042657305.1.gff
GCF_042657905.1,WP_378022409.1,/mnt/d/5-NCBI-Reference/1-Bac/download/GCF_042657905.1/GCF_042657905.1.fasta,/mnt/d/5-NCBI-Reference/1-Bac/download/GCF_042657905.1/GCF_042657905.1.gff
GCF_042657965.1,WP_380857677.1,/mnt/d/5-NCBI-Reference/1-Bac/download/GCF_042657965.1/GCF_042657965.1.fasta,/mnt/d/5-NCBI-Reference/1-Bac/download/GCF_042657965.1/GCF_042657965.1.gff
GCF_042658125.1,WP_386394819.1,/mnt/d/5-NCBI-Reference/1-Bac/download/GCF_042658125.1/GCF_042658125.1.fasta,/mnt/d/5-NCBI-Reference/1-Bac/download/GCF_042658125.1/GCF_042658125.1.gff
GCF_042658445.1,WP_380635941.1,/mnt/d/5-NCBI-Reference/1-Bac/download/GCF_042658445.1/GCF_042658445.1.fasta,/mnt/d/5-NCBI-Reference/1-Bac/download/GCF_042658445.1/GCF_042658445.1.gff
GCF_042658505.1,WP_380585422.1,/mnt/d/5-NCBI-Reference/1-Bac/download/GCF_042658505.1/GCF_042658505.1.fasta,/mnt/d/5-NCBI-Reference/1-Bac/download/GCF_042658505.1/GCF_042658505.1.gff
GCF_042658545.1,WP_378609056.1,/mnt/d/5-NCBI-Reference/1-Bac/download/GCF_042658545.1/GCF_042658545.1.fasta,/mnt/d/5-NCBI-Reference/1-Bac/download/GCF_042658545.1/GCF_042658545.1.gff
GCF_042658695.1,WP_379585120.1,/mnt/d/5-NCBI-Reference/1-Bac/download/GCF_042658695.1/GCF_042658695.1.fasta,/mnt/d/5-NCBI-Reference/1-Bac/download/GCF_042658695.1/GCF_042658695.1.gff
GCF_042661005.1,WP_417466432.1,/mnt/d/5-NCBI-Reference/1-Bac/download/GCF_042661005.1/GCF_042661005.1.fasta,/mnt/d/5-NCBI-Reference/1-Bac/download/GCF_042661005.1/GCF_042661005.1.gff
GCF_042663125.1,WP_386416622.1,/mnt/d/5-NCBI-Reference/1-Bac/download/GCF_042663125.1/GCF_042663125.1.fasta,/mnt/d/5-NCBI-Reference/1-Bac/download/GCF_042663125.1/GCF_042663125.1.gff
GCF_042665275.1,WP_380665446.1,/mnt/d/5-NCBI-Reference/1-Bac/download/GCF_042665275.1/GCF_042665275.1.fasta,/mnt/d/5-NCBI-Reference/1-Bac/download/GCF_042665275.1/GCF_042665275.1.gff
GCF_042665355.1,WP_381830779.1,/mnt/d/5-NCBI-Reference/1-Bac/download/GCF_042665355.1/GCF_042665355.1.fasta,/mnt/d/5-NCBI-Reference/1-Bac/download/GCF_042665355.1/GCF_042665355.1.gff
GCF_042665405.1,WP_319285987.1,/mnt/d/5-NCBI-Reference/1-Bac/download/GCF_042665405.1/GCF_042665405.1.fasta,/mnt/d/5-NCBI-Reference/1-Bac/download/GCF_042665405.1/GCF_042665405.1.gff
GCF_042665615.1,WP_378401986.1,/mnt/d/5-NCBI-Reference/1-Bac/download/GCF_042665615.1/GCF_042665615.1.fasta,/mnt/d/5-NCBI-Reference/1-Bac/download/GCF_042665615.1/GCF_042665615.1.gff
GCF_042674625.1,WP_381607907.1,/mnt/d/5-NCBI-Reference/1-Bac/download/GCF_042674625.1/GCF_042674625.1.fasta,/mnt/d/5-NCBI-Reference/1-Bac/download/GCF_042674625.1/GCF_042674625.1.gff
GCF_042674645.1,WP_381259398.1,/mnt/d/5-NCBI-Reference/1-Bac/download/GCF_042674645.1/GCF_042674645.1.fasta,/mnt/d/5-NCBI-Reference/1-Bac/download/GCF_042674645.1/GCF_042674645.1.gff
GCF_042678285.1,WP_381086487.1,/mnt/d/5-NCBI-Reference/1-Bac/download/GCF_042678285.1/GCF_042678285.1.fasta,/mnt/d/5-NCBI-Reference/1-Bac/download/GCF_042678285.1/GCF_042678285.1.gff
GCF_042679505.1,WP_381237354.1,/mnt/d/5-NCBI-Reference/1-Bac/download/GCF_042679505.1/GCF_042679505.1.fasta,/mnt/d/5-NCBI-Reference/1-Bac/download/GCF_042679505.1/GCF_042679505.1.gff
GCF_042681175.1,WP_378484131.1,/mnt/d/5-NCBI-Reference/1-Bac/download/GCF_042681175.1/GCF_042681175.1.fasta,/mnt/d/5-NCBI-Reference/1-Bac/download/GCF_042681175.1/GCF_042681175.1.gff
GCF_042684065.1,WP_378267273.1,/mnt/d/5-NCBI-Reference/1-Bac/download/GCF_042684065.1/GCF_042684065.1.fasta,/mnt/d/5-NCBI-Reference/1-Bac/download/GCF_042684065.1/GCF_042684065.1.gff
GCF_042684085.1,WP_449224388.1,/mnt/d/5-NCBI-Reference/1-Bac/download/GCF_042684085.1/GCF_042684085.1.fasta,/mnt/d/5-NCBI-Reference/1-Bac/download/GCF_042684085.1/GCF_042684085.1.gff
GCF_042685745.1,WP_377384571.1,/mnt/d/5-NCBI-Reference/1-Bac/download/GCF_042685745.1/GCF_042685745.1.fasta,/mnt/d/5-NCBI-Reference/1-Bac/download/GCF_042685745.1/GCF_042685745.1.gff
GCF_042804095.1,WP_381726674.1,/mnt/d/5-NCBI-Reference/1-Bac/download/GCF_042804095.1/GCF_042804095.1.fasta,/mnt/d/5-NCBI-Reference/1-Bac/download/GCF_042804095.1/GCF_042804095.1.gff
GCF_042902585.1,WP_387901040.1,/mnt/d/5-NCBI-Reference/1-Bac/download/GCF_042902585.1/GCF_042902585.1.fasta,/mnt/d/5-NCBI-Reference/1-Bac/download/GCF_042902585.1/GCF_042902585.1.gff
GCF_042956545.1,WP_391043312.1,/mnt/d/5-NCBI-Reference/1-Bac/download/GCF_042956545.1/GCF_042956545.1.fasta,/mnt/d/5-NCBI-Reference/1-Bac/download/GCF_042956545.1/GCF_042956545.1.gff
GCF_043077165.1,WP_391952837.1,/mnt/d/5-NCBI-Reference/1-Bac/download/GCF_043077165.1/GCF_043077165.1.fasta,/mnt/d/5-NCBI-Reference/1-Bac/download/GCF_043077165.1/GCF_043077165.1.gff
GCF_043575855.1,WP_170217317.1,/mnt/d/5-NCBI-Reference/1-Bac/download/GCF_043575855.1/GCF_043575855.1.fasta,/mnt/d/5-NCBI-Reference/1-Bac/download/GCF_043575855.1/GCF_043575855.1.gff
GCF_043944905.1,WP_395125750.1,/mnt/d/5-NCBI-Reference/1-Bac/download/GCF_043944905.1/GCF_043944905.1.fasta,/mnt/d/5-NCBI-Reference/1-Bac/download/GCF_043944905.1/GCF_043944905.1.gff
GCF_043950205.1,WP_395296123.1,/mnt/d/5-NCBI-Reference/1-Bac/download/GCF_043950205.1/GCF_043950205.1.fasta,/mnt/d/5-NCBI-Reference/1-Bac/download/GCF_043950205.1/GCF_043950205.1.gff
GCF_044327915.1,WP_397623889.1,/mnt/d/5-NCBI-Reference/1-Bac/download/GCF_044327915.1/GCF_044327915.1.fasta,/mnt/d/5-NCBI-Reference/1-Bac/download/GCF_044327915.1/GCF_044327915.1.gff
GCF_044358485.1,WP_244957518.1,/mnt/d/5-NCBI-Reference/1-Bac/download/GCF_044358485.1/GCF_044358485.1.fasta,/mnt/d/5-NCBI-Reference/1-Bac/download/GCF_044358485.1/GCF_044358485.1.gff
GCF_044453005.1,WP_398811976.1,/mnt/d/5-NCBI-Reference/1-Bac/download/GCF_044453005.1/GCF_044453005.1.fasta,/mnt/d/5-NCBI-Reference/1-Bac/download/GCF_044453005.1/GCF_044453005.1.gff
GCF_044765825.1,WP_403320538.1,/mnt/d/5-NCBI-Reference/1-Bac/download/GCF_044765825.1/GCF_044765825.1.fasta,/mnt/d/5-NCBI-Reference/1-Bac/download/GCF_044765825.1/GCF_044765825.1.gff
GCF_044767875.1,WP_403279897.1,/mnt/d/5-NCBI-Reference/1-Bac/download/GCF_044767875.1/GCF_044767875.1.fasta,/mnt/d/5-NCBI-Reference/1-Bac/download/GCF_044767875.1/GCF_044767875.1.gff
GCF_044901485.1,WP_404715584.1,/mnt/d/5-NCBI-Reference/1-Bac/download/GCF_044901485.1/GCF_044901485.1.fasta,/mnt/d/5-NCBI-Reference/1-Bac/download/GCF_044901485.1/GCF_044901485.1.gff
GCF_044987285.1,WP_404817231.1,/mnt/d/5-NCBI-Reference/1-Bac/download/GCF_044987285.1/GCF_044987285.1.fasta,/mnt/d/5-NCBI-Reference/1-Bac/download/GCF_044987285.1/GCF_044987285.1.gff
GCF_044999035.1,WP_380341535.1,/mnt/d/5-NCBI-Reference/1-Bac/download/GCF_044999035.1/GCF_044999035.1.fasta,/mnt/d/5-NCBI-Reference/1-Bac/download/GCF_044999035.1/GCF_044999035.1.gff
GCF_045039555.1,WP_373369685.1,/mnt/d/5-NCBI-Reference/1-Bac/download/GCF_045039555.1/GCF_045039555.1.fasta,/mnt/d/5-NCBI-Reference/1-Bac/download/GCF_045039555.1/GCF_045039555.1.gff
GCF_045039635.1,WP_371787663.1,/mnt/d/5-NCBI-Reference/1-Bac/download/GCF_045039635.1/GCF_045039635.1.fasta,/mnt/d/5-NCBI-Reference/1-Bac/download/GCF_045039635.1/GCF_045039635.1.gff
GCF_045040895.1,WP_405505637.1,/mnt/d/5-NCBI-Reference/1-Bac/download/GCF_045040895.1/GCF_045040895.1.fasta,/mnt/d/5-NCBI-Reference/1-Bac/download/GCF_045040895.1/GCF_045040895.1.gff
GCF_045041415.1,WP_405697743.1,/mnt/d/5-NCBI-Reference/1-Bac/download/GCF_045041415.1/GCF_045041415.1.fasta,/mnt/d/5-NCBI-Reference/1-Bac/download/GCF_045041415.1/GCF_045041415.1.gff
GCF_045160875.1,WP_405447490.1,/mnt/d/5-NCBI-Reference/1-Bac/download/GCF_045160875.1/GCF_045160875.1.fasta,/mnt/d/5-NCBI-Reference/1-Bac/download/GCF_045160875.1/GCF_045160875.1.gff
GCF_045161815.1,WP_405440479.1,/mnt/d/5-NCBI-Reference/1-Bac/download/GCF_045161815.1/GCF_045161815.1.fasta,/mnt/d/5-NCBI-Reference/1-Bac/download/GCF_045161815.1/GCF_045161815.1.gff
GCF_045161845.1,WP_405538248.1,/mnt/d/5-NCBI-Reference/1-Bac/download/GCF_045161845.1/GCF_045161845.1.fasta,/mnt/d/5-NCBI-Reference/1-Bac/download/GCF_045161845.1/GCF_045161845.1.gff
GCF_045162825.1,WP_405948154.1,/mnt/d/5-NCBI-Reference/1-Bac/download/GCF_045162825.1/GCF_045162825.1.fasta,/mnt/d/5-NCBI-Reference/1-Bac/download/GCF_045162825.1/GCF_045162825.1.gff
GCF_045208505.1,WP_406211670.1,/mnt/d/5-NCBI-Reference/1-Bac/download/GCF_045208505.1/GCF_045208505.1.fasta,/mnt/d/5-NCBI-Reference/1-Bac/download/GCF_045208505.1/GCF_045208505.1.gff
GCF_045209695.1,WP_189427968.1,/mnt/d/5-NCBI-Reference/1-Bac/download/GCF_045209695.1/GCF_045209695.1.fasta,/mnt/d/5-NCBI-Reference/1-Bac/download/GCF_045209695.1/GCF_045209695.1.gff
GCF_045276965.1,WP_230228079.1,/mnt/d/5-NCBI-Reference/1-Bac/download/GCF_045276965.1/GCF_045276965.1.fasta,/mnt/d/5-NCBI-Reference/1-Bac/download/GCF_045276965.1/GCF_045276965.1.gff
GCF_045348655.1,WP_406861044.1,/mnt/d/5-NCBI-Reference/1-Bac/download/GCF_045348655.1/GCF_045348655.1.fasta,/mnt/d/5-NCBI-Reference/1-Bac/download/GCF_045348655.1/GCF_045348655.1.gff
GCF_045519255.1,WP_407110355.1,/mnt/d/5-NCBI-Reference/1-Bac/download/GCF_045519255.1/GCF_045519255.1.fasta,/mnt/d/5-NCBI-Reference/1-Bac/download/GCF_045519255.1/GCF_045519255.1.gff
GCF_045690365.1,WP_407286623.1,/mnt/d/5-NCBI-Reference/1-Bac/download/GCF_045690365.1/GCF_045690365.1.fasta,/mnt/d/5-NCBI-Reference/1-Bac/download/GCF_045690365.1/GCF_045690365.1.gff
GCF_045822005.1,WP_407839086.1,/mnt/d/5-NCBI-Reference/1-Bac/download/GCF_045822005.1/GCF_045822005.1.fasta,/mnt/d/5-NCBI-Reference/1-Bac/download/GCF_045822005.1/GCF_045822005.1.gff
GCF_046042785.1,WP_420164277.1,/mnt/d/5-NCBI-Reference/1-Bac/download/GCF_046042785.1/GCF_046042785.1.fasta,/mnt/d/5-NCBI-Reference/1-Bac/download/GCF_046042785.1/GCF_046042785.1.gff
GCF_046267975.1,WP_409471990.1,/mnt/d/5-NCBI-Reference/1-Bac/download/GCF_046267975.1/GCF_046267975.1.fasta,/mnt/d/5-NCBI-Reference/1-Bac/download/GCF_046267975.1/GCF_046267975.1.gff
GCF_046546475.1,WP_410942050.1,/mnt/d/5-NCBI-Reference/1-Bac/download/GCF_046546475.1/GCF_046546475.1.fasta,/mnt/d/5-NCBI-Reference/1-Bac/download/GCF_046546475.1/GCF_046546475.1.gff
GCF_046546495.1,WP_410948267.1,/mnt/d/5-NCBI-Reference/1-Bac/download/GCF_046546495.1/GCF_046546495.1.fasta,/mnt/d/5-NCBI-Reference/1-Bac/download/GCF_046546495.1/GCF_046546495.1.gff
GCF_046603725.1,WP_229880495.1,/mnt/d/5-NCBI-Reference/1-Bac/download/GCF_046603725.1/GCF_046603725.1.fasta,/mnt/d/5-NCBI-Reference/1-Bac/download/GCF_046603725.1/GCF_046603725.1.gff
GCF_046614805.1,WP_412697826.1,/mnt/d/5-NCBI-Reference/1-Bac/download/GCF_046614805.1/GCF_046614805.1.fasta,/mnt/d/5-NCBI-Reference/1-Bac/download/GCF_046614805.1/GCF_046614805.1.gff
GCF_046614825.1,WP_412715362.1,/mnt/d/5-NCBI-Reference/1-Bac/download/GCF_046614825.1/GCF_046614825.1.fasta,/mnt/d/5-NCBI-Reference/1-Bac/download/GCF_046614825.1/GCF_046614825.1.gff
GCF_046628145.1,WP_411575784.1,/mnt/d/5-NCBI-Reference/1-Bac/download/GCF_046628145.1/GCF_046628145.1.fasta,/mnt/d/5-NCBI-Reference/1-Bac/download/GCF_046628145.1/GCF_046628145.1.gff
GCF_046718965.1,WP_411771561.1,/mnt/d/5-NCBI-Reference/1-Bac/download/GCF_046718965.1/GCF_046718965.1.fasta,/mnt/d/5-NCBI-Reference/1-Bac/download/GCF_046718965.1/GCF_046718965.1.gff
GCF_046764875.1,WP_412011999.1,/mnt/d/5-NCBI-Reference/1-Bac/download/GCF_046764875.1/GCF_046764875.1.fasta,/mnt/d/5-NCBI-Reference/1-Bac/download/GCF_046764875.1/GCF_046764875.1.gff
GCF_047049315.1,WP_412487999.1,/mnt/d/5-NCBI-Reference/1-Bac/download/GCF_047049315.1/GCF_047049315.1.fasta,/mnt/d/5-NCBI-Reference/1-Bac/download/GCF_047049315.1/GCF_047049315.1.gff
GCF_047200615.1,WP_412806831.1,/mnt/d/5-NCBI-Reference/1-Bac/download/GCF_047200615.1/GCF_047200615.1.fasta,/mnt/d/5-NCBI-Reference/1-Bac/download/GCF_047200615.1/GCF_047200615.1.gff
GCF_047200635.1,WP_412810863.1,/mnt/d/5-NCBI-Reference/1-Bac/download/GCF_047200635.1/GCF_047200635.1.fasta,/mnt/d/5-NCBI-Reference/1-Bac/download/GCF_047200635.1/GCF_047200635.1.gff
GCF_047337785.1,WP_413813056.1,/mnt/d/5-NCBI-Reference/1-Bac/download/GCF_047337785.1/GCF_047337785.1.fasta,/mnt/d/5-NCBI-Reference/1-Bac/download/GCF_047337785.1/GCF_047337785.1.gff
GCF_047456005.1,WP_414170781.1,/mnt/d/5-NCBI-Reference/1-Bac/download/GCF_047456005.1/GCF_047456005.1.fasta,/mnt/d/5-NCBI-Reference/1-Bac/download/GCF_047456005.1/GCF_047456005.1.gff
GCF_047782815.1,WP_416063106.1,/mnt/d/5-NCBI-Reference/1-Bac/download/GCF_047782815.1/GCF_047782815.1.fasta,/mnt/d/5-NCBI-Reference/1-Bac/download/GCF_047782815.1/GCF_047782815.1.gff
GCF_048500665.1,WP_418959858.1,/mnt/d/5-NCBI-Reference/1-Bac/download/GCF_048500665.1/GCF_048500665.1.fasta,/mnt/d/5-NCBI-Reference/1-Bac/download/GCF_048500665.1/GCF_048500665.1.gff
GCF_048572725.1,WP_419995224.1,/mnt/d/5-NCBI-Reference/1-Bac/download/GCF_048572725.1/GCF_048572725.1.fasta,/mnt/d/5-NCBI-Reference/1-Bac/download/GCF_048572725.1/GCF_048572725.1.gff
GCF_048910785.1,WP_420772689.1,/mnt/d/5-NCBI-Reference/1-Bac/download/GCF_048910785.1/GCF_048910785.1.fasta,/mnt/d/5-NCBI-Reference/1-Bac/download/GCF_048910785.1/GCF_048910785.1.gff
GCF_049239045.1,WP_319342025.1,/mnt/d/5-NCBI-Reference/1-Bac/download/GCF_049239045.1/GCF_049239045.1.fasta,/mnt/d/5-NCBI-Reference/1-Bac/download/GCF_049239045.1/GCF_049239045.1.gff
GCF_049239225.1,WP_319098119.1,/mnt/d/5-NCBI-Reference/1-Bac/download/GCF_049239225.1/GCF_049239225.1.fasta,/mnt/d/5-NCBI-Reference/1-Bac/download/GCF_049239225.1/GCF_049239225.1.gff
GCF_049310105.1,WP_422464693.1,/mnt/d/5-NCBI-Reference/1-Bac/download/GCF_049310105.1/GCF_049310105.1.fasta,/mnt/d/5-NCBI-Reference/1-Bac/download/GCF_049310105.1/GCF_049310105.1.gff
GCF_049534875.1,WP_423530759.1,/mnt/d/5-NCBI-Reference/1-Bac/download/GCF_049534875.1/GCF_049534875.1.fasta,/mnt/d/5-NCBI-Reference/1-Bac/download/GCF_049534875.1/GCF_049534875.1.gff
GCF_049570255.1,WP_423833242.1,/mnt/d/5-NCBI-Reference/1-Bac/download/GCF_049570255.1/GCF_049570255.1.fasta,/mnt/d/5-NCBI-Reference/1-Bac/download/GCF_049570255.1/GCF_049570255.1.gff
GCF_049844455.1,WP_425833455.1,/mnt/d/5-NCBI-Reference/1-Bac/download/GCF_049844455.1/GCF_049844455.1.fasta,/mnt/d/5-NCBI-Reference/1-Bac/download/GCF_049844455.1/GCF_049844455.1.gff
GCF_050018475.1,WP_426681091.1,/mnt/d/5-NCBI-Reference/1-Bac/download/GCF_050018475.1/GCF_050018475.1.fasta,/mnt/d/5-NCBI-Reference/1-Bac/download/GCF_050018475.1/GCF_050018475.1.gff
GCF_050871185.1,WP_432588225.1,/mnt/d/5-NCBI-Reference/1-Bac/download/GCF_050871185.1/GCF_050871185.1.fasta,/mnt/d/5-NCBI-Reference/1-Bac/download/GCF_050871185.1/GCF_050871185.1.gff
GCF_050972075.1,WP_433883115.1,/mnt/d/5-NCBI-Reference/1-Bac/download/GCF_050972075.1/GCF_050972075.1.fasta,/mnt/d/5-NCBI-Reference/1-Bac/download/GCF_050972075.1/GCF_050972075.1.gff
GCF_051094245.1,WP_434438903.1,/mnt/d/5-NCBI-Reference/1-Bac/download/GCF_051094245.1/GCF_051094245.1.fasta,/mnt/d/5-NCBI-Reference/1-Bac/download/GCF_051094245.1/GCF_051094245.1.gff
GCF_052543575.1,WP_256912107.1,/mnt/d/5-NCBI-Reference/1-Bac/download/GCF_052543575.1/GCF_052543575.1.fasta,/mnt/d/5-NCBI-Reference/1-Bac/download/GCF_052543575.1/GCF_052543575.1.gff
GCF_052828665.1,WP_446299244.1,/mnt/d/5-NCBI-Reference/1-Bac/download/GCF_052828665.1/GCF_052828665.1.fasta,/mnt/d/5-NCBI-Reference/1-Bac/download/GCF_052828665.1/GCF_052828665.1.gff
GCF_052934925.1,WP_447029267.1,/mnt/d/5-NCBI-Reference/1-Bac/download/GCF_052934925.1/GCF_052934925.1.fasta,/mnt/d/5-NCBI-Reference/1-Bac/download/GCF_052934925.1/GCF_052934925.1.gff
GCF_052936015.1,WP_447051525.1,/mnt/d/5-NCBI-Reference/1-Bac/download/GCF_052936015.1/GCF_052936015.1.fasta,/mnt/d/5-NCBI-Reference/1-Bac/download/GCF_052936015.1/GCF_052936015.1.gff
GCF_052936305.1,WP_447004195.1,/mnt/d/5-NCBI-Reference/1-Bac/download/GCF_052936305.1/GCF_052936305.1.fasta,/mnt/d/5-NCBI-Reference/1-Bac/download/GCF_052936305.1/GCF_052936305.1.gff
GCF_053591575.1,WP_450258391.1,/mnt/d/5-NCBI-Reference/1-Bac/download/GCF_053591575.1/GCF_053591575.1.fasta,/mnt/d/5-NCBI-Reference/1-Bac/download/GCF_053591575.1/GCF_053591575.1.gff
GCF_900100315.1,WP_093615355.1,/mnt/d/5-NCBI-Reference/1-Bac/download/GCF_900100315.1/GCF_900100315.1.fasta,/mnt/d/5-NCBI-Reference/1-Bac/download/GCF_900100315.1/GCF_900100315.1.gff
GCF_900100695.1,WP_278246983.1,/mnt/d/5-NCBI-Reference/1-Bac/download/GCF_900100695.1/GCF_900100695.1.fasta,/mnt/d/5-NCBI-Reference/1-Bac/download/GCF_900100695.1/GCF_900100695.1.gff
GCF_900100925.1,WP_092523814.1,/mnt/d/5-NCBI-Reference/1-Bac/download/GCF_900100925.1/GCF_900100925.1.fasta,/mnt/d/5-NCBI-Reference/1-Bac/download/GCF_900100925.1/GCF_900100925.1.gff
GCF_900100955.1,WP_090048195.1,/mnt/d/5-NCBI-Reference/1-Bac/download/GCF_900100955.1/GCF_900100955.1.fasta,/mnt/d/5-NCBI-Reference/1-Bac/download/GCF_900100955.1/GCF_900100955.1.gff
GCF_900101025.1,WP_243469858.1,/mnt/d/5-NCBI-Reference/1-Bac/download/GCF_900101025.1/GCF_900101025.1.fasta,/mnt/d/5-NCBI-Reference/1-Bac/download/GCF_900101025.1/GCF_900101025.1.gff
GCF_900101095.1,WP_092629803.1,/mnt/d/5-NCBI-Reference/1-Bac/download/GCF_900101095.1/GCF_900101095.1.fasta,/mnt/d/5-NCBI-Reference/1-Bac/download/GCF_900101095.1/GCF_900101095.1.gff
GCF_900101585.1,WP_074993328.1,/mnt/d/5-NCBI-Reference/1-Bac/download/GCF_900101585.1/GCF_900101585.1.fasta,/mnt/d/5-NCBI-Reference/1-Bac/download/GCF_900101585.1/GCF_900101585.1.gff
GCF_900101735.1,WP_072846008.1,/mnt/d/5-NCBI-Reference/1-Bac/download/GCF_900101735.1/GCF_900101735.1.fasta,/mnt/d/5-NCBI-Reference/1-Bac/download/GCF_900101735.1/GCF_900101735.1.gff
GCF_900102195.1,WP_245707436.1,/mnt/d/5-NCBI-Reference/1-Bac/download/GCF_900102195.1/GCF_900102195.1.fasta,/mnt/d/5-NCBI-Reference/1-Bac/download/GCF_900102195.1/GCF_900102195.1.gff
GCF_900102425.1,WP_091764467.1,/mnt/d/5-NCBI-Reference/1-Bac/download/GCF_900102425.1/GCF_900102425.1.fasta,/mnt/d/5-NCBI-Reference/1-Bac/download/GCF_900102425.1/GCF_900102425.1.gff
GCF_900103455.1,WP_167746000.1,/mnt/d/5-NCBI-Reference/1-Bac/download/GCF_900103455.1/GCF_900103455.1.fasta,/mnt/d/5-NCBI-Reference/1-Bac/download/GCF_900103455.1/GCF_900103455.1.gff
GCF_900103775.1,WP_052406753.1,/mnt/d/5-NCBI-Reference/1-Bac/download/GCF_900103775.1/GCF_900103775.1.fasta,/mnt/d/5-NCBI-Reference/1-Bac/download/GCF_900103775.1/GCF_900103775.1.gff
GCF_900103975.1,WP_242654227.1,/mnt/d/5-NCBI-Reference/1-Bac/download/GCF_900103975.1/GCF_900103975.1.fasta,/mnt/d/5-NCBI-Reference/1-Bac/download/GCF_900103975.1/GCF_900103975.1.gff
GCF_900103985.1,WP_093787188.1,/mnt/d/5-NCBI-Reference/1-Bac/download/GCF_900103985.1/GCF_900103985.1.fasta,/mnt/d/5-NCBI-Reference/1-Bac/download/GCF_900103985.1/GCF_900103985.1.gff
GCF_900104175.1,WP_090095015.1,/mnt/d/5-NCBI-Reference/1-Bac/download/GCF_900104175.1/GCF_900104175.1.fasta,/mnt/d/5-NCBI-Reference/1-Bac/download/GCF_900104175.1/GCF_900104175.1.gff
GCF_900104475.1,WP_092601911.1,/mnt/d/5-NCBI-Reference/1-Bac/download/GCF_900104475.1/GCF_900104475.1.fasta,/mnt/d/5-NCBI-Reference/1-Bac/download/GCF_900104475.1/GCF_900104475.1.gff
GCF_900104535.1,WP_231988302.1,/mnt/d/5-NCBI-Reference/1-Bac/download/GCF_900104535.1/GCF_900104535.1.fasta,/mnt/d/5-NCBI-Reference/1-Bac/download/GCF_900104535.1/GCF_900104535.1.gff
GCF_900104745.1,WP_092653617.1,/mnt/d/5-NCBI-Reference/1-Bac/download/GCF_900104745.1/GCF_900104745.1.fasta,/mnt/d/5-NCBI-Reference/1-Bac/download/GCF_900104745.1/GCF_900104745.1.gff
GCF_900104815.1,WP_074992360.1,/mnt/d/5-NCBI-Reference/1-Bac/download/GCF_900104815.1/GCF_900104815.1.fasta,/mnt/d/5-NCBI-Reference/1-Bac/download/GCF_900104815.1/GCF_900104815.1.gff
GCF_900105375.1,WP_073370410.1,/mnt/d/5-NCBI-Reference/1-Bac/download/GCF_900105375.1/GCF_900105375.1.fasta,/mnt/d/5-NCBI-Reference/1-Bac/download/GCF_900105375.1/GCF_900105375.1.gff
GCF_900105695.1,WP_167746340.1,/mnt/d/5-NCBI-Reference/1-Bac/download/GCF_900105695.1/GCF_900105695.1.fasta,/mnt/d/5-NCBI-Reference/1-Bac/download/GCF_900105695.1/GCF_900105695.1.gff
GCF_900105925.1,WP_082155090.1,/mnt/d/5-NCBI-Reference/1-Bac/download/GCF_900105925.1/GCF_900105925.1.fasta,/mnt/d/5-NCBI-Reference/1-Bac/download/GCF_900105925.1/GCF_900105925.1.gff
GCF_900106035.1,WP_083288180.1,/mnt/d/5-NCBI-Reference/1-Bac/download/GCF_900106035.1/GCF_900106035.1.fasta,/mnt/d/5-NCBI-Reference/1-Bac/download/GCF_900106035.1/GCF_900106035.1.gff
GCF_900106995.1,WP_245761708.1,/mnt/d/5-NCBI-Reference/1-Bac/download/GCF_900106995.1/GCF_900106995.1.fasta,/mnt/d/5-NCBI-Reference/1-Bac/download/GCF_900106995.1/GCF_900106995.1.gff
GCF_900107045.1,WP_091289686.1,/mnt/d/5-NCBI-Reference/1-Bac/download/GCF_900107045.1/GCF_900107045.1.fasta,/mnt/d/5-NCBI-Reference/1-Bac/download/GCF_900107045.1/GCF_900107045.1.gff
GCF_900107925.1,WP_086670512.1,/mnt/d/5-NCBI-Reference/1-Bac/download/GCF_900107925.1/GCF_900107925.1.fasta,/mnt/d/5-NCBI-Reference/1-Bac/download/GCF_900107925.1/GCF_900107925.1.gff
GCF_900107965.1,WP_103890562.1,/mnt/d/5-NCBI-Reference/1-Bac/download/GCF_900107965.1/GCF_900107965.1.fasta,/mnt/d/5-NCBI-Reference/1-Bac/download/GCF_900107965.1/GCF_900107965.1.gff
GCF_900109465.1,WP_075004047.1,/mnt/d/5-NCBI-Reference/1-Bac/download/GCF_900109465.1/GCF_900109465.1.fasta,/mnt/d/5-NCBI-Reference/1-Bac/download/GCF_900109465.1/GCF_900109465.1.gff
GCF_900110255.1,WP_079176002.1,/mnt/d/5-NCBI-Reference/1-Bac/download/GCF_900110255.1/GCF_900110255.1.fasta,/mnt/d/5-NCBI-Reference/1-Bac/download/GCF_900110255.1/GCF_900110255.1.gff
GCF_900110575.1,WP_425425217.1,/mnt/d/5-NCBI-Reference/1-Bac/download/GCF_900110575.1/GCF_900110575.1.fasta,/mnt/d/5-NCBI-Reference/1-Bac/download/GCF_900110575.1/GCF_900110575.1.gff
GCF_900110735.1,WP_093654275.1,/mnt/d/5-NCBI-Reference/1-Bac/download/GCF_900110735.1/GCF_900110735.1.fasta,/mnt/d/5-NCBI-Reference/1-Bac/download/GCF_900110735.1/GCF_900110735.1.gff
GCF_900110955.1,WP_089953238.1,/mnt/d/5-NCBI-Reference/1-Bac/download/GCF_900110955.1/GCF_900110955.1.fasta,/mnt/d/5-NCBI-Reference/1-Bac/download/GCF_900110955.1/GCF_900110955.1.gff
GCF_900111005.1,WP_089927282.1,/mnt/d/5-NCBI-Reference/1-Bac/download/GCF_900111005.1/GCF_900111005.1.fasta,/mnt/d/5-NCBI-Reference/1-Bac/download/GCF_900111005.1/GCF_900111005.1.gff
GCF_900111175.1,WP_092778255.1,/mnt/d/5-NCBI-Reference/1-Bac/download/GCF_900111175.1/GCF_900111175.1.fasta,/mnt/d/5-NCBI-Reference/1-Bac/download/GCF_900111175.1/GCF_900111175.1.gff
GCF_900111245.1,WP_075001460.1,/mnt/d/5-NCBI-Reference/1-Bac/download/GCF_900111245.1/GCF_900111245.1.fasta,/mnt/d/5-NCBI-Reference/1-Bac/download/GCF_900111245.1/GCF_900111245.1.gff
GCF_900111805.1,WP_074921728.1,/mnt/d/5-NCBI-Reference/1-Bac/download/GCF_900111805.1/GCF_900111805.1.fasta,/mnt/d/5-NCBI-Reference/1-Bac/download/GCF_900111805.1/GCF_900111805.1.gff
GCF_900111885.1,WP_091678696.1,/mnt/d/5-NCBI-Reference/1-Bac/download/GCF_900111885.1/GCF_900111885.1.fasta,/mnt/d/5-NCBI-Reference/1-Bac/download/GCF_900111885.1/GCF_900111885.1.gff
GCF_900112355.1,WP_093836972.1,/mnt/d/5-NCBI-Reference/1-Bac/download/GCF_900112355.1/GCF_900112355.1.fasta,/mnt/d/5-NCBI-Reference/1-Bac/download/GCF_900112355.1/GCF_900112355.1.gff
GCF_900112525.1,WP_229827817.1,/mnt/d/5-NCBI-Reference/1-Bac/download/GCF_900112525.1/GCF_900112525.1.fasta,/mnt/d/5-NCBI-Reference/1-Bac/download/GCF_900112525.1/GCF_900112525.1.gff
GCF_900112555.1,WP_177247751.1,/mnt/d/5-NCBI-Reference/1-Bac/download/GCF_900112555.1/GCF_900112555.1.fasta,/mnt/d/5-NCBI-Reference/1-Bac/download/GCF_900112555.1/GCF_900112555.1.gff
GCF_900112765.1,WP_092924189.1,/mnt/d/5-NCBI-Reference/1-Bac/download/GCF_900112765.1/GCF_900112765.1.fasta,/mnt/d/5-NCBI-Reference/1-Bac/download/GCF_900112765.1/GCF_900112765.1.gff
GCF_900112845.1,WP_245796626.1,/mnt/d/5-NCBI-Reference/1-Bac/download/GCF_900112845.1/GCF_900112845.1.fasta,/mnt/d/5-NCBI-Reference/1-Bac/download/GCF_900112845.1/GCF_900112845.1.gff
GCF_900113515.1,WP_177242333.1,/mnt/d/5-NCBI-Reference/1-Bac/download/GCF_900113515.1/GCF_900113515.1.fasta,/mnt/d/5-NCBI-Reference/1-Bac/download/GCF_900113515.1/GCF_900113515.1.gff
GCF_900114035.1,WP_245782931.1,/mnt/d/5-NCBI-Reference/1-Bac/download/GCF_900114035.1/GCF_900114035.1.fasta,/mnt/d/5-NCBI-Reference/1-Bac/download/GCF_900114035.1/GCF_900114035.1.gff
GCF_900114215.1,WP_245793623.1,/mnt/d/5-NCBI-Reference/1-Bac/download/GCF_900114215.1/GCF_900114215.1.fasta,/mnt/d/5-NCBI-Reference/1-Bac/download/GCF_900114215.1/GCF_900114215.1.gff
GCF_900115005.1,WP_093340869.1,/mnt/d/5-NCBI-Reference/1-Bac/download/GCF_900115005.1/GCF_900115005.1.fasta,/mnt/d/5-NCBI-Reference/1-Bac/download/GCF_900115005.1/GCF_900115005.1.gff
GCF_900115345.1,WP_093573235.1,/mnt/d/5-NCBI-Reference/1-Bac/download/GCF_900115345.1/GCF_900115345.1.fasta,/mnt/d/5-NCBI-Reference/1-Bac/download/GCF_900115345.1/GCF_900115345.1.gff
GCF_900115565.1,WP_243859251.1,/mnt/d/5-NCBI-Reference/1-Bac/download/GCF_900115565.1/GCF_900115565.1.fasta,/mnt/d/5-NCBI-Reference/1-Bac/download/GCF_900115565.1/GCF_900115565.1.gff
GCF_900115955.1,WP_093592153.1,/mnt/d/5-NCBI-Reference/1-Bac/download/GCF_900115955.1/GCF_900115955.1.fasta,/mnt/d/5-NCBI-Reference/1-Bac/download/GCF_900115955.1/GCF_900115955.1.gff
GCF_900116135.1,WP_093413724.1,/mnt/d/5-NCBI-Reference/1-Bac/download/GCF_900116135.1/GCF_900116135.1.fasta,/mnt/d/5-NCBI-Reference/1-Bac/download/GCF_900116135.1/GCF_900116135.1.gff
GCF_900116555.1,WP_092976162.1,/mnt/d/5-NCBI-Reference/1-Bac/download/GCF_900116555.1/GCF_900116555.1.fasta,/mnt/d/5-NCBI-Reference/1-Bac/download/GCF_900116555.1/GCF_900116555.1.gff
GCF_900129375.1,WP_234995925.1,/mnt/d/5-NCBI-Reference/1-Bac/download/GCF_900129375.1/GCF_900129375.1.fasta,/mnt/d/5-NCBI-Reference/1-Bac/download/GCF_900129375.1/GCF_900129375.1.gff
GCF_900129455.1,WP_143168006.1,/mnt/d/5-NCBI-Reference/1-Bac/download/GCF_900129455.1/GCF_900129455.1.fasta,/mnt/d/5-NCBI-Reference/1-Bac/download/GCF_900129455.1/GCF_900129455.1.gff
GCF_900142365.1,WP_073455730.1,/mnt/d/5-NCBI-Reference/1-Bac/download/GCF_900142365.1/GCF_900142365.1.fasta,/mnt/d/5-NCBI-Reference/1-Bac/download/GCF_900142365.1/GCF_900142365.1.gff
GCF_900142575.1,WP_079189472.1,/mnt/d/5-NCBI-Reference/1-Bac/download/GCF_900142575.1/GCF_900142575.1.fasta,/mnt/d/5-NCBI-Reference/1-Bac/download/GCF_900142575.1/GCF_900142575.1.gff
GCF_900156495.1,WP_076477197.1,/mnt/d/5-NCBI-Reference/1-Bac/download/GCF_900156495.1/GCF_900156495.1.fasta,/mnt/d/5-NCBI-Reference/1-Bac/download/GCF_900156495.1/GCF_900156495.1.gff
GCF_900176515.1,WP_160097413.1,/mnt/d/5-NCBI-Reference/1-Bac/download/GCF_900176515.1/GCF_900176515.1.fasta,/mnt/d/5-NCBI-Reference/1-Bac/download/GCF_900176515.1/GCF_900176515.1.gff
GCF_900176525.1,WP_030476625.1,/mnt/d/5-NCBI-Reference/1-Bac/download/GCF_900176525.1/GCF_900176525.1.fasta,/mnt/d/5-NCBI-Reference/1-Bac/download/GCF_900176525.1/GCF_900176525.1.gff
GCF_900188115.1,WP_089299679.1,/mnt/d/5-NCBI-Reference/1-Bac/download/GCF_900188115.1/GCF_900188115.1.fasta,/mnt/d/5-NCBI-Reference/1-Bac/download/GCF_900188115.1/GCF_900188115.1.gff
GCF_900188125.1,WP_089246485.1,/mnt/d/5-NCBI-Reference/1-Bac/download/GCF_900188125.1/GCF_900188125.1.fasta,/mnt/d/5-NCBI-Reference/1-Bac/download/GCF_900188125.1/GCF_900188125.1.gff
GCF_900197875.1,WP_101832791.1,/mnt/d/5-NCBI-Reference/1-Bac/download/GCF_900197875.1/GCF_900197875.1.fasta,/mnt/d/5-NCBI-Reference/1-Bac/download/GCF_900197875.1/GCF_900197875.1.gff
GCF_900221005.1,WP_097193366.1,/mnt/d/5-NCBI-Reference/1-Bac/download/GCF_900221005.1/GCF_900221005.1.fasta,/mnt/d/5-NCBI-Reference/1-Bac/download/GCF_900221005.1/GCF_900221005.1.gff
GCF_900230195.1,WP_170970434.1,/mnt/d/5-NCBI-Reference/1-Bac/download/GCF_900230195.1/GCF_900230195.1.fasta,/mnt/d/5-NCBI-Reference/1-Bac/download/GCF_900230195.1/GCF_900230195.1.gff
GCF_900232995.1,WP_191496304.1,/mnt/d/5-NCBI-Reference/1-Bac/download/GCF_900232995.1/GCF_900232995.1.fasta,/mnt/d/5-NCBI-Reference/1-Bac/download/GCF_900232995.1/GCF_900232995.1.gff
GCF_900269665.1,WP_107659066.1,/mnt/d/5-NCBI-Reference/1-Bac/download/GCF_900269665.1/GCF_900269665.1.fasta,/mnt/d/5-NCBI-Reference/1-Bac/download/GCF_900269665.1/GCF_900269665.1.gff
GCF_900455725.1,WP_115311557.1,/mnt/d/5-NCBI-Reference/1-Bac/download/GCF_900455725.1/GCF_900455725.1.fasta,/mnt/d/5-NCBI-Reference/1-Bac/download/GCF_900455725.1/GCF_900455725.1.gff
GCF_900478115.1,WP_084722537.1,/mnt/d/5-NCBI-Reference/1-Bac/download/GCF_900478115.1/GCF_900478115.1.fasta,/mnt/d/5-NCBI-Reference/1-Bac/download/GCF_900478115.1/GCF_900478115.1.gff
GCF_900638215.1,WP_013155685.1,/mnt/d/5-NCBI-Reference/1-Bac/download/GCF_900638215.1/GCF_900638215.1.fasta,/mnt/d/5-NCBI-Reference/1-Bac/download/GCF_900638215.1/GCF_900638215.1.gff
GCF_900683595.1,WP_131735299.1,/mnt/d/5-NCBI-Reference/1-Bac/download/GCF_900683595.1/GCF_900683595.1.fasta,/mnt/d/5-NCBI-Reference/1-Bac/download/GCF_900683595.1/GCF_900683595.1.gff
GCF_902497555.1,WP_155541142.1,/mnt/d/5-NCBI-Reference/1-Bac/download/GCF_902497555.1/GCF_902497555.1.fasta,/mnt/d/5-NCBI-Reference/1-Bac/download/GCF_902497555.1/GCF_902497555.1.gff
GCF_902812705.1,WP_175084512.1,/mnt/d/5-NCBI-Reference/1-Bac/download/GCF_902812705.1/GCF_902812705.1.fasta,/mnt/d/5-NCBI-Reference/1-Bac/download/GCF_902812705.1/GCF_902812705.1.gff
GCF_907177275.1,WP_422665189.1,/mnt/d/5-NCBI-Reference/1-Bac/download/GCF_907177275.1/GCF_907177275.1.fasta,/mnt/d/5-NCBI-Reference/1-Bac/download/GCF_907177275.1/GCF_907177275.1.gff
GCF_910593825.1,WP_205042338.1,/mnt/d/5-NCBI-Reference/1-Bac/download/GCF_910593825.1/GCF_910593825.1.fasta,/mnt/d/5-NCBI-Reference/1-Bac/download/GCF_910593825.1/GCF_910593825.1.gff
GCF_913919575.1,WP_230195654.1,/mnt/d/5-NCBI-Reference/1-Bac/download/GCF_913919575.1/GCF_913919575.1.fasta,/mnt/d/5-NCBI-Reference/1-Bac/download/GCF_913919575.1/GCF_913919575.1.gff
GCF_963853645.1,WP_085248940.1,/mnt/d/5-NCBI-Reference/1-Bac/download/GCF_963853645.1/GCF_963853645.1.fasta,/mnt/d/5-NCBI-Reference/1-Bac/download/GCF_963853645.1/GCF_963853645.1.gff
GCF_965343085.1,WP_435107294.1,/mnt/d/5-NCBI-Reference/1-Bac/download/GCF_965343085.1/GCF_965343085.1.fasta,/mnt/d/5-NCBI-Reference/1-Bac/download/GCF_965343085.1/GCF_965343085.1.gff
