文件名	target name	accession	query name	accession	E-value	score	bias	E-value	score	bias	exp	reg	clu	ov	env	dom	rep	inc	description of target
GCA_000351625.1_Esch_coli_KTE66_V1_genomic	KB732762.1_1373	-	lolD.aln	-	3.5e-116	384.5	0.4	4e-116	384.4	0.4	1.0	1	0	0	1	1	1	1	# 1525488 # 1526189 # 1 # ID=7_1373;partial=00;start_type=ATG;rbs_motif=GGAG/GAGG;rbs_spacer=5-10bp;gc_cont=0.554
GCA_000351625.1_Esch_coli_KTE66_V1_genomic	KB732762.1_757	-	lolD.aln	-	2.9e-81	270.3	0.6	3.3e-81	270.2	0.6	1.0	1	0	0	1	1	1	1	# 859244 # 859930 # 1 # ID=7_757;partial=00;start_type=ATG;rbs_motif=AGGA;rbs_spacer=5-10bp;gc_cont=0.566
GCA_000351625.1_Esch_coli_KTE66_V1_genomic	KB732762.1_2468	-	lolD.aln	-	6.4e-80	265.9	8.6	6.5e-41	138.3	1.1	2.1	2	0	0	2	2	2	2	# 2669097 # 2670686 # 1 # ID=7_2468;partial=00;start_type=ATG;rbs_motif=AGxAGG/AGGxGG;rbs_spacer=5-10bp;gc_cont=0.516
GCA_000351625.1_Esch_coli_KTE66_V1_genomic	KB732762.1_1097	-	lolD.aln	-	4e-78	260.1	3.1	3.5e-38	129.4	4.1	2.1	2	0	0	2	2	2	2	# 1224331 # 1226202 # 1 # ID=7_1097;partial=00;start_type=TTG;rbs_motif=GGA/GAG/AGG;rbs_spacer=5-10bp;gc_cont=0.542
GCA_000351625.1_Esch_coli_KTE66_V1_genomic	KB732762.1_1148	-	lolD.aln	-	3.6e-72	240.6	0.2	5e-72	240.1	0.2	1.2	1	0	0	1	1	1	1	# 1279395 # 1281341 # 1 # ID=7_1148;partial=00;start_type=ATG;rbs_motif=AGGAG;rbs_spacer=5-10bp;gc_cont=0.541
GCA_000351625.1_Esch_coli_KTE66_V1_genomic	KB732766.1_514	-	lolD.aln	-	8e-62	206.8	0.0	8.8e-62	206.6	0.0	1.0	1	0	0	1	1	1	1	# 527216 # 527884 # -1 # ID=11_514;partial=00;start_type=ATG;rbs_motif=GGAG/GAGG;rbs_spacer=5-10bp;gc_cont=0.559
GCA_000351625.1_Esch_coli_KTE66_V1_genomic	KB732762.1_449	-	lolD.aln	-	8.5e-61	203.4	0.2	1.1e-60	203.0	0.2	1.1	1	0	0	1	1	1	1	# 493621 # 494652 # -1 # ID=7_449;partial=00;start_type=ATG;rbs_motif=None;rbs_spacer=None;gc_cont=0.525
GCA_000351625.1_Esch_coli_KTE66_V1_genomic	KB732762.1_1076	-	lolD.aln	-	6.6e-59	197.2	0.2	7.3e-59	197.1	0.2	1.0	1	0	0	1	1	1	1	# 1201848 # 1202570 # -1 # ID=7_1076;partial=00;start_type=GTG;rbs_motif=AGGA;rbs_spacer=5-10bp;gc_cont=0.535
GCA_000351625.1_Esch_coli_KTE66_V1_genomic	KB732762.1_2161	-	lolD.aln	-	5.2e-54	181.2	0.2	5.9e-54	181.0	0.2	1.0	1	0	0	1	1	1	1	# 2348197 # 2348949 # -1 # ID=7_2161;partial=00;start_type=ATG;rbs_motif=AGGAG/GGAGG;rbs_spacer=11-12bp;gc_cont=0.539
GCA_000351625.1_Esch_coli_KTE66_V1_genomic	KB732766.1_536	-	lolD.aln	-	1.2e-53	180.0	0.0	3.6e-28	96.7	0.0	2.2	2	0	0	2	2	2	2	# 546078 # 548813 # -1 # ID=11_536;partial=00;start_type=ATG;rbs_motif=GGAG/GAGG;rbs_spacer=5-10bp;gc_cont=0.563
GCA_000351625.1_Esch_coli_KTE66_V1_genomic	KB732762.1_104	-	lolD.aln	-	3.1e-51	172.1	0.0	1.5e-31	107.8	0.0	2.2	2	0	0	2	2	2	2	# 103081 # 104634 # 1 # ID=7_104;partial=00;start_type=ATG;rbs_motif=GGA/GAG/AGG;rbs_spacer=5-10bp;gc_cont=0.552
GCA_000351625.1_Esch_coli_KTE66_V1_genomic	KB732762.1_2737	-	lolD.aln	-	3.1e-51	172.1	0.5	6.6e-51	171.0	0.4	1.5	2	0	0	2	2	1	1	# 2959010 # 2960107 # -1 # ID=7_2737;partial=00;start_type=ATG;rbs_motif=AGGAG;rbs_spacer=5-10bp;gc_cont=0.587
GCA_000351625.1_Esch_coli_KTE66_V1_genomic	KB732762.1_2586	-	lolD.aln	-	1.3e-50	170.1	1.4	1.6e-50	169.8	1.4	1.1	1	0	0	1	1	1	1	# 2805102 # 2805875 # -1 # ID=7_2586;partial=00;start_type=ATG;rbs_motif=GGA/GAG/AGG;rbs_spacer=5-10bp;gc_cont=0.512
GCA_000351625.1_Esch_coli_KTE66_V1_genomic	KB732762.1_2905	-	lolD.aln	-	2.5e-50	169.1	1.7	4.4e-28	96.4	0.1	3.0	2	1	0	2	2	2	2	# 3138941 # 3140452 # -1 # ID=7_2905;partial=00;start_type=ATG;rbs_motif=GGAG/GAGG;rbs_spacer=5-10bp;gc_cont=0.558
GCA_000351625.1_Esch_coli_KTE66_V1_genomic	KB732762.1_930	-	lolD.aln	-	3.6e-50	168.6	0.3	4.1e-50	168.5	0.3	1.0	1	0	0	1	1	1	1	# 1034573 # 1035298 # -1 # ID=7_930;partial=00;start_type=ATG;rbs_motif=AGGA;rbs_spacer=5-10bp;gc_cont=0.518
GCA_000351625.1_Esch_coli_KTE66_V1_genomic	KB732762.1_1061	-	lolD.aln	-	1.1e-49	167.1	0.0	8.1e-26	89.0	0.0	2.2	2	0	0	2	2	2	2	# 1181429 # 1183165 # -1 # ID=7_1061;partial=00;start_type=ATG;rbs_motif=GGAG/GAGG;rbs_spacer=5-10bp;gc_cont=0.554
GCA_000351625.1_Esch_coli_KTE66_V1_genomic	KB732766.1_825	-	lolD.aln	-	5.3e-49	164.8	0.7	3.7e-26	90.1	0.0	2.9	2	1	0	2	2	2	2	# 886857 # 888362 # 1 # ID=11_825;partial=00;start_type=ATG;rbs_motif=GGAG/GAGG;rbs_spacer=5-10bp;gc_cont=0.509
GCA_000351625.1_Esch_coli_KTE66_V1_genomic	KB732766.1_632	-	lolD.aln	-	9.6e-49	164.0	1.1	4.4e-29	99.6	0.4	3.0	3	0	0	3	3	3	3	# 662030 # 663571 # 1 # ID=11_632;partial=00;start_type=ATG;rbs_motif=GGAG/GAGG;rbs_spacer=5-10bp;gc_cont=0.475
GCA_000351625.1_Esch_coli_KTE66_V1_genomic	KB732766.1_334	-	lolD.aln	-	6.2e-48	161.3	0.0	7.8e-48	161.0	0.0	1.0	1	0	0	1	1	1	1	# 353586 # 354344 # 1 # ID=11_334;partial=00;start_type=ATG;rbs_motif=GGAG/GAGG;rbs_spacer=5-10bp;gc_cont=0.478
GCA_000351625.1_Esch_coli_KTE66_V1_genomic	KB732762.1_584	-	lolD.aln	-	4.7e-47	158.4	1.1	2.4e-26	90.7	0.2	2.6	2	1	0	2	2	2	2	# 650461 # 651945 # 1 # ID=7_584;partial=00;start_type=ATG;rbs_motif=GGA/GAG/AGG;rbs_spacer=5-10bp;gc_cont=0.517
GCA_000351625.1_Esch_coli_KTE66_V1_genomic	KB732762.1_1382	-	lolD.aln	-	6.3e-47	158.0	0.2	9.8e-47	157.4	0.2	1.3	1	0	0	1	1	1	1	# 1533324 # 1534460 # -1 # ID=7_1382;partial=00;start_type=ATG;rbs_motif=None;rbs_spacer=None;gc_cont=0.507
GCA_000351625.1_Esch_coli_KTE66_V1_genomic	KB732762.1_1705	-	lolD.aln	-	9.1e-46	154.2	0.0	1.5e-45	153.5	0.0	1.3	1	0	0	1	1	1	1	# 1860201 # 1861214 # 1 # ID=7_1705;partial=00;start_type=ATG;rbs_motif=None;rbs_spacer=None;gc_cont=0.548
GCA_000351625.1_Esch_coli_KTE66_V1_genomic	KB732762.1_3060	-	lolD.aln	-	9.6e-46	154.2	1.0	1.4e-45	153.6	1.0	1.2	1	0	0	1	1	1	1	# 3291857 # 3293059 # 1 # ID=7_3060;partial=00;start_type=ATG;rbs_motif=4Base/6BMM;rbs_spacer=13-15bp;gc_cont=0.490
GCA_000351625.1_Esch_coli_KTE66_V1_genomic	KB732762.1_2436	-	lolD.aln	-	1.6e-45	153.4	0.1	1.9e-23	81.2	0.0	3.0	2	1	0	2	2	2	2	# 2630631 # 2632151 # -1 # ID=7_2436;partial=00;start_type=ATG;rbs_motif=GGA/GAG/AGG;rbs_spacer=5-10bp;gc_cont=0.452
GCA_000351625.1_Esch_coli_KTE66_V1_genomic	KB732766.1_531	-	lolD.aln	-	2.5e-45	152.8	1.0	3.2e-45	152.5	1.0	1.1	1	0	0	1	1	1	1	# 542917 # 543723 # 1 # ID=11_531;partial=00;start_type=ATG;rbs_motif=GGAG/GAGG;rbs_spacer=5-10bp;gc_cont=0.560
GCA_000351625.1_Esch_coli_KTE66_V1_genomic	KB732762.1_1132	-	lolD.aln	-	3.2e-45	152.5	0.0	4e-45	152.1	0.0	1.0	1	0	0	1	1	1	1	# 1259566 # 1260294 # -1 # ID=7_1132;partial=00;start_type=ATG;rbs_motif=GGA/GAG/AGG;rbs_spacer=5-10bp;gc_cont=0.528
GCA_000351625.1_Esch_coli_KTE66_V1_genomic	KB732762.1_1795	-	lolD.aln	-	1.1e-44	150.7	3.3	2.1e-23	81.1	0.1	2.6	2	1	0	2	2	2	2	# 1971326 # 1972861 # 1 # ID=7_1795;partial=00;start_type=ATG;rbs_motif=GGxGG;rbs_spacer=3-4bp;gc_cont=0.531
GCA_000351625.1_Esch_coli_KTE66_V1_genomic	KB732768.1_99	-	lolD.aln	-	1.9e-44	149.9	1.1	2.7e-44	149.4	1.1	1.2	1	0	0	1	1	1	1	# 112055 # 112843 # -1 # ID=13_99;partial=00;start_type=ATG;rbs_motif=GGAGG;rbs_spacer=5-10bp;gc_cont=0.587
GCA_000351625.1_Esch_coli_KTE66_V1_genomic	KB732762.1_1123	-	lolD.aln	-	3.6e-44	149.0	0.2	5.2e-44	148.5	0.2	1.2	1	0	0	1	1	1	1	# 1251787 # 1252920 # 1 # ID=7_1123;partial=00;start_type=GTG;rbs_motif=GGAG/GAGG;rbs_spacer=5-10bp;gc_cont=0.540
GCA_000351625.1_Esch_coli_KTE66_V1_genomic	KB732762.1_1201	-	lolD.aln	-	7.5e-44	148.0	0.2	2.4e-43	146.3	0.2	1.7	1	1	0	1	1	1	1	# 1351225 # 1351992 # -1 # ID=7_1201;partial=00;start_type=ATG;rbs_motif=AGGAG;rbs_spacer=5-10bp;gc_cont=0.555
GCA_000351625.1_Esch_coli_KTE66_V1_genomic	KB732766.1_605	-	lolD.aln	-	1.2e-43	147.3	0.1	1.5e-43	146.9	0.1	1.1	1	0	0	1	1	1	1	# 632910 # 633914 # -1 # ID=11_605;partial=00;start_type=ATG;rbs_motif=GGAGG;rbs_spacer=5-10bp;gc_cont=0.563
GCA_000351625.1_Esch_coli_KTE66_V1_genomic	KB732762.1_2147	-	lolD.aln	-	1.6e-43	146.9	0.1	4e-28	96.5	0.0	3.1	3	0	0	3	3	3	3	# 2334690 # 2336204 # -1 # ID=7_2147;partial=00;start_type=ATG;rbs_motif=GGAG/GAGG;rbs_spacer=5-10bp;gc_cont=0.521
GCA_000351625.1_Esch_coli_KTE66_V1_genomic	KB732766.1_501	-	lolD.aln	-	2.6e-43	146.2	0.1	3.5e-43	145.8	0.1	1.1	1	0	0	1	1	1	1	# 513157 # 514227 # -1 # ID=11_501;partial=00;start_type=ATG;rbs_motif=GGA/GAG/AGG;rbs_spacer=5-10bp;gc_cont=0.574
GCA_000351625.1_Esch_coli_KTE66_V1_genomic	KB732762.1_1565	-	lolD.aln	-	1.1e-42	144.2	0.5	1.4e-42	143.8	0.5	1.2	1	0	0	1	1	1	1	# 1727963 # 1729045 # 1 # ID=7_1565;partial=00;start_type=ATG;rbs_motif=AGGA;rbs_spacer=5-10bp;gc_cont=0.492
GCA_000351625.1_Esch_coli_KTE66_V1_genomic	KB732768.1_91	-	lolD.aln	-	1.6e-42	143.6	0.0	1.9e-42	143.4	0.0	1.0	1	0	0	1	1	1	1	# 105737 # 106495 # -1 # ID=13_91;partial=00;start_type=ATG;rbs_motif=GGAG/GAGG;rbs_spacer=5-10bp;gc_cont=0.617
GCA_000351625.1_Esch_coli_KTE66_V1_genomic	KB732762.1_1484	-	lolD.aln	-	1.7e-42	143.6	0.4	2e-42	143.3	0.4	1.0	1	0	0	1	1	1	1	# 1643290 # 1644303 # 1 # ID=7_1484;partial=00;start_type=ATG;rbs_motif=AGGAG;rbs_spacer=5-10bp;gc_cont=0.518
GCA_000351625.1_Esch_coli_KTE66_V1_genomic	KB732768.1_33	-	lolD.aln	-	5.6e-42	141.8	0.3	8.1e-42	141.3	0.3	1.2	1	0	0	1	1	1	1	# 41923 # 43038 # 1 # ID=13_33;partial=00;start_type=ATG;rbs_motif=GGAG/GAGG;rbs_spacer=5-10bp;gc_cont=0.548
GCA_000351625.1_Esch_coli_KTE66_V1_genomic	KB732762.1_1088	-	lolD.aln	-	6.7e-42	141.6	1.3	1.9e-11	42.0	0.0	4.3	3	2	1	4	4	4	4	# 1212780 # 1214372 # 1 # ID=7_1088;partial=00;start_type=GTG;rbs_motif=AGGA;rbs_spacer=5-10bp;gc_cont=0.527
GCA_000351625.1_Esch_coli_KTE66_V1_genomic	KB732762.1_239	-	lolD.aln	-	1e-41	141.0	0.1	2.3e-12	45.0	0.0	4.2	4	0	0	4	4	4	4	# 256090 # 257757 # -1 # ID=7_239;partial=00;start_type=GTG;rbs_motif=AGGA/GGAG/GAGG;rbs_spacer=11-12bp;gc_cont=0.550
GCA_000351625.1_Esch_coli_KTE66_V1_genomic	KB732768.1_90	-	lolD.aln	-	4.5e-41	138.9	0.0	5.2e-41	138.7	0.0	1.0	1	0	0	1	1	1	1	# 104946 # 105626 # -1 # ID=13_90;partial=00;start_type=ATG;rbs_motif=GGAG/GAGG;rbs_spacer=5-10bp;gc_cont=0.599
GCA_000351625.1_Esch_coli_KTE66_V1_genomic	KB732762.1_1217	-	lolD.aln	-	4.3e-40	135.7	0.3	3.7e-12	44.3	0.0	4.2	3	1	1	4	4	4	4	# 1367912 # 1369819 # 1 # ID=7_1217;partial=00;start_type=ATG;rbs_motif=AGGA;rbs_spacer=5-10bp;gc_cont=0.527
GCA_000351625.1_Esch_coli_KTE66_V1_genomic	KB732766.1_606	-	lolD.aln	-	6.3e-40	135.1	0.3	7.5e-40	134.9	0.3	1.1	1	0	0	1	1	1	1	# 633911 # 634894 # -1 # ID=11_606;partial=00;start_type=ATG;rbs_motif=GGAG/GAGG;rbs_spacer=5-10bp;gc_cont=0.563
GCA_000351625.1_Esch_coli_KTE66_V1_genomic	KB732762.1_623	-	lolD.aln	-	2.6e-38	129.8	0.1	7.2e-38	128.4	0.1	1.6	1	1	0	1	1	1	1	# 694635 # 695402 # 1 # ID=7_623;partial=00;start_type=ATG;rbs_motif=AGGAG;rbs_spacer=5-10bp;gc_cont=0.566
GCA_000351625.1_Esch_coli_KTE66_V1_genomic	KB732766.1_410	-	lolD.aln	-	7.8e-38	128.3	0.4	2.5e-16	57.9	0.0	4.0	2	2	1	3	3	3	3	# 407577 # 409490 # 1 # ID=11_410;partial=00;start_type=ATG;rbs_motif=None;rbs_spacer=None;gc_cont=0.556
GCA_000351625.1_Esch_coli_KTE66_V1_genomic	KB732762.1_1485	-	lolD.aln	-	1.7e-37	127.2	0.0	2.1e-37	126.9	0.0	1.1	1	0	0	1	1	1	1	# 1644300 # 1645304 # 1 # ID=7_1485;partial=00;start_type=ATG;rbs_motif=GGAGG;rbs_spacer=5-10bp;gc_cont=0.524
GCA_000351625.1_Esch_coli_KTE66_V1_genomic	KB732766.1_266	-	lolD.aln	-	2e-37	127.0	0.0	2.5e-37	126.6	0.0	1.0	1	0	0	1	1	1	1	# 277712 # 278521 # -1 # ID=11_266;partial=00;start_type=ATG;rbs_motif=GGA/GAG/AGG;rbs_spacer=5-10bp;gc_cont=0.543
GCA_000351625.1_Esch_coli_KTE66_V1_genomic	KB732762.1_1766	-	lolD.aln	-	3.6e-35	119.6	2.0	7.6e-33	112.0	2.0	2.1	1	1	0	1	1	1	1	# 1923653 # 1924579 # -1 # ID=7_1766;partial=00;start_type=GTG;rbs_motif=AGGAG;rbs_spacer=5-10bp;gc_cont=0.540
GCA_000351625.1_Esch_coli_KTE66_V1_genomic	KB732762.1_752	-	lolD.aln	-	6e-35	118.8	0.0	7e-35	118.6	0.0	1.1	1	0	0	1	1	1	1	# 855430 # 856107 # 1 # ID=7_752;partial=00;start_type=ATG;rbs_motif=GGA/GAG/AGG;rbs_spacer=5-10bp;gc_cont=0.456
GCA_000351625.1_Esch_coli_KTE66_V1_genomic	KB732762.1_319	-	lolD.aln	-	8.4e-35	118.4	0.2	1.2e-34	117.9	0.2	1.2	1	0	0	1	1	1	1	# 346057 # 346755 # -1 # ID=7_319;partial=00;start_type=ATG;rbs_motif=None;rbs_spacer=None;gc_cont=0.574
GCA_000351625.1_Esch_coli_KTE66_V1_genomic	KB732762.1_2417	-	lolD.aln	-	1.1e-34	118.0	0.3	1.5e-34	117.5	0.3	1.1	1	0	0	1	1	1	1	# 2609461 # 2610387 # -1 # ID=7_2417;partial=00;start_type=ATG;rbs_motif=GGA/GAG/AGG;rbs_spacer=5-10bp;gc_cont=0.553
GCA_000351625.1_Esch_coli_KTE66_V1_genomic	KB732762.1_1027	-	lolD.aln	-	1.9e-34	117.2	0.0	9.9e-19	65.8	0.0	3.2	3	0	0	3	3	3	3	# 1147033 # 1148505 # -1 # ID=7_1027;partial=00;start_type=ATG;rbs_motif=GGA/GAG/AGG;rbs_spacer=5-10bp;gc_cont=0.525
GCA_000351625.1_Esch_coli_KTE66_V1_genomic	KB732762.1_1155	-	lolD.aln	-	2.8e-34	116.7	0.3	4.7e-34	115.9	0.3	1.3	1	0	0	1	1	1	1	# 1287008 # 1288729 # -1 # ID=7_1155;partial=00;start_type=ATG;rbs_motif=AGGAG;rbs_spacer=5-10bp;gc_cont=0.539
GCA_000351625.1_Esch_coli_KTE66_V1_genomic	KB732762.1_1767	-	lolD.aln	-	2.8e-33	113.4	0.2	3.4e-33	113.1	0.2	1.1	1	0	0	1	1	1	1	# 1924572 # 1925558 # -1 # ID=7_1767;partial=00;start_type=ATG;rbs_motif=AGGAG;rbs_spacer=5-10bp;gc_cont=0.537
GCA_000351625.1_Esch_coli_KTE66_V1_genomic	KB732762.1_1537	-	lolD.aln	-	3.7e-33	113.0	0.1	5.2e-33	112.5	0.1	1.2	1	0	0	1	1	1	1	# 1699093 # 1699899 # -1 # ID=7_1537;partial=00;start_type=ATG;rbs_motif=GGAG/GAGG;rbs_spacer=5-10bp;gc_cont=0.514
GCA_000351625.1_Esch_coli_KTE66_V1_genomic	KB732766.1_506	-	lolD.aln	-	7.6e-33	112.0	0.7	7.5e-32	108.7	0.7	1.9	1	1	0	1	1	1	1	# 518563 # 519330 # -1 # ID=11_506;partial=00;start_type=ATG;rbs_motif=AGGAG;rbs_spacer=5-10bp;gc_cont=0.557
GCA_000351625.1_Esch_coli_KTE66_V1_genomic	KB732762.1_1433	-	lolD.aln	-	1.6e-31	107.6	0.1	2.2e-31	107.2	0.1	1.1	1	0	0	1	1	1	1	# 1584355 # 1585113 # -1 # ID=7_1433;partial=00;start_type=GTG;rbs_motif=GGAGG;rbs_spacer=5-10bp;gc_cont=0.539
GCA_000351625.1_Esch_coli_KTE66_V1_genomic	KB732762.1_1182	-	lolD.aln	-	1.7e-31	107.5	0.3	2.8e-31	106.8	0.3	1.3	1	0	0	1	1	1	1	# 1324743 # 1326491 # 1 # ID=7_1182;partial=00;start_type=ATG;rbs_motif=None;rbs_spacer=None;gc_cont=0.505
GCA_000351625.1_Esch_coli_KTE66_V1_genomic	KB732762.1_1032	-	lolD.aln	-	2.2e-31	107.2	0.0	3.5e-31	106.5	0.0	1.2	1	0	0	1	1	1	1	# 1151271 # 1152329 # 1 # ID=7_1032;partial=00;start_type=ATG;rbs_motif=GGxGG;rbs_spacer=5-10bp;gc_cont=0.534
GCA_000351625.1_Esch_coli_KTE66_V1_genomic	KB732762.1_1538	-	lolD.aln	-	5.1e-31	106.0	0.1	4.3e-30	103.0	0.1	1.9	1	1	0	1	1	1	1	# 1699901 # 1700893 # -1 # ID=7_1538;partial=00;start_type=ATG;rbs_motif=GGxGG;rbs_spacer=5-10bp;gc_cont=0.516
GCA_000351625.1_Esch_coli_KTE66_V1_genomic	KB732762.1_874	-	lolD.aln	-	9.5e-31	105.1	0.0	1.5e-30	104.4	0.0	1.2	1	0	0	1	1	1	1	# 978974 # 979789 # -1 # ID=7_874;partial=00;start_type=ATG;rbs_motif=AGGAG/GGAGG;rbs_spacer=11-12bp;gc_cont=0.545
GCA_000351625.1_Esch_coli_KTE66_V1_genomic	KB732766.1_568	-	lolD.aln	-	1.8e-30	104.2	0.0	2.3e-30	103.8	0.0	1.1	1	0	0	1	1	1	1	# 584998 # 585768 # 1 # ID=11_568;partial=00;start_type=ATG;rbs_motif=GGAGG;rbs_spacer=5-10bp;gc_cont=0.486
GCA_000351625.1_Esch_coli_KTE66_V1_genomic	KB732762.1_2003	-	lolD.aln	-	6.8e-30	102.3	0.0	8.8e-30	101.9	0.0	1.0	1	0	0	1	1	1	1	# 2188118 # 2188771 # 1 # ID=7_2003;partial=00;start_type=ATG;rbs_motif=AGGA;rbs_spacer=5-10bp;gc_cont=0.520
GCA_000351625.1_Esch_coli_KTE66_V1_genomic	KB732766.1_505	-	lolD.aln	-	7.8e-30	102.1	0.1	9.1e-30	101.9	0.1	1.1	1	0	0	1	1	1	1	# 517848 # 518561 # -1 # ID=11_505;partial=00;start_type=ATG;rbs_motif=GGAG/GAGG;rbs_spacer=5-10bp;gc_cont=0.570
GCA_000351625.1_Esch_coli_KTE66_V1_genomic	KB732762.1_377	-	lolD.aln	-	1.6e-29	101.1	0.0	2.2e-29	100.6	0.0	1.2	1	0	0	1	1	1	1	# 416331 # 417257 # 1 # ID=7_377;partial=00;start_type=ATG;rbs_motif=3Base/5BMM;rbs_spacer=13-15bp;gc_cont=0.494
GCA_000351625.1_Esch_coli_KTE66_V1_genomic	KB732766.1_797	-	lolD.aln	-	2.1e-29	100.7	0.0	2.6e-29	100.4	0.0	1.1	1	0	0	1	1	1	1	# 855543 # 856316 # -1 # ID=11_797;partial=00;start_type=ATG;rbs_motif=AGGA;rbs_spacer=5-10bp;gc_cont=0.525
GCA_000351625.1_Esch_coli_KTE66_V1_genomic	KB732766.1_272	-	lolD.aln	-	2.2e-29	100.7	0.0	2.5e-29	100.4	0.0	1.1	1	0	0	1	1	1	1	# 282400 # 283125 # 1 # ID=11_272;partial=00;start_type=ATG;rbs_motif=4Base/6BMM;rbs_spacer=13-15bp;gc_cont=0.541
GCA_000351625.1_Esch_coli_KTE66_V1_genomic	KB732762.1_2109	-	lolD.aln	-	2.7e-29	100.4	3.3	2.7e-20	70.9	0.2	2.1	2	0	0	2	2	2	2	# 2295451 # 2296206 # 1 # ID=7_2109;partial=00;start_type=ATG;rbs_motif=None;rbs_spacer=None;gc_cont=0.489
GCA_000351625.1_Esch_coli_KTE66_V1_genomic	KB732762.1_401	-	lolD.aln	-	6.6e-29	99.1	0.0	7.6e-17	59.6	0.1	2.1	2	0	0	2	2	2	2	# 442831 # 443628 # 1 # ID=7_401;partial=00;start_type=ATG;rbs_motif=None;rbs_spacer=None;gc_cont=0.561
GCA_000351625.1_Esch_coli_KTE66_V1_genomic	KB732766.1_110	-	lolD.aln	-	1.2e-27	95.0	0.0	1.6e-27	94.6	0.0	1.1	1	0	0	1	1	1	1	# 111050 # 111859 # -1 # ID=11_110;partial=00;start_type=GTG;rbs_motif=None;rbs_spacer=None;gc_cont=0.491
GCA_000351625.1_Esch_coli_KTE66_V1_genomic	KB732768.1_56	-	lolD.aln	-	3.5e-26	90.2	2.9	3e-10	38.0	0.0	4.2	4	0	0	4	4	4	4	# 66087 # 68909 # -1 # ID=13_56;partial=00;start_type=ATG;rbs_motif=GGA/GAG/AGG;rbs_spacer=5-10bp;gc_cont=0.556
GCA_000351625.1_Esch_coli_KTE66_V1_genomic	KB732762.1_743	-	lolD.aln	-	1.5e-25	88.1	0.3	2.6e-25	87.3	0.3	1.3	1	0	0	1	1	1	1	# 846592 # 848754 # 1 # ID=7_743;partial=00;start_type=ATG;rbs_motif=GGxGG;rbs_spacer=5-10bp;gc_cont=0.573
GCA_000351625.1_Esch_coli_KTE66_V1_genomic	KB732762.1_705	-	lolD.aln	-	4.9e-25	86.4	1.0	7.8e-25	85.8	1.0	1.3	1	0	0	1	1	1	1	# 781249 # 783030 # 1 # ID=7_705;partial=00;start_type=ATG;rbs_motif=AGGAG;rbs_spacer=5-10bp;gc_cont=0.556
GCA_000351625.1_Esch_coli_KTE66_V1_genomic	KB732766.1_530	-	lolD.aln	-	1.3e-23	81.8	1.6	1.5e-16	58.6	0.2	2.0	2	0	0	2	2	2	2	# 542156 # 542920 # 1 # ID=11_530;partial=00;start_type=ATG;rbs_motif=AGGA/GGAG/GAGG;rbs_spacer=11-12bp;gc_cont=0.593
GCA_000351625.1_Esch_coli_KTE66_V1_genomic	KB732762.1_2497	-	lolD.aln	-	6.7e-23	79.4	0.1	3.1e-21	74.0	0.1	2.2	1	1	0	1	1	1	1	# 2697828 # 2699471 # -1 # ID=7_2497;partial=00;start_type=ATG;rbs_motif=None;rbs_spacer=None;gc_cont=0.534
GCA_000351625.1_Esch_coli_KTE66_V1_genomic	KB732762.1_2486	-	lolD.aln	-	3.7e-22	77.0	0.1	2e-21	74.6	0.1	1.8	1	1	0	1	1	1	1	# 2688444 # 2689067 # -1 # ID=7_2486;partial=00;start_type=GTG;rbs_motif=GGA/GAG/AGG;rbs_spacer=5-10bp;gc_cont=0.556
GCA_000351625.1_Esch_coli_KTE66_V1_genomic	KB732762.1_1156	-	lolD.aln	-	5e-22	76.6	0.0	1e-21	75.5	0.0	1.4	1	1	0	1	1	1	1	# 1288730 # 1290496 # -1 # ID=7_1156;partial=00;start_type=ATG;rbs_motif=None;rbs_spacer=None;gc_cont=0.530
GCA_000351625.1_Esch_coli_KTE66_V1_genomic	KB732762.1_704	-	lolD.aln	-	3e-21	74.0	0.1	5.1e-21	73.3	0.1	1.3	1	0	0	1	1	1	1	# 779484 # 781256 # 1 # ID=7_704;partial=00;start_type=GTG;rbs_motif=AGGA;rbs_spacer=5-10bp;gc_cont=0.538
GCA_000351625.1_Esch_coli_KTE66_V1_genomic	KB732762.1_1957	-	lolD.aln	-	5.3e-18	63.4	0.8	6.4e-09	33.7	0.1	2.1	2	0	0	2	2	2	2	# 2142540 # 2143289 # -1 # ID=7_1957;partial=00;start_type=ATG;rbs_motif=None;rbs_spacer=None;gc_cont=0.552
GCA_000351625.1_Esch_coli_KTE66_V1_genomic	KB732762.1_1929	-	lolD.aln	-	1.4e-17	62.1	0.1	1.8e-09	35.5	0.1	2.1	2	0	0	2	2	2	2	# 2111496 # 2112242 # -1 # ID=7_1929;partial=00;start_type=ATG;rbs_motif=AGGA;rbs_spacer=5-10bp;gc_cont=0.505
GCA_000351625.1_Esch_coli_KTE66_V1_genomic	KB732762.1_1779	-	lolD.aln	-	3.6e-16	57.4	0.0	1.6e-10	38.9	0.0	2.3	2	0	0	2	2	2	2	# 1944213 # 1945898 # -1 # ID=7_1779;partial=00;start_type=ATG;rbs_motif=None;rbs_spacer=None;gc_cont=0.430
GCA_000351625.1_Esch_coli_KTE66_V1_genomic	KB732762.1_3332	-	lolD.aln	-	0.00029	18.5	0.0	0.00066	17.3	0.0	1.5	1	0	0	1	1	1	1	# 3586701 # 3587681 # -1 # ID=7_3332;partial=00;start_type=ATG;rbs_motif=GGAG/GAGG;rbs_spacer=5-10bp;gc_cont=0.555
GCA_000351625.1_Esch_coli_KTE66_V1_genomic	KB732762.1_2681	-	lolD.aln	-	0.00033	18.3	0.3	0.17	9.4	0.1	2.7	2	0	0	2	2	2	1	# 2891614 # 2893449 # -1 # ID=7_2681;partial=00;start_type=ATG;rbs_motif=GGA/GAG/AGG;rbs_spacer=5-10bp;gc_cont=0.341
GCA_000351625.1_Esch_coli_KTE66_V1_genomic	KB732764.1_13	-	lolD.aln	-	0.024	12.2	0.0	0.025	12.1	0.0	1.1	1	0	0	1	1	1	0	# 9797 # 10078 # 1 # ID=9_13;partial=00;start_type=ATG;rbs_motif=GGA/GAG/AGG;rbs_spacer=5-10bp;gc_cont=0.535
GCA_000351625.1_Esch_coli_KTE66_V1_genomic	KB732766.1_69	-	lolD.aln	-	0.027	12.0	0.0	0.041	11.4	0.0	1.2	1	0	0	1	1	1	0	# 70025 # 70723 # -1 # ID=11_69;partial=00;start_type=ATG;rbs_motif=None;rbs_spacer=None;gc_cont=0.501
GCA_000351625.1_Esch_coli_KTE66_V1_genomic	KB732766.1_70	-	lolD.aln	-	0.036	11.6	0.1	0.064	10.8	0.1	1.3	1	0	0	1	1	1	0	# 70912 # 71604 # 1 # ID=11_70;partial=00;start_type=ATG;rbs_motif=AGGA;rbs_spacer=5-10bp;gc_cont=0.482
GCA_000408385.1_Esch_coli_KTE68_V1_genomic	KE137035.1_985	-	lolD.aln	-	1.4e-116	386.0	0.4	1.6e-116	385.8	0.4	1.0	1	0	0	1	1	1	1	# 1044702 # 1045403 # 1 # ID=1_985;partial=00;start_type=ATG;rbs_motif=GGAG/GAGG;rbs_spacer=5-10bp;gc_cont=0.551
GCA_000408385.1_Esch_coli_KTE68_V1_genomic	KE137035.1_298	-	lolD.aln	-	3.2e-81	270.3	0.6	3.6e-81	270.2	0.6	1.0	1	0	0	1	1	1	1	# 335502 # 336188 # 1 # ID=1_298;partial=00;start_type=ATG;rbs_motif=AGGA;rbs_spacer=5-10bp;gc_cont=0.569
GCA_000408385.1_Esch_coli_KTE68_V1_genomic	KE137049.1_1009	-	lolD.aln	-	5.8e-80	266.2	9.5	4.6e-41	139.0	1.7	2.1	2	0	0	2	2	2	2	# 1084169 # 1085758 # 1 # ID=15_1009;partial=00;start_type=ATG;rbs_motif=AGxAGG/AGGxGG;rbs_spacer=5-10bp;gc_cont=0.517
GCA_000408385.1_Esch_coli_KTE68_V1_genomic	KE137035.1_714	-	lolD.aln	-	3.4e-77	257.2	3.1	4.2e-38	129.3	0.0	2.1	2	0	0	2	2	2	2	# 748441 # 750312 # 1 # ID=1_714;partial=00;start_type=TTG;rbs_motif=GGA/GAG/AGG;rbs_spacer=5-10bp;gc_cont=0.538
GCA_000408385.1_Esch_coli_KTE68_V1_genomic	KE137035.1_770	-	lolD.aln	-	7.1e-72	239.7	0.3	9.9e-72	239.3	0.3	1.2	1	0	0	1	1	1	1	# 807950 # 809896 # 1 # ID=1_770;partial=00;start_type=ATG;rbs_motif=AGGAG;rbs_spacer=5-10bp;gc_cont=0.541
GCA_000408385.1_Esch_coli_KTE68_V1_genomic	KE137053.1_563	-	lolD.aln	-	8.7e-62	206.8	0.0	9.6e-62	206.6	0.0	1.0	1	0	0	1	1	1	1	# 586605 # 587273 # -1 # ID=19_563;partial=00;start_type=ATG;rbs_motif=GGAG/GAGG;rbs_spacer=5-10bp;gc_cont=0.559
GCA_000408385.1_Esch_coli_KTE68_V1_genomic	KE137040.1_363	-	lolD.aln	-	9.3e-61	203.4	0.2	1.2e-60	203.0	0.2	1.1	1	0	0	1	1	1	1	# 405983 # 407014 # -1 # ID=6_363;partial=00;start_type=ATG;rbs_motif=None;rbs_spacer=None;gc_cont=0.526
GCA_000408385.1_Esch_coli_KTE68_V1_genomic	KE137035.1_691	-	lolD.aln	-	7.2e-59	197.2	0.2	8e-59	197.1	0.2	1.0	1	0	0	1	1	1	1	# 721677 # 722399 # -1 # ID=1_691;partial=00;start_type=GTG;rbs_motif=AGGA;rbs_spacer=5-10bp;gc_cont=0.539
GCA_000408385.1_Esch_coli_KTE68_V1_genomic	KE137049.1_653	-	lolD.aln	-	6.3e-54	181.1	0.2	7.2e-54	180.9	0.2	1.0	1	0	0	1	1	1	1	# 691134 # 691886 # -1 # ID=15_653;partial=00;start_type=ATG;rbs_motif=AGGAG/GGAGG;rbs_spacer=11-12bp;gc_cont=0.546
GCA_000408385.1_Esch_coli_KTE68_V1_genomic	KE137053.1_610	-	lolD.aln	-	1.2e-53	180.2	0.0	3.9e-28	96.7	0.0	2.2	2	0	0	2	2	2	2	# 626339 # 629074 # -1 # ID=19_610;partial=00;start_type=ATG;rbs_motif=GGAG/GAGG;rbs_spacer=5-10bp;gc_cont=0.569
GCA_000408385.1_Esch_coli_KTE68_V1_genomic	KE137037.1_218	-	lolD.aln	-	2e-51	172.9	0.0	1e-31	108.4	0.1	2.2	2	0	0	2	2	2	2	# 241730 # 243232 # 1 # ID=3_218;partial=00;start_type=ATG;rbs_motif=AGxAGG/AGGxGG;rbs_spacer=5-10bp;gc_cont=0.554
GCA_000408385.1_Esch_coli_KTE68_V1_genomic	KE137049.1_1281	-	lolD.aln	-	4.2e-51	171.8	0.5	7.2e-51	171.0	0.4	1.4	2	0	0	2	2	1	1	# 1369570 # 1370667 # -1 # ID=15_1281;partial=00;start_type=ATG;rbs_motif=AGGAG;rbs_spacer=5-10bp;gc_cont=0.581
GCA_000408385.1_Esch_coli_KTE68_V1_genomic	KE137035.1_494	-	lolD.aln	-	1.1e-50	170.4	0.3	1.2e-50	170.3	0.3	1.0	1	0	0	1	1	1	1	# 528160 # 528885 # -1 # ID=1_494;partial=00;start_type=ATG;rbs_motif=AGGA;rbs_spacer=5-10bp;gc_cont=0.511
GCA_000408385.1_Esch_coli_KTE68_V1_genomic	KE137049.1_1187	-	lolD.aln	-	2.2e-50	169.5	1.4	2.6e-50	169.2	1.4	1.1	1	0	0	1	1	1	1	# 1266158 # 1266931 # -1 # ID=15_1187;partial=00;start_type=ATG;rbs_motif=GGA/GAG/AGG;rbs_spacer=5-10bp;gc_cont=0.513
GCA_000408385.1_Esch_coli_KTE68_V1_genomic	KE137049.1_1404	-	lolD.aln	-	2.6e-50	169.2	1.7	4.8e-28	96.4	0.1	3.0	2	1	0	2	2	2	2	# 1512269 # 1513780 # -1 # ID=15_1404;partial=00;start_type=ATG;rbs_motif=GGAG/GAGG;rbs_spacer=5-10bp;gc_cont=0.558
GCA_000408385.1_Esch_coli_KTE68_V1_genomic	KE137035.1_676	-	lolD.aln	-	9e-50	167.4	0.0	8.7e-26	89.0	0.0	2.1	2	0	0	2	2	2	2	# 703177 # 704913 # -1 # ID=1_676;partial=00;start_type=ATG;rbs_motif=GGAG/GAGG;rbs_spacer=5-10bp;gc_cont=0.553
GCA_000408385.1_Esch_coli_KTE68_V1_genomic	KE137053.1_715	-	lolD.aln	-	1.1e-48	163.9	1.0	5.4e-29	99.5	0.4	3.0	3	0	0	3	3	3	3	# 745498 # 747039 # 1 # ID=19_715;partial=00;start_type=ATG;rbs_motif=GGAG/GAGG;rbs_spacer=5-10bp;gc_cont=0.471
GCA_000408385.1_Esch_coli_KTE68_V1_genomic	KE137053.1_908	-	lolD.aln	-	1.6e-48	163.4	0.6	1.1e-25	88.6	0.0	2.9	2	1	0	2	2	2	2	# 972287 # 973792 # 1 # ID=19_908;partial=00;start_type=ATG;rbs_motif=GGAG/GAGG;rbs_spacer=5-10bp;gc_cont=0.509
GCA_000408385.1_Esch_coli_KTE68_V1_genomic	KE137053.1_393	-	lolD.aln	-	6.8e-48	161.3	0.0	8.5e-48	161.0	0.0	1.0	1	0	0	1	1	1	1	# 421838 # 422596 # 1 # ID=19_393;partial=00;start_type=ATG;rbs_motif=GGAG/GAGG;rbs_spacer=5-10bp;gc_cont=0.468
GCA_000408385.1_Esch_coli_KTE68_V1_genomic	KE137035.1_122	-	lolD.aln	-	5.3e-47	158.4	1.7	2.6e-26	90.7	0.2	2.6	2	1	0	2	2	2	2	# 125625 # 127109 # 1 # ID=1_122;partial=00;start_type=ATG;rbs_motif=GGA/GAG/AGG;rbs_spacer=5-10bp;gc_cont=0.516
GCA_000408385.1_Esch_coli_KTE68_V1_genomic	KE137046.1_2	-	lolD.aln	-	6.9e-47	158.0	0.2	1.1e-46	157.4	0.2	1.3	1	0	0	1	1	1	1	# 1188 # 2324 # -1 # ID=12_2;partial=00;start_type=ATG;rbs_motif=None;rbs_spacer=None;gc_cont=0.510
GCA_000408385.1_Esch_coli_KTE68_V1_genomic	KE137049.1_142	-	lolD.aln	-	1e-45	154.2	0.0	1.7e-45	153.5	0.0	1.3	1	0	0	1	1	1	1	# 155963 # 156976 # 1 # ID=15_142;partial=00;start_type=ATG;rbs_motif=None;rbs_spacer=None;gc_cont=0.544
GCA_000408385.1_Esch_coli_KTE68_V1_genomic	KE137049.1_1528	-	lolD.aln	-	1e-45	154.2	1.0	1.6e-45	153.6	1.0	1.2	1	0	0	1	1	1	1	# 1655172 # 1656374 # 1 # ID=15_1528;partial=00;start_type=ATG;rbs_motif=4Base/6BMM;rbs_spacer=13-15bp;gc_cont=0.493
GCA_000408385.1_Esch_coli_KTE68_V1_genomic	KE137049.1_975	-	lolD.aln	-	1.7e-45	153.4	0.1	2.1e-23	81.2	0.0	3.0	2	1	0	2	2	2	2	# 1044876 # 1046396 # -1 # ID=15_975;partial=00;start_type=ATG;rbs_motif=GGA/GAG/AGG;rbs_spacer=5-10bp;gc_cont=0.453
GCA_000408385.1_Esch_coli_KTE68_V1_genomic	KE137053.1_600	-	lolD.aln	-	3e-45	152.7	0.9	3.7e-45	152.4	0.9	1.1	1	0	0	1	1	1	1	# 618114 # 618920 # 1 # ID=19_600;partial=00;start_type=ATG;rbs_motif=GGAG/GAGG;rbs_spacer=5-10bp;gc_cont=0.558
GCA_000408385.1_Esch_coli_KTE68_V1_genomic	KE137035.1_754	-	lolD.aln	-	3.5e-45	152.5	0.0	4.3e-45	152.1	0.0	1.0	1	0	0	1	1	1	1	# 788118 # 788846 # -1 # ID=1_754;partial=00;start_type=ATG;rbs_motif=GGA/GAG/AGG;rbs_spacer=5-10bp;gc_cont=0.528
GCA_000408385.1_Esch_coli_KTE68_V1_genomic	KE137037.1_98	-	lolD.aln	-	2.1e-44	149.9	1.1	3e-44	149.4	1.1	1.2	1	0	0	1	1	1	1	# 112321 # 113109 # -1 # ID=3_98;partial=00;start_type=ATG;rbs_motif=GGAGG;rbs_spacer=5-10bp;gc_cont=0.589
GCA_000408385.1_Esch_coli_KTE68_V1_genomic	KE137035.1_823	-	lolD.aln	-	2.8e-44	149.5	0.3	8.6e-44	147.9	0.3	1.7	1	1	0	1	1	1	1	# 881510 # 882277 # -1 # ID=1_823;partial=00;start_type=ATG;rbs_motif=AGGAG;rbs_spacer=5-10bp;gc_cont=0.565
GCA_000408385.1_Esch_coli_KTE68_V1_genomic	KE137049.1_231	-	lolD.aln	-	3.9e-44	149.0	3.1	3.6e-23	80.5	0.1	2.6	2	1	0	2	2	2	2	# 261831 # 263366 # 1 # ID=15_231;partial=00;start_type=ATG;rbs_motif=GGxGG;rbs_spacer=3-4bp;gc_cont=0.534
GCA_000408385.1_Esch_coli_KTE68_V1_genomic	KE137035.1_742	-	lolD.aln	-	4e-44	149.0	0.2	5.7e-44	148.5	0.2	1.2	1	0	0	1	1	1	1	# 776865 # 777998 # 1 # ID=1_742;partial=00;start_type=GTG;rbs_motif=GGAG/GAGG;rbs_spacer=5-10bp;gc_cont=0.545
GCA_000408385.1_Esch_coli_KTE68_V1_genomic	KE137049.1_639	-	lolD.aln	-	9.3e-44	147.8	0.1	4.4e-28	96.5	0.0	3.1	3	0	0	3	3	3	3	# 677626 # 679140 # -1 # ID=15_639;partial=00;start_type=ATG;rbs_motif=GGAG/GAGG;rbs_spacer=5-10bp;gc_cont=0.519
GCA_000408385.1_Esch_coli_KTE68_V1_genomic	KE137053.1_550	-	lolD.aln	-	1.3e-43	147.3	0.1	1.8e-43	146.9	0.1	1.1	1	0	0	1	1	1	1	# 572624 # 573694 # -1 # ID=19_550;partial=00;start_type=ATG;rbs_motif=GGA/GAG/AGG;rbs_spacer=5-10bp;gc_cont=0.583
GCA_000408385.1_Esch_coli_KTE68_V1_genomic	KE137053.1_687	-	lolD.aln	-	2.5e-43	146.4	0.1	3.2e-43	146.0	0.1	1.1	1	0	0	1	1	1	1	# 715445 # 716449 # -1 # ID=19_687;partial=00;start_type=ATG;rbs_motif=GGAGG;rbs_spacer=5-10bp;gc_cont=0.553
GCA_000408385.1_Esch_coli_KTE68_V1_genomic	KE137037.1_90	-	lolD.aln	-	1.3e-42	144.0	0.0	1.5e-42	143.8	0.0	1.0	1	0	0	1	1	1	1	# 106003 # 106761 # -1 # ID=3_90;partial=00;start_type=ATG;rbs_motif=GGAG/GAGG;rbs_spacer=5-10bp;gc_cont=0.613
GCA_000408385.1_Esch_coli_KTE68_V1_genomic	KE137047.1_110	-	lolD.aln	-	1.4e-42	143.9	0.5	1.8e-42	143.6	0.5	1.0	1	0	0	1	1	1	1	# 117414 # 118427 # 1 # ID=13_110;partial=00;start_type=ATG;rbs_motif=AGGAG;rbs_spacer=5-10bp;gc_cont=0.513
GCA_000408385.1_Esch_coli_KTE68_V1_genomic	KE137037.1_32	-	lolD.aln	-	6.1e-42	141.8	0.3	8.8e-42	141.3	0.3	1.2	1	0	0	1	1	1	1	# 41442 # 42557 # 1 # ID=3_32;partial=00;start_type=ATG;rbs_motif=GGAG/GAGG;rbs_spacer=5-10bp;gc_cont=0.548
GCA_000408385.1_Esch_coli_KTE68_V1_genomic	KE137035.1_702	-	lolD.aln	-	7.4e-42	141.6	1.3	2e-11	42.0	0.0	4.3	3	2	1	4	4	4	4	# 731898 # 733493 # 1 # ID=1_702;partial=00;start_type=GTG;rbs_motif=AGGA;rbs_spacer=5-10bp;gc_cont=0.525
GCA_000408385.1_Esch_coli_KTE68_V1_genomic	KE137040.1_156	-	lolD.aln	-	1.1e-41	141.0	0.1	2.6e-12	45.0	0.0	4.2	4	0	0	4	4	4	4	# 168035 # 169702 # -1 # ID=6_156;partial=00;start_type=GTG;rbs_motif=AGGA/GGAG/GAGG;rbs_spacer=11-12bp;gc_cont=0.553
GCA_000408385.1_Esch_coli_KTE68_V1_genomic	KE137037.1_89	-	lolD.aln	-	4.9e-41	138.9	0.0	5.7e-41	138.7	0.0	1.0	1	0	0	1	1	1	1	# 105212 # 105892 # -1 # ID=3_89;partial=00;start_type=ATG;rbs_motif=GGAG/GAGG;rbs_spacer=5-10bp;gc_cont=0.596
GCA_000408385.1_Esch_coli_KTE68_V1_genomic	KE137035.1_832	-	lolD.aln	-	4.7e-40	135.7	0.3	4e-12	44.3	0.0	4.2	3	1	1	4	4	4	4	# 891179 # 893086 # 1 # ID=1_832;partial=00;start_type=ATG;rbs_motif=AGGA;rbs_spacer=5-10bp;gc_cont=0.524
GCA_000408385.1_Esch_coli_KTE68_V1_genomic	KE137053.1_688	-	lolD.aln	-	6.9e-40	135.1	0.3	8.2e-40	134.9	0.3	1.1	1	0	0	1	1	1	1	# 716446 # 717429 # -1 # ID=19_688;partial=00;start_type=ATG;rbs_motif=GGAG/GAGG;rbs_spacer=5-10bp;gc_cont=0.566
GCA_000408385.1_Esch_coli_KTE68_V1_genomic	KE137035.1_165	-	lolD.aln	-	9.6e-39	131.4	0.1	2.7e-38	129.9	0.1	1.6	1	1	0	1	1	1	1	# 171876 # 172643 # 1 # ID=1_165;partial=00;start_type=ATG;rbs_motif=AGGAG;rbs_spacer=5-10bp;gc_cont=0.565
GCA_000408385.1_Esch_coli_KTE68_V1_genomic	KE137053.1_455	-	lolD.aln	-	7.9e-38	128.4	0.5	2.9e-16	57.8	0.0	4.0	2	2	1	3	3	3	3	# 464195 # 466108 # 1 # ID=19_455;partial=00;start_type=ATG;rbs_motif=None;rbs_spacer=None;gc_cont=0.557
GCA_000408385.1_Esch_coli_KTE68_V1_genomic	KE137047.1_111	-	lolD.aln	-	1.7e-37	127.3	0.0	2.1e-37	127.0	0.0	1.1	1	0	0	1	1	1	1	# 118424 # 119428 # 1 # ID=13_111;partial=00;start_type=ATG;rbs_motif=GGAGG;rbs_spacer=5-10bp;gc_cont=0.525
GCA_000408385.1_Esch_coli_KTE68_V1_genomic	KE137053.1_323	-	lolD.aln	-	2.2e-37	127.0	0.0	2.8e-37	126.6	0.0	1.0	1	0	0	1	1	1	1	# 345295 # 346104 # -1 # ID=19_323;partial=00;start_type=ATG;rbs_motif=GGA/GAG/AGG;rbs_spacer=5-10bp;gc_cont=0.543
GCA_000408385.1_Esch_coli_KTE68_V1_genomic	KE137048.1_57	-	lolD.aln	-	1.3e-36	124.4	0.3	1.6e-36	124.1	0.3	1.1	1	0	0	1	1	1	1	# 47778 # 48542 # -1 # ID=14_57;partial=00;start_type=ATG;rbs_motif=AGGAG;rbs_spacer=5-10bp;gc_cont=0.481
GCA_000408385.1_Esch_coli_KTE68_V1_genomic	KE137035.1_293	-	lolD.aln	-	6.8e-35	118.8	0.0	7.9e-35	118.6	0.0	1.1	1	0	0	1	1	1	1	# 331688 # 332365 # 1 # ID=1_293;partial=00;start_type=ATG;rbs_motif=GGA/GAG/AGG;rbs_spacer=5-10bp;gc_cont=0.454
GCA_000408385.1_Esch_coli_KTE68_V1_genomic	KE137040.1_233	-	lolD.aln	-	8.9e-35	118.4	0.2	1.2e-34	117.9	0.2	1.1	1	0	0	1	1	1	1	# 258112 # 258810 # -1 # ID=6_233;partial=00;start_type=ATG;rbs_motif=None;rbs_spacer=None;gc_cont=0.569
GCA_000408385.1_Esch_coli_KTE68_V1_genomic	KE137049.1_956	-	lolD.aln	-	1.3e-34	117.8	0.2	1.8e-34	117.4	0.2	1.1	1	0	0	1	1	1	1	# 1023707 # 1024633 # -1 # ID=15_956;partial=00;start_type=ATG;rbs_motif=GGA/GAG/AGG;rbs_spacer=5-10bp;gc_cont=0.551
GCA_000408385.1_Esch_coli_KTE68_V1_genomic	KE137049.1_190	-	lolD.aln	-	1.4e-34	117.8	1.3	2.5e-32	110.4	1.3	2.1	1	1	0	1	1	1	1	# 206383 # 207309 # -1 # ID=15_190;partial=00;start_type=GTG;rbs_motif=AGGAG;rbs_spacer=5-10bp;gc_cont=0.534
GCA_000408385.1_Esch_coli_KTE68_V1_genomic	KE137035.1_589	-	lolD.aln	-	2e-34	117.3	0.0	1e-18	65.9	0.0	3.3	3	0	0	3	3	3	3	# 630921 # 632393 # -1 # ID=1_589;partial=00;start_type=ATG;rbs_motif=GGA/GAG/AGG;rbs_spacer=5-10bp;gc_cont=0.527
GCA_000408385.1_Esch_coli_KTE68_V1_genomic	KE137035.1_776	-	lolD.aln	-	4e-34	116.3	0.4	6.7e-34	115.5	0.4	1.3	1	0	0	1	1	1	1	# 815552 # 817273 # -1 # ID=1_776;partial=00;start_type=ATG;rbs_motif=AGGAG;rbs_spacer=5-10bp;gc_cont=0.535
GCA_000408385.1_Esch_coli_KTE68_V1_genomic	KE137049.1_191	-	lolD.aln	-	1.8e-33	114.1	0.2	2.2e-33	113.8	0.2	1.1	1	0	0	1	1	1	1	# 207302 # 208288 # -1 # ID=15_191;partial=00;start_type=ATG;rbs_motif=AGGAG;rbs_spacer=5-10bp;gc_cont=0.536
GCA_000408385.1_Esch_coli_KTE68_V1_genomic	KE137049.1_53	-	lolD.aln	-	5.1e-33	112.7	0.1	7.2e-33	112.2	0.1	1.2	1	0	0	1	1	1	1	# 55000 # 55806 # -1 # ID=15_53;partial=00;start_type=ATG;rbs_motif=GGAG/GAGG;rbs_spacer=5-10bp;gc_cont=0.508
GCA_000408385.1_Esch_coli_KTE68_V1_genomic	KE137053.1_555	-	lolD.aln	-	8.3e-33	112.0	0.7	8.2e-32	108.7	0.7	1.9	1	1	0	1	1	1	1	# 577952 # 578719 # -1 # ID=19_555;partial=00;start_type=ATG;rbs_motif=AGGAG;rbs_spacer=5-10bp;gc_cont=0.542
GCA_000408385.1_Esch_coli_KTE68_V1_genomic	KE137036.1_15	-	lolD.aln	-	1.4e-32	111.2	0.8	3.4e-32	109.9	0.8	1.5	1	1	0	1	1	1	1	# 11397 # 12158 # 1 # ID=2_15;partial=00;start_type=ATG;rbs_motif=AGGA;rbs_spacer=5-10bp;gc_cont=0.602
GCA_000408385.1_Esch_coli_KTE68_V1_genomic	KE137035.1_802	-	lolD.aln	-	1.9e-31	107.5	0.3	3.1e-31	106.8	0.3	1.3	1	0	0	1	1	1	1	# 853426 # 855174 # 1 # ID=1_802;partial=00;start_type=ATG;rbs_motif=None;rbs_spacer=None;gc_cont=0.505
GCA_000408385.1_Esch_coli_KTE68_V1_genomic	KE137035.1_594	-	lolD.aln	-	2.5e-31	107.1	0.0	3.8e-31	106.5	0.0	1.2	1	0	0	1	1	1	1	# 635159 # 636217 # 1 # ID=1_594;partial=00;start_type=ATG;rbs_motif=GGxGG;rbs_spacer=5-10bp;gc_cont=0.535
GCA_000408385.1_Esch_coli_KTE68_V1_genomic	KE137047.1_56	-	lolD.aln	-	2.9e-31	106.9	0.1	3.9e-31	106.5	0.1	1.1	1	0	0	1	1	1	1	# 56114 # 56872 # -1 # ID=13_56;partial=00;start_type=GTG;rbs_motif=GGAGG;rbs_spacer=5-10bp;gc_cont=0.535
GCA_000408385.1_Esch_coli_KTE68_V1_genomic	KE137049.1_54	-	lolD.aln	-	5.5e-31	106.0	0.1	4.7e-30	103.0	0.1	1.9	1	1	0	1	1	1	1	# 55808 # 56800 # -1 # ID=15_54;partial=00;start_type=ATG;rbs_motif=GGxGG;rbs_spacer=5-10bp;gc_cont=0.516
GCA_000408385.1_Esch_coli_KTE68_V1_genomic	KE137049.1_1803	-	lolD.aln	-	7e-31	105.7	0.0	8.2e-31	105.4	0.0	1.0	1	0	0	1	1	1	1	# 1952921 # 1953598 # 1 # ID=15_1803;partial=00;start_type=ATG;rbs_motif=4Base/6BMM;rbs_spacer=13-15bp;gc_cont=0.535
GCA_000408385.1_Esch_coli_KTE68_V1_genomic	KE137035.1_431	-	lolD.aln	-	1e-30	105.1	0.0	1.7e-30	104.4	0.0	1.2	1	0	0	1	1	1	1	# 464635 # 465450 # -1 # ID=1_431;partial=00;start_type=ATG;rbs_motif=AGGAG/GGAGG;rbs_spacer=11-12bp;gc_cont=0.550
GCA_000408385.1_Esch_coli_KTE68_V1_genomic	KE137040.1_6	-	lolD.aln	-	1.8e-30	104.3	0.2	2.2e-30	104.0	0.2	1.1	1	0	0	1	1	1	1	# 3232 # 3999 # -1 # ID=6_6;partial=00;start_type=ATG;rbs_motif=GGA/GAG/AGG;rbs_spacer=5-10bp;gc_cont=0.538
GCA_000408385.1_Esch_coli_KTE68_V1_genomic	KE137053.1_642	-	lolD.aln	-	1.9e-30	104.2	0.0	2.5e-30	103.8	0.0	1.1	1	0	0	1	1	1	1	# 665255 # 666025 # 1 # ID=19_642;partial=00;start_type=ATG;rbs_motif=GGAGG;rbs_spacer=5-10bp;gc_cont=0.486
GCA_000408385.1_Esch_coli_KTE68_V1_genomic	KE137053.1_554	-	lolD.aln	-	8.6e-30	102.1	0.1	1e-29	101.9	0.1	1.1	1	0	0	1	1	1	1	# 577237 # 577950 # -1 # ID=19_554;partial=00;start_type=ATG;rbs_motif=GGAG/GAGG;rbs_spacer=5-10bp;gc_cont=0.567
GCA_000408385.1_Esch_coli_KTE68_V1_genomic	KE137040.1_291	-	lolD.aln	-	1.8e-29	101.1	0.0	2.4e-29	100.6	0.0	1.2	1	0	0	1	1	1	1	# 328613 # 329539 # 1 # ID=6_291;partial=00;start_type=ATG;rbs_motif=3Base/5BMM;rbs_spacer=13-15bp;gc_cont=0.496
GCA_000408385.1_Esch_coli_KTE68_V1_genomic	KE137049.1_601	-	lolD.aln	-	1.9e-29	101.0	3.4	1.9e-20	71.6	0.2	2.1	2	0	0	2	2	2	2	# 638492 # 639247 # 1 # ID=15_601;partial=00;start_type=ATG;rbs_motif=None;rbs_spacer=None;gc_cont=0.488
GCA_000408385.1_Esch_coli_KTE68_V1_genomic	KE137053.1_880	-	lolD.aln	-	2.2e-29	100.7	0.0	2.9e-29	100.4	0.0	1.1	1	0	0	1	1	1	1	# 940974 # 941747 # -1 # ID=19_880;partial=00;start_type=ATG;rbs_motif=AGGA;rbs_spacer=5-10bp;gc_cont=0.525
GCA_000408385.1_Esch_coli_KTE68_V1_genomic	KE137053.1_329	-	lolD.aln	-	2.4e-29	100.7	0.0	2.8e-29	100.4	0.0	1.1	1	0	0	1	1	1	1	# 349983 # 350708 # 1 # ID=19_329;partial=00;start_type=ATG;rbs_motif=4Base/6BMM;rbs_spacer=13-15bp;gc_cont=0.543
GCA_000408385.1_Esch_coli_KTE68_V1_genomic	KE137040.1_315	-	lolD.aln	-	7.2e-29	99.1	0.0	8.3e-17	59.6	0.1	2.1	2	0	0	2	2	2	2	# 355195 # 355992 # 1 # ID=6_315;partial=00;start_type=ATG;rbs_motif=None;rbs_spacer=None;gc_cont=0.566
GCA_000408385.1_Esch_coli_KTE68_V1_genomic	KE137049.1_497	-	lolD.aln	-	4.5e-28	96.5	0.0	6e-28	96.1	0.0	1.0	1	0	0	1	1	1	1	# 533802 # 534452 # 1 # ID=15_497;partial=00;start_type=ATG;rbs_motif=AGGA;rbs_spacer=5-10bp;gc_cont=0.516
GCA_000408385.1_Esch_coli_KTE68_V1_genomic	KE137049.1_768	-	lolD.aln	-	2.2e-27	94.3	0.2	5e-27	93.1	0.0	1.6	2	0	0	2	2	1	1	# 800211 # 802013 # -1 # ID=15_768;partial=00;start_type=ATG;rbs_motif=GGAG/GAGG;rbs_spacer=5-10bp;gc_cont=0.585
GCA_000408385.1_Esch_coli_KTE68_V1_genomic	KE137049.1_769	-	lolD.aln	-	1.8e-26	91.3	0.1	2.8e-26	90.6	0.1	1.3	1	0	0	1	1	1	1	# 802000 # 803802 # -1 # ID=15_769;partial=00;start_type=ATG;rbs_motif=4Base/6BMM;rbs_spacer=13-15bp;gc_cont=0.575
GCA_000408385.1_Esch_coli_KTE68_V1_genomic	KE137037.1_55	-	lolD.aln	-	3.8e-26	90.2	2.9	3.3e-10	38.0	0.0	4.2	4	0	0	4	4	4	4	# 65610 # 68432 # -1 # ID=3_55;partial=00;start_type=ATG;rbs_motif=GGA/GAG/AGG;rbs_spacer=5-10bp;gc_cont=0.555
GCA_000408385.1_Esch_coli_KTE68_V1_genomic	KE137047.1_11	-	lolD.aln	-	4.1e-26	90.1	0.1	6.7e-26	89.4	0.1	1.3	1	0	0	1	1	1	1	# 13287 # 14114 # -1 # ID=13_11;partial=00;start_type=ATG;rbs_motif=GGAG/GAGG;rbs_spacer=5-10bp;gc_cont=0.506
GCA_000408385.1_Esch_coli_KTE68_V1_genomic	KE137035.1_284	-	lolD.aln	-	1.2e-25	88.5	0.5	2.1e-25	87.7	0.5	1.3	1	0	0	1	1	1	1	# 323423 # 325585 # 1 # ID=1_284;partial=00;start_type=ATG;rbs_motif=GGxGG;rbs_spacer=5-10bp;gc_cont=0.575
GCA_000408385.1_Esch_coli_KTE68_V1_genomic	KE137035.1_246	-	lolD.aln	-	5.4e-25	86.4	1.0	8.6e-25	85.8	1.0	1.3	1	0	0	1	1	1	1	# 258507 # 260288 # 1 # ID=1_246;partial=00;start_type=ATG;rbs_motif=AGGAG;rbs_spacer=5-10bp;gc_cont=0.555
GCA_000408385.1_Esch_coli_KTE68_V1_genomic	KE137053.1_599	-	lolD.aln	-	9.8e-25	85.6	1.5	5.5e-17	60.2	0.2	2.0	2	0	0	2	2	2	2	# 617353 # 618117 # 1 # ID=19_599;partial=00;start_type=ATG;rbs_motif=AGGA/GGAG/GAGG;rbs_spacer=11-12bp;gc_cont=0.590
GCA_000408385.1_Esch_coli_KTE68_V1_genomic	KE137048.1_63	-	lolD.aln	-	1.5e-24	84.9	0.8	2.9e-16	57.9	0.1	2.1	1	1	1	2	2	2	2	# 51865 # 52689 # -1 # ID=14_63;partial=00;start_type=ATG;rbs_motif=GGA/GAG/AGG;rbs_spacer=5-10bp;gc_cont=0.462
GCA_000408385.1_Esch_coli_KTE68_V1_genomic	KE137049.1_1038	-	lolD.aln	-	5.6e-23	79.8	0.1	1.2e-21	75.4	0.1	2.1	1	1	0	1	1	1	1	# 1112900 # 1114543 # -1 # ID=15_1038;partial=00;start_type=ATG;rbs_motif=None;rbs_spacer=None;gc_cont=0.535
GCA_000408385.1_Esch_coli_KTE68_V1_genomic	KE137049.1_1027	-	lolD.aln	-	1.8e-22	78.2	0.1	1.1e-21	75.6	0.1	1.8	1	1	0	1	1	1	1	# 1103516 # 1104133 # -1 # ID=15_1027;partial=00;start_type=ATG;rbs_motif=3Base/5BMM;rbs_spacer=13-15bp;gc_cont=0.557
GCA_000408385.1_Esch_coli_KTE68_V1_genomic	KE137035.1_777	-	lolD.aln	-	5.2e-22	76.7	0.0	1.1e-21	75.5	0.0	1.4	1	1	0	1	1	1	1	# 817274 # 819040 # -1 # ID=1_777;partial=00;start_type=ATG;rbs_motif=None;rbs_spacer=None;gc_cont=0.530
GCA_000408385.1_Esch_coli_KTE68_V1_genomic	KE137035.1_245	-	lolD.aln	-	2.5e-21	74.4	0.1	4e-21	73.8	0.1	1.3	1	0	0	1	1	1	1	# 256742 # 258514 # 1 # ID=1_245;partial=00;start_type=GTG;rbs_motif=AGGA;rbs_spacer=5-10bp;gc_cont=0.541
GCA_000408385.1_Esch_coli_KTE68_V1_genomic	KE137049.1_451	-	lolD.aln	-	5.8e-18	63.4	0.8	7e-09	33.7	0.1	2.1	2	0	0	2	2	2	2	# 488227 # 488976 # -1 # ID=15_451;partial=00;start_type=ATG;rbs_motif=None;rbs_spacer=None;gc_cont=0.551
GCA_000408385.1_Esch_coli_KTE68_V1_genomic	KE137053.1_28	-	lolD.aln	-	1.3e-17	62.3	0.0	1e-11	43.0	0.0	2.0	2	0	0	2	2	2	2	# 25568 # 26218 # -1 # ID=19_28;partial=00;start_type=ATG;rbs_motif=None;rbs_spacer=None;gc_cont=0.366
GCA_000408385.1_Esch_coli_KTE68_V1_genomic	KE137049.1_423	-	lolD.aln	-	1.9e-17	61.8	0.1	2.5e-09	35.2	0.0	2.1	2	0	0	2	2	2	2	# 457182 # 457928 # -1 # ID=15_423;partial=00;start_type=ATG;rbs_motif=AGGA;rbs_spacer=5-10bp;gc_cont=0.503
GCA_000408385.1_Esch_coli_KTE68_V1_genomic	KE137049.1_203	-	lolD.aln	-	3.1e-16	57.7	0.0	1.4e-10	39.3	0.0	2.3	2	0	0	2	2	2	2	# 226941 # 228626 # -1 # ID=15_203;partial=00;start_type=ATG;rbs_motif=None;rbs_spacer=None;gc_cont=0.434
GCA_000408385.1_Esch_coli_KTE68_V1_genomic	KE137048.1_133	-	lolD.aln	-	3.8e-16	57.5	0.0	3.5e-12	44.5	0.0	2.1	2	0	0	2	2	2	2	# 121708 # 122358 # -1 # ID=14_133;partial=00;start_type=ATG;rbs_motif=None;rbs_spacer=None;gc_cont=0.475
GCA_000408385.1_Esch_coli_KTE68_V1_genomic	KE137049.1_1802	-	lolD.aln	-	6.4e-16	56.7	0.0	1.8e-15	55.3	0.0	1.6	1	1	0	1	1	1	1	# 1952250 # 1952927 # 1 # ID=15_1802;partial=00;start_type=ATG;rbs_motif=GGAG/GAGG;rbs_spacer=5-10bp;gc_cont=0.540
GCA_000408385.1_Esch_coli_KTE68_V1_genomic	KE137048.1_56	-	lolD.aln	-	7.9e-15	53.2	0.0	5.4e-13	47.2	0.0	2.1	1	1	0	1	1	1	1	# 47164 # 47778 # -1 # ID=14_56;partial=00;start_type=ATG;rbs_motif=GGA/GAG/AGG;rbs_spacer=5-10bp;gc_cont=0.473
GCA_000408385.1_Esch_coli_KTE68_V1_genomic	KE137049.1_1826	-	lolD.aln	-	0.00028	18.7	0.0	0.00071	17.3	0.0	1.6	1	0	0	1	1	1	1	# 1977469 # 1978449 # -1 # ID=15_1826;partial=00;start_type=ATG;rbs_motif=GGAG/GAGG;rbs_spacer=5-10bp;gc_cont=0.549
GCA_000408385.1_Esch_coli_KTE68_V1_genomic	KE137049.1_1064	-	lolD.aln	-	0.0095	13.6	0.0	0.02	12.6	0.0	1.5	1	0	0	1	1	1	1	# 1138033 # 1139199 # -1 # ID=15_1064;partial=00;start_type=ATG;rbs_motif=AGGAG;rbs_spacer=5-10bp;gc_cont=0.547
GCA_000408385.1_Esch_coli_KTE68_V1_genomic	KE137036.1_23	-	lolD.aln	-	0.0099	13.6	0.0	0.011	13.4	0.0	1.1	1	0	0	1	1	1	1	# 19219 # 19500 # -1 # ID=2_23;partial=00;start_type=ATG;rbs_motif=GGA/GAG/AGG;rbs_spacer=5-10bp;gc_cont=0.521
GCA_000408385.1_Esch_coli_KTE68_V1_genomic	KE137048.1_39	-	lolD.aln	-	0.013	13.2	0.1	1.2	6.8	0.1	2.3	2	0	0	2	2	2	0	# 33806 # 35371 # -1 # ID=14_39;partial=00;start_type=ATG;rbs_motif=AGGA;rbs_spacer=5-10bp;gc_cont=0.534
GCA_000408385.1_Esch_coli_KTE68_V1_genomic	KE137053.1_65	-	lolD.aln	-	0.029	12.0	0.0	0.045	11.4	0.0	1.2	1	0	0	1	1	1	0	# 69301 # 69999 # -1 # ID=19_65;partial=00;start_type=ATG;rbs_motif=None;rbs_spacer=None;gc_cont=0.504
GCA_000408385.1_Esch_coli_KTE68_V1_genomic	KE137053.1_66	-	lolD.aln	-	0.039	11.6	0.1	0.07	10.8	0.1	1.4	1	0	0	1	1	1	0	# 70188 # 70880 # 1 # ID=19_66;partial=00;start_type=ATG;rbs_motif=AGGA;rbs_spacer=5-10bp;gc_cont=0.475
GCA_000413415.1_Myro_odor_CCUG_12700_V1_genomic	KE340319.1_825	-	lolD.aln	-	3.3e-82	273.0	0.4	3.7e-82	272.8	0.4	1.0	1	0	0	1	1	1	1	# 962061 # 962741 # -1 # ID=1_825;partial=00;start_type=ATG;rbs_motif=TAAAA;rbs_spacer=8bp;gc_cont=0.355
GCA_000413415.1_Myro_odor_CCUG_12700_V1_genomic	KE340319.1_1952	-	lolD.aln	-	2.3e-80	267.0	0.1	2.6e-80	266.8	0.1	1.0	1	0	0	1	1	1	1	# 2265486 # 2266175 # -1 # ID=1_1952;partial=00;start_type=ATG;rbs_motif=TAAA;rbs_spacer=9bp;gc_cont=0.368
GCA_000413415.1_Myro_odor_CCUG_12700_V1_genomic	KE340321.1_230	-	lolD.aln	-	3.2e-77	256.7	0.0	9.9e-41	137.3	0.0	2.1	2	0	0	2	2	2	2	# 256980 # 258665 # 1 # ID=3_230;partial=00;start_type=ATG;rbs_motif=TATAA;rbs_spacer=3bp;gc_cont=0.391
GCA_000413415.1_Myro_odor_CCUG_12700_V1_genomic	KE340321.1_140	-	lolD.aln	-	3.2e-66	220.7	0.8	3.7e-66	220.5	0.8	1.0	1	0	0	1	1	1	1	# 150635 # 151318 # 1 # ID=3_140;partial=00;start_type=ATG;rbs_motif=AATAA;rbs_spacer=11bp;gc_cont=0.380
GCA_000413415.1_Myro_odor_CCUG_12700_V1_genomic	KE340319.1_1467	-	lolD.aln	-	3.2e-48	161.8	0.0	3.7e-48	161.6	0.0	1.0	1	0	0	1	1	1	1	# 1705462 # 1706151 # 1 # ID=1_1467;partial=00;start_type=ATG;rbs_motif=AAAA;rbs_spacer=12bp;gc_cont=0.354
GCA_000413415.1_Myro_odor_CCUG_12700_V1_genomic	KE340321.1_363	-	lolD.aln	-	1.8e-47	159.3	0.1	2.1e-47	159.1	0.1	1.0	1	0	0	1	1	1	1	# 422772 # 423548 # -1 # ID=3_363;partial=00;start_type=ATG;rbs_motif=TAA;rbs_spacer=11bp;gc_cont=0.366
GCA_000413415.1_Myro_odor_CCUG_12700_V1_genomic	KE340319.1_62	-	lolD.aln	-	1.5e-44	149.8	0.0	6.8e-14	49.5	0.0	4.2	4	0	0	4	4	4	4	# 68633 # 70492 # 1 # ID=1_62;partial=00;start_type=GTG;rbs_motif=TAAAAA;rbs_spacer=10bp;gc_cont=0.359
GCA_000413415.1_Myro_odor_CCUG_12700_V1_genomic	KE340319.1_1193	-	lolD.aln	-	4.2e-41	138.5	0.2	4.5e-13	46.8	0.0	4.2	3	1	0	3	3	3	3	# 1389165 # 1390823 # -1 # ID=1_1193;partial=00;start_type=ATG;rbs_motif=TAAAA;rbs_spacer=14bp;gc_cont=0.387
GCA_000413415.1_Myro_odor_CCUG_12700_V1_genomic	KE340319.1_1829	-	lolD.aln	-	2.5e-40	136.0	0.8	4.1e-12	43.7	0.0	4.2	3	1	1	4	4	4	4	# 2139946 # 2141577 # -1 # ID=1_1829;partial=00;start_type=ATG;rbs_motif=None;rbs_spacer=None;gc_cont=0.368
GCA_000413415.1_Myro_odor_CCUG_12700_V1_genomic	KE340319.1_539	-	lolD.aln	-	9.4e-36	121.0	0.1	1.1e-35	120.9	0.1	1.1	1	0	0	1	1	1	1	# 630793 # 631560 # 1 # ID=1_539;partial=00;start_type=ATG;rbs_motif=TAA;rbs_spacer=13bp;gc_cont=0.374
GCA_000413415.1_Myro_odor_CCUG_12700_V1_genomic	KE340321.1_293	-	lolD.aln	-	3.6e-35	119.1	2.0	1.3e-09	35.5	0.1	4.4	3	1	1	4	4	4	4	# 330824 # 332740 # 1 # ID=3_293;partial=00;start_type=ATG;rbs_motif=None;rbs_spacer=None;gc_cont=0.374
GCA_000413415.1_Myro_odor_CCUG_12700_V1_genomic	KE340319.1_1101	-	lolD.aln	-	8.2e-35	117.9	0.0	2.4e-17	60.8	0.0	4.0	2	2	1	3	3	3	3	# 1275798 # 1277396 # -1 # ID=1_1101;partial=00;start_type=ATG;rbs_motif=TAAA;rbs_spacer=12bp;gc_cont=0.355
GCA_000413415.1_Myro_odor_CCUG_12700_V1_genomic	KE340319.1_387	-	lolD.aln	-	2.7e-33	113.0	0.8	4.4e-10	37.0	0.0	4.7	4	1	0	4	4	4	3	# 466549 # 468165 # 1 # ID=1_387;partial=00;start_type=ATG;rbs_motif=TAAAA;rbs_spacer=7bp;gc_cont=0.370
GCA_000413415.1_Myro_odor_CCUG_12700_V1_genomic	KE340321.1_624	-	lolD.aln	-	3.1e-33	112.8	0.1	3.7e-33	112.6	0.1	1.1	1	0	0	1	1	1	1	# 696932 # 697672 # -1 # ID=3_624;partial=00;start_type=ATG;rbs_motif=TAA;rbs_spacer=4bp;gc_cont=0.368
GCA_000413415.1_Myro_odor_CCUG_12700_V1_genomic	KE340319.1_1696	-	lolD.aln	-	3.4e-31	106.1	0.0	5.5e-31	105.4	0.0	1.4	1	0	0	1	1	1	1	# 1993818 # 1994780 # -1 # ID=1_1696;partial=00;start_type=ATG;rbs_motif=TAAAAA;rbs_spacer=6bp;gc_cont=0.324
GCA_000413415.1_Myro_odor_CCUG_12700_V1_genomic	KE340319.1_788	-	lolD.aln	-	9.7e-31	104.6	0.1	1.6e-30	103.9	0.1	1.3	1	0	0	1	1	1	1	# 927130 # 928914 # 1 # ID=1_788;partial=00;start_type=ATG;rbs_motif=AACAA;rbs_spacer=15bp;gc_cont=0.363
GCA_000413415.1_Myro_odor_CCUG_12700_V1_genomic	KE340319.1_1836	-	lolD.aln	-	7e-28	95.3	0.6	1.7e-27	94.0	0.6	1.6	1	1	0	1	1	1	1	# 2147853 # 2149604 # 1 # ID=1_1836;partial=00;start_type=ATG;rbs_motif=None;rbs_spacer=None;gc_cont=0.353
GCA_000413415.1_Myro_odor_CCUG_12700_V1_genomic	KE340319.1_922	-	lolD.aln	-	9.2e-28	94.9	0.0	1.1e-27	94.6	0.0	1.1	1	0	0	1	1	1	1	# 1069288 # 1070034 # -1 # ID=1_922;partial=00;start_type=ATG;rbs_motif=TAA;rbs_spacer=11bp;gc_cont=0.340
GCA_000413415.1_Myro_odor_CCUG_12700_V1_genomic	KE340319.1_409	-	lolD.aln	-	2e-27	93.8	0.0	3e-27	93.2	0.0	1.2	1	0	0	1	1	1	1	# 493214 # 494977 # 1 # ID=1_409;partial=00;start_type=ATG;rbs_motif=TAA;rbs_spacer=9bp;gc_cont=0.389
GCA_000413415.1_Myro_odor_CCUG_12700_V1_genomic	KE340320.1_114	-	lolD.aln	-	3.7e-27	92.9	0.0	4.5e-27	92.6	0.0	1.1	1	0	0	1	1	1	1	# 119722 # 120474 # -1 # ID=2_114;partial=00;start_type=ATG;rbs_motif=AAAAAA;rbs_spacer=8bp;gc_cont=0.360
GCA_000413415.1_Myro_odor_CCUG_12700_V1_genomic	KE340319.1_1523	-	lolD.aln	-	3.8e-27	92.9	0.2	5.3e-27	92.4	0.2	1.2	1	0	0	1	1	1	1	# 1773269 # 1774027 # -1 # ID=1_1523;partial=00;start_type=ATG;rbs_motif=TAAAAA;rbs_spacer=10bp;gc_cont=0.337
GCA_000413415.1_Myro_odor_CCUG_12700_V1_genomic	KE340319.1_869	-	lolD.aln	-	2.6e-26	90.1	2.6	7.4e-10	36.3	0.0	4.6	5	0	0	5	5	5	4	# 1010629 # 1013442 # -1 # ID=1_869;partial=00;start_type=ATG;rbs_motif=TAAA;rbs_spacer=14bp;gc_cont=0.366
GCA_000413415.1_Myro_odor_CCUG_12700_V1_genomic	KE340319.1_11	-	lolD.aln	-	8.6e-26	88.4	3.5	1e-24	84.9	3.5	2.0	1	1	0	1	1	1	1	# 11348 # 12133 # -1 # ID=1_11;partial=00;start_type=ATG;rbs_motif=TATAA;rbs_spacer=3bp;gc_cont=0.358
GCA_000413415.1_Myro_odor_CCUG_12700_V1_genomic	KE340319.1_840	-	lolD.aln	-	1.6e-25	87.6	1.8	5.1e-08	30.3	0.0	4.3	4	0	0	4	4	4	4	# 974770 # 977604 # -1 # ID=1_840;partial=00;start_type=ATG;rbs_motif=AAAA;rbs_spacer=3bp;gc_cont=0.378
GCA_000413415.1_Myro_odor_CCUG_12700_V1_genomic	KE340319.1_75	-	lolD.aln	-	1.7e-25	87.5	0.3	3.3e-25	86.6	0.3	1.5	1	0	0	1	1	1	1	# 83363 # 85192 # -1 # ID=1_75;partial=00;start_type=ATG;rbs_motif=TAA;rbs_spacer=5bp;gc_cont=0.354
GCA_000413415.1_Myro_odor_CCUG_12700_V1_genomic	KE340320.1_766	-	lolD.aln	-	3.1e-25	86.6	0.0	6.8e-25	85.5	0.0	1.6	1	1	0	1	1	1	1	# 859716 # 860612 # -1 # ID=2_766;partial=00;start_type=ATG;rbs_motif=TAAA;rbs_spacer=8bp;gc_cont=0.353
GCA_000413415.1_Myro_odor_CCUG_12700_V1_genomic	KE340320.1_152	-	lolD.aln	-	8.8e-25	85.1	0.0	2.5e-24	83.7	0.0	1.6	1	1	0	1	1	1	1	# 166226 # 167002 # -1 # ID=2_152;partial=00;start_type=ATG;rbs_motif=TAAAAA;rbs_spacer=12bp;gc_cont=0.346
GCA_000413415.1_Myro_odor_CCUG_12700_V1_genomic	KE340319.1_1851	-	lolD.aln	-	1.8e-24	84.1	0.0	2.3e-24	83.7	0.0	1.1	1	0	0	1	1	1	1	# 2168297 # 2169172 # -1 # ID=1_1851;partial=00;start_type=ATG;rbs_motif=AAAAA;rbs_spacer=7bp;gc_cont=0.363
GCA_000413415.1_Myro_odor_CCUG_12700_V1_genomic	KE340319.1_1961	-	lolD.aln	-	2.7e-24	83.6	0.0	4.4e-24	82.8	0.0	1.3	1	0	0	1	1	1	1	# 2274452 # 2276200 # 1 # ID=1_1961;partial=00;start_type=ATG;rbs_motif=None;rbs_spacer=None;gc_cont=0.368
GCA_000413415.1_Myro_odor_CCUG_12700_V1_genomic	KE340319.1_408	-	lolD.aln	-	1e-23	81.7	0.0	1.5e-23	81.1	0.0	1.2	1	0	0	1	1	1	1	# 491463 # 493208 # 1 # ID=1_408;partial=00;start_type=ATG;rbs_motif=AACAA;rbs_spacer=15bp;gc_cont=0.375
GCA_000413415.1_Myro_odor_CCUG_12700_V1_genomic	KE340320.1_193	-	lolD.aln	-	2.9e-22	76.9	0.3	8e-12	42.8	0.0	2.0	2	0	0	2	2	2	2	# 203151 # 203846 # 1 # ID=2_193;partial=00;start_type=ATG;rbs_motif=TAA;rbs_spacer=11bp;gc_cont=0.343
GCA_000413415.1_Myro_odor_CCUG_12700_V1_genomic	KE340319.1_1897	-	lolD.aln	-	5.4e-20	69.5	0.0	1.9e-19	67.7	0.0	1.8	1	1	0	1	1	1	1	# 2211504 # 2212424 # -1 # ID=1_1897;partial=00;start_type=ATG;rbs_motif=TAA;rbs_spacer=12bp;gc_cont=0.332
GCA_000413415.1_Myro_odor_CCUG_12700_V1_genomic	KE340320.1_147	-	lolD.aln	-	7.8e-19	65.7	0.4	1.5e-18	64.7	0.4	1.4	1	1	0	1	1	1	1	# 159194 # 159946 # 1 # ID=2_147;partial=00;start_type=ATG;rbs_motif=TAAA;rbs_spacer=11bp;gc_cont=0.373
GCA_000413415.1_Myro_odor_CCUG_12700_V1_genomic	KE340319.1_748	-	lolD.aln	-	3.5e-18	63.6	0.0	7.2e-18	62.5	0.0	1.5	1	1	0	1	1	1	1	# 884014 # 884715 # -1 # ID=1_748;partial=00;start_type=ATG;rbs_motif=TAAA;rbs_spacer=11bp;gc_cont=0.292
GCA_000413415.1_Myro_odor_CCUG_12700_V1_genomic	KE340321.1_523	-	lolD.aln	-	2.9e-10	37.6	0.0	1.1e-05	22.7	0.1	2.1	1	1	1	2	2	2	2	# 598454 # 599086 # 1 # ID=3_523;partial=00;start_type=ATG;rbs_motif=TAAA;rbs_spacer=11bp;gc_cont=0.333
GCA_000413415.1_Myro_odor_CCUG_12700_V1_genomic	KE340321.1_27	-	lolD.aln	-	0.0011	16.1	0.0	0.0014	15.8	0.0	1.1	1	0	0	1	1	1	1	# 24682 # 25140 # -1 # ID=3_27;partial=00;start_type=ATG;rbs_motif=TAAAA;rbs_spacer=8bp;gc_cont=0.353
GCA_000413415.1_Myro_odor_CCUG_12700_V1_genomic	KE340320.1_422	-	lolD.aln	-	0.0063	13.6	0.1	0.01	12.9	0.1	1.3	1	0	0	1	1	1	1	# 467779 # 468363 # -1 # ID=2_422;partial=00;start_type=ATG;rbs_motif=TAGAA;rbs_spacer=5bp;gc_cont=0.400
GCA_000413415.1_Myro_odor_CCUG_12700_V1_genomic	KE340319.1_1751	-	lolD.aln	-	0.018	12.2	0.1	1.2	6.2	0.0	2.3	2	0	0	2	2	2	0	# 2056343 # 2058118 # -1 # ID=1_1751;partial=00;start_type=ATG;rbs_motif=AAAAAA;rbs_spacer=10bp;gc_cont=0.353
GCA_000635255.1_De_novo_assembly_of_single-cell_genomes_genomic	JFOD01000001.1_190	-	lolD.aln	-	1.7e-74	246.8	0.3	1.9e-37	125.7	0.0	2.2	2	0	0	2	2	2	2	# 170572 # 172170 # 1 # ID=1_190;partial=00;start_type=ATG;rbs_motif=None;rbs_spacer=None;gc_cont=0.281
GCA_000635255.1_De_novo_assembly_of_single-cell_genomes_genomic	JFOD01000068.1_316	-	lolD.aln	-	1.8e-60	200.9	0.7	2.2e-60	200.7	0.7	1.0	1	0	0	1	1	1	1	# 266201 # 266929 # 1 # ID=68_316;partial=00;start_type=ATG;rbs_motif=None;rbs_spacer=None;gc_cont=0.336
GCA_000635255.1_De_novo_assembly_of_single-cell_genomes_genomic	JFOD01000068.1_256	-	lolD.aln	-	6.7e-49	163.1	0.0	1.1e-48	162.5	0.0	1.2	1	1	0	1	1	1	1	# 223232 # 223999 # -1 # ID=68_256;partial=00;start_type=ATG;rbs_motif=None;rbs_spacer=None;gc_cont=0.340
GCA_000635255.1_De_novo_assembly_of_single-cell_genomes_genomic	JFOD01000001.1_84	-	lolD.aln	-	7.2e-45	149.9	0.0	8.3e-12	41.8	0.0	4.2	3	1	1	4	4	4	4	# 79877 # 81502 # 1 # ID=1_84;partial=00;start_type=GTG;rbs_motif=None;rbs_spacer=None;gc_cont=0.292
GCA_000635255.1_De_novo_assembly_of_single-cell_genomes_genomic	JFOD01000138.1_9	-	lolD.aln	-	3e-44	147.9	0.2	4.3e-44	147.4	0.2	1.2	1	0	0	1	1	1	1	# 6923 # 8029 # -1 # ID=138_9;partial=00;start_type=ATG;rbs_motif=TTATT;rbs_spacer=9bp;gc_cont=0.269
GCA_000635255.1_De_novo_assembly_of_single-cell_genomes_genomic	JFOD01000068.1_372	-	lolD.aln	-	1.6e-42	142.3	0.0	1.9e-42	142.0	0.0	1.1	1	0	0	1	1	1	1	# 317692 # 318750 # 1 # ID=68_372;partial=00;start_type=GTG;rbs_motif=None;rbs_spacer=None;gc_cont=0.312
GCA_000635255.1_De_novo_assembly_of_single-cell_genomes_genomic	JFOD01000001.1_288	-	lolD.aln	-	5.3e-37	124.2	0.0	8e-37	123.6	0.0	1.2	1	0	0	1	1	1	1	# 265706 # 266491 # -1 # ID=1_288;partial=00;start_type=TTG;rbs_motif=None;rbs_spacer=None;gc_cont=0.345
GCA_000635255.1_De_novo_assembly_of_single-cell_genomes_genomic	JFOD01000068.1_202	-	lolD.aln	-	9.9e-37	123.3	0.2	1.4e-36	122.9	0.2	1.1	1	0	0	1	1	1	1	# 192934 # 193674 # -1 # ID=68_202;partial=00;start_type=ATG;rbs_motif=None;rbs_spacer=None;gc_cont=0.270
GCA_000635255.1_De_novo_assembly_of_single-cell_genomes_genomic	JFOD01000068.1_196	-	lolD.aln	-	6.3e-34	114.2	0.1	3.3e-33	111.8	0.1	1.8	1	1	0	1	1	1	1	# 188009 # 188656 # -1 # ID=68_196;partial=00;start_type=ATG;rbs_motif=None;rbs_spacer=None;gc_cont=0.293
GCA_000635255.1_De_novo_assembly_of_single-cell_genomes_genomic	JFOD01000068.1_390	-	lolD.aln	-	6e-31	104.4	0.0	7.9e-31	104.0	0.0	1.2	1	0	0	1	1	1	1	# 327071 # 327781 # -1 # ID=68_390;partial=00;start_type=ATG;rbs_motif=None;rbs_spacer=None;gc_cont=0.363
GCA_000635255.1_De_novo_assembly_of_single-cell_genomes_genomic	JFOD01000081.1_62	-	lolD.aln	-	1e-30	103.7	0.2	1.7e-30	102.9	0.2	1.3	1	0	0	1	1	1	1	# 48991 # 50637 # 1 # ID=81_62;partial=00;start_type=ATG;rbs_motif=None;rbs_spacer=None;gc_cont=0.309
GCA_000635255.1_De_novo_assembly_of_single-cell_genomes_genomic	JFOD01000068.1_391	-	lolD.aln	-	2.1e-29	99.4	0.4	2.7e-29	99.0	0.4	1.1	1	0	0	1	1	1	1	# 327784 # 328533 # -1 # ID=68_391;partial=00;start_type=ATG;rbs_motif=None;rbs_spacer=None;gc_cont=0.321
GCA_000635255.1_De_novo_assembly_of_single-cell_genomes_genomic	JFOD01000001.1_123	-	lolD.aln	-	1.2e-26	90.4	0.5	1.8e-23	79.9	0.5	2.0	1	1	0	1	1	1	1	# 108699 # 109373 # 1 # ID=1_123;partial=00;start_type=ATG;rbs_motif=None;rbs_spacer=None;gc_cont=0.298
GCA_000635255.1_De_novo_assembly_of_single-cell_genomes_genomic	JFOD01000068.1_282	-	lolD.aln	-	5e-26	88.3	0.0	6.6e-26	87.9	0.0	1.1	1	0	0	1	1	1	1	# 242612 # 243457 # 1 # ID=68_282;partial=00;start_type=TTG;rbs_motif=TTTTTT;rbs_spacer=9bp;gc_cont=0.349
GCA_000635255.1_De_novo_assembly_of_single-cell_genomes_genomic	JFOD01000082.1_4	-	lolD.aln	-	6.2e-26	88.0	0.0	9.4e-26	87.4	0.0	1.2	1	0	0	1	1	1	1	# 1722 # 2717 # 1 # ID=82_4;partial=00;start_type=ATG;rbs_motif=None;rbs_spacer=None;gc_cont=0.292
GCA_000635255.1_De_novo_assembly_of_single-cell_genomes_genomic	JFOD01000068.1_377	-	lolD.aln	-	7e-26	87.9	0.0	5.3e-19	65.3	0.0	2.1	2	0	0	2	2	2	2	# 320750 # 321538 # -1 # ID=68_377;partial=00;start_type=GTG;rbs_motif=None;rbs_spacer=None;gc_cont=0.241
GCA_000635255.1_De_novo_assembly_of_single-cell_genomes_genomic	JFOD01000068.1_71	-	lolD.aln	-	7.4e-26	87.8	0.0	1.2e-25	87.1	0.0	1.3	1	0	0	1	1	1	1	# 62591 # 64387 # 1 # ID=68_71;partial=00;start_type=ATG;rbs_motif=None;rbs_spacer=None;gc_cont=0.335
GCA_000635255.1_De_novo_assembly_of_single-cell_genomes_genomic	JFOD01000092.1_70	-	lolD.aln	-	8.8e-26	87.5	0.1	1.5e-25	86.8	0.1	1.3	1	0	0	1	1	1	1	# 65683 # 67455 # -1 # ID=92_70;partial=00;start_type=ATG;rbs_motif=TTATT;rbs_spacer=6bp;gc_cont=0.293
GCA_000635255.1_De_novo_assembly_of_single-cell_genomes_genomic	JFOD01000121.1_190	-	lolD.aln	-	1.4e-25	86.9	1.1	1.1e-07	28.4	0.0	4.2	4	0	0	4	4	4	4	# 186731 # 189634 # -1 # ID=121_190;partial=00;start_type=ATG;rbs_motif=None;rbs_spacer=None;gc_cont=0.343
GCA_000635255.1_De_novo_assembly_of_single-cell_genomes_genomic	JFOD01000068.1_331	-	lolD.aln	-	1.8e-25	86.5	0.0	2.4e-25	86.1	0.0	1.1	1	0	0	1	1	1	1	# 282515 # 283243 # 1 # ID=68_331;partial=00;start_type=ATG;rbs_motif=None;rbs_spacer=None;gc_cont=0.332
GCA_000635255.1_De_novo_assembly_of_single-cell_genomes_genomic	JFOD01000093.1_138	-	lolD.aln	-	6.4e-25	84.7	0.0	1.3e-24	83.7	0.0	1.5	1	1	0	1	1	1	1	# 95228 # 97048 # 1 # ID=93_138;partial=00;start_type=ATG;rbs_motif=None;rbs_spacer=None;gc_cont=0.298
GCA_000635255.1_De_novo_assembly_of_single-cell_genomes_genomic	JFOD01000068.1_112	-	lolD.aln	-	1.1e-24	84.0	0.0	1.4e-24	83.5	0.0	1.2	1	0	0	1	1	1	1	# 106587 # 107351 # 1 # ID=68_112;partial=00;start_type=ATG;rbs_motif=TTTTTT;rbs_spacer=5bp;gc_cont=0.349
GCA_000635255.1_De_novo_assembly_of_single-cell_genomes_genomic	JFOD01000068.1_413	-	lolD.aln	-	2.6e-23	79.5	0.0	7.4e-23	78.0	0.0	1.7	1	1	0	1	1	1	1	# 345124 # 346869 # -1 # ID=68_413;partial=00;start_type=ATG;rbs_motif=None;rbs_spacer=None;gc_cont=0.306
GCA_000635255.1_De_novo_assembly_of_single-cell_genomes_genomic	JFOD01000136.1_1	-	lolD.aln	-	5e-22	75.2	0.0	6.9e-22	74.8	0.0	1.2	1	0	0	1	1	1	1	# 1 # 633 # 1 # ID=136_1;partial=11;start_type=Edge;rbs_motif=None;rbs_spacer=None;gc_cont=0.292
GCA_000635255.1_De_novo_assembly_of_single-cell_genomes_genomic	JFOD01000001.1_65	-	lolD.aln	-	5.7e-19	65.2	0.0	8.9e-19	64.6	0.0	1.3	1	1	0	1	1	1	1	# 63549 # 64334 # -1 # ID=1_65;partial=00;start_type=ATG;rbs_motif=None;rbs_spacer=None;gc_cont=0.335
GCA_000635255.1_De_novo_assembly_of_single-cell_genomes_genomic	JFOD01000001.1_58	-	lolD.aln	-	6.1e-19	65.1	0.0	4.2e-10	36.2	0.0	2.2	2	0	0	2	2	2	2	# 55770 # 57752 # -1 # ID=1_58;partial=00;start_type=ATG;rbs_motif=None;rbs_spacer=None;gc_cont=0.331
GCA_000635255.1_De_novo_assembly_of_single-cell_genomes_genomic	JFOD01000121.1_191	-	lolD.aln	-	3.9e-07	26.5	0.0	0.00027	17.2	0.0	2.3	2	0	0	2	2	2	2	# 189689 # 191368 # -1 # ID=121_191;partial=00;start_type=ATG;rbs_motif=None;rbs_spacer=None;gc_cont=0.267
GCA_000635255.1_De_novo_assembly_of_single-cell_genomes_genomic	JFOD01000007.1_1	-	lolD.aln	-	0.00014	18.2	0.0	0.00015	18.1	0.0	1.0	1	0	0	1	1	1	1	# 2 # 202 # -1 # ID=7_1;partial=11;start_type=Edge;rbs_motif=None;rbs_spacer=None;gc_cont=0.299
GCA_000635255.1_De_novo_assembly_of_single-cell_genomes_genomic	JFOD01000001.1_7	-	lolD.aln	-	0.0017	14.6	0.0	0.0027	14.0	0.0	1.2	1	0	0	1	1	1	1	# 3924 # 4841 # 1 # ID=1_7;partial=00;start_type=ATG;rbs_motif=None;rbs_spacer=None;gc_cont=0.273
GCA_000656455.1_Myco_tube_UT0014_V1_genomic	KK323072.1_86	-	lolD.aln	-	1.1e-80	268.2	1.3	9.9e-40	134.3	0.0	2.1	2	0	0	2	2	2	2	# 91371 # 93209 # -1 # ID=11_86;partial=00;start_type=ATG;rbs_motif=None;rbs_spacer=None;gc_cont=0.662
GCA_000656455.1_Myco_tube_UT0014_V1_genomic	KK323062.1_96	-	lolD.aln	-	3.8e-73	243.6	0.1	2.4e-37	126.5	0.0	2.1	2	0	0	2	2	2	2	# 96803 # 98458 # -1 # ID=1_96;partial=00;start_type=ATG;rbs_motif=3Base/5BMM;rbs_spacer=13-15bp;gc_cont=0.670
GCA_000656455.1_Myco_tube_UT0014_V1_genomic	KK323131.1_6	-	lolD.aln	-	4.9e-70	233.4	0.0	5.7e-70	233.2	0.0	1.0	1	0	0	1	1	1	1	# 5266 # 6012 # 1 # ID=70_6;partial=00;start_type=ATG;rbs_motif=AGGA;rbs_spacer=5-10bp;gc_cont=0.534
GCA_000656455.1_Myco_tube_UT0014_V1_genomic	KK323073.1_82	-	lolD.aln	-	1.8e-57	192.3	0.0	2.6e-57	191.8	0.0	1.1	1	0	0	1	1	1	1	# 82153 # 83145 # 1 # ID=12_82;partial=00;start_type=GTG;rbs_motif=GGAGG;rbs_spacer=5-10bp;gc_cont=0.626
GCA_000656455.1_Myco_tube_UT0014_V1_genomic	KK323083.1_55	-	lolD.aln	-	3.6e-57	191.3	0.0	5.1e-57	190.8	0.0	1.1	1	0	0	1	1	1	1	# 54080 # 55072 # 1 # ID=22_55;partial=00;start_type=ATG;rbs_motif=GGAGG;rbs_spacer=5-10bp;gc_cont=0.659
GCA_000656455.1_Myco_tube_UT0014_V1_genomic	KK323071.1_83	-	lolD.aln	-	1.3e-54	183.0	0.1	1.4e-54	182.8	0.1	1.0	1	0	0	1	1	1	1	# 88654 # 89343 # -1 # ID=10_83;partial=00;start_type=ATG;rbs_motif=None;rbs_spacer=None;gc_cont=0.617
GCA_000656455.1_Myco_tube_UT0014_V1_genomic	KK323064.1_154	-	lolD.aln	-	2.2e-54	182.2	6.2	1.3e-18	65.2	0.6	4.1	4	0	0	4	4	4	4	# 156980 # 159073 # -1 # ID=3_154;partial=00;start_type=ATG;rbs_motif=GGAG/GAGG;rbs_spacer=5-10bp;gc_cont=0.681
GCA_000656455.1_Myco_tube_UT0014_V1_genomic	KK323065.1_75	-	lolD.aln	-	1.2e-47	160.2	3.8	7.7e-23	79.0	1.1	3.1	2	1	0	2	2	2	2	# 75951 # 79535 # 1 # ID=4_75;partial=00;start_type=ATG;rbs_motif=AGGA;rbs_spacer=5-10bp;gc_cont=0.668
GCA_000656455.1_Myco_tube_UT0014_V1_genomic	KK323081.1_44	-	lolD.aln	-	1.5e-46	156.5	0.0	2.2e-46	156.0	0.0	1.2	1	0	0	1	1	1	1	# 54911 # 55966 # -1 # ID=20_44;partial=00;start_type=ATG;rbs_motif=AGGAG;rbs_spacer=5-10bp;gc_cont=0.665
GCA_000656455.1_Myco_tube_UT0014_V1_genomic	KK323072.1_41	-	lolD.aln	-	5.5e-43	144.9	0.2	7.6e-43	144.5	0.2	1.1	1	0	0	1	1	1	1	# 38623 # 39804 # 1 # ID=11_41;partial=00;start_type=ATG;rbs_motif=GGA/GAG/AGG;rbs_spacer=5-10bp;gc_cont=0.602
GCA_000656455.1_Myco_tube_UT0014_V1_genomic	KK323075.1_4	-	lolD.aln	-	2.4e-41	139.6	3.2	1.3e-11	42.3	0.1	4.2	4	0	0	4	4	4	4	# 4176 # 5951 # -1 # ID=14_4;partial=00;start_type=ATG;rbs_motif=GGA/GAG/AGG;rbs_spacer=5-10bp;gc_cont=0.678
GCA_000656455.1_Myco_tube_UT0014_V1_genomic	KK323079.1_52	-	lolD.aln	-	6.2e-41	138.2	0.5	4.6e-12	43.8	0.0	4.5	5	0	0	5	5	4	4	# 60600 # 62276 # -1 # ID=18_52;partial=00;start_type=ATG;rbs_motif=GGA/GAG/AGG;rbs_spacer=11-12bp;gc_cont=0.627
GCA_000656455.1_Myco_tube_UT0014_V1_genomic	KK323069.1_6	-	lolD.aln	-	5.4e-38	128.6	0.0	8.3e-38	128.0	0.0	1.2	1	0	0	1	1	1	1	# 2187 # 3269 # -1 # ID=8_6;partial=00;start_type=ATG;rbs_motif=GGA/GAG/AGG;rbs_spacer=11-12bp;gc_cont=0.681
GCA_000656455.1_Myco_tube_UT0014_V1_genomic	KK323128.1_9	-	lolD.aln	-	5.4e-38	128.6	0.1	7.1e-38	128.2	0.1	1.1	1	0	0	1	1	1	1	# 6914 # 8023 # 1 # ID=67_9;partial=00;start_type=ATG;rbs_motif=GGA/GAG/AGG;rbs_spacer=5-10bp;gc_cont=0.675
GCA_000656455.1_Myco_tube_UT0014_V1_genomic	KK323068.1_32	-	lolD.aln	-	1.5e-37	127.1	0.0	2.3e-37	126.5	0.0	1.2	1	0	0	1	1	1	1	# 33677 # 34687 # 1 # ID=7_32;partial=00;start_type=ATG;rbs_motif=AGxAGG/AGGxGG;rbs_spacer=5-10bp;gc_cont=0.632
GCA_000656455.1_Myco_tube_UT0014_V1_genomic	KK323103.1_27	-	lolD.aln	-	4.2e-37	125.7	0.1	5.7e-37	125.2	0.1	1.1	1	0	0	1	1	1	1	# 25866 # 26939 # -1 # ID=42_27;partial=00;start_type=ATG;rbs_motif=GGxGG;rbs_spacer=5-10bp;gc_cont=0.629
GCA_000656455.1_Myco_tube_UT0014_V1_genomic	KK323090.1_24	-	lolD.aln	-	5.1e-37	125.4	0.7	3.3e-11	41.0	0.0	4.2	4	0	0	4	4	4	4	# 26290 # 27918 # 1 # ID=29_24;partial=00;start_type=GTG;rbs_motif=GGAG/GAGG;rbs_spacer=5-10bp;gc_cont=0.671
GCA_000656455.1_Myco_tube_UT0014_V1_genomic	KK323062.1_196	-	lolD.aln	-	1.5e-36	123.9	0.0	1.9e-36	123.5	0.0	1.1	1	0	0	1	1	1	1	# 198001 # 199131 # -1 # ID=1_196;partial=00;start_type=TTG;rbs_motif=AGxAGG/AGGxGG;rbs_spacer=5-10bp;gc_cont=0.653
GCA_000656455.1_Myco_tube_UT0014_V1_genomic	KK323077.1_31	-	lolD.aln	-	3.5e-31	106.3	0.1	7.6e-31	105.2	0.1	1.5	1	1	0	1	1	1	1	# 34643 # 36382 # 1 # ID=16_31;partial=00;start_type=ATG;rbs_motif=AGGA;rbs_spacer=5-10bp;gc_cont=0.671
GCA_000656455.1_Myco_tube_UT0014_V1_genomic	KK323075.1_90	-	lolD.aln	-	1.4e-28	97.8	0.2	2.7e-28	96.9	0.2	1.3	1	0	0	1	1	1	1	# 84245 # 86836 # 1 # ID=14_90;partial=00;start_type=ATG;rbs_motif=None;rbs_spacer=None;gc_cont=0.657
GCA_000656455.1_Myco_tube_UT0014_V1_genomic	KK323118.1_7	-	lolD.aln	-	4e-28	96.3	0.0	5.4e-28	95.9	0.0	1.1	1	0	0	1	1	1	1	# 4546 # 5322 # 1 # ID=57_7;partial=00;start_type=GTG;rbs_motif=AGGAG;rbs_spacer=5-10bp;gc_cont=0.616
GCA_000656455.1_Myco_tube_UT0014_V1_genomic	KK323078.1_6	-	lolD.aln	-	5e-28	96.0	0.0	3.3e-27	93.3	0.0	2.0	1	1	0	1	1	1	1	# 25102 # 26097 # 1 # ID=17_6;partial=00;start_type=ATG;rbs_motif=AGGAG;rbs_spacer=5-10bp;gc_cont=0.628
GCA_000656455.1_Myco_tube_UT0014_V1_genomic	KK323077.1_30	-	lolD.aln	-	1e-26	91.7	0.1	1.6e-26	91.1	0.1	1.2	1	0	0	1	1	1	1	# 32067 # 34646 # 1 # ID=16_30;partial=00;start_type=ATG;rbs_motif=GGAG/GAGG;rbs_spacer=5-10bp;gc_cont=0.662
GCA_000656455.1_Myco_tube_UT0014_V1_genomic	KK323072.1_78	-	lolD.aln	-	1.7e-26	91.0	0.0	3.9e-26	89.8	0.0	1.4	1	1	0	1	1	1	1	# 80240 # 81988 # -1 # ID=11_78;partial=00;start_type=ATG;rbs_motif=None;rbs_spacer=None;gc_cont=0.642
GCA_000656455.1_Myco_tube_UT0014_V1_genomic	KK323075.1_23	-	lolD.aln	-	5.7e-26	89.3	0.0	9.2e-26	88.6	0.0	1.2	1	0	0	1	1	1	1	# 22762 # 23529 # -1 # ID=14_23;partial=00;start_type=ATG;rbs_motif=GGA/GAG/AGG;rbs_spacer=5-10bp;gc_cont=0.638
GCA_000656455.1_Myco_tube_UT0014_V1_genomic	KK323074.1_43	-	lolD.aln	-	9e-26	88.6	0.0	1.2e-25	88.2	0.0	1.1	1	0	0	1	1	1	1	# 43798 # 44628 # 1 # ID=13_43;partial=00;start_type=ATG;rbs_motif=None;rbs_spacer=None;gc_cont=0.631
GCA_000656455.1_Myco_tube_UT0014_V1_genomic	KK323090.1_9	-	lolD.aln	-	2.7e-25	87.0	0.1	9.4e-17	59.1	0.1	2.1	2	0	0	2	2	2	2	# 8953 # 9894 # -1 # ID=29_9;partial=00;start_type=GTG;rbs_motif=AGGAGG;rbs_spacer=5-10bp;gc_cont=0.677
GCA_000656455.1_Myco_tube_UT0014_V1_genomic	KK323072.1_77	-	lolD.aln	-	6.6e-25	85.8	0.0	1.1e-24	85.0	0.0	1.3	1	0	0	1	1	1	1	# 78348 # 80192 # -1 # ID=11_77;partial=00;start_type=ATG;rbs_motif=None;rbs_spacer=None;gc_cont=0.645
GCA_000656455.1_Myco_tube_UT0014_V1_genomic	KK323066.1_23	-	lolD.aln	-	2e-24	84.2	0.0	1.3e-23	81.6	0.0	1.9	1	1	0	1	1	1	1	# 21132 # 22037 # -1 # ID=5_23;partial=00;start_type=ATG;rbs_motif=GGAG/GAGG;rbs_spacer=5-10bp;gc_cont=0.671
GCA_000656455.1_Myco_tube_UT0014_V1_genomic	KK323071.1_20	-	lolD.aln	-	3.1e-23	80.3	0.0	3.1e-16	57.4	0.0	2.1	2	0	0	2	2	2	2	# 18975 # 19838 # -1 # ID=10_20;partial=00;start_type=ATG;rbs_motif=3Base/5BMM;rbs_spacer=13-15bp;gc_cont=0.682
GCA_000656455.1_Myco_tube_UT0014_V1_genomic	KK323070.1_52	-	lolD.aln	-	1.5e-21	74.8	0.7	1.2e-06	26.0	0.0	4.2	4	0	0	4	4	4	4	# 54700 # 57642 # 1 # ID=9_52;partial=00;start_type=ATG;rbs_motif=None;rbs_spacer=None;gc_cont=0.662
GCA_000656455.1_Myco_tube_UT0014_V1_genomic	KK323070.1_34	-	lolD.aln	-	5.8e-21	72.9	0.8	2.2e-20	71.0	0.8	1.8	1	1	0	1	1	1	1	# 32673 # 34256 # -1 # ID=9_34;partial=00;start_type=GTG;rbs_motif=None;rbs_spacer=None;gc_cont=0.687
GCA_000656455.1_Myco_tube_UT0014_V1_genomic	KK323070.1_33	-	lolD.aln	-	2e-18	64.6	0.7	8.1e-09	33.2	0.0	2.4	2	0	0	2	2	2	2	# 30946 # 32676 # -1 # ID=9_33;partial=00;start_type=ATG;rbs_motif=GGA/GAG/AGG;rbs_spacer=11-12bp;gc_cont=0.692
GCA_000656455.1_Myco_tube_UT0014_V1_genomic	KK323062.1_221	-	lolD.aln	-	6.1e-17	59.7	0.0	3.3e-09	34.5	0.1	2.1	2	0	0	2	2	2	2	# 222243 # 223064 # 1 # ID=1_221;partial=00;start_type=GTG;rbs_motif=3Base/5BMM;rbs_spacer=13-15bp;gc_cont=0.614
GCA_000656455.1_Myco_tube_UT0014_V1_genomic	KK323090.1_14	-	lolD.aln	-	1.3e-15	55.4	0.0	8.4e-10	36.4	0.0	2.0	2	0	0	2	2	2	2	# 16350 # 17150 # 1 # ID=29_14;partial=00;start_type=ATG;rbs_motif=3Base/5BMM;rbs_spacer=13-15bp;gc_cont=0.652
GCA_000656455.1_Myco_tube_UT0014_V1_genomic	KK323102.1_3	-	lolD.aln	-	6e-15	53.2	0.0	2.9e-09	34.6	0.0	2.2	2	0	0	2	2	2	2	# 3380 # 5299 # -1 # ID=41_3;partial=00;start_type=TTG;rbs_motif=AGGAG;rbs_spacer=5-10bp;gc_cont=0.623
GCA_000656455.1_Myco_tube_UT0014_V1_genomic	KK323072.1_21	-	lolD.aln	-	7.8e-15	52.8	0.3	1.1e-13	49.1	0.3	2.1	1	1	0	1	1	1	1	# 19735 # 20670 # -1 # ID=11_21;partial=00;start_type=ATG;rbs_motif=AGGAG;rbs_spacer=5-10bp;gc_cont=0.645
GCA_000656455.1_Myco_tube_UT0014_V1_genomic	KK323100.1_21	-	lolD.aln	-	2.7e-11	41.3	0.0	4e-11	40.7	0.0	1.2	1	0	0	1	1	1	1	# 21907 # 22566 # 1 # ID=39_21;partial=00;start_type=ATG;rbs_motif=None;rbs_spacer=None;gc_cont=0.662
GCA_000656455.1_Myco_tube_UT0014_V1_genomic	KK323104.1_21	-	lolD.aln	-	0.032	11.6	0.1	3.3	5.0	0.0	2.4	2	0	0	2	2	2	0	# 17408 # 21118 # -1 # ID=43_21;partial=00;start_type=ATG;rbs_motif=None;rbs_spacer=None;gc_cont=0.660
GCA_000789835.1_AZPAE14851_genomic	JTUK01000064.1_34	-	lolD.aln	-	4.9e-110	364.8	0.1	5.6e-110	364.6	0.1	1.0	1	0	0	1	1	1	1	# 35432 # 36115 # 1 # ID=97_34;partial=00;start_type=ATG;rbs_motif=GGAGG;rbs_spacer=5-10bp;gc_cont=0.678
GCA_000789835.1_AZPAE14851_genomic	JTUK01000050.1_12	-	lolD.aln	-	6.8e-81	269.5	3.2	2.4e-41	140.1	0.5	2.0	2	0	0	2	2	2	2	# 13024 # 14634 # -1 # ID=82_12;partial=00;start_type=ATG;rbs_motif=GGAG/GAGG;rbs_spacer=5-10bp;gc_cont=0.661
GCA_000789835.1_AZPAE14851_genomic	JTUK01000030.1_60	-	lolD.aln	-	4.1e-80	266.9	0.0	4.8e-80	266.7	0.0	1.0	1	0	0	1	1	1	1	# 73828 # 74541 # -1 # ID=60_60;partial=00;start_type=ATG;rbs_motif=None;rbs_spacer=None;gc_cont=0.683
GCA_000789835.1_AZPAE14851_genomic	JTUK01000020.1_8	-	lolD.aln	-	2e-78	261.4	0.2	2.2e-78	261.3	0.2	1.0	1	0	0	1	1	1	1	# 5378 # 6061 # -1 # ID=49_8;partial=00;start_type=ATG;rbs_motif=GGA/GAG/AGG;rbs_spacer=5-10bp;gc_cont=0.692
GCA_000789835.1_AZPAE14851_genomic	JTUK01000036.1_15	-	lolD.aln	-	8.4e-76	252.8	3.3	1.3e-37	127.9	1.2	2.2	2	0	0	2	2	2	2	# 16552 # 18162 # 1 # ID=66_15;partial=00;start_type=ATG;rbs_motif=GGAG/GAGG;rbs_spacer=5-10bp;gc_cont=0.705
GCA_000789835.1_AZPAE14851_genomic	JTUK01000022.1_44	-	lolD.aln	-	2.2e-71	238.4	0.0	3.8e-71	237.6	0.0	1.4	1	0	0	1	1	1	1	# 48940 # 50931 # 1 # ID=51_44;partial=00;start_type=ATG;rbs_motif=None;rbs_spacer=None;gc_cont=0.688
GCA_000789835.1_AZPAE14851_genomic	JTUK01000019.1_37	-	lolD.aln	-	3.6e-57	191.9	0.0	2e-30	104.4	0.0	2.2	2	0	0	2	2	2	2	# 43051 # 45801 # 1 # ID=47_37;partial=00;start_type=ATG;rbs_motif=GGA/GAG/AGG;rbs_spacer=5-10bp;gc_cont=0.674
GCA_000789835.1_AZPAE14851_genomic	JTUK01000045.1_83	-	lolD.aln	-	3.2e-56	188.8	0.3	3.6e-56	188.6	0.3	1.0	1	0	0	1	1	1	1	# 85514 # 86185 # 1 # ID=76_83;partial=00;start_type=ATG;rbs_motif=GGAG/GAGG;rbs_spacer=5-10bp;gc_cont=0.667
GCA_000789835.1_AZPAE14851_genomic	JTUK01000034.1_8	-	lolD.aln	-	4e-55	185.2	0.1	5.4e-55	184.8	0.1	1.1	1	0	0	1	1	1	1	# 7277 # 8284 # 1 # ID=64_8;partial=00;start_type=GTG;rbs_motif=GGA/GAG/AGG;rbs_spacer=5-10bp;gc_cont=0.674
GCA_000789835.1_AZPAE14851_genomic	JTUK01000043.1_23	-	lolD.aln	-	1.3e-52	177.0	0.1	1.5e-52	176.8	0.1	1.0	1	0	0	1	1	1	1	# 19309 # 20043 # -1 # ID=74_23;partial=00;start_type=GTG;rbs_motif=GGAGG;rbs_spacer=5-10bp;gc_cont=0.663
GCA_000789835.1_AZPAE14851_genomic	JTUK01000022.1_4	-	lolD.aln	-	1.9e-52	176.4	0.0	2.6e-52	176.0	0.0	1.1	1	0	0	1	1	1	1	# 2418 # 3518 # 1 # ID=51_4;partial=00;start_type=ATG;rbs_motif=GGAG/GAGG;rbs_spacer=5-10bp;gc_cont=0.710
GCA_000789835.1_AZPAE14851_genomic	JTUK01000004.1_313	-	lolD.aln	-	2.6e-52	176.0	0.8	3.6e-52	175.5	0.8	1.2	1	0	0	1	1	1	1	# 333861 # 334625 # 1 # ID=70_313;partial=00;start_type=ATG;rbs_motif=GGA/GAG/AGG;rbs_spacer=5-10bp;gc_cont=0.652
GCA_000789835.1_AZPAE14851_genomic	JTUK01000019.1_118	-	lolD.aln	-	1.6e-50	170.1	0.2	2.2e-50	169.7	0.2	1.2	1	0	0	1	1	1	1	# 131592 # 132365 # -1 # ID=47_118;partial=00;start_type=ATG;rbs_motif=GGAG/GAGG;rbs_spacer=5-10bp;gc_cont=0.630
GCA_000789835.1_AZPAE14851_genomic	JTUK01000015.1_50	-	lolD.aln	-	1.5e-48	163.7	0.3	2e-48	163.3	0.3	1.1	1	0	0	1	1	1	1	# 42132 # 43241 # -1 # ID=43_50;partial=00;start_type=ATG;rbs_motif=GGA/GAG/AGG;rbs_spacer=5-10bp;gc_cont=0.655
GCA_000789835.1_AZPAE14851_genomic	JTUK01000003.1_14	-	lolD.aln	-	1.9e-48	163.3	0.1	2.7e-48	162.9	0.1	1.1	1	0	0	1	1	1	1	# 16007 # 16996 # 1 # ID=59_14;partial=00;start_type=ATG;rbs_motif=GGAG/GAGG;rbs_spacer=5-10bp;gc_cont=0.658
GCA_000789835.1_AZPAE14851_genomic	JTUK01000058.1_43	-	lolD.aln	-	2.3e-48	163.1	0.1	2.7e-48	162.9	0.1	1.0	1	0	0	1	1	1	1	# 45047 # 45781 # -1 # ID=90_43;partial=00;start_type=ATG;rbs_motif=GGA/GAG/AGG;rbs_spacer=5-10bp;gc_cont=0.635
GCA_000789835.1_AZPAE14851_genomic	JTUK01000001.1_28	-	lolD.aln	-	2.4e-48	163.0	0.2	3.5e-27	93.8	0.0	2.2	2	0	0	2	2	2	2	# 36175 # 37707 # 1 # ID=1_28;partial=00;start_type=ATG;rbs_motif=GGAG/GAGG;rbs_spacer=5-10bp;gc_cont=0.705
GCA_000789835.1_AZPAE14851_genomic	JTUK01000091.1_9	-	lolD.aln	-	3e-48	162.7	0.0	3.7e-48	162.4	0.0	1.0	1	0	0	1	1	1	1	# 8888 # 9631 # -1 # ID=127_9;partial=00;start_type=ATG;rbs_motif=AGGAGG;rbs_spacer=3-4bp;gc_cont=0.684
GCA_000789835.1_AZPAE14851_genomic	JTUK01000033.1_61	-	lolD.aln	-	4.2e-48	162.2	0.1	5.8e-48	161.8	0.1	1.1	1	0	0	1	1	1	1	# 60264 # 61031 # -1 # ID=63_61;partial=00;start_type=ATG;rbs_motif=GGAG/GAGG;rbs_spacer=5-10bp;gc_cont=0.667
GCA_000789835.1_AZPAE14851_genomic	JTUK01000006.1_32	-	lolD.aln	-	4.1e-47	159.0	0.0	5.4e-47	158.6	0.0	1.0	1	0	0	1	1	1	1	# 34122 # 34826 # -1 # ID=92_32;partial=00;start_type=ATG;rbs_motif=None;rbs_spacer=None;gc_cont=0.698
GCA_000789835.1_AZPAE14851_genomic	JTUK01000007.1_142	-	lolD.aln	-	4.3e-47	158.9	0.1	5.5e-47	158.6	0.1	1.1	1	0	0	1	1	1	1	# 158894 # 159973 # -1 # ID=103_142;partial=00;start_type=TTG;rbs_motif=GGA/GAG/AGG;rbs_spacer=11-12bp;gc_cont=0.677
GCA_000789835.1_AZPAE14851_genomic	JTUK01000099.1_4	-	lolD.aln	-	7e-46	155.0	0.3	7.6e-46	154.8	0.3	1.0	1	0	0	1	1	1	1	# 2749 # 3471 # -1 # ID=135_4;partial=00;start_type=ATG;rbs_motif=GGAG/GAGG;rbs_spacer=5-10bp;gc_cont=0.667
GCA_000789835.1_AZPAE14851_genomic	JTUK01000008.1_128	-	lolD.aln	-	1.5e-45	153.9	0.5	1.9e-45	153.6	0.5	1.1	1	0	0	1	1	1	1	# 122531 # 123502 # -1 # ID=114_128;partial=00;start_type=ATG;rbs_motif=GGAG/GAGG;rbs_spacer=5-10bp;gc_cont=0.677
GCA_000789835.1_AZPAE14851_genomic	JTUK01000045.1_7	-	lolD.aln	-	3.2e-45	152.8	0.2	4.2e-45	152.4	0.2	1.1	1	0	0	1	1	1	1	# 7726 # 8880 # 1 # ID=76_7;partial=00;start_type=ATG;rbs_motif=GGAG/GAGG;rbs_spacer=5-10bp;gc_cont=0.645
GCA_000789835.1_AZPAE14851_genomic	JTUK01000118.1_3	-	lolD.aln	-	2.7e-44	149.7	0.1	9.2e-44	148.0	0.1	1.6	1	1	0	1	1	1	1	# 1542 # 2333 # 1 # ID=22_3;partial=00;start_type=ATG;rbs_motif=GGAGG;rbs_spacer=5-10bp;gc_cont=0.697
GCA_000789835.1_AZPAE14851_genomic	JTUK01000043.1_41	-	lolD.aln	-	7.9e-44	148.2	0.1	1e-43	147.9	0.1	1.1	1	0	0	1	1	1	1	# 41715 # 42545 # -1 # ID=74_41;partial=00;start_type=ATG;rbs_motif=GGA/GAG/AGG;rbs_spacer=5-10bp;gc_cont=0.644
GCA_000789835.1_AZPAE14851_genomic	JTUK01000071.1_17	-	lolD.aln	-	1.2e-43	147.7	0.2	1.5e-43	147.3	0.2	1.1	1	0	0	1	1	1	1	# 13307 # 14143 # -1 # ID=105_17;partial=00;start_type=ATG;rbs_motif=GGAGG;rbs_spacer=5-10bp;gc_cont=0.688
GCA_000789835.1_AZPAE14851_genomic	JTUK01000010.1_65	-	lolD.aln	-	3.1e-43	146.3	0.2	1.5e-42	144.1	0.2	1.8	1	1	0	1	1	1	1	# 74326 # 75150 # 1 # ID=2_65;partial=00;start_type=ATG;rbs_motif=GGAGG;rbs_spacer=5-10bp;gc_cont=0.724
GCA_000789835.1_AZPAE14851_genomic	JTUK01000112.1_2	-	lolD.aln	-	1.7e-42	143.9	0.2	2.2e-42	143.5	0.2	1.1	1	0	0	1	1	1	1	# 1330 # 2490 # -1 # ID=16_2;partial=00;start_type=ATG;rbs_motif=AGGA/GGAG/GAGG;rbs_spacer=11-12bp;gc_cont=0.671
GCA_000789835.1_AZPAE14851_genomic	JTUK01000021.1_47	-	lolD.aln	-	3.8e-42	142.7	0.0	5.4e-42	142.2	0.0	1.2	1	0	0	1	1	1	1	# 42192 # 43187 # 1 # ID=50_47;partial=00;start_type=ATG;rbs_motif=GGA/GAG/AGG;rbs_spacer=5-10bp;gc_cont=0.677
GCA_000789835.1_AZPAE14851_genomic	JTUK01000035.1_12	-	lolD.aln	-	7e-42	141.9	0.1	1.7e-41	140.6	0.1	1.5	1	1	0	1	1	1	1	# 12575 # 13414 # -1 # ID=65_12;partial=00;start_type=ATG;rbs_motif=GGAG/GAGG;rbs_spacer=5-10bp;gc_cont=0.694
GCA_000789835.1_AZPAE14851_genomic	JTUK01000067.1_9	-	lolD.aln	-	8.5e-42	141.6	0.0	1.9e-41	140.5	0.0	1.4	1	1	0	1	1	1	1	# 8493 # 9347 # 1 # ID=100_9;partial=00;start_type=ATG;rbs_motif=GGAGG;rbs_spacer=5-10bp;gc_cont=0.712
GCA_000789835.1_AZPAE14851_genomic	JTUK01000008.1_129	-	lolD.aln	-	1.2e-40	137.9	0.4	1.4e-40	137.6	0.4	1.1	1	0	0	1	1	1	1	# 123502 # 124476 # -1 # ID=114_129;partial=00;start_type=ATG;rbs_motif=AGGAG;rbs_spacer=5-10bp;gc_cont=0.693
GCA_000789835.1_AZPAE14851_genomic	JTUK01000018.1_36	-	lolD.aln	-	2.4e-40	136.9	0.3	1.2e-27	95.3	0.0	2.5	2	1	0	2	2	2	2	# 40931 # 42502 # -1 # ID=46_36;partial=00;start_type=ATG;rbs_motif=None;rbs_spacer=None;gc_cont=0.719
GCA_000789835.1_AZPAE14851_genomic	JTUK01000021.1_5	-	lolD.aln	-	1.6e-39	134.1	0.0	2.1e-39	133.8	0.0	1.0	1	0	0	1	1	1	1	# 3622 # 4416 # 1 # ID=50_5;partial=00;start_type=GTG;rbs_motif=GGAG/GAGG;rbs_spacer=5-10bp;gc_cont=0.706
GCA_000789835.1_AZPAE14851_genomic	JTUK01000057.1_3	-	lolD.aln	-	4e-39	132.9	0.1	5.3e-39	132.4	0.1	1.1	1	0	0	1	1	1	1	# 1781 # 2893 # 1 # ID=89_3;partial=00;start_type=ATG;rbs_motif=GGAGG;rbs_spacer=5-10bp;gc_cont=0.694
GCA_000789835.1_AZPAE14851_genomic	JTUK01000045.1_33	-	lolD.aln	-	6.1e-39	132.3	0.0	8.5e-39	131.8	0.0	1.2	1	0	0	1	1	1	1	# 32719 # 33768 # -1 # ID=76_33;partial=00;start_type=ATG;rbs_motif=GGA/GAG/AGG;rbs_spacer=5-10bp;gc_cont=0.678
GCA_000789835.1_AZPAE14851_genomic	JTUK01000005.1_2	-	lolD.aln	-	1.4e-38	131.1	0.0	1.8e-38	130.7	0.0	1.1	1	0	0	1	1	1	1	# 1996 # 2715 # 1 # ID=81_2;partial=00;start_type=ATG;rbs_motif=None;rbs_spacer=None;gc_cont=0.750
GCA_000789835.1_AZPAE14851_genomic	JTUK01000071.1_8	-	lolD.aln	-	3e-38	130.0	0.0	3.4e-38	129.8	0.0	1.0	1	0	0	1	1	1	1	# 5989 # 6705 # -1 # ID=105_8;partial=00;start_type=ATG;rbs_motif=GGAG/GAGG;rbs_spacer=5-10bp;gc_cont=0.692
GCA_000789835.1_AZPAE14851_genomic	JTUK01000008.1_179	-	lolD.aln	-	5e-38	129.3	0.0	6.2e-38	129.0	0.0	1.0	1	0	0	1	1	1	1	# 179644 # 180453 # 1 # ID=114_179;partial=00;start_type=ATG;rbs_motif=AGGAG;rbs_spacer=5-10bp;gc_cont=0.646
GCA_000789835.1_AZPAE14851_genomic	JTUK01000040.1_30	-	lolD.aln	-	6.7e-38	128.9	0.0	9.2e-38	128.4	0.0	1.2	1	0	0	1	1	1	1	# 30404 # 31567 # -1 # ID=71_30;partial=00;start_type=ATG;rbs_motif=AGGAG;rbs_spacer=5-10bp;gc_cont=0.666
GCA_000789835.1_AZPAE14851_genomic	JTUK01000041.1_28	-	lolD.aln	-	1.1e-37	128.2	0.2	1.5e-37	127.8	0.2	1.1	1	0	0	1	1	1	1	# 30519 # 31346 # 1 # ID=72_28;partial=00;start_type=ATG;rbs_motif=GGA/GAG/AGG;rbs_spacer=5-10bp;gc_cont=0.621
GCA_000789835.1_AZPAE14851_genomic	JTUK01000107.1_3	-	lolD.aln	-	3.2e-37	126.7	0.2	3.2e-36	123.4	0.2	1.9	1	1	0	1	1	1	1	# 2051 # 2887 # -1 # ID=10_3;partial=00;start_type=ATG;rbs_motif=GGAG/GAGG;rbs_spacer=5-10bp;gc_cont=0.723
GCA_000789835.1_AZPAE14851_genomic	JTUK01000030.1_61	-	lolD.aln	-	3.6e-37	126.5	1.6	1.9e-10	39.0	0.0	4.2	4	0	0	4	4	4	4	# 75021 # 76685 # -1 # ID=60_61;partial=00;start_type=TTG;rbs_motif=GGAG/GAGG;rbs_spacer=5-10bp;gc_cont=0.657
GCA_000789835.1_AZPAE14851_genomic	JTUK01000044.1_41	-	lolD.aln	-	8.9e-37	125.2	0.1	1.2e-36	124.7	0.1	1.1	1	0	0	1	1	1	1	# 39737 # 40915 # 1 # ID=75_41;partial=00;start_type=ATG;rbs_motif=GGA/GAG/AGG;rbs_spacer=5-10bp;gc_cont=0.656
GCA_000789835.1_AZPAE14851_genomic	JTUK01000116.1_7	-	lolD.aln	-	1.4e-36	124.5	0.0	6.9e-36	122.3	0.0	1.8	1	1	0	1	1	1	1	# 12873 # 13721 # -1 # ID=20_7;partial=00;start_type=ATG;rbs_motif=GGA/GAG/AGG;rbs_spacer=5-10bp;gc_cont=0.704
GCA_000789835.1_AZPAE14851_genomic	JTUK01000071.1_9	-	lolD.aln	-	2.1e-36	124.0	0.0	2.6e-36	123.7	0.0	1.1	1	0	0	1	1	1	1	# 6755 # 7570 # -1 # ID=105_9;partial=00;start_type=ATG;rbs_motif=GGAGG;rbs_spacer=5-10bp;gc_cont=0.697
GCA_000789835.1_AZPAE14851_genomic	JTUK01000050.1_69	-	lolD.aln	-	4.9e-36	122.8	0.0	7.2e-36	122.2	0.0	1.2	1	0	0	1	1	1	1	# 71604 # 72689 # -1 # ID=82_69;partial=00;start_type=ATG;rbs_motif=None;rbs_spacer=None;gc_cont=0.692
GCA_000789835.1_AZPAE14851_genomic	JTUK01000001.1_45	-	lolD.aln	-	6.7e-36	122.3	0.0	1.8e-08	32.6	0.0	4.2	4	0	0	4	4	4	4	# 51284 # 52849 # -1 # ID=1_45;partial=00;start_type=ATG;rbs_motif=None;rbs_spacer=None;gc_cont=0.648
GCA_000789835.1_AZPAE14851_genomic	JTUK01000007.1_212	-	lolD.aln	-	2.7e-35	120.3	0.0	3.6e-35	119.9	0.0	1.1	1	0	0	1	1	1	1	# 239810 # 240892 # -1 # ID=103_212;partial=00;start_type=ATG;rbs_motif=None;rbs_spacer=None;gc_cont=0.675
GCA_000789835.1_AZPAE14851_genomic	JTUK01000019.1_16	-	lolD.aln	-	1.8e-33	114.4	2.1	1.2e-14	52.7	0.1	4.1	2	2	1	3	3	3	3	# 18362 # 20278 # 1 # ID=47_16;partial=00;start_type=ATG;rbs_motif=None;rbs_spacer=None;gc_cont=0.662
GCA_000789835.1_AZPAE14851_genomic	JTUK01000010.1_60	-	lolD.aln	-	2.7e-32	110.5	0.0	4.7e-32	109.7	0.0	1.3	1	0	0	1	1	1	1	# 69708 # 70457 # 1 # ID=2_60;partial=00;start_type=ATG;rbs_motif=GGAGG;rbs_spacer=5-10bp;gc_cont=0.697
GCA_000789835.1_AZPAE14851_genomic	JTUK01000004.1_485	-	lolD.aln	-	8.1e-32	109.0	0.1	1.1e-31	108.6	0.1	1.1	1	0	0	1	1	1	1	# 507247 # 507948 # -1 # ID=70_485;partial=00;start_type=ATG;rbs_motif=GGA/GAG/AGG;rbs_spacer=5-10bp;gc_cont=0.642
GCA_000789835.1_AZPAE14851_genomic	JTUK01000020.1_60	-	lolD.aln	-	1.5e-31	108.1	0.0	3.3e-31	107.0	0.0	1.6	1	1	0	1	1	1	1	# 53800 # 54732 # 1 # ID=49_60;partial=00;start_type=ATG;rbs_motif=GGA/GAG/AGG;rbs_spacer=5-10bp;gc_cont=0.624
GCA_000789835.1_AZPAE14851_genomic	JTUK01000051.1_4	-	lolD.aln	-	4.4e-30	103.3	1.0	8.2e-09	33.7	0.0	4.3	4	0	0	4	4	4	4	# 4998 # 6638 # -1 # ID=83_4;partial=00;start_type=ATG;rbs_motif=GGAG/GAGG;rbs_spacer=5-10bp;gc_cont=0.709
GCA_000789835.1_AZPAE14851_genomic	JTUK01000002.1_125	-	lolD.aln	-	1.7e-29	101.4	1.1	3.8e-29	100.2	1.1	1.5	1	1	0	1	1	1	1	# 128980 # 129696 # -1 # ID=48_125;partial=00;start_type=ATG;rbs_motif=AGGAG;rbs_spacer=5-10bp;gc_cont=0.657
GCA_000789835.1_AZPAE14851_genomic	JTUK01000004.1_486	-	lolD.aln	-	3.9e-29	100.2	1.1	5.5e-28	96.4	1.1	2.0	1	1	0	1	1	1	1	# 507951 # 508718 # -1 # ID=70_486;partial=00;start_type=ATG;rbs_motif=GGAG/GAGG;rbs_spacer=5-10bp;gc_cont=0.652
GCA_000789835.1_AZPAE14851_genomic	JTUK01000071.1_40	-	lolD.aln	-	9.5e-29	98.9	0.0	1.5e-28	98.3	0.0	1.2	1	0	0	1	1	1	1	# 35097 # 36887 # -1 # ID=105_40;partial=00;start_type=ATG;rbs_motif=AGGA;rbs_spacer=5-10bp;gc_cont=0.724
GCA_000789835.1_AZPAE14851_genomic	JTUK01000016.1_6	-	lolD.aln	-	1.9e-28	97.9	0.0	3.7e-28	97.0	0.0	1.4	1	1	0	1	1	1	1	# 6829 # 8553 # -1 # ID=44_6;partial=00;start_type=ATG;rbs_motif=GGAGG;rbs_spacer=5-10bp;gc_cont=0.730
GCA_000789835.1_AZPAE14851_genomic	JTUK01000008.1_173	-	lolD.aln	-	2.8e-28	97.4	0.1	3.2e-28	97.2	0.1	1.1	1	0	0	1	1	1	1	# 175891 # 176616 # -1 # ID=114_173;partial=00;start_type=ATG;rbs_motif=GGA/GAG/AGG;rbs_spacer=5-10bp;gc_cont=0.629
GCA_000789835.1_AZPAE14851_genomic	JTUK01000002.1_215	-	lolD.aln	-	3.1e-28	97.2	0.2	5.8e-28	96.3	0.2	1.4	1	0	0	1	1	1	1	# 237088 # 238899 # -1 # ID=48_215;partial=00;start_type=ATG;rbs_motif=None;rbs_spacer=None;gc_cont=0.636
GCA_000789835.1_AZPAE14851_genomic	JTUK01000029.1_55	-	lolD.aln	-	3.1e-28	97.2	0.0	1.3e-27	95.2	0.0	1.8	1	1	0	1	1	1	1	# 66085 # 66888 # 1 # ID=58_55;partial=00;start_type=GTG;rbs_motif=None;rbs_spacer=None;gc_cont=0.736
GCA_000789835.1_AZPAE14851_genomic	JTUK01000016.1_7	-	lolD.aln	-	1.2e-27	95.4	0.2	1.8e-27	94.7	0.2	1.2	1	0	0	1	1	1	1	# 8550 # 10262 # -1 # ID=44_7;partial=00;start_type=GTG;rbs_motif=GGAG/GAGG;rbs_spacer=5-10bp;gc_cont=0.730
GCA_000789835.1_AZPAE14851_genomic	JTUK01000033.1_75	-	lolD.aln	-	1.7e-27	94.8	0.0	7.8e-27	92.7	0.0	1.8	1	1	0	1	1	1	1	# 73097 # 73870 # -1 # ID=63_75;partial=00;start_type=ATG;rbs_motif=GGA/GAG/AGG;rbs_spacer=5-10bp;gc_cont=0.727
GCA_000789835.1_AZPAE14851_genomic	JTUK01000017.1_4	-	lolD.aln	-	3.3e-27	93.9	0.0	4.5e-27	93.4	0.0	1.1	1	0	0	1	1	1	1	# 5530 # 6363 # 1 # ID=45_4;partial=00;start_type=ATG;rbs_motif=GGAG/GAGG;rbs_spacer=5-10bp;gc_cont=0.631
GCA_000789835.1_AZPAE14851_genomic	JTUK01000034.1_5	-	lolD.aln	-	8.2e-27	92.6	1.0	1.3e-17	62.5	0.1	2.1	2	0	0	2	2	2	2	# 4650 # 5459 # 1 # ID=64_5;partial=00;start_type=ATG;rbs_motif=AGGA;rbs_spacer=5-10bp;gc_cont=0.695
GCA_000789835.1_AZPAE14851_genomic	JTUK01000004.1_280	-	lolD.aln	-	8.4e-27	92.6	1.6	2.5e-26	91.0	1.6	1.7	1	1	0	1	1	1	1	# 296282 # 298072 # 1 # ID=70_280;partial=00;start_type=ATG;rbs_motif=GGA/GAG/AGG;rbs_spacer=11-12bp;gc_cont=0.677
GCA_000789835.1_AZPAE14851_genomic	JTUK01000084.1_11	-	lolD.aln	-	3.8e-26	90.4	0.0	1e-25	89.0	0.0	1.7	1	1	0	1	1	1	1	# 11276 # 13435 # 1 # ID=119_11;partial=00;start_type=ATG;rbs_motif=AGGA;rbs_spacer=5-10bp;gc_cont=0.678
GCA_000789835.1_AZPAE14851_genomic	JTUK01000021.1_21	-	lolD.aln	-	4.7e-26	90.1	2.4	1.8e-25	88.2	2.4	1.9	1	1	0	1	1	1	1	# 16955 # 18787 # 1 # ID=50_21;partial=00;start_type=ATG;rbs_motif=GGA/GAG/AGG;rbs_spacer=5-10bp;gc_cont=0.663
GCA_000789835.1_AZPAE14851_genomic	JTUK01000002.1_78	-	lolD.aln	-	5.2e-26	90.0	0.0	6e-26	89.8	0.0	1.0	1	0	0	1	1	1	1	# 82521 # 83219 # 1 # ID=48_78;partial=00;start_type=ATG;rbs_motif=GGA/GAG/AGG;rbs_spacer=5-10bp;gc_cont=0.687
GCA_000789835.1_AZPAE14851_genomic	JTUK01000052.1_3	-	lolD.aln	-	9.6e-26	89.1	0.3	2.4e-25	87.8	0.3	1.6	1	1	0	1	1	1	1	# 3741 # 5912 # 1 # ID=84_3;partial=00;start_type=ATG;rbs_motif=4Base/6BMM;rbs_spacer=13-15bp;gc_cont=0.695
GCA_000789835.1_AZPAE14851_genomic	JTUK01000016.1_29	-	lolD.aln	-	1.5e-25	88.4	2.7	1.5e-08	32.9	0.0	4.2	4	0	0	4	4	4	4	# 44844 # 47681 # 1 # ID=44_29;partial=00;start_type=GTG;rbs_motif=GGAG/GAGG;rbs_spacer=5-10bp;gc_cont=0.657
GCA_000789835.1_AZPAE14851_genomic	JTUK01000071.1_27	-	lolD.aln	-	1.9e-25	88.1	0.6	2.3e-24	84.6	0.6	2.0	1	1	0	1	1	1	1	# 23358 # 24272 # 1 # ID=105_27;partial=00;start_type=ATG;rbs_motif=None;rbs_spacer=None;gc_cont=0.728
GCA_000789835.1_AZPAE14851_genomic	JTUK01000023.1_94	-	lolD.aln	-	2.5e-25	87.7	0.0	4.5e-25	86.9	0.0	1.4	1	0	0	1	1	1	1	# 100928 # 102709 # 1 # ID=52_94;partial=00;start_type=ATG;rbs_motif=GGA/GAG/AGG;rbs_spacer=5-10bp;gc_cont=0.708
GCA_000789835.1_AZPAE14851_genomic	JTUK01000013.1_98	-	lolD.aln	-	6.3e-25	86.4	0.3	1.3e-24	85.4	0.3	1.5	1	1	0	1	1	1	1	# 110019 # 110813 # 1 # ID=32_98;partial=00;start_type=ATG;rbs_motif=GGAG/GAGG;rbs_spacer=5-10bp;gc_cont=0.691
GCA_000789835.1_AZPAE14851_genomic	JTUK01000084.1_26	-	lolD.aln	-	1e-24	85.7	0.1	3.2e-24	84.1	0.1	1.6	1	1	0	1	1	1	1	# 30647 # 31444 # -1 # ID=119_26;partial=00;start_type=ATG;rbs_motif=AGGA;rbs_spacer=5-10bp;gc_cont=0.703
GCA_000789835.1_AZPAE14851_genomic	JTUK01000006.1_58	-	lolD.aln	-	1.1e-24	85.6	0.0	2e-24	84.8	0.0	1.5	1	1	0	1	1	1	1	# 56481 # 57407 # -1 # ID=92_58;partial=00;start_type=ATG;rbs_motif=None;rbs_spacer=None;gc_cont=0.649
GCA_000789835.1_AZPAE14851_genomic	JTUK01000002.1_126	-	lolD.aln	-	1.5e-24	85.2	0.5	6.5e-15	53.7	0.0	2.3	2	1	0	2	2	2	2	# 129693 # 130565 # -1 # ID=48_126;partial=00;start_type=ATG;rbs_motif=GGA/GAG/AGG;rbs_spacer=5-10bp;gc_cont=0.651
GCA_000789835.1_AZPAE14851_genomic	JTUK01000025.1_2	-	lolD.aln	-	1.8e-24	84.9	0.0	5.6e-24	83.3	0.0	1.6	1	1	0	1	1	1	1	# 899 # 1666 # -1 # ID=54_2;partial=00;start_type=ATG;rbs_motif=GGxGG;rbs_spacer=5-10bp;gc_cont=0.708
GCA_000789835.1_AZPAE14851_genomic	JTUK01000064.1_1	-	lolD.aln	-	4e-24	83.8	4.4	5.2e-08	31.1	0.0	3.3	2	1	1	3	3	3	3	# 2 # 1444 # 1 # ID=97_1;partial=10;start_type=Edge;rbs_motif=None;rbs_spacer=None;gc_cont=0.664
GCA_000789835.1_AZPAE14851_genomic	JTUK01000004.1_543	-	lolD.aln	-	1.2e-23	82.2	0.1	4.6e-23	80.3	0.1	1.9	1	1	0	1	1	1	1	# 563997 # 565763 # 1 # ID=70_543;partial=00;start_type=ATG;rbs_motif=GGA/GAG/AGG;rbs_spacer=5-10bp;gc_cont=0.684
GCA_000789835.1_AZPAE14851_genomic	JTUK01000072.1_38	-	lolD.aln	-	1.3e-21	75.5	0.0	3.7e-21	74.1	0.0	1.7	1	1	0	1	1	1	1	# 39082 # 39783 # -1 # ID=106_38;partial=00;start_type=ATG;rbs_motif=None;rbs_spacer=None;gc_cont=0.712
GCA_000789835.1_AZPAE14851_genomic	JTUK01000011.1_7	-	lolD.aln	-	9.9e-21	72.7	0.4	1.2e-14	52.8	0.0	2.1	2	0	0	2	2	2	2	# 6033 # 6788 # 1 # ID=13_7;partial=00;start_type=ATG;rbs_motif=AGGAG;rbs_spacer=5-10bp;gc_cont=0.729
GCA_000789835.1_AZPAE14851_genomic	JTUK01000028.1_38	-	lolD.aln	-	4.2e-20	70.6	0.2	2.7e-18	64.7	0.2	2.2	1	1	0	1	1	1	1	# 44628 # 45893 # -1 # ID=57_38;partial=00;start_type=ATG;rbs_motif=GGA/GAG/AGG;rbs_spacer=5-10bp;gc_cont=0.662
GCA_000789835.1_AZPAE14851_genomic	JTUK01000002.1_77	-	lolD.aln	-	7.4e-20	69.8	0.2	1.1e-19	69.3	0.2	1.2	1	0	0	1	1	1	1	# 81527 # 82384 # 1 # ID=48_77;partial=00;start_type=ATG;rbs_motif=AGGAG;rbs_spacer=5-10bp;gc_cont=0.675
GCA_000789835.1_AZPAE14851_genomic	JTUK01000007.1_77	-	lolD.aln	-	1.9e-19	68.5	0.1	4.1e-19	67.4	0.1	1.6	1	1	0	1	1	1	1	# 89065 # 89988 # 1 # ID=103_77;partial=00;start_type=ATG;rbs_motif=GGA/GAG/AGG;rbs_spacer=5-10bp;gc_cont=0.695
GCA_000789835.1_AZPAE14851_genomic	JTUK01000022.1_51	-	lolD.aln	-	4.9e-19	67.2	0.0	9.3e-10	36.8	0.0	2.2	1	1	1	2	2	2	2	# 59069 # 60718 # 1 # ID=51_51;partial=00;start_type=ATG;rbs_motif=GGA/GAG/AGG;rbs_spacer=5-10bp;gc_cont=0.609
GCA_000789835.1_AZPAE14851_genomic	JTUK01000039.1_1	-	lolD.aln	-	1.2e-07	29.9	0.0	1.3e-07	29.8	0.0	1.1	1	0	0	1	1	1	1	# 2 # 310 # -1 # ID=69_1;partial=10;start_type=ATG;rbs_motif=GGAGG;rbs_spacer=5-10bp;gc_cont=0.647
GCA_000789835.1_AZPAE14851_genomic	JTUK01000025.1_59	-	lolD.aln	-	4.6e-05	21.4	0.3	0.054	11.4	0.1	2.5	2	0	0	2	2	2	1	# 65558 # 67234 # 1 # ID=54_59;partial=00;start_type=ATG;rbs_motif=GGAG/GAGG;rbs_spacer=5-10bp;gc_cont=0.670
GCA_000789835.1_AZPAE14851_genomic	JTUK01000020.1_154	-	lolD.aln	-	0.00021	19.3	0.0	0.28	9.1	0.0	2.3	2	0	0	2	2	2	2	# 127962 # 129692 # 1 # ID=49_154;partial=00;start_type=ATG;rbs_motif=GGxGG;rbs_spacer=5-10bp;gc_cont=0.551
GCA_000789835.1_AZPAE14851_genomic	JTUK01000063.1_33	-	lolD.aln	-	0.0014	16.6	0.0	0.0024	15.8	0.0	1.4	1	0	0	1	1	1	1	# 41117 # 42265 # -1 # ID=96_33;partial=00;start_type=ATG;rbs_motif=GGA/GAG/AGG;rbs_spacer=5-10bp;gc_cont=0.659
GCA_000789835.1_AZPAE14851_genomic	JTUK01000004.1_208	-	lolD.aln	-	0.028	12.3	0.0	2	6.3	0.0	2.1	2	0	0	2	2	2	0	# 217129 # 218292 # 1 # ID=70_208;partial=00;start_type=ATG;rbs_motif=GGA/GAG/AGG;rbs_spacer=5-10bp;gc_cont=0.721
GCA_000795605.1_AZPAE14710_genomic	JTWW01000041.1_89	-	lolD.aln	-	4.9e-110	364.8	0.1	5.6e-110	364.6	0.1	1.0	1	0	0	1	1	1	1	# 104158 # 104841 # 1 # ID=84_89;partial=00;start_type=ATG;rbs_motif=GGAGG;rbs_spacer=5-10bp;gc_cont=0.680
GCA_000795605.1_AZPAE14710_genomic	JTWW01000093.1_11	-	lolD.aln	-	6.9e-81	269.5	3.2	2.4e-41	140.1	0.5	2.0	2	0	0	2	2	2	2	# 12972 # 14582 # -1 # ID=141_11;partial=00;start_type=ATG;rbs_motif=GGAG/GAGG;rbs_spacer=5-10bp;gc_cont=0.660
GCA_000795605.1_AZPAE14710_genomic	JTWW01000009.1_115	-	lolD.aln	-	7.6e-80	266.1	0.0	9e-80	265.8	0.0	1.0	1	0	0	1	1	1	1	# 134616 # 135329 # -1 # ID=137_115;partial=00;start_type=ATG;rbs_motif=None;rbs_spacer=None;gc_cont=0.682
GCA_000795605.1_AZPAE14710_genomic	JTWW01000058.1_33	-	lolD.aln	-	2e-78	261.4	0.2	2.2e-78	261.3	0.2	1.0	1	0	0	1	1	1	1	# 30975 # 31658 # 1 # ID=102_33;partial=00;start_type=ATG;rbs_motif=GGA/GAG/AGG;rbs_spacer=5-10bp;gc_cont=0.693
GCA_000795605.1_AZPAE14710_genomic	JTWW01000068.1_63	-	lolD.aln	-	8.1e-76	252.9	3.3	1.3e-37	128.0	1.2	2.2	2	0	0	2	2	2	2	# 68120 # 69730 # -1 # ID=113_63;partial=00;start_type=ATG;rbs_motif=GGAG/GAGG;rbs_spacer=5-10bp;gc_cont=0.706
GCA_000795605.1_AZPAE14710_genomic	JTWW01000018.1_39	-	lolD.aln	-	2.2e-71	238.4	0.0	3.8e-71	237.6	0.0	1.4	1	0	0	1	1	1	1	# 43691 # 45682 # 1 # ID=58_39;partial=00;start_type=ATG;rbs_motif=None;rbs_spacer=None;gc_cont=0.690
GCA_000795605.1_AZPAE14710_genomic	JTWW01000033.1_37	-	lolD.aln	-	4.5e-57	191.6	0.0	2.5e-30	104.1	0.0	2.2	2	0	0	2	2	2	2	# 41514 # 44264 # 1 # ID=75_37;partial=00;start_type=ATG;rbs_motif=GGA/GAG/AGG;rbs_spacer=5-10bp;gc_cont=0.676
GCA_000795605.1_AZPAE14710_genomic	JTWW01000008.1_27	-	lolD.aln	-	4.6e-57	191.5	0.0	4.5e-29	100.0	0.0	2.2	2	0	0	2	2	2	2	# 25311 # 27080 # -1 # ID=126_27;partial=00;start_type=ATG;rbs_motif=None;rbs_spacer=None;gc_cont=0.590
GCA_000795605.1_AZPAE14710_genomic	JTWW01000014.1_13	-	lolD.aln	-	3.2e-56	188.8	0.3	3.6e-56	188.6	0.3	1.0	1	0	0	1	1	1	1	# 9180 # 9851 # -1 # ID=46_13;partial=00;start_type=ATG;rbs_motif=GGAG/GAGG;rbs_spacer=5-10bp;gc_cont=0.667
GCA_000795605.1_AZPAE14710_genomic	JTWW01000015.1_50	-	lolD.aln	-	4e-55	185.2	0.1	5.4e-55	184.8	0.1	1.1	1	0	0	1	1	1	1	# 52710 # 53717 # -1 # ID=55_50;partial=00;start_type=GTG;rbs_motif=GGA/GAG/AGG;rbs_spacer=5-10bp;gc_cont=0.664
GCA_000795605.1_AZPAE14710_genomic	JTWW01000095.1_20	-	lolD.aln	-	1.3e-52	177.0	0.1	1.7e-52	176.6	0.1	1.1	1	0	0	1	1	1	1	# 21648 # 22748 # 1 # ID=143_20;partial=00;start_type=ATG;rbs_motif=GGAG/GAGG;rbs_spacer=5-10bp;gc_cont=0.715
GCA_000795605.1_AZPAE14710_genomic	JTWW01000003.1_62	-	lolD.aln	-	1.3e-52	177.0	0.1	1.5e-52	176.8	0.1	1.0	1	0	0	1	1	1	1	# 72220 # 72954 # 1 # ID=71_62;partial=00;start_type=GTG;rbs_motif=GGAGG;rbs_spacer=5-10bp;gc_cont=0.664
GCA_000795605.1_AZPAE14710_genomic	JTWW01000029.1_96	-	lolD.aln	-	2.6e-52	176.0	0.8	3.6e-52	175.5	0.8	1.2	1	0	0	1	1	1	1	# 104552 # 105316 # 1 # ID=70_96;partial=00;start_type=ATG;rbs_motif=GGA/GAG/AGG;rbs_spacer=5-10bp;gc_cont=0.654
GCA_000795605.1_AZPAE14710_genomic	JTWW01000040.1_20	-	lolD.aln	-	7.7e-51	171.2	0.2	1e-50	170.8	0.2	1.2	1	0	0	1	1	1	1	# 12517 # 13290 # 1 # ID=83_20;partial=00;start_type=ATG;rbs_motif=GGAG/GAGG;rbs_spacer=5-10bp;gc_cont=0.634
GCA_000795605.1_AZPAE14710_genomic	JTWW01000088.1_49	-	lolD.aln	-	6.5e-49	164.9	0.1	7.9e-49	164.6	0.1	1.1	1	0	0	1	1	1	1	# 53540 # 54361 # -1 # ID=135_49;partial=00;start_type=ATG;rbs_motif=GGAG/GAGG;rbs_spacer=5-10bp;gc_cont=0.631
GCA_000795605.1_AZPAE14710_genomic	JTWW01000045.1_50	-	lolD.aln	-	1.5e-48	163.7	0.3	2e-48	163.3	0.3	1.1	1	0	0	1	1	1	1	# 41864 # 42973 # -1 # ID=88_50;partial=00;start_type=ATG;rbs_motif=GGA/GAG/AGG;rbs_spacer=5-10bp;gc_cont=0.654
GCA_000795605.1_AZPAE14710_genomic	JTWW01000005.1_28	-	lolD.aln	-	2.4e-48	163.1	0.1	2.7e-48	162.9	0.1	1.0	1	0	0	1	1	1	1	# 25733 # 26467 # 1 # ID=93_28;partial=00;start_type=ATG;rbs_motif=GGA/GAG/AGG;rbs_spacer=5-10bp;gc_cont=0.639
GCA_000795605.1_AZPAE14710_genomic	JTWW01000064.1_17	-	lolD.aln	-	2.4e-48	163.0	0.0	3.4e-48	162.6	0.0	1.1	1	0	0	1	1	1	1	# 16566 # 17555 # -1 # ID=109_17;partial=00;start_type=ATG;rbs_motif=GGAG/GAGG;rbs_spacer=5-10bp;gc_cont=0.664
GCA_000795605.1_AZPAE14710_genomic	JTWW01000055.1_11	-	lolD.aln	-	2.4e-48	163.0	0.2	3.6e-27	93.8	0.0	2.2	2	0	0	2	2	2	2	# 14135 # 15667 # 1 # ID=99_11;partial=00;start_type=ATG;rbs_motif=GGAG/GAGG;rbs_spacer=5-10bp;gc_cont=0.706
GCA_000795605.1_AZPAE14710_genomic	JTWW01000058.1_103	-	lolD.aln	-	4.2e-48	162.2	0.1	5.8e-48	161.8	0.1	1.1	1	0	0	1	1	1	1	# 102618 # 103385 # 1 # ID=102_103;partial=00;start_type=ATG;rbs_motif=GGAG/GAGG;rbs_spacer=5-10bp;gc_cont=0.664
GCA_000795605.1_AZPAE14710_genomic	JTWW01000007.1_82	-	lolD.aln	-	2e-47	160.0	0.0	2.6e-47	159.7	0.0	1.1	1	0	0	1	1	1	1	# 94481 # 95572 # 1 # ID=115_82;partial=00;start_type=GTG;rbs_motif=None;rbs_spacer=None;gc_cont=0.680
GCA_000795605.1_AZPAE14710_genomic	JTWW01000031.1_42	-	lolD.aln	-	4.1e-47	159.0	0.0	5.4e-47	158.6	0.0	1.0	1	0	0	1	1	1	1	# 38704 # 39408 # 1 # ID=73_42;partial=00;start_type=ATG;rbs_motif=None;rbs_spacer=None;gc_cont=0.701
GCA_000795605.1_AZPAE14710_genomic	JTWW01000005.1_112	-	lolD.aln	-	7e-46	155.0	0.3	7.6e-46	154.8	0.3	1.0	1	0	0	1	1	1	1	# 114790 # 115512 # 1 # ID=93_112;partial=00;start_type=ATG;rbs_motif=GGAG/GAGG;rbs_spacer=5-10bp;gc_cont=0.665
GCA_000795605.1_AZPAE14710_genomic	JTWW01000009.1_27	-	lolD.aln	-	1.3e-45	154.1	0.5	1.6e-45	153.8	0.5	1.1	1	0	0	1	1	1	1	# 33596 # 34567 # 1 # ID=137_27;partial=00;start_type=ATG;rbs_motif=GGAG/GAGG;rbs_spacer=5-10bp;gc_cont=0.678
GCA_000795605.1_AZPAE14710_genomic	JTWW01000014.1_91	-	lolD.aln	-	3.2e-45	152.8	0.2	4.3e-45	152.4	0.2	1.1	1	0	0	1	1	1	1	# 87848 # 89002 # -1 # ID=46_91;partial=00;start_type=ATG;rbs_motif=GGAG/GAGG;rbs_spacer=5-10bp;gc_cont=0.647
GCA_000795605.1_AZPAE14710_genomic	JTWW01000087.1_5	-	lolD.aln	-	5.6e-44	148.7	0.1	1.9e-43	147.0	0.1	1.6	1	1	0	1	1	1	1	# 5092 # 5883 # -1 # ID=134_5;partial=00;start_type=ATG;rbs_motif=GGAGG;rbs_spacer=5-10bp;gc_cont=0.702
GCA_000795605.1_AZPAE14710_genomic	JTWW01000003.1_42	-	lolD.aln	-	6.7e-44	148.5	0.1	8.4e-44	148.2	0.1	1.1	1	0	0	1	1	1	1	# 47961 # 48791 # 1 # ID=71_42;partial=00;start_type=ATG;rbs_motif=GGA/GAG/AGG;rbs_spacer=5-10bp;gc_cont=0.649
GCA_000795605.1_AZPAE14710_genomic	JTWW01000077.1_32	-	lolD.aln	-	1.4e-43	147.5	0.2	1.8e-43	147.1	0.2	1.1	1	0	0	1	1	1	1	# 29953 # 30789 # 1 # ID=123_32;partial=00;start_type=ATG;rbs_motif=GGAGG;rbs_spacer=5-10bp;gc_cont=0.688
GCA_000795605.1_AZPAE14710_genomic	JTWW01000072.1_29	-	lolD.aln	-	5.1e-43	145.6	0.2	2.5e-42	143.4	0.2	1.8	1	1	0	1	1	1	1	# 25166 # 25990 # -1 # ID=118_29;partial=00;start_type=ATG;rbs_motif=GGAGG;rbs_spacer=5-10bp;gc_cont=0.732
GCA_000795605.1_AZPAE14710_genomic	JTWW01000035.1_34	-	lolD.aln	-	9.4e-43	144.7	0.3	1.2e-42	144.4	0.3	1.1	1	0	0	1	1	1	1	# 30275 # 31435 # 1 # ID=77_34;partial=00;start_type=ATG;rbs_motif=AGGA/GGAG/GAGG;rbs_spacer=11-12bp;gc_cont=0.671
GCA_000795605.1_AZPAE14710_genomic	JTWW01000074.1_62	-	lolD.aln	-	3.8e-42	142.7	0.0	5.4e-42	142.2	0.0	1.2	1	0	0	1	1	1	1	# 57809 # 58804 # 1 # ID=120_62;partial=00;start_type=ATG;rbs_motif=GGA/GAG/AGG;rbs_spacer=5-10bp;gc_cont=0.675
GCA_000795605.1_AZPAE14710_genomic	JTWW01000027.1_12	-	lolD.aln	-	2.5e-41	140.1	0.0	5.9e-41	138.8	0.0	1.5	1	1	0	1	1	1	1	# 12671 # 13510 # -1 # ID=68_12;partial=00;start_type=ATG;rbs_motif=GGAG/GAGG;rbs_spacer=5-10bp;gc_cont=0.700
GCA_000795605.1_AZPAE14710_genomic	JTWW01000009.1_26	-	lolD.aln	-	1.2e-40	137.9	0.4	1.4e-40	137.6	0.4	1.1	1	0	0	1	1	1	1	# 32622 # 33596 # 1 # ID=137_26;partial=00;start_type=ATG;rbs_motif=AGGAG;rbs_spacer=5-10bp;gc_cont=0.695
GCA_000795605.1_AZPAE14710_genomic	JTWW01000011.1_6	-	lolD.aln	-	4.2e-40	136.1	0.3	2.2e-27	94.5	0.0	2.5	2	1	0	2	2	2	2	# 5582 # 7153 # -1 # ID=13_6;partial=00;start_type=ATG;rbs_motif=None;rbs_spacer=None;gc_cont=0.723
GCA_000795605.1_AZPAE14710_genomic	JTWW01000035.1_8	-	lolD.aln	-	1.3e-39	134.5	0.0	1.6e-39	134.1	0.0	1.0	1	0	0	1	1	1	1	# 6352 # 7146 # -1 # ID=77_8;partial=00;start_type=GTG;rbs_motif=GGAG/GAGG;rbs_spacer=5-10bp;gc_cont=0.708
GCA_000795605.1_AZPAE14710_genomic	JTWW01000014.1_65	-	lolD.aln	-	2.9e-39	133.3	0.0	4.1e-39	132.8	0.0	1.2	1	0	0	1	1	1	1	# 62959 # 64008 # 1 # ID=46_65;partial=00;start_type=ATG;rbs_motif=GGA/GAG/AGG;rbs_spacer=5-10bp;gc_cont=0.681
GCA_000795605.1_AZPAE14710_genomic	JTWW01000095.1_11	-	lolD.aln	-	4.3e-39	132.8	0.1	5.6e-39	132.4	0.1	1.1	1	0	0	1	1	1	1	# 10173 # 11285 # 1 # ID=143_11;partial=00;start_type=ATG;rbs_motif=GGAGG;rbs_spacer=5-10bp;gc_cont=0.695
GCA_000795605.1_AZPAE14710_genomic	JTWW01000011.1_70	-	lolD.aln	-	1.4e-38	131.1	0.0	1.8e-38	130.7	0.0	1.1	1	0	0	1	1	1	1	# 74915 # 75634 # 1 # ID=13_70;partial=00;start_type=ATG;rbs_motif=None;rbs_spacer=None;gc_cont=0.747
GCA_000795605.1_AZPAE14710_genomic	JTWW01000021.1_149	-	lolD.aln	-	5e-38	129.3	0.0	6.2e-38	129.0	0.0	1.0	1	0	0	1	1	1	1	# 148834 # 149643 # -1 # ID=62_149;partial=00;start_type=ATG;rbs_motif=AGGAG;rbs_spacer=5-10bp;gc_cont=0.647
GCA_000795605.1_AZPAE14710_genomic	JTWW01000041.1_56	-	lolD.aln	-	5.9e-38	129.1	4.5	4.7e-21	73.8	0.1	3.8	2	2	0	2	2	2	2	# 68246 # 70168 # 1 # ID=84_56;partial=00;start_type=ATG;rbs_motif=GGAGG;rbs_spacer=5-10bp;gc_cont=0.664
GCA_000795605.1_AZPAE14710_genomic	JTWW01000077.1_41	-	lolD.aln	-	6.3e-38	129.0	0.0	7.1e-38	128.8	0.0	1.0	1	0	0	1	1	1	1	# 37391 # 38107 # 1 # ID=123_41;partial=00;start_type=ATG;rbs_motif=GGAG/GAGG;rbs_spacer=5-10bp;gc_cont=0.693
GCA_000795605.1_AZPAE14710_genomic	JTWW01000019.1_145	-	lolD.aln	-	6.8e-38	128.9	0.0	9.2e-38	128.4	0.0	1.2	1	0	0	1	1	1	1	# 149845 # 151008 # 1 # ID=59_145;partial=00;start_type=ATG;rbs_motif=AGGAG;rbs_spacer=5-10bp;gc_cont=0.666
GCA_000795605.1_AZPAE14710_genomic	JTWW01000095.1_3	-	lolD.aln	-	3.2e-37	126.7	0.2	3.2e-36	123.4	0.2	1.9	1	1	0	1	1	1	1	# 2169 # 3005 # -1 # ID=143_3;partial=00;start_type=ATG;rbs_motif=GGAG/GAGG;rbs_spacer=5-10bp;gc_cont=0.716
GCA_000795605.1_AZPAE14710_genomic	JTWW01000009.1_116	-	lolD.aln	-	3.6e-37	126.5	1.6	2e-10	39.0	0.0	4.2	4	0	0	4	4	4	4	# 135809 # 137473 # -1 # ID=137_116;partial=00;start_type=TTG;rbs_motif=GGAG/GAGG;rbs_spacer=5-10bp;gc_cont=0.658
GCA_000795605.1_AZPAE14710_genomic	JTWW01000067.1_41	-	lolD.aln	-	8.9e-37	125.2	0.1	1.2e-36	124.7	0.1	1.1	1	0	0	1	1	1	1	# 39844 # 41022 # 1 # ID=112_41;partial=00;start_type=ATG;rbs_motif=GGA/GAG/AGG;rbs_spacer=5-10bp;gc_cont=0.655
GCA_000795605.1_AZPAE14710_genomic	JTWW01000059.1_16	-	lolD.aln	-	1.6e-36	124.3	0.0	7.8e-36	122.1	0.0	1.8	1	1	0	1	1	1	1	# 21465 # 22313 # -1 # ID=103_16;partial=00;start_type=ATG;rbs_motif=GGA/GAG/AGG;rbs_spacer=5-10bp;gc_cont=0.702
GCA_000795605.1_AZPAE14710_genomic	JTWW01000077.1_40	-	lolD.aln	-	2.1e-36	124.0	0.0	2.6e-36	123.7	0.0	1.0	1	0	0	1	1	1	1	# 36526 # 37341 # 1 # ID=123_40;partial=00;start_type=ATG;rbs_motif=GGAGG;rbs_spacer=5-10bp;gc_cont=0.705
GCA_000795605.1_AZPAE14710_genomic	JTWW01000024.1_42	-	lolD.aln	-	4.9e-36	122.8	0.0	7.3e-36	122.2	0.0	1.2	1	0	0	1	1	1	1	# 47961 # 49046 # 1 # ID=65_42;partial=00;start_type=ATG;rbs_motif=None;rbs_spacer=None;gc_cont=0.691
GCA_000795605.1_AZPAE14710_genomic	JTWW01000055.1_28	-	lolD.aln	-	6.8e-36	122.3	0.0	1.8e-08	32.6	0.0	4.2	4	0	0	4	4	4	4	# 29256 # 30821 # -1 # ID=99_28;partial=00;start_type=ATG;rbs_motif=None;rbs_spacer=None;gc_cont=0.651
GCA_000795605.1_AZPAE14710_genomic	JTWW01000007.1_12	-	lolD.aln	-	2.7e-35	120.3	0.0	3.6e-35	119.9	0.0	1.1	1	0	0	1	1	1	1	# 12987 # 14069 # 1 # ID=115_12;partial=00;start_type=ATG;rbs_motif=None;rbs_spacer=None;gc_cont=0.673
GCA_000795605.1_AZPAE14710_genomic	JTWW01000033.1_16	-	lolD.aln	-	2.2e-33	114.1	1.9	1.7e-14	52.3	0.0	4.1	2	2	1	3	3	3	3	# 16826 # 18742 # 1 # ID=75_16;partial=00;start_type=ATG;rbs_motif=None;rbs_spacer=None;gc_cont=0.664
GCA_000795605.1_AZPAE14710_genomic	JTWW01000072.1_34	-	lolD.aln	-	2.7e-32	110.5	0.0	4.8e-32	109.7	0.0	1.3	1	0	0	1	1	1	1	# 29859 # 30608 # -1 # ID=118_34;partial=00;start_type=ATG;rbs_motif=GGAGG;rbs_spacer=5-10bp;gc_cont=0.699
GCA_000795605.1_AZPAE14710_genomic	JTWW01000048.1_63	-	lolD.aln	-	8.1e-32	109.0	0.1	1.1e-31	108.6	0.1	1.1	1	0	0	1	1	1	1	# 61031 # 61732 # -1 # ID=91_63;partial=00;start_type=ATG;rbs_motif=GGA/GAG/AGG;rbs_spacer=5-10bp;gc_cont=0.645
GCA_000795605.1_AZPAE14710_genomic	JTWW01000054.1_143	-	lolD.aln	-	1.5e-31	108.1	0.0	3.3e-31	107.0	0.0	1.6	1	1	0	1	1	1	1	# 138489 # 139421 # 1 # ID=98_143;partial=00;start_type=ATG;rbs_motif=GGA/GAG/AGG;rbs_spacer=5-10bp;gc_cont=0.623
GCA_000795605.1_AZPAE14710_genomic	JTWW01000062.1_41	-	lolD.aln	-	6.7e-30	102.7	0.6	8.3e-09	33.7	0.0	4.3	4	0	0	4	4	4	4	# 43231 # 44871 # 1 # ID=107_41;partial=00;start_type=ATG;rbs_motif=GGAG/GAGG;rbs_spacer=5-10bp;gc_cont=0.703
GCA_000795605.1_AZPAE14710_genomic	JTWW01000010.1_117	-	lolD.aln	-	1.7e-29	101.4	1.1	3.8e-29	100.2	1.1	1.5	1	1	0	1	1	1	1	# 124682 # 125398 # -1 # ID=2_117;partial=00;start_type=ATG;rbs_motif=AGGAG;rbs_spacer=5-10bp;gc_cont=0.657
GCA_000795605.1_AZPAE14710_genomic	JTWW01000048.1_64	-	lolD.aln	-	3.9e-29	100.2	1.1	5.6e-28	96.4	1.1	2.0	1	1	0	1	1	1	1	# 61735 # 62502 # -1 # ID=91_64;partial=00;start_type=ATG;rbs_motif=GGAG/GAGG;rbs_spacer=5-10bp;gc_cont=0.656
GCA_000795605.1_AZPAE14710_genomic	JTWW01000077.1_9	-	lolD.aln	-	6.2e-29	99.5	0.0	9.6e-29	98.9	0.0	1.2	1	0	0	1	1	1	1	# 7198 # 8988 # 1 # ID=123_9;partial=00;start_type=ATG;rbs_motif=AGGA;rbs_spacer=5-10bp;gc_cont=0.725
GCA_000795605.1_AZPAE14710_genomic	JTWW01000080.1_15	-	lolD.aln	-	6.3e-29	99.5	0.1	1.2e-28	98.6	0.1	1.4	1	1	0	1	1	1	1	# 24535 # 26259 # 1 # ID=127_15;partial=00;start_type=ATG;rbs_motif=GGAGG;rbs_spacer=5-10bp;gc_cont=0.732
GCA_000795605.1_AZPAE14710_genomic	JTWW01000017.1_15	-	lolD.aln	-	2.2e-28	97.7	0.1	1.2e-27	95.3	0.1	1.9	1	1	0	1	1	1	1	# 21187 # 21990 # -1 # ID=57_15;partial=00;start_type=GTG;rbs_motif=None;rbs_spacer=None;gc_cont=0.739
GCA_000795605.1_AZPAE14710_genomic	JTWW01000021.1_155	-	lolD.aln	-	2.8e-28	97.4	0.1	3.2e-28	97.2	0.1	1.1	1	0	0	1	1	1	1	# 152670 # 153395 # 1 # ID=62_155;partial=00;start_type=ATG;rbs_motif=GGA/GAG/AGG;rbs_spacer=5-10bp;gc_cont=0.632
GCA_000795605.1_AZPAE14710_genomic	JTWW01000010.1_207	-	lolD.aln	-	5.6e-28	96.4	0.2	1e-27	95.5	0.2	1.4	1	0	0	1	1	1	1	# 232187 # 233998 # -1 # ID=2_207;partial=00;start_type=ATG;rbs_motif=None;rbs_spacer=None;gc_cont=0.633
GCA_000795605.1_AZPAE14710_genomic	JTWW01000080.1_14	-	lolD.aln	-	9.8e-28	95.6	0.3	1.6e-27	95.0	0.3	1.2	1	0	0	1	1	1	1	# 22826 # 24538 # 1 # ID=127_14;partial=00;start_type=GTG;rbs_motif=GGAG/GAGG;rbs_spacer=5-10bp;gc_cont=0.726
GCA_000795605.1_AZPAE14710_genomic	JTWW01000057.1_4	-	lolD.aln	-	3.3e-27	93.9	0.0	4.6e-27	93.4	0.0	1.1	1	0	0	1	1	1	1	# 5491 # 6324 # 1 # ID=101_4;partial=00;start_type=ATG;rbs_motif=GGAG/GAGG;rbs_spacer=5-10bp;gc_cont=0.632
GCA_000795605.1_AZPAE14710_genomic	JTWW01000058.1_89	-	lolD.aln	-	3.6e-27	93.8	0.0	1.6e-26	91.6	0.0	1.8	1	1	0	1	1	1	1	# 89773 # 90546 # 1 # ID=102_89;partial=00;start_type=ATG;rbs_motif=GGA/GAG/AGG;rbs_spacer=5-10bp;gc_cont=0.725
GCA_000795605.1_AZPAE14710_genomic	JTWW01000015.1_53	-	lolD.aln	-	5.7e-27	93.1	0.8	9.6e-18	62.9	0.1	2.1	2	0	0	2	2	2	2	# 55535 # 56344 # -1 # ID=55_53;partial=00;start_type=ATG;rbs_motif=AGGA;rbs_spacer=5-10bp;gc_cont=0.690
GCA_000795605.1_AZPAE14710_genomic	JTWW01000029.1_63	-	lolD.aln	-	8.4e-27	92.6	1.6	2.5e-26	91.0	1.6	1.7	1	1	0	1	1	1	1	# 66957 # 68747 # 1 # ID=70_63;partial=00;start_type=ATG;rbs_motif=GGA/GAG/AGG;rbs_spacer=11-12bp;gc_cont=0.674
GCA_000795605.1_AZPAE14710_genomic	JTWW01000031.1_121	-	lolD.aln	-	8.5e-27	92.5	0.0	2.3e-26	91.2	0.0	1.7	1	1	0	1	1	1	1	# 129410 # 131569 # 1 # ID=73_121;partial=00;start_type=ATG;rbs_motif=AGGA;rbs_spacer=5-10bp;gc_cont=0.678
GCA_000795605.1_AZPAE14710_genomic	JTWW01000074.1_16	-	lolD.aln	-	4.7e-26	90.1	2.4	1.8e-25	88.2	2.4	1.9	1	1	0	1	1	1	1	# 11048 # 12880 # 1 # ID=120_16;partial=00;start_type=ATG;rbs_motif=GGA/GAG/AGG;rbs_spacer=5-10bp;gc_cont=0.662
GCA_000795605.1_AZPAE14710_genomic	JTWW01000010.1_69	-	lolD.aln	-	5.6e-26	89.9	0.0	6.4e-26	89.7	0.0	1.0	1	0	0	1	1	1	1	# 77531 # 78229 # 1 # ID=2_69;partial=00;start_type=ATG;rbs_motif=GGA/GAG/AGG;rbs_spacer=5-10bp;gc_cont=0.684
GCA_000795605.1_AZPAE14710_genomic	JTWW01000024.1_25	-	lolD.aln	-	9.7e-26	89.1	0.3	2.4e-25	87.8	0.3	1.6	1	1	0	1	1	1	1	# 23633 # 25804 # -1 # ID=65_25;partial=00;start_type=ATG;rbs_motif=None;rbs_spacer=None;gc_cont=0.698
GCA_000795605.1_AZPAE14710_genomic	JTWW01000080.1_3	-	lolD.aln	-	1.5e-25	88.4	2.7	1.5e-08	32.9	0.0	4.2	4	0	0	4	4	4	4	# 1585 # 4422 # -1 # ID=127_3;partial=00;start_type=GTG;rbs_motif=GGAG/GAGG;rbs_spacer=5-10bp;gc_cont=0.658
GCA_000795605.1_AZPAE14710_genomic	JTWW01000077.1_22	-	lolD.aln	-	1.9e-25	88.1	0.6	2.4e-24	84.6	0.6	2.0	1	1	0	1	1	1	1	# 19825 # 20739 # -1 # ID=123_22;partial=00;start_type=ATG;rbs_motif=GGAG/GAGG;rbs_spacer=5-10bp;gc_cont=0.728
GCA_000795605.1_AZPAE14710_genomic	JTWW01000005.1_122	-	lolD.aln	-	2.5e-25	87.7	0.0	4.6e-25	86.9	0.0	1.4	1	0	0	1	1	1	1	# 127483 # 129264 # -1 # ID=93_122;partial=00;start_type=ATG;rbs_motif=GGA/GAG/AGG;rbs_spacer=5-10bp;gc_cont=0.709
GCA_000795605.1_AZPAE14710_genomic	JTWW01000019.1_91	-	lolD.aln	-	6.4e-25	86.4	0.3	1.3e-24	85.4	0.3	1.5	1	1	0	1	1	1	1	# 95729 # 96523 # 1 # ID=59_91;partial=00;start_type=ATG;rbs_motif=GGAG/GAGG;rbs_spacer=5-10bp;gc_cont=0.691
GCA_000795605.1_AZPAE14710_genomic	JTWW01000031.1_136	-	lolD.aln	-	1.1e-24	85.7	0.1	3.5e-24	84.0	0.1	1.6	1	1	0	1	1	1	1	# 148781 # 149578 # -1 # ID=73_136;partial=00;start_type=ATG;rbs_motif=AGGA;rbs_spacer=5-10bp;gc_cont=0.708
GCA_000795605.1_AZPAE14710_genomic	JTWW01000010.1_118	-	lolD.aln	-	1.5e-24	85.2	0.5	6.6e-15	53.7	0.0	2.3	2	1	0	2	2	2	2	# 125395 # 126267 # -1 # ID=2_118;partial=00;start_type=ATG;rbs_motif=GGA/GAG/AGG;rbs_spacer=5-10bp;gc_cont=0.648
GCA_000795605.1_AZPAE14710_genomic	JTWW01000070.1_9	-	lolD.aln	-	1.8e-24	84.9	0.0	5.7e-24	83.3	0.0	1.6	1	1	0	1	1	1	1	# 8777 # 9544 # -1 # ID=116_9;partial=00;start_type=ATG;rbs_motif=GGxGG;rbs_spacer=5-10bp;gc_cont=0.707
GCA_000795605.1_AZPAE14710_genomic	JTWW01000031.1_16	-	lolD.aln	-	2e-24	84.8	0.0	3.7e-24	83.9	0.0	1.5	1	1	0	1	1	1	1	# 16273 # 17199 # 1 # ID=73_16;partial=00;start_type=ATG;rbs_motif=None;rbs_spacer=None;gc_cont=0.644
GCA_000795605.1_AZPAE14710_genomic	JTWW01000048.1_114	-	lolD.aln	-	1.2e-23	82.2	0.1	4.7e-23	80.3	0.1	1.9	1	1	0	1	1	1	1	# 112341 # 114107 # 1 # ID=91_114;partial=00;start_type=ATG;rbs_motif=GGA/GAG/AGG;rbs_spacer=5-10bp;gc_cont=0.681
GCA_000795605.1_AZPAE14710_genomic	JTWW01000052.1_38	-	lolD.aln	-	1.6e-21	75.3	0.0	4.8e-21	73.7	0.0	1.7	1	1	0	1	1	1	1	# 38899 # 39600 # -1 # ID=96_38;partial=00;start_type=ATG;rbs_motif=None;rbs_spacer=None;gc_cont=0.714
GCA_000795605.1_AZPAE14710_genomic	JTWW01000030.1_7	-	lolD.aln	-	9.9e-21	72.7	0.4	1.2e-14	52.8	0.0	2.1	2	0	0	2	2	2	2	# 5603 # 6358 # 1 # ID=72_7;partial=00;start_type=ATG;rbs_motif=AGGAG;rbs_spacer=5-10bp;gc_cont=0.730
GCA_000795605.1_AZPAE14710_genomic	JTWW01000073.1_46	-	lolD.aln	-	4.7e-20	70.5	0.2	2.9e-18	64.6	0.2	2.2	1	1	0	1	1	1	1	# 47104 # 48369 # 1 # ID=119_46;partial=00;start_type=ATG;rbs_motif=GGA/GAG/AGG;rbs_spacer=5-10bp;gc_cont=0.663
GCA_000795605.1_AZPAE14710_genomic	JTWW01000007.1_147	-	lolD.aln	-	8.3e-20	69.7	0.1	1.8e-19	68.6	0.1	1.6	1	1	0	1	1	1	1	# 164477 # 165400 # -1 # ID=115_147;partial=00;start_type=ATG;rbs_motif=GGA/GAG/AGG;rbs_spacer=5-10bp;gc_cont=0.693
GCA_000795605.1_AZPAE14710_genomic	JTWW01000010.1_68	-	lolD.aln	-	9.7e-20	69.5	0.2	1.5e-19	68.9	0.2	1.2	1	0	0	1	1	1	1	# 76537 # 77394 # 1 # ID=2_68;partial=00;start_type=ATG;rbs_motif=AGGAG;rbs_spacer=5-10bp;gc_cont=0.674
GCA_000795605.1_AZPAE14710_genomic	JTWW01000018.1_46	-	lolD.aln	-	1.3e-18	65.7	0.0	2.8e-09	35.3	0.0	2.2	1	1	1	2	2	2	2	# 53742 # 55394 # 1 # ID=58_46;partial=00;start_type=ATG;rbs_motif=GGAG/GAGG;rbs_spacer=5-10bp;gc_cont=0.645
GCA_000795605.1_AZPAE14710_genomic	JTWW01000070.1_65	-	lolD.aln	-	0.00014	19.9	0.3	0.054	11.4	0.1	2.5	2	0	0	2	2	2	1	# 72803 # 74479 # 1 # ID=116_65;partial=00;start_type=ATG;rbs_motif=GGAG/GAGG;rbs_spacer=5-10bp;gc_cont=0.670
GCA_000795605.1_AZPAE14710_genomic	JTWW01000001.1_6	-	lolD.aln	-	0.0014	16.6	0.0	0.0024	15.8	0.0	1.4	1	0	0	1	1	1	1	# 4008 # 5156 # 1 # ID=1_6;partial=00;start_type=ATG;rbs_motif=GGA/GAG/AGG;rbs_spacer=5-10bp;gc_cont=0.658
GCA_000795605.1_AZPAE14710_genomic	JTWW01000047.1_73	-	lolD.aln	-	0.029	12.3	0.0	2	6.3	0.0	2.1	2	0	0	2	2	2	0	# 73513 # 74676 # 1 # ID=90_73;partial=00;start_type=ATG;rbs_motif=GGA/GAG/AGG;rbs_spacer=5-10bp;gc_cont=0.716
GCA_000795605.1_AZPAE14710_genomic	JTWW01000055.1_2	-	lolD.aln	-	0.045	11.7	0.0	0.1	10.5	0.0	1.5	1	0	0	1	1	1	0	# 1557 # 3233 # -1 # ID=99_2;partial=00;start_type=ATG;rbs_motif=GGA/GAG/AGG;rbs_spacer=5-10bp;gc_cont=0.421
GCA_000797395.1_AZPAE13756_genomic	JTZQ01000028.1_178	-	lolD.aln	-	5.4e-110	364.8	0.1	6.2e-110	364.6	0.1	1.0	1	0	0	1	1	1	1	# 183475 # 184158 # -1 # ID=36_178;partial=00;start_type=ATG;rbs_motif=GGAGG;rbs_spacer=5-10bp;gc_cont=0.673
GCA_000797395.1_AZPAE13756_genomic	JTZQ01000014.1_237	-	lolD.aln	-	7.6e-81	269.5	3.2	2.7e-41	140.1	0.5	2.0	2	0	0	2	2	2	2	# 246560 # 248170 # -1 # ID=21_237;partial=00;start_type=ATG;rbs_motif=GGAG/GAGG;rbs_spacer=5-10bp;gc_cont=0.661
GCA_000797395.1_AZPAE13756_genomic	JTZQ01000010.1_34	-	lolD.aln	-	4.5e-80	266.9	0.0	5.3e-80	266.7	0.0	1.0	1	0	0	1	1	1	1	# 40941 # 41654 # 1 # ID=2_34;partial=00;start_type=ATG;rbs_motif=None;rbs_spacer=None;gc_cont=0.685
GCA_000797395.1_AZPAE13756_genomic	JTZQ01000028.1_45	-	lolD.aln	-	2.3e-78	261.3	0.2	2.6e-78	261.2	0.2	1.0	1	0	0	1	1	1	1	# 47676 # 48359 # 1 # ID=36_45;partial=00;start_type=ATG;rbs_motif=GGA/GAG/AGG;rbs_spacer=5-10bp;gc_cont=0.693
GCA_000797395.1_AZPAE13756_genomic	JTZQ01000022.1_2	-	lolD.aln	-	7.5e-76	253.1	1.9	9e-39	131.9	0.2	2.2	2	0	0	2	2	2	2	# 828 # 2564 # -1 # ID=30_2;partial=00;start_type=GTG;rbs_motif=GGA/GAG/AGG;rbs_spacer=5-10bp;gc_cont=0.704
GCA_000797395.1_AZPAE13756_genomic	JTZQ01000012.1_165	-	lolD.aln	-	9.3e-76	252.8	3.3	1.4e-37	127.9	1.2	2.2	2	0	0	2	2	2	2	# 179720 # 181330 # -1 # ID=19_165;partial=00;start_type=ATG;rbs_motif=GGAG/GAGG;rbs_spacer=5-10bp;gc_cont=0.705
GCA_000797395.1_AZPAE13756_genomic	JTZQ01000033.1_10	-	lolD.aln	-	2.4e-71	238.4	0.0	4.2e-71	237.6	0.0	1.4	1	0	0	1	1	1	1	# 18595 # 20586 # -1 # ID=42_10;partial=00;start_type=ATG;rbs_motif=None;rbs_spacer=None;gc_cont=0.690
GCA_000797395.1_AZPAE13756_genomic	JTZQ01000001.1_536	-	lolD.aln	-	3.7e-57	192.0	0.0	2.2e-30	104.4	0.0	2.2	2	0	0	2	2	2	2	# 603320 # 606070 # -1 # ID=1_536;partial=00;start_type=ATG;rbs_motif=GGA/GAG/AGG;rbs_spacer=5-10bp;gc_cont=0.675
GCA_000797395.1_AZPAE13756_genomic	JTZQ01000008.1_84	-	lolD.aln	-	1.2e-55	187.0	0.1	1.4e-55	186.8	0.1	1.0	1	0	0	1	1	1	1	# 85392 # 86063 # 1 # ID=93_84;partial=00;start_type=ATG;rbs_motif=GGAG/GAGG;rbs_spacer=5-10bp;gc_cont=0.667
GCA_000797395.1_AZPAE13756_genomic	JTZQ01000024.1_47	-	lolD.aln	-	4.5e-55	185.2	0.1	5.9e-55	184.8	0.1	1.1	1	0	0	1	1	1	1	# 48477 # 49484 # -1 # ID=32_47;partial=00;start_type=GTG;rbs_motif=GGA/GAG/AGG;rbs_spacer=5-10bp;gc_cont=0.670
GCA_000797395.1_AZPAE13756_genomic	JTZQ01000001.1_376	-	lolD.aln	-	1.4e-52	177.0	0.1	1.6e-52	176.8	0.1	1.0	1	0	0	1	1	1	1	# 427871 # 428605 # -1 # ID=1_376;partial=00;start_type=GTG;rbs_motif=GGAGG;rbs_spacer=5-10bp;gc_cont=0.663
GCA_000797395.1_AZPAE13756_genomic	JTZQ01000033.1_51	-	lolD.aln	-	1.6e-52	176.9	0.0	2.1e-52	176.4	0.0	1.1	1	0	0	1	1	1	1	# 66892 # 67992 # -1 # ID=42_51;partial=00;start_type=ATG;rbs_motif=GGAG/GAGG;rbs_spacer=5-10bp;gc_cont=0.712
GCA_000797395.1_AZPAE13756_genomic	JTZQ01000011.1_66	-	lolD.aln	-	2.8e-52	176.0	0.8	4e-52	175.5	0.8	1.2	1	0	0	1	1	1	1	# 69814 # 70578 # 1 # ID=13_66;partial=00;start_type=ATG;rbs_motif=GGA/GAG/AGG;rbs_spacer=5-10bp;gc_cont=0.654
GCA_000797395.1_AZPAE13756_genomic	JTZQ01000001.1_455	-	lolD.aln	-	8.5e-51	171.2	0.2	1.2e-50	170.8	0.2	1.2	1	0	0	1	1	1	1	# 516769 # 517542 # 1 # ID=1_455;partial=00;start_type=ATG;rbs_motif=GGAG/GAGG;rbs_spacer=5-10bp;gc_cont=0.634
GCA_000797395.1_AZPAE13756_genomic	JTZQ01000008.1_318	-	lolD.aln	-	1.7e-48	163.7	0.3	2.2e-48	163.3	0.3	1.1	1	0	0	1	1	1	1	# 334352 # 335461 # 1 # ID=93_318;partial=00;start_type=ATG;rbs_motif=GGA/GAG/AGG;rbs_spacer=5-10bp;gc_cont=0.655
GCA_000797395.1_AZPAE13756_genomic	JTZQ01000022.1_80	-	lolD.aln	-	2.2e-48	163.3	0.1	3e-48	162.9	0.1	1.1	1	0	0	1	1	1	1	# 84518 # 85507 # -1 # ID=30_80;partial=00;start_type=ATG;rbs_motif=GGAG/GAGG;rbs_spacer=5-10bp;gc_cont=0.659
GCA_000797395.1_AZPAE13756_genomic	JTZQ01000023.1_32	-	lolD.aln	-	2.6e-48	163.1	0.1	3e-48	162.9	0.1	1.0	1	0	0	1	1	1	1	# 29057 # 29791 # 1 # ID=31_32;partial=00;start_type=ATG;rbs_motif=GGA/GAG/AGG;rbs_spacer=5-10bp;gc_cont=0.637
GCA_000797395.1_AZPAE13756_genomic	JTZQ01000027.1_18	-	lolD.aln	-	2.7e-48	163.0	0.2	3.9e-27	93.8	0.0	2.2	2	0	0	2	2	2	2	# 15183 # 16715 # -1 # ID=35_18;partial=00;start_type=ATG;rbs_motif=GGAG/GAGG;rbs_spacer=5-10bp;gc_cont=0.702
GCA_000797395.1_AZPAE13756_genomic	JTZQ01000058.1_20	-	lolD.aln	-	3.6e-48	162.6	0.0	4.4e-48	162.3	0.0	1.0	1	0	0	1	1	1	1	# 24224 # 24967 # 1 # ID=69_20;partial=00;start_type=ATG;rbs_motif=AGGAGG;rbs_spacer=3-4bp;gc_cont=0.683
GCA_000797395.1_AZPAE13756_genomic	JTZQ01000028.1_115	-	lolD.aln	-	4.7e-48	162.2	0.1	6.4e-48	161.8	0.1	1.1	1	0	0	1	1	1	1	# 119287 # 120054 # 1 # ID=36_115;partial=00;start_type=ATG;rbs_motif=GGAG/GAGG;rbs_spacer=5-10bp;gc_cont=0.663
GCA_000797395.1_AZPAE13756_genomic	JTZQ01000009.1_154	-	lolD.aln	-	3.3e-47	159.5	0.0	4.1e-47	159.1	0.0	1.1	1	0	0	1	1	1	1	# 173106 # 174197 # 1 # ID=103_154;partial=00;start_type=GTG;rbs_motif=None;rbs_spacer=None;gc_cont=0.681
GCA_000797395.1_AZPAE13756_genomic	JTZQ01000017.1_41	-	lolD.aln	-	4.5e-47	159.0	0.0	6e-47	158.6	0.0	1.0	1	0	0	1	1	1	1	# 38013 # 38717 # 1 # ID=24_41;partial=00;start_type=ATG;rbs_motif=None;rbs_spacer=None;gc_cont=0.701
GCA_000797395.1_AZPAE13756_genomic	JTZQ01000013.1_214	-	lolD.aln	-	6.1e-46	155.3	0.3	6.7e-46	155.2	0.3	1.0	1	0	0	1	1	1	1	# 201596 # 202318 # 1 # ID=20_214;partial=00;start_type=ATG;rbs_motif=GGAG/GAGG;rbs_spacer=5-10bp;gc_cont=0.668
GCA_000797395.1_AZPAE13756_genomic	JTZQ01000006.1_270	-	lolD.aln	-	1.4e-45	154.1	0.5	1.8e-45	153.8	0.5	1.1	1	0	0	1	1	1	1	# 281055 # 282026 # 1 # ID=71_270;partial=00;start_type=ATG;rbs_motif=GGAG/GAGG;rbs_spacer=5-10bp;gc_cont=0.679
GCA_000797395.1_AZPAE13756_genomic	JTZQ01000008.1_7	-	lolD.aln	-	3.5e-45	152.8	0.2	4.7e-45	152.4	0.2	1.1	1	0	0	1	1	1	1	# 6820 # 7974 # 1 # ID=93_7;partial=00;start_type=ATG;rbs_motif=GGAG/GAGG;rbs_spacer=5-10bp;gc_cont=0.646
GCA_000797395.1_AZPAE13756_genomic	JTZQ01000002.1_206	-	lolD.aln	-	3e-44	149.7	0.1	1e-43	148.0	0.1	1.6	1	1	0	1	1	1	1	# 227936 # 228727 # -1 # ID=27_206;partial=00;start_type=ATG;rbs_motif=GGAGG;rbs_spacer=5-10bp;gc_cont=0.697
GCA_000797395.1_AZPAE13756_genomic	JTZQ01000001.1_395	-	lolD.aln	-	8.8e-44	148.2	0.1	1.1e-43	147.9	0.1	1.1	1	0	0	1	1	1	1	# 451946 # 452776 # -1 # ID=1_395;partial=00;start_type=ATG;rbs_motif=GGA/GAG/AGG;rbs_spacer=5-10bp;gc_cont=0.645
GCA_000797395.1_AZPAE13756_genomic	JTZQ01000004.1_52	-	lolD.aln	-	1.3e-43	147.7	0.2	1.7e-43	147.3	0.2	1.1	1	0	0	1	1	1	1	# 51042 # 51878 # 1 # ID=49_52;partial=00;start_type=ATG;rbs_motif=GGAGG;rbs_spacer=5-10bp;gc_cont=0.688
GCA_000797395.1_AZPAE13756_genomic	JTZQ01000009.1_9	-	lolD.aln	-	3.4e-43	146.3	0.2	1.7e-42	144.1	0.2	1.8	1	1	0	1	1	1	1	# 4490 # 5314 # -1 # ID=103_9;partial=00;start_type=ATG;rbs_motif=GGAGG;rbs_spacer=5-10bp;gc_cont=0.722
GCA_000797395.1_AZPAE13756_genomic	JTZQ01000068.1_45	-	lolD.aln	-	1.9e-42	143.9	0.2	2.4e-42	143.5	0.2	1.1	1	0	0	1	1	1	1	# 40309 # 41469 # 1 # ID=80_45;partial=00;start_type=ATG;rbs_motif=AGGA/GGAG/GAGG;rbs_spacer=11-12bp;gc_cont=0.671
GCA_000797395.1_AZPAE13756_genomic	JTZQ01000004.1_186	-	lolD.aln	-	4.3e-42	142.7	0.0	6e-42	142.2	0.0	1.2	1	0	0	1	1	1	1	# 200844 # 201839 # -1 # ID=49_186;partial=00;start_type=ATG;rbs_motif=GGA/GAG/AGG;rbs_spacer=5-10bp;gc_cont=0.676
GCA_000797395.1_AZPAE13756_genomic	JTZQ01000005.1_33	-	lolD.aln	-	1e-41	141.5	0.0	2.2e-41	140.4	0.0	1.4	1	1	0	1	1	1	1	# 41610 # 42464 # 1 # ID=60_33;partial=00;start_type=ATG;rbs_motif=GGAGG;rbs_spacer=5-10bp;gc_cont=0.711
GCA_000797395.1_AZPAE13756_genomic	JTZQ01000021.1_143	-	lolD.aln	-	2.7e-41	140.1	0.0	6.5e-41	138.8	0.0	1.5	1	1	0	1	1	1	1	# 152878 # 153717 # -1 # ID=29_143;partial=00;start_type=ATG;rbs_motif=GGAG/GAGG;rbs_spacer=5-10bp;gc_cont=0.698
GCA_000797395.1_AZPAE13756_genomic	JTZQ01000006.1_269	-	lolD.aln	-	1.3e-40	137.9	0.4	1.5e-40	137.6	0.4	1.1	1	0	0	1	1	1	1	# 280081 # 281055 # 1 # ID=71_269;partial=00;start_type=ATG;rbs_motif=AGGAG;rbs_spacer=5-10bp;gc_cont=0.693
GCA_000797395.1_AZPAE13756_genomic	JTZQ01000021.1_96	-	lolD.aln	-	2e-40	137.3	0.2	1.3e-27	95.3	0.0	2.5	2	1	0	2	2	2	2	# 97705 # 99276 # 1 # ID=29_96;partial=00;start_type=ATG;rbs_motif=None;rbs_spacer=None;gc_cont=0.719
GCA_000797395.1_AZPAE13756_genomic	JTZQ01000068.1_19	-	lolD.aln	-	1.4e-39	134.5	0.0	1.8e-39	134.1	0.0	1.0	1	0	0	1	1	1	1	# 16388 # 17182 # -1 # ID=80_19;partial=00;start_type=GTG;rbs_motif=GGAG/GAGG;rbs_spacer=5-10bp;gc_cont=0.707
GCA_000797395.1_AZPAE13756_genomic	JTZQ01000033.1_60	-	lolD.aln	-	4.7e-39	132.8	0.1	6.1e-39	132.4	0.1	1.1	1	0	0	1	1	1	1	# 78367 # 79479 # -1 # ID=42_60;partial=00;start_type=ATG;rbs_motif=GGAGG;rbs_spacer=5-10bp;gc_cont=0.691
GCA_000797395.1_AZPAE13756_genomic	JTZQ01000008.1_33	-	lolD.aln	-	6.7e-39	132.3	0.0	9.4e-39	131.8	0.0	1.2	1	0	0	1	1	1	1	# 31824 # 32873 # -1 # ID=93_33;partial=00;start_type=ATG;rbs_motif=GGA/GAG/AGG;rbs_spacer=5-10bp;gc_cont=0.679
GCA_000797395.1_AZPAE13756_genomic	JTZQ01000021.1_33	-	lolD.aln	-	1.6e-38	131.1	0.0	2e-38	130.7	0.0	1.1	1	0	0	1	1	1	1	# 29838 # 30557 # -1 # ID=29_33;partial=00;start_type=ATG;rbs_motif=None;rbs_spacer=None;gc_cont=0.746
GCA_000797395.1_AZPAE13756_genomic	JTZQ01000004.1_61	-	lolD.aln	-	3.3e-38	130.0	0.0	3.7e-38	129.8	0.0	1.0	1	0	0	1	1	1	1	# 58480 # 59196 # 1 # ID=49_61;partial=00;start_type=ATG;rbs_motif=GGAG/GAGG;rbs_spacer=5-10bp;gc_cont=0.690
GCA_000797395.1_AZPAE13756_genomic	JTZQ01000006.1_179	-	lolD.aln	-	5.5e-38	129.3	0.0	6.8e-38	129.0	0.0	1.0	1	0	0	1	1	1	1	# 194476 # 195285 # -1 # ID=71_179;partial=00;start_type=ATG;rbs_motif=AGGAG;rbs_spacer=5-10bp;gc_cont=0.647
GCA_000797395.1_AZPAE13756_genomic	JTZQ01000028.1_211	-	lolD.aln	-	6.7e-38	129.0	4.8	5.1e-21	73.8	0.1	3.8	2	2	1	3	3	3	3	# 218163 # 220085 # -1 # ID=36_211;partial=00;start_type=ATG;rbs_motif=GGAGG;rbs_spacer=5-10bp;gc_cont=0.661
GCA_000797395.1_AZPAE13756_genomic	JTZQ01000002.1_159	-	lolD.aln	-	7.4e-38	128.9	0.0	1e-37	128.4	0.0	1.2	1	0	0	1	1	1	1	# 170129 # 171292 # 1 # ID=27_159;partial=00;start_type=ATG;rbs_motif=AGGAG;rbs_spacer=5-10bp;gc_cont=0.663
GCA_000797395.1_AZPAE13756_genomic	JTZQ01000002.1_235	-	lolD.aln	-	1.2e-37	128.2	0.2	1.6e-37	127.8	0.2	1.1	1	0	0	1	1	1	1	# 260405 # 261232 # 1 # ID=27_235;partial=00;start_type=ATG;rbs_motif=GGA/GAG/AGG;rbs_spacer=5-10bp;gc_cont=0.621
GCA_000797395.1_AZPAE13756_genomic	JTZQ01000033.1_72	-	lolD.aln	-	3.5e-37	126.7	0.2	3.5e-36	123.4	0.2	1.9	1	1	0	1	1	1	1	# 93087 # 93923 # 1 # ID=42_72;partial=00;start_type=ATG;rbs_motif=GGAG/GAGG;rbs_spacer=5-10bp;gc_cont=0.720
GCA_000797395.1_AZPAE13756_genomic	JTZQ01000010.1_33	-	lolD.aln	-	4e-37	126.5	1.6	2.2e-10	39.0	0.0	4.2	4	0	0	4	4	4	4	# 38797 # 40461 # 1 # ID=2_33;partial=00;start_type=TTG;rbs_motif=GGAG/GAGG;rbs_spacer=5-10bp;gc_cont=0.658
GCA_000797395.1_AZPAE13756_genomic	JTZQ01000018.1_7	-	lolD.aln	-	9.8e-37	125.2	0.1	1.4e-36	124.7	0.1	1.1	1	0	0	1	1	1	1	# 8165 # 9343 # -1 # ID=25_7;partial=00;start_type=ATG;rbs_motif=GGA/GAG/AGG;rbs_spacer=5-10bp;gc_cont=0.656
GCA_000797395.1_AZPAE13756_genomic	JTZQ01000005.1_19	-	lolD.aln	-	1.6e-36	124.5	0.0	7.6e-36	122.3	0.0	1.8	1	1	0	1	1	1	1	# 19161 # 20009 # 1 # ID=60_19;partial=00;start_type=ATG;rbs_motif=GGA/GAG/AGG;rbs_spacer=5-10bp;gc_cont=0.702
GCA_000797395.1_AZPAE13756_genomic	JTZQ01000004.1_60	-	lolD.aln	-	2.3e-36	124.0	0.0	2.9e-36	123.7	0.0	1.1	1	0	0	1	1	1	1	# 57615 # 58430 # 1 # ID=49_60;partial=00;start_type=ATG;rbs_motif=GGAGG;rbs_spacer=5-10bp;gc_cont=0.701
GCA_000797395.1_AZPAE13756_genomic	JTZQ01000019.1_47	-	lolD.aln	-	2.4e-36	123.9	0.1	3.1e-36	123.6	0.1	1.0	1	0	0	1	1	1	1	# 46620 # 47441 # -1 # ID=26_47;partial=00;start_type=GTG;rbs_motif=GGAG/GAGG;rbs_spacer=5-10bp;gc_cont=0.612
GCA_000797395.1_AZPAE13756_genomic	JTZQ01000014.1_294	-	lolD.aln	-	5.2e-36	122.8	0.0	7.6e-36	122.3	0.0	1.2	1	0	0	1	1	1	1	# 305141 # 306226 # -1 # ID=21_294;partial=00;start_type=ATG;rbs_motif=None;rbs_spacer=None;gc_cont=0.692
GCA_000797395.1_AZPAE13756_genomic	JTZQ01000027.1_1	-	lolD.aln	-	7.3e-36	122.3	0.0	2e-08	32.6	0.0	4.2	4	0	0	4	4	4	4	# 3 # 1583 # 1 # ID=35_1;partial=10;start_type=Edge;rbs_motif=None;rbs_spacer=None;gc_cont=0.645
GCA_000797395.1_AZPAE13756_genomic	JTZQ01000009.1_84	-	lolD.aln	-	3e-35	120.3	0.0	4e-35	119.9	0.0	1.1	1	0	0	1	1	1	1	# 92257 # 93339 # 1 # ID=103_84;partial=00;start_type=ATG;rbs_motif=None;rbs_spacer=None;gc_cont=0.675
GCA_000797395.1_AZPAE13756_genomic	JTZQ01000001.1_557	-	lolD.aln	-	2e-33	114.4	2.0	1.9e-14	52.3	0.0	4.1	2	2	1	3	3	3	3	# 628844 # 630760 # -1 # ID=1_557;partial=00;start_type=ATG;rbs_motif=None;rbs_spacer=None;gc_cont=0.665
GCA_000797395.1_AZPAE13756_genomic	JTZQ01000035.1_82	-	lolD.aln	-	8.9e-32	109.0	0.1	1.2e-31	108.6	0.1	1.1	1	0	0	1	1	1	1	# 84387 # 85088 # 1 # ID=44_82;partial=00;start_type=ATG;rbs_motif=GGA/GAG/AGG;rbs_spacer=5-10bp;gc_cont=0.641
GCA_000797395.1_AZPAE13756_genomic	JTZQ01000009.1_14	-	lolD.aln	-	1.3e-31	108.4	0.0	2.4e-31	107.6	0.0	1.3	1	0	0	1	1	1	1	# 9184 # 9933 # -1 # ID=103_14;partial=00;start_type=ATG;rbs_motif=GGAGG;rbs_spacer=5-10bp;gc_cont=0.699
GCA_000797395.1_AZPAE13756_genomic	JTZQ01000034.1_121	-	lolD.aln	-	1.6e-31	108.1	0.0	3.7e-31	107.0	0.0	1.6	1	1	0	1	1	1	1	# 97764 # 98696 # -1 # ID=43_121;partial=00;start_type=ATG;rbs_motif=GGA/GAG/AGG;rbs_spacer=5-10bp;gc_cont=0.623
GCA_000797395.1_AZPAE13756_genomic	JTZQ01000013.1_144	-	lolD.aln	-	4.7e-30	103.3	0.9	9.1e-09	33.7	0.0	4.4	4	0	0	4	4	4	4	# 126150 # 127790 # -1 # ID=20_144;partial=00;start_type=ATG;rbs_motif=GGAG/GAGG;rbs_spacer=5-10bp;gc_cont=0.710
GCA_000797395.1_AZPAE13756_genomic	JTZQ01000001.1_210	-	lolD.aln	-	1.8e-29	101.4	1.1	4.2e-29	100.2	1.1	1.5	1	1	0	1	1	1	1	# 224355 # 225071 # -1 # ID=1_210;partial=00;start_type=ATG;rbs_motif=AGGAG;rbs_spacer=5-10bp;gc_cont=0.657
GCA_000797395.1_AZPAE13756_genomic	JTZQ01000035.1_81	-	lolD.aln	-	4.3e-29	100.2	1.1	6.1e-28	96.4	1.1	2.0	1	1	0	1	1	1	1	# 83617 # 84384 # 1 # ID=44_81;partial=00;start_type=ATG;rbs_motif=GGAG/GAGG;rbs_spacer=5-10bp;gc_cont=0.655
GCA_000797395.1_AZPAE13756_genomic	JTZQ01000004.1_29	-	lolD.aln	-	1.6e-28	98.3	0.0	2.5e-28	97.7	0.0	1.2	1	0	0	1	1	1	1	# 28300 # 30090 # 1 # ID=49_29;partial=00;start_type=ATG;rbs_motif=AGGA;rbs_spacer=5-10bp;gc_cont=0.726
GCA_000797395.1_AZPAE13756_genomic	JTZQ01000029.1_44	-	lolD.aln	-	2.2e-28	97.8	0.0	4.3e-28	96.9	0.0	1.4	1	1	0	1	1	1	1	# 39997 # 41721 # 1 # ID=37_44;partial=00;start_type=ATG;rbs_motif=GGAGG;rbs_spacer=5-10bp;gc_cont=0.730
GCA_000797395.1_AZPAE13756_genomic	JTZQ01000006.1_185	-	lolD.aln	-	3.1e-28	97.4	0.1	3.5e-28	97.2	0.1	1.1	1	0	0	1	1	1	1	# 198313 # 199038 # 1 # ID=71_185;partial=00;start_type=ATG;rbs_motif=GGA/GAG/AGG;rbs_spacer=5-10bp;gc_cont=0.629
GCA_000797395.1_AZPAE13756_genomic	JTZQ01000004.1_122	-	lolD.aln	-	3.5e-28	97.2	0.0	1.4e-27	95.2	0.0	1.8	1	1	0	1	1	1	1	# 124395 # 125198 # -1 # ID=49_122;partial=00;start_type=GTG;rbs_motif=None;rbs_spacer=None;gc_cont=0.731
GCA_000797395.1_AZPAE13756_genomic	JTZQ01000029.1_43	-	lolD.aln	-	1.1e-27	95.6	0.2	1.8e-27	94.9	0.2	1.2	1	0	0	1	1	1	1	# 38288 # 40000 # 1 # ID=37_43;partial=00;start_type=GTG;rbs_motif=GGAG/GAGG;rbs_spacer=5-10bp;gc_cont=0.728
GCA_000797395.1_AZPAE13756_genomic	JTZQ01000001.1_299	-	lolD.aln	-	1.2e-27	95.5	0.2	2.2e-27	94.6	0.2	1.4	1	0	0	1	1	1	1	# 330129 # 331940 # -1 # ID=1_299;partial=00;start_type=ATG;rbs_motif=None;rbs_spacer=None;gc_cont=0.634
GCA_000797395.1_AZPAE13756_genomic	JTZQ01000038.1_4	-	lolD.aln	-	3.7e-27	93.9	0.0	5e-27	93.4	0.0	1.1	1	0	0	1	1	1	1	# 5505 # 6338 # 1 # ID=47_4;partial=00;start_type=ATG;rbs_motif=GGAG/GAGG;rbs_spacer=5-10bp;gc_cont=0.628
GCA_000797395.1_AZPAE13756_genomic	JTZQ01000028.1_101	-	lolD.aln	-	4e-27	93.8	0.0	1.8e-26	91.6	0.0	1.8	1	1	0	1	1	1	1	# 106445 # 107218 # 1 # ID=36_101;partial=00;start_type=ATG;rbs_motif=GGA/GAG/AGG;rbs_spacer=5-10bp;gc_cont=0.720
GCA_000797395.1_AZPAE13756_genomic	JTZQ01000001.1_163	-	lolD.aln	-	7.8e-27	92.8	0.0	8.9e-27	92.6	0.0	1.0	1	0	0	1	1	1	1	# 177975 # 178673 # 1 # ID=1_163;partial=00;start_type=ATG;rbs_motif=GGA/GAG/AGG;rbs_spacer=5-10bp;gc_cont=0.685
GCA_000797395.1_AZPAE13756_genomic	JTZQ01000024.1_50	-	lolD.aln	-	9.1e-27	92.6	1.0	1.4e-17	62.5	0.1	2.1	2	0	0	2	2	2	2	# 51302 # 52111 # -1 # ID=32_50;partial=00;start_type=ATG;rbs_motif=AGGA;rbs_spacer=5-10bp;gc_cont=0.698
GCA_000797395.1_AZPAE13756_genomic	JTZQ01000011.1_32	-	lolD.aln	-	9.3e-27	92.6	1.6	2.7e-26	91.0	1.6	1.7	1	1	0	1	1	1	1	# 32234 # 34024 # 1 # ID=13_32;partial=00;start_type=ATG;rbs_motif=GGA/GAG/AGG;rbs_spacer=11-12bp;gc_cont=0.674
GCA_000797395.1_AZPAE13756_genomic	JTZQ01000017.1_182	-	lolD.aln	-	4.2e-26	90.4	0.0	1.1e-25	89.0	0.0	1.7	1	1	0	1	1	1	1	# 173751 # 175910 # 1 # ID=24_182;partial=00;start_type=ATG;rbs_motif=AGGA;rbs_spacer=5-10bp;gc_cont=0.676
GCA_000797395.1_AZPAE13756_genomic	JTZQ01000068.1_3	-	lolD.aln	-	5.4e-26	90.1	2.4	2e-25	88.2	2.4	1.9	1	1	0	1	1	1	1	# 2017 # 3876 # -1 # ID=80_3;partial=00;start_type=ATG;rbs_motif=GGxGG;rbs_spacer=5-10bp;gc_cont=0.662
GCA_000797395.1_AZPAE13756_genomic	JTZQ01000014.1_310	-	lolD.aln	-	1.4e-25	88.7	0.3	3.6e-25	87.3	0.3	1.6	1	1	0	1	1	1	1	# 328894 # 331065 # 1 # ID=21_310;partial=00;start_type=ATG;rbs_motif=None;rbs_spacer=None;gc_cont=0.696
GCA_000797395.1_AZPAE13756_genomic	JTZQ01000029.1_32	-	lolD.aln	-	1.7e-25	88.4	2.7	1.6e-08	32.9	0.0	4.2	4	0	0	4	4	4	4	# 17020 # 19857 # -1 # ID=37_32;partial=00;start_type=GTG;rbs_motif=GGAG/GAGG;rbs_spacer=5-10bp;gc_cont=0.657
GCA_000797395.1_AZPAE13756_genomic	JTZQ01000004.1_42	-	lolD.aln	-	2.3e-25	88.0	0.6	2.8e-24	84.5	0.6	2.0	1	1	0	1	1	1	1	# 40915 # 41829 # -1 # ID=49_42;partial=00;start_type=ATG;rbs_motif=GGAG/GAGG;rbs_spacer=5-10bp;gc_cont=0.728
GCA_000797395.1_AZPAE13756_genomic	JTZQ01000013.1_224	-	lolD.aln	-	2.8e-25	87.7	0.0	5e-25	86.9	0.0	1.4	1	0	0	1	1	1	1	# 214289 # 216070 # -1 # ID=20_224;partial=00;start_type=ATG;rbs_motif=GGA/GAG/AGG;rbs_spacer=5-10bp;gc_cont=0.709
GCA_000797395.1_AZPAE13756_genomic	JTZQ01000002.1_108	-	lolD.aln	-	7e-25	86.4	0.3	1.4e-24	85.4	0.3	1.5	1	1	0	1	1	1	1	# 118777 # 119571 # 1 # ID=27_108;partial=00;start_type=ATG;rbs_motif=GGAG/GAGG;rbs_spacer=5-10bp;gc_cont=0.692
GCA_000797395.1_AZPAE13756_genomic	JTZQ01000058.1_54	-	lolD.aln	-	1.2e-24	85.7	0.1	3.8e-24	84.0	0.1	1.6	1	1	0	1	1	1	1	# 60465 # 61262 # 1 # ID=69_54;partial=00;start_type=ATG;rbs_motif=AGGA;rbs_spacer=5-10bp;gc_cont=0.708
GCA_000797395.1_AZPAE13756_genomic	JTZQ01000001.1_211	-	lolD.aln	-	1.7e-24	85.2	0.5	7.2e-15	53.7	0.0	2.3	2	1	0	2	2	2	2	# 225068 # 225940 # -1 # ID=1_211;partial=00;start_type=ATG;rbs_motif=GGA/GAG/AGG;rbs_spacer=5-10bp;gc_cont=0.649
GCA_000797395.1_AZPAE13756_genomic	JTZQ01000001.1_4	-	lolD.aln	-	2e-24	84.9	0.0	6.2e-24	83.3	0.0	1.6	1	1	0	1	1	1	1	# 3290 # 4057 # -1 # ID=1_4;partial=00;start_type=ATG;rbs_motif=GGxGG;rbs_spacer=5-10bp;gc_cont=0.707
GCA_000797395.1_AZPAE13756_genomic	JTZQ01000017.1_15	-	lolD.aln	-	2e-24	84.9	0.0	3.7e-24	84.1	0.0	1.5	1	1	0	1	1	1	1	# 15507 # 16433 # 1 # ID=24_15;partial=00;start_type=ATG;rbs_motif=None;rbs_spacer=None;gc_cont=0.648
GCA_000797395.1_AZPAE13756_genomic	JTZQ01000035.1_37	-	lolD.aln	-	1.3e-23	82.2	0.1	5.1e-23	80.3	0.1	1.9	1	1	0	1	1	1	1	# 35506 # 37272 # -1 # ID=44_37;partial=00;start_type=ATG;rbs_motif=GGA/GAG/AGG;rbs_spacer=5-10bp;gc_cont=0.682
GCA_000797395.1_AZPAE13756_genomic	JTZQ01000013.1_38	-	lolD.aln	-	1.5e-21	75.5	0.0	4.1e-21	74.1	0.0	1.7	1	1	0	1	1	1	1	# 38870 # 39571 # -1 # ID=20_38;partial=00;start_type=ATG;rbs_motif=None;rbs_spacer=None;gc_cont=0.714
GCA_000797395.1_AZPAE13756_genomic	JTZQ01000062.1_38	-	lolD.aln	-	1.1e-20	72.7	0.4	1.3e-14	52.8	0.0	2.1	2	0	0	2	2	2	2	# 50940 # 51695 # -1 # ID=74_38;partial=00;start_type=ATG;rbs_motif=AGGAG;rbs_spacer=5-10bp;gc_cont=0.733
GCA_000797395.1_AZPAE13756_genomic	JTZQ01000033.1_3	-	lolD.aln	-	4.6e-20	70.6	0.0	4.7e-18	64.1	0.0	2.2	1	1	0	1	1	1	1	# 8834 # 10486 # -1 # ID=42_3;partial=00;start_type=ATG;rbs_motif=AGxAGG/AGGxGG;rbs_spacer=3-4bp;gc_cont=0.606
GCA_000797395.1_AZPAE13756_genomic	JTZQ01000024.1_99	-	lolD.aln	-	4.7e-20	70.6	0.2	3e-18	64.7	0.2	2.2	1	1	0	1	1	1	1	# 103853 # 105118 # 1 # ID=32_99;partial=00;start_type=ATG;rbs_motif=GGA/GAG/AGG;rbs_spacer=5-10bp;gc_cont=0.662
GCA_000797395.1_AZPAE13756_genomic	JTZQ01000009.1_219	-	lolD.aln	-	6.5e-20	70.2	0.1	1.4e-19	69.0	0.1	1.6	1	1	0	1	1	1	1	# 243077 # 244000 # -1 # ID=103_219;partial=00;start_type=ATG;rbs_motif=GGA/GAG/AGG;rbs_spacer=5-10bp;gc_cont=0.697
GCA_000797395.1_AZPAE13756_genomic	JTZQ01000001.1_162	-	lolD.aln	-	8.2e-20	69.8	0.2	1.2e-19	69.3	0.2	1.2	1	0	0	1	1	1	1	# 176981 # 177838 # 1 # ID=1_162;partial=00;start_type=ATG;rbs_motif=AGGAG;rbs_spacer=5-10bp;gc_cont=0.676
GCA_000797395.1_AZPAE13756_genomic	JTZQ01000022.1_29	-	lolD.aln	-	9.2e-20	69.7	4.2	3e-08	32.0	0.0	4.1	4	0	0	4	4	4	4	# 38367 # 40994 # 1 # ID=30_29;partial=00;start_type=ATG;rbs_motif=AGGA;rbs_spacer=5-10bp;gc_cont=0.672
GCA_000797395.1_AZPAE13756_genomic	JTZQ01000001.1_61	-	lolD.aln	-	5.1e-05	21.4	0.3	0.06	11.4	0.1	2.5	2	0	0	2	2	2	1	# 67951 # 69627 # 1 # ID=1_61;partial=00;start_type=ATG;rbs_motif=GGAG/GAGG;rbs_spacer=5-10bp;gc_cont=0.670
GCA_000797395.1_AZPAE13756_genomic	JTZQ01000008.1_107	-	lolD.aln	-	0.0015	16.6	0.0	0.0027	15.8	0.0	1.4	1	0	0	1	1	1	1	# 104283 # 105431 # 1 # ID=93_107;partial=00;start_type=ATG;rbs_motif=GGA/GAG/AGG;rbs_spacer=5-10bp;gc_cont=0.659
GCA_000797395.1_AZPAE13756_genomic	JTZQ01000051.1_17	-	lolD.aln	-	0.0048	15.0	0.0	0.55	8.3	0.0	2.2	2	0	0	2	2	2	1	# 33003 # 34142 # -1 # ID=62_17;partial=00;start_type=ATG;rbs_motif=AGxAGG/AGGxGG;rbs_spacer=3-4bp;gc_cont=0.617
GCA_000797395.1_AZPAE13756_genomic	JTZQ01000030.1_108	-	lolD.aln	-	0.031	12.3	0.0	2.2	6.3	0.0	2.1	2	0	0	2	2	2	0	# 121059 # 122222 # 1 # ID=39_108;partial=00;start_type=ATG;rbs_motif=GGA/GAG/AGG;rbs_spacer=5-10bp;gc_cont=0.719
GCA_000811165.3_ASM81116v3_genomic	JWWA03000100.1_38	-	lolD.aln	-	2.8e-104	345.2	0.4	3.2e-104	345.1	0.4	1.0	1	0	0	1	1	1	1	# 40781 # 41467 # 1 # ID=3_38;partial=00;start_type=ATG;rbs_motif=GGAG/GAGG;rbs_spacer=5-10bp;gc_cont=0.410
GCA_000811165.3_ASM81116v3_genomic	JWWA03000018.1_10	-	lolD.aln	-	4.5e-80	266.1	9.4	5.2e-42	141.6	1.5	2.1	2	0	0	2	2	2	2	# 13628 # 15217 # -1 # ID=32_10;partial=00;start_type=ATG;rbs_motif=GGAGG;rbs_spacer=5-10bp;gc_cont=0.372
GCA_000811165.3_ASM81116v3_genomic	JWWA03000088.1_29	-	lolD.aln	-	5.4e-80	265.8	0.1	6e-80	265.7	0.1	1.0	1	0	0	1	1	1	1	# 29467 # 30159 # -1 # ID=109_29;partial=00;start_type=ATG;rbs_motif=AGGA/GGAG/GAGG;rbs_spacer=11-12bp;gc_cont=0.416
GCA_000811165.3_ASM81116v3_genomic	JWWA03000046.1_95	-	lolD.aln	-	8.7e-79	261.9	1.4	6.1e-39	131.5	0.1	2.0	2	0	0	2	2	2	2	# 93868 # 95598 # -1 # ID=63_95;partial=00;start_type=ATG;rbs_motif=GGAG/GAGG;rbs_spacer=5-10bp;gc_cont=0.399
GCA_000811165.3_ASM81116v3_genomic	JWWA03000027.1_102	-	lolD.aln	-	7.1e-71	236.0	0.1	1.1e-70	235.4	0.1	1.3	1	0	0	1	1	1	1	# 102781 # 104775 # -1 # ID=42_102;partial=00;start_type=ATG;rbs_motif=GGA/GAG/AGG;rbs_spacer=5-10bp;gc_cont=0.449
GCA_000811165.3_ASM81116v3_genomic	JWWA03000008.1_31	-	lolD.aln	-	3.2e-58	194.6	0.8	5.1e-58	193.9	0.8	1.2	1	0	0	1	1	1	1	# 29964 # 31034 # 1 # ID=100_31;partial=00;start_type=ATG;rbs_motif=AGGAG;rbs_spacer=5-10bp;gc_cont=0.382
GCA_000811165.3_ASM81116v3_genomic	JWWA03000046.1_35	-	lolD.aln	-	6.7e-58	193.5	0.0	4e-30	102.7	0.1	2.1	2	0	0	2	2	2	2	# 28745 # 30502 # -1 # ID=63_35;partial=00;start_type=ATG;rbs_motif=GGA/GAG/AGG;rbs_spacer=5-10bp;gc_cont=0.389
GCA_000811165.3_ASM81116v3_genomic	JWWA03000011.1_79	-	lolD.aln	-	1.7e-57	192.2	0.9	2.3e-57	191.8	0.9	1.2	1	0	0	1	1	1	1	# 89369 # 90394 # 1 # ID=13_79;partial=00;start_type=ATG;rbs_motif=None;rbs_spacer=None;gc_cont=0.373
GCA_000811165.3_ASM81116v3_genomic	JWWA03000060.1_57	-	lolD.aln	-	2.8e-49	165.4	0.3	3.2e-49	165.2	0.3	1.0	1	0	0	1	1	1	1	# 54827 # 55558 # -1 # ID=79_57;partial=00;start_type=ATG;rbs_motif=GGAG/GAGG;rbs_spacer=5-10bp;gc_cont=0.417
GCA_000811165.3_ASM81116v3_genomic	JWWA03000041.1_78	-	lolD.aln	-	4.4e-49	164.7	0.4	6.9e-49	164.1	0.4	1.2	1	0	0	1	1	1	1	# 76059 # 76835 # -1 # ID=58_78;partial=00;start_type=ATG;rbs_motif=AGGAG;rbs_spacer=5-10bp;gc_cont=0.408
GCA_000811165.3_ASM81116v3_genomic	JWWA03000008.1_20	-	lolD.aln	-	4.5e-47	158.1	0.0	5.3e-47	157.9	0.0	1.1	1	0	0	1	1	1	1	# 19463 # 20206 # -1 # ID=100_20;partial=00;start_type=ATG;rbs_motif=GGAG/GAGG;rbs_spacer=5-10bp;gc_cont=0.407
GCA_000811165.3_ASM81116v3_genomic	JWWA03000100.1_80	-	lolD.aln	-	1.6e-46	156.3	0.1	2e-46	156.0	0.1	1.1	1	0	0	1	1	1	1	# 83331 # 84392 # -1 # ID=3_80;partial=00;start_type=ATG;rbs_motif=AGGA;rbs_spacer=5-10bp;gc_cont=0.434
GCA_000811165.3_ASM81116v3_genomic	JWWA03000001.1_10	-	lolD.aln	-	7.3e-44	147.6	0.0	9.4e-44	147.3	0.0	1.1	1	0	0	1	1	1	1	# 9014 # 9814 # -1 # ID=1_10;partial=00;start_type=ATG;rbs_motif=AGGAG;rbs_spacer=5-10bp;gc_cont=0.400
GCA_000811165.3_ASM81116v3_genomic	JWWA03000028.1_22	-	lolD.aln	-	2.3e-43	146.0	0.1	3.6e-43	145.4	0.1	1.2	1	0	0	1	1	1	1	# 20833 # 22035 # 1 # ID=43_22;partial=00;start_type=ATG;rbs_motif=GGA/GAG/AGG;rbs_spacer=5-10bp;gc_cont=0.399
GCA_000811165.3_ASM81116v3_genomic	JWWA03000044.1_18	-	lolD.aln	-	3.3e-43	145.5	0.1	1.3e-42	143.6	0.1	1.8	1	1	0	1	1	1	1	# 19259 # 20098 # -1 # ID=61_18;partial=00;start_type=ATG;rbs_motif=GGAG/GAGG;rbs_spacer=5-10bp;gc_cont=0.387
GCA_000811165.3_ASM81116v3_genomic	JWWA03000060.1_16	-	lolD.aln	-	2e-42	142.9	0.7	6.9e-42	141.2	0.7	1.7	1	1	0	1	1	1	1	# 13564 # 14358 # -1 # ID=79_16;partial=00;start_type=ATG;rbs_motif=AGGAG;rbs_spacer=5-10bp;gc_cont=0.403
GCA_000811165.3_ASM81116v3_genomic	JWWA03000102.1_19	-	lolD.aln	-	2.3e-40	136.2	0.1	1.3e-14	52.0	0.0	4.2	3	1	0	3	3	3	3	# 19677 # 21338 # 1 # ID=5_19;partial=00;start_type=GTG;rbs_motif=AGGAG;rbs_spacer=5-10bp;gc_cont=0.425
GCA_000811165.3_ASM81116v3_genomic	JWWA03000027.1_1	-	lolD.aln	-	1.7e-39	133.3	4.5	1e-14	52.3	0.1	4.4	4	0	0	4	4	4	4	# 98 # 2008 # -1 # ID=42_1;partial=00;start_type=ATG;rbs_motif=GGA/GAG/AGG;rbs_spacer=5-10bp;gc_cont=0.428
GCA_000811165.3_ASM81116v3_genomic	JWWA03000082.1_64	-	lolD.aln	-	2.2e-39	133.0	0.1	2.9e-39	132.6	0.1	1.1	1	0	0	1	1	1	1	# 51562 # 52380 # -1 # ID=103_64;partial=00;start_type=ATG;rbs_motif=AGGA/GGAG/GAGG;rbs_spacer=11-12bp;gc_cont=0.425
GCA_000811165.3_ASM81116v3_genomic	JWWA03000080.1_10	-	lolD.aln	-	6.6e-36	121.6	0.0	8.4e-36	121.3	0.0	1.0	1	0	0	1	1	1	1	# 8153 # 8773 # 1 # ID=101_10;partial=00;start_type=ATG;rbs_motif=AGGA;rbs_spacer=5-10bp;gc_cont=0.372
GCA_000811165.3_ASM81116v3_genomic	JWWA03000036.1_56	-	lolD.aln	-	8e-33	111.5	0.0	1e-32	111.2	0.0	1.1	1	0	0	1	1	1	1	# 56560 # 57324 # -1 # ID=52_56;partial=00;start_type=ATG;rbs_motif=AGGA;rbs_spacer=5-10bp;gc_cont=0.396
GCA_000811165.3_ASM81116v3_genomic	JWWA03000009.1_33	-	lolD.aln	-	3.7e-32	109.3	0.9	4.2e-11	40.5	0.0	4.3	4	0	0	4	4	4	4	# 31983 # 33914 # -1 # ID=111_33;partial=00;start_type=ATG;rbs_motif=None;rbs_spacer=None;gc_cont=0.422
GCA_000811165.3_ASM81116v3_genomic	JWWA03000041.1_91	-	lolD.aln	-	5e-32	108.9	0.0	9.1e-32	108.1	0.0	1.4	1	0	0	1	1	1	1	# 91972 # 92907 # 1 # ID=58_91;partial=00;start_type=ATG;rbs_motif=GGA/GAG/AGG;rbs_spacer=5-10bp;gc_cont=0.391
GCA_000811165.3_ASM81116v3_genomic	JWWA03000023.1_32	-	lolD.aln	-	8.9e-32	108.1	0.2	1.5e-19	68.1	0.0	2.1	2	0	0	2	2	2	2	# 36230 # 37009 # -1 # ID=38_32;partial=00;start_type=GTG;rbs_motif=GGA/GAG/AGG;rbs_spacer=5-10bp;gc_cont=0.418
GCA_000811165.3_ASM81116v3_genomic	JWWA03000056.1_22	-	lolD.aln	-	2.1e-31	106.9	3.7	2.5e-31	106.7	1.9	1.8	2	0	0	2	2	2	1	# 24200 # 25810 # 1 # ID=74_22;partial=00;start_type=ATG;rbs_motif=GGA/GAG/AGG;rbs_spacer=5-10bp;gc_cont=0.414
GCA_000811165.3_ASM81116v3_genomic	JWWA03000022.1_3	-	lolD.aln	-	8.9e-30	101.6	0.9	1.4e-10	38.8	0.0	4.2	4	0	0	4	4	4	4	# 2030 # 3505 # -1 # ID=37_3;partial=00;start_type=ATG;rbs_motif=AGGAG;rbs_spacer=5-10bp;gc_cont=0.399
GCA_000811165.3_ASM81116v3_genomic	JWWA03000002.1_168	-	lolD.aln	-	2.7e-29	100.0	4.3	2.7e-11	41.1	0.0	4.3	4	0	0	4	4	4	4	# 187432 # 190263 # -1 # ID=34_168;partial=00;start_type=ATG;rbs_motif=GGA/GAG/AGG;rbs_spacer=5-10bp;gc_cont=0.434
GCA_000811165.3_ASM81116v3_genomic	JWWA03000056.1_23	-	lolD.aln	-	9e-29	98.3	0.0	1.6e-28	97.5	0.0	1.3	1	0	0	1	1	1	1	# 25807 # 27402 # 1 # ID=74_23;partial=00;start_type=ATG;rbs_motif=GGA/GAG/AGG;rbs_spacer=5-10bp;gc_cont=0.432
GCA_000811165.3_ASM81116v3_genomic	JWWA03000078.1_26	-	lolD.aln	-	9.7e-29	98.2	0.1	1.2e-28	97.9	0.1	1.1	1	0	0	1	1	1	1	# 28555 # 29301 # -1 # ID=98_26;partial=00;start_type=ATG;rbs_motif=AGGAG;rbs_spacer=5-10bp;gc_cont=0.402
GCA_000811165.3_ASM81116v3_genomic	JWWA03000101.1_24	-	lolD.aln	-	9.6e-28	94.9	0.0	1.3e-27	94.4	0.0	1.1	1	0	0	1	1	1	1	# 28221 # 29123 # 1 # ID=4_24;partial=00;start_type=ATG;rbs_motif=GGAG/GAGG;rbs_spacer=5-10bp;gc_cont=0.403
GCA_000811165.3_ASM81116v3_genomic	JWWA03000056.1_13	-	lolD.aln	-	3.9e-27	92.9	0.3	2.7e-26	90.2	0.3	1.9	1	1	0	1	1	1	1	# 11530 # 12300 # 1 # ID=74_13;partial=00;start_type=ATG;rbs_motif=GGAG/GAGG;rbs_spacer=5-10bp;gc_cont=0.415
GCA_000811165.3_ASM81116v3_genomic	JWWA03000046.1_155	-	lolD.aln	-	6.3e-27	92.2	1.3	1.1e-26	91.4	1.3	1.4	1	0	0	1	1	1	1	# 153432 # 155279 # 1 # ID=63_155;partial=00;start_type=ATG;rbs_motif=GGA/GAG/AGG;rbs_spacer=5-10bp;gc_cont=0.379
GCA_000811165.3_ASM81116v3_genomic	JWWA03000046.1_134	-	lolD.aln	-	6.3e-26	89.0	0.5	1.2e-25	88.1	0.5	1.4	1	0	0	1	1	1	1	# 132544 # 134271 # -1 # ID=63_134;partial=00;start_type=GTG;rbs_motif=GGAG/GAGG;rbs_spacer=5-10bp;gc_cont=0.388
GCA_000811165.3_ASM81116v3_genomic	JWWA03000078.1_24	-	lolD.aln	-	1.8e-24	84.2	0.4	3.3e-24	83.4	0.4	1.4	1	0	0	1	1	1	1	# 24676 # 26817 # -1 # ID=98_24;partial=00;start_type=ATG;rbs_motif=None;rbs_spacer=None;gc_cont=0.423
GCA_000811165.3_ASM81116v3_genomic	JWWA03000106.1_5	-	lolD.aln	-	1e-23	81.8	2.4	7.6e-12	42.9	0.9	4.0	2	2	1	3	3	3	3	# 5056 # 6639 # -1 # ID=9_5;partial=00;start_type=ATG;rbs_motif=GGAG/GAGG;rbs_spacer=5-10bp;gc_cont=0.367
GCA_000811165.3_ASM81116v3_genomic	JWWA03000024.1_43	-	lolD.aln	-	1.8e-05	22.0	1.0	0.0011	16.2	0.6	2.4	2	0	0	2	2	2	1	# 44352 # 46019 # -1 # ID=39_43;partial=00;start_type=ATG;rbs_motif=GGA/GAG/AGG;rbs_spacer=5-10bp;gc_cont=0.407
GCA_000811165.3_ASM81116v3_genomic	JWWA03000027.1_97	-	lolD.aln	-	0.0012	16.1	0.1	0.0018	15.5	0.1	1.2	1	0	0	1	1	1	1	# 97717 # 98775 # -1 # ID=42_97;partial=00;start_type=ATG;rbs_motif=GGA/GAG/AGG;rbs_spacer=5-10bp;gc_cont=0.431
GCA_000811165.3_ASM81116v3_genomic	JWWA03000007.1_20	-	lolD.aln	-	0.0026	15.0	0.0	0.0051	14.1	0.0	1.4	1	0	0	1	1	1	1	# 15850 # 16968 # -1 # ID=89_20;partial=00;start_type=ATG;rbs_motif=GGA/GAG/AGG;rbs_spacer=5-10bp;gc_cont=0.412
GCA_000811165.3_ASM81116v3_genomic	JWWA03000055.1_22	-	lolD.aln	-	0.0072	13.6	0.0	0.012	12.8	0.0	1.4	1	0	0	1	1	1	1	# 19128 # 20462 # -1 # ID=73_22;partial=00;start_type=GTG;rbs_motif=AGGA/GGAG/GAGG;rbs_spacer=11-12bp;gc_cont=0.410
GCA_000820865.2_Bacillus_saudimassiliensis_JCA_genomic	LN623569.1_333	-	lolD.aln	-	5.6e-82	272.6	3.6	1.5e-40	137.1	0.1	2.1	2	0	0	2	2	2	2	# 378664 # 380682 # -1 # ID=14_333;partial=00;start_type=GTG;rbs_motif=GGA/GAG/AGG;rbs_spacer=5-10bp;gc_cont=0.407
GCA_000820865.2_Bacillus_saudimassiliensis_JCA_genomic	LN623572.1_1652	-	lolD.aln	-	3.4e-78	260.3	0.4	3.8e-78	260.1	0.4	1.0	1	0	0	1	1	1	1	# 1650760 # 1651470 # -1 # ID=4_1652;partial=00;start_type=ATG;rbs_motif=GGxGG;rbs_spacer=5-10bp;gc_cont=0.412
GCA_000820865.2_Bacillus_saudimassiliensis_JCA_genomic	LN623569.1_342	-	lolD.aln	-	9e-64	213.1	0.1	1.1e-63	212.9	0.1	1.0	1	0	0	1	1	1	1	# 392786 # 393556 # -1 # ID=14_342;partial=00;start_type=ATG;rbs_motif=AGGAG;rbs_spacer=5-10bp;gc_cont=0.441
GCA_000820865.2_Bacillus_saudimassiliensis_JCA_genomic	LN623568.1_14	-	lolD.aln	-	6.5e-62	207.0	0.1	7.5e-62	206.8	0.1	1.0	1	0	0	1	1	1	1	# 19768 # 20514 # 1 # ID=3_14;partial=00;start_type=ATG;rbs_motif=AGGAGG;rbs_spacer=5-10bp;gc_cont=0.400
GCA_000820865.2_Bacillus_saudimassiliensis_JCA_genomic	LN623569.1_346	-	lolD.aln	-	2e-61	205.5	0.0	2.3e-61	205.2	0.0	1.0	1	0	0	1	1	1	1	# 397480 # 398247 # -1 # ID=14_346;partial=00;start_type=ATG;rbs_motif=GGAGG;rbs_spacer=5-10bp;gc_cont=0.452
GCA_000820865.2_Bacillus_saudimassiliensis_JCA_genomic	LN623571.1_124	-	lolD.aln	-	2.3e-61	205.2	0.0	2.6e-61	205.0	0.0	1.0	1	0	0	1	1	1	1	# 130786 # 131553 # 1 # ID=16_124;partial=00;start_type=ATG;rbs_motif=GGAGG;rbs_spacer=5-10bp;gc_cont=0.392
GCA_000820865.2_Bacillus_saudimassiliensis_JCA_genomic	LN623570.1_76	-	lolD.aln	-	3.9e-59	197.9	1.1	9.8e-31	105.0	0.0	3.0	2	1	0	2	2	2	2	# 89151 # 90737 # 1 # ID=15_76;partial=00;start_type=ATG;rbs_motif=GGA/GAG/AGG;rbs_spacer=5-10bp;gc_cont=0.437
GCA_000820865.2_Bacillus_saudimassiliensis_JCA_genomic	LN623572.1_1224	-	lolD.aln	-	2.2e-56	188.9	0.1	3.1e-56	188.5	0.1	1.1	1	0	0	1	1	1	1	# 1220826 # 1221644 # -1 # ID=4_1224;partial=00;start_type=ATG;rbs_motif=GGAG/GAGG;rbs_spacer=5-10bp;gc_cont=0.463
GCA_000820865.2_Bacillus_saudimassiliensis_JCA_genomic	LN623567.1_120	-	lolD.aln	-	2.5e-56	188.8	0.1	3.5e-56	188.3	0.1	1.2	1	0	0	1	1	1	1	# 118248 # 119285 # -1 # ID=13_120;partial=00;start_type=GTG;rbs_motif=AGGA;rbs_spacer=5-10bp;gc_cont=0.448
GCA_000820865.2_Bacillus_saudimassiliensis_JCA_genomic	LN623567.1_309	-	lolD.aln	-	8.2e-55	183.8	0.0	9.1e-55	183.6	0.0	1.0	1	0	0	1	1	1	1	# 316926 # 317612 # -1 # ID=13_309;partial=00;start_type=ATG;rbs_motif=GGA/GAG/AGG;rbs_spacer=5-10bp;gc_cont=0.384
GCA_000820865.2_Bacillus_saudimassiliensis_JCA_genomic	LN623567.1_202	-	lolD.aln	-	2.9e-54	182.0	0.1	3.2e-54	181.9	0.1	1.0	1	0	0	1	1	1	1	# 200504 # 201238 # -1 # ID=13_202;partial=00;start_type=ATG;rbs_motif=GGAG/GAGG;rbs_spacer=5-10bp;gc_cont=0.438
GCA_000820865.2_Bacillus_saudimassiliensis_JCA_genomic	LN623572.1_1113	-	lolD.aln	-	5.7e-54	181.0	1.2	1.2e-30	104.8	0.8	2.1	2	0	0	2	2	2	2	# 1096001 # 1097536 # 1 # ID=4_1113;partial=00;start_type=ATG;rbs_motif=AGxAGG/AGGxGG;rbs_spacer=5-10bp;gc_cont=0.408
GCA_000820865.2_Bacillus_saudimassiliensis_JCA_genomic	LN623572.1_525	-	lolD.aln	-	1.1e-53	180.1	0.4	1.3e-53	179.9	0.4	1.0	1	0	0	1	1	1	1	# 534927 # 535649 # 1 # ID=4_525;partial=00;start_type=GTG;rbs_motif=GGA/GAG/AGG;rbs_spacer=5-10bp;gc_cont=0.420
GCA_000820865.2_Bacillus_saudimassiliensis_JCA_genomic	LN623569.1_387	-	lolD.aln	-	6.2e-53	177.6	0.3	7.2e-53	177.4	0.3	1.0	1	0	0	1	1	1	1	# 437966 # 438703 # -1 # ID=14_387;partial=00;start_type=ATG;rbs_motif=GGAGG;rbs_spacer=5-10bp;gc_cont=0.413
GCA_000820865.2_Bacillus_saudimassiliensis_JCA_genomic	LN623570.1_481	-	lolD.aln	-	5.2e-52	174.6	0.6	6e-52	174.4	0.6	1.0	1	0	0	1	1	1	1	# 509283 # 510026 # 1 # ID=15_481;partial=00;start_type=ATG;rbs_motif=AGGAGG;rbs_spacer=5-10bp;gc_cont=0.426
GCA_000820865.2_Bacillus_saudimassiliensis_JCA_genomic	LN623570.1_326	-	lolD.aln	-	6.2e-52	174.4	0.2	7.6e-52	174.1	0.2	1.0	1	0	0	1	1	1	1	# 344412 # 345134 # 1 # ID=15_326;partial=00;start_type=ATG;rbs_motif=AGxAGG/AGGxGG;rbs_spacer=5-10bp;gc_cont=0.438
GCA_000820865.2_Bacillus_saudimassiliensis_JCA_genomic	LN623571.1_633	-	lolD.aln	-	8.8e-52	173.9	0.2	1.1e-51	173.6	0.2	1.0	1	0	0	1	1	1	1	# 684093 # 684821 # -1 # ID=16_633;partial=00;start_type=ATG;rbs_motif=AGGAGG;rbs_spacer=5-10bp;gc_cont=0.443
GCA_000820865.2_Bacillus_saudimassiliensis_JCA_genomic	LN623572.1_1364	-	lolD.aln	-	7.8e-50	167.5	0.3	3.2e-26	90.3	0.1	2.3	2	1	0	2	2	2	2	# 1366668 # 1368176 # -1 # ID=4_1364;partial=00;start_type=ATG;rbs_motif=AGxAGG/AGGxGG;rbs_spacer=5-10bp;gc_cont=0.393
GCA_000820865.2_Bacillus_saudimassiliensis_JCA_genomic	LN623572.1_733	-	lolD.aln	-	2.2e-49	166.0	0.1	4.1e-16	57.2	0.0	4.2	3	1	1	4	4	4	4	# 724746 # 726632 # 1 # ID=4_733;partial=00;start_type=ATG;rbs_motif=GGA/GAG/AGG;rbs_spacer=5-10bp;gc_cont=0.392
GCA_000820865.2_Bacillus_saudimassiliensis_JCA_genomic	LN623568.1_555	-	lolD.aln	-	3.5e-49	165.4	1.3	5e-29	99.4	0.2	2.1	2	0	0	2	2	2	2	# 568183 # 569718 # 1 # ID=3_555;partial=00;start_type=TTG;rbs_motif=GGAG/GAGG;rbs_spacer=5-10bp;gc_cont=0.389
GCA_000820865.2_Bacillus_saudimassiliensis_JCA_genomic	LN623572.1_1022	-	lolD.aln	-	1.4e-48	163.4	3.0	3.5e-26	90.2	0.4	2.4	2	1	0	2	2	2	2	# 994538 # 996025 # 1 # ID=4_1022;partial=00;start_type=ATG;rbs_motif=GGAGG;rbs_spacer=5-10bp;gc_cont=0.411
GCA_000820865.2_Bacillus_saudimassiliensis_JCA_genomic	LN623569.1_275	-	lolD.aln	-	8.4e-48	160.9	0.2	1.2e-47	160.3	0.2	1.2	1	0	0	1	1	1	1	# 318261 # 319451 # -1 # ID=14_275;partial=00;start_type=GTG;rbs_motif=GGAG/GAGG;rbs_spacer=5-10bp;gc_cont=0.372
GCA_000820865.2_Bacillus_saudimassiliensis_JCA_genomic	LN623570.1_250	-	lolD.aln	-	2.7e-47	159.2	0.0	3.5e-47	158.8	0.0	1.1	1	0	0	1	1	1	1	# 268201 # 269307 # -1 # ID=15_250;partial=00;start_type=ATG;rbs_motif=AGGAGG;rbs_spacer=11-12bp;gc_cont=0.428
GCA_000820865.2_Bacillus_saudimassiliensis_JCA_genomic	LN623571.1_474	-	lolD.aln	-	6e-45	151.5	0.3	2.8e-27	93.7	0.2	3.1	3	0	0	3	3	3	3	# 500143 # 501705 # 1 # ID=16_474;partial=00;start_type=ATG;rbs_motif=GGAG/GAGG;rbs_spacer=5-10bp;gc_cont=0.415
GCA_000820865.2_Bacillus_saudimassiliensis_JCA_genomic	LN623567.1_225	-	lolD.aln	-	6.7e-45	151.4	0.1	1.7e-44	150.0	0.1	1.5	1	1	0	1	1	1	1	# 225691 # 226485 # -1 # ID=13_225;partial=00;start_type=ATG;rbs_motif=GGAG/GAGG;rbs_spacer=5-10bp;gc_cont=0.421
GCA_000820865.2_Bacillus_saudimassiliensis_JCA_genomic	LN623572.1_1389	-	lolD.aln	-	6.8e-45	151.3	4.8	1.3e-43	147.2	4.8	2.0	1	1	0	1	1	1	1	# 1393969 # 1394727 # -1 # ID=4_1389;partial=00;start_type=ATG;rbs_motif=GGA/GAG/AGG;rbs_spacer=5-10bp;gc_cont=0.469
GCA_000820865.2_Bacillus_saudimassiliensis_JCA_genomic	LN623571.1_486	-	lolD.aln	-	9.1e-45	150.9	1.2	1.1e-44	150.7	1.2	1.0	1	0	0	1	1	1	1	# 515807 # 516766 # 1 # ID=16_486;partial=00;start_type=ATG;rbs_motif=AGGA/GGAG/GAGG;rbs_spacer=11-12bp;gc_cont=0.436
GCA_000820865.2_Bacillus_saudimassiliensis_JCA_genomic	LN623572.1_1374	-	lolD.aln	-	6.7e-44	148.1	0.2	7.8e-44	147.9	0.2	1.1	1	0	0	1	1	1	1	# 1377702 # 1378691 # -1 # ID=4_1374;partial=00;start_type=GTG;rbs_motif=GGA/GAG/AGG;rbs_spacer=5-10bp;gc_cont=0.446
GCA_000820865.2_Bacillus_saudimassiliensis_JCA_genomic	LN623569.1_30	-	lolD.aln	-	7.9e-44	147.9	0.7	1.5e-22	78.3	0.3	3.0	3	0	0	3	3	3	3	# 32020 # 33525 # -1 # ID=14_30;partial=00;start_type=ATG;rbs_motif=AGGAGG;rbs_spacer=5-10bp;gc_cont=0.404
GCA_000820865.2_Bacillus_saudimassiliensis_JCA_genomic	LN623568.1_200	-	lolD.aln	-	9.2e-44	147.6	0.2	1.1e-43	147.4	0.2	1.1	1	0	0	1	1	1	1	# 210678 # 211772 # 1 # ID=3_200;partial=00;start_type=ATG;rbs_motif=GGA/GAG/AGG;rbs_spacer=5-10bp;gc_cont=0.394
GCA_000820865.2_Bacillus_saudimassiliensis_JCA_genomic	LN623569.1_376	-	lolD.aln	-	3.2e-43	145.9	0.1	3.9e-43	145.6	0.1	1.1	1	0	0	1	1	1	1	# 426766 # 427743 # -1 # ID=14_376;partial=00;start_type=ATG;rbs_motif=AGxAGG/AGGxGG;rbs_spacer=5-10bp;gc_cont=0.434
GCA_000820865.2_Bacillus_saudimassiliensis_JCA_genomic	LN623571.1_645	-	lolD.aln	-	4.2e-43	145.5	1.1	5.2e-43	145.2	1.1	1.1	1	0	0	1	1	1	1	# 700210 # 701226 # 1 # ID=16_645;partial=00;start_type=ATG;rbs_motif=GGA/GAG/AGG;rbs_spacer=5-10bp;gc_cont=0.460
GCA_000820865.2_Bacillus_saudimassiliensis_JCA_genomic	LN623570.1_494	-	lolD.aln	-	4.6e-43	145.4	0.0	5.8e-43	145.0	0.0	1.1	1	0	0	1	1	1	1	# 520466 # 521569 # 1 # ID=15_494;partial=00;start_type=TTG;rbs_motif=GGA/GAG/AGG;rbs_spacer=5-10bp;gc_cont=0.411
GCA_000820865.2_Bacillus_saudimassiliensis_JCA_genomic	LN623572.1_23	-	lolD.aln	-	5.9e-43	145.0	0.1	9.3e-43	144.4	0.1	1.3	1	0	0	1	1	1	1	# 25416 # 26192 # -1 # ID=4_23;partial=00;start_type=ATG;rbs_motif=GGAGG;rbs_spacer=5-10bp;gc_cont=0.407
GCA_000820865.2_Bacillus_saudimassiliensis_JCA_genomic	LN623571.1_487	-	lolD.aln	-	1.8e-42	143.4	0.0	2.2e-42	143.1	0.0	1.1	1	0	0	1	1	1	1	# 516751 # 517755 # 1 # ID=16_487;partial=00;start_type=TTG;rbs_motif=AGGAGG;rbs_spacer=5-10bp;gc_cont=0.409
GCA_000820865.2_Bacillus_saudimassiliensis_JCA_genomic	LN623565.1_61	-	lolD.aln	-	3.7e-42	142.4	0.2	4.6e-42	142.1	0.2	1.1	1	0	0	1	1	1	1	# 50290 # 51159 # 1 # ID=11_61;partial=00;start_type=ATG;rbs_motif=3Base/5BMM;rbs_spacer=13-15bp;gc_cont=0.422
GCA_000820865.2_Bacillus_saudimassiliensis_JCA_genomic	LN623568.1_201	-	lolD.aln	-	9.5e-42	141.1	0.1	1.2e-41	140.7	0.1	1.1	1	0	0	1	1	1	1	# 211773 # 212714 # 1 # ID=3_201;partial=00;start_type=ATG;rbs_motif=AGGAGG;rbs_spacer=5-10bp;gc_cont=0.378
GCA_000820865.2_Bacillus_saudimassiliensis_JCA_genomic	LN623572.1_1152	-	lolD.aln	-	1.3e-41	140.6	0.2	1.8e-41	140.1	0.2	1.2	1	0	0	1	1	1	1	# 1141345 # 1142100 # 1 # ID=4_1152;partial=00;start_type=ATG;rbs_motif=AGxAGG/AGGxGG;rbs_spacer=5-10bp;gc_cont=0.425
GCA_000820865.2_Bacillus_saudimassiliensis_JCA_genomic	LN623572.1_1375	-	lolD.aln	-	1.8e-41	140.2	0.2	2.2e-41	139.9	0.2	1.1	1	0	0	1	1	1	1	# 1378684 # 1379664 # -1 # ID=4_1375;partial=00;start_type=TTG;rbs_motif=AGGAG;rbs_spacer=5-10bp;gc_cont=0.445
GCA_000820865.2_Bacillus_saudimassiliensis_JCA_genomic	LN623570.1_382	-	lolD.aln	-	1.9e-41	140.1	0.5	2.3e-41	139.8	0.5	1.1	1	0	0	1	1	1	1	# 408675 # 409655 # 1 # ID=15_382;partial=00;start_type=ATG;rbs_motif=AGxAGG/AGGxGG;rbs_spacer=11-12bp;gc_cont=0.448
GCA_000820865.2_Bacillus_saudimassiliensis_JCA_genomic	LN623571.1_145	-	lolD.aln	-	2e-41	140.0	0.9	2.9e-41	139.5	0.9	1.3	1	0	0	1	1	1	1	# 157187 # 158470 # 1 # ID=16_145;partial=00;start_type=TTG;rbs_motif=GGAG/GAGG;rbs_spacer=5-10bp;gc_cont=0.428
GCA_000820865.2_Bacillus_saudimassiliensis_JCA_genomic	LN623570.1_495	-	lolD.aln	-	5.5e-41	138.6	0.1	6.2e-41	138.4	0.1	1.1	1	0	0	1	1	1	1	# 521550 # 522518 # 1 # ID=15_495;partial=00;start_type=ATG;rbs_motif=AGGAGG;rbs_spacer=11-12bp;gc_cont=0.419
GCA_000820865.2_Bacillus_saudimassiliensis_JCA_genomic	LN623568.1_88	-	lolD.aln	-	7.1e-41	138.2	0.1	1e-40	137.7	0.1	1.1	1	0	0	1	1	1	1	# 95678 # 96790 # -1 # ID=3_88;partial=00;start_type=ATG;rbs_motif=GGAGG;rbs_spacer=5-10bp;gc_cont=0.407
GCA_000820865.2_Bacillus_saudimassiliensis_JCA_genomic	LN623572.1_1340	-	lolD.aln	-	1.1e-40	137.6	0.0	1.2e-40	137.4	0.0	1.1	1	0	0	1	1	1	1	# 1341038 # 1342042 # -1 # ID=4_1340;partial=00;start_type=ATG;rbs_motif=AGGAG;rbs_spacer=5-10bp;gc_cont=0.411
GCA_000820865.2_Bacillus_saudimassiliensis_JCA_genomic	LN623572.1_896	-	lolD.aln	-	1.1e-40	137.6	0.0	2.1e-40	136.7	0.0	1.5	1	0	0	1	1	1	1	# 876838 # 877962 # -1 # ID=4_896;partial=00;start_type=TTG;rbs_motif=AGxAGG/AGGxGG;rbs_spacer=5-10bp;gc_cont=0.350
GCA_000820865.2_Bacillus_saudimassiliensis_JCA_genomic	LN623572.1_1456	-	lolD.aln	-	3.5e-40	135.9	0.0	7.1e-40	134.9	0.0	1.4	1	1	0	1	1	1	1	# 1460889 # 1461686 # -1 # ID=4_1456;partial=00;start_type=TTG;rbs_motif=None;rbs_spacer=None;gc_cont=0.430
GCA_000820865.2_Bacillus_saudimassiliensis_JCA_genomic	LN623572.1_1341	-	lolD.aln	-	1.5e-39	133.9	0.0	2e-39	133.5	0.0	1.1	1	0	0	1	1	1	1	# 1342039 # 1343040 # -1 # ID=4_1341;partial=00;start_type=TTG;rbs_motif=AGxAGG/AGGxGG;rbs_spacer=5-10bp;gc_cont=0.418
GCA_000820865.2_Bacillus_saudimassiliensis_JCA_genomic	LN623572.1_387	-	lolD.aln	-	2.4e-39	133.2	0.3	5.5e-39	132.0	0.3	1.5	1	1	0	1	1	1	1	# 401054 # 401821 # 1 # ID=4_387;partial=00;start_type=ATG;rbs_motif=GGA/GAG/AGG;rbs_spacer=5-10bp;gc_cont=0.383
GCA_000820865.2_Bacillus_saudimassiliensis_JCA_genomic	LN623569.1_130	-	lolD.aln	-	3.8e-39	132.6	3.0	8.2e-12	43.1	0.0	4.2	3	1	1	4	4	4	4	# 155118 # 156671 # 1 # ID=14_130;partial=00;start_type=ATG;rbs_motif=GGA/GAG/AGG;rbs_spacer=5-10bp;gc_cont=0.400
GCA_000820865.2_Bacillus_saudimassiliensis_JCA_genomic	LN623568.1_190	-	lolD.aln	-	3.8e-39	132.5	0.0	5.4e-39	132.0	0.0	1.2	1	0	0	1	1	1	1	# 199121 # 200131 # 1 # ID=3_190;partial=00;start_type=ATG;rbs_motif=GGA/GAG/AGG;rbs_spacer=5-10bp;gc_cont=0.403
GCA_000820865.2_Bacillus_saudimassiliensis_JCA_genomic	LN623565.1_60	-	lolD.aln	-	4.8e-38	128.9	0.0	5.8e-38	128.7	0.0	1.1	1	0	0	1	1	1	1	# 49475 # 50314 # 1 # ID=11_60;partial=00;start_type=ATG;rbs_motif=AGGAGG;rbs_spacer=5-10bp;gc_cont=0.442
GCA_000820865.2_Bacillus_saudimassiliensis_JCA_genomic	LN623568.1_189	-	lolD.aln	-	1.3e-37	127.6	0.1	1.7e-37	127.2	0.1	1.1	1	0	0	1	1	1	1	# 198099 # 199121 # 1 # ID=3_189;partial=00;start_type=ATG;rbs_motif=AGxAGG/AGGxGG;rbs_spacer=5-10bp;gc_cont=0.396
GCA_000820865.2_Bacillus_saudimassiliensis_JCA_genomic	LN623572.1_478	-	lolD.aln	-	1.7e-37	127.2	0.1	2.2e-37	126.8	0.1	1.1	1	0	0	1	1	1	1	# 489855 # 490559 # 1 # ID=4_478;partial=00;start_type=ATG;rbs_motif=GGAGG;rbs_spacer=5-10bp;gc_cont=0.379
GCA_000820865.2_Bacillus_saudimassiliensis_JCA_genomic	LN623569.1_375	-	lolD.aln	-	1.7e-36	123.8	0.1	2.3e-36	123.5	0.1	1.1	1	0	0	1	1	1	1	# 425744 # 426766 # -1 # ID=14_375;partial=00;start_type=ATG;rbs_motif=AGxAGG/AGGxGG;rbs_spacer=5-10bp;gc_cont=0.447
GCA_000820865.2_Bacillus_saudimassiliensis_JCA_genomic	LN623570.1_383	-	lolD.aln	-	2.4e-36	123.4	0.0	3.1e-36	123.0	0.0	1.1	1	0	0	1	1	1	1	# 409652 # 410617 # 1 # ID=15_383;partial=00;start_type=ATG;rbs_motif=GGA/GAG/AGG;rbs_spacer=5-10bp;gc_cont=0.425
GCA_000820865.2_Bacillus_saudimassiliensis_JCA_genomic	LN623566.1_16	-	lolD.aln	-	2.9e-36	123.1	0.7	3e-10	38.0	0.0	4.2	3	1	1	4	4	4	4	# 16057 # 17676 # 1 # ID=12_16;partial=00;start_type=ATG;rbs_motif=GGAGG;rbs_spacer=5-10bp;gc_cont=0.352
GCA_000820865.2_Bacillus_saudimassiliensis_JCA_genomic	LN623572.1_864	-	lolD.aln	-	6.1e-36	122.1	0.1	3.3e-11	41.2	0.0	4.2	4	0	0	4	4	4	4	# 841860 # 843479 # -1 # ID=4_864;partial=00;start_type=ATG;rbs_motif=GGAGG;rbs_spacer=5-10bp;gc_cont=0.380
GCA_000820865.2_Bacillus_saudimassiliensis_JCA_genomic	LN623569.1_297	-	lolD.aln	-	1e-35	121.3	1.2	1.4e-09	35.9	0.0	4.4	4	0	0	4	4	4	4	# 341173 # 343092 # 1 # ID=14_297;partial=00;start_type=ATG;rbs_motif=GGAG/GAGG;rbs_spacer=5-10bp;gc_cont=0.427
GCA_000820865.2_Bacillus_saudimassiliensis_JCA_genomic	LN623571.1_646	-	lolD.aln	-	2.1e-35	120.3	0.0	2.8e-35	119.9	0.0	1.1	1	0	0	1	1	1	1	# 701223 # 702215 # 1 # ID=16_646;partial=00;start_type=ATG;rbs_motif=AGGAGG;rbs_spacer=5-10bp;gc_cont=0.451
GCA_000820865.2_Bacillus_saudimassiliensis_JCA_genomic	LN623572.1_889	-	lolD.aln	-	4.6e-35	119.2	0.4	6e-35	118.8	0.4	1.1	1	0	0	1	1	1	1	# 870102 # 870896 # 1 # ID=4_889;partial=00;start_type=ATG;rbs_motif=AGxAGG/AGGxGG;rbs_spacer=5-10bp;gc_cont=0.400
GCA_000820865.2_Bacillus_saudimassiliensis_JCA_genomic	LN623570.1_212	-	lolD.aln	-	1.7e-34	117.3	0.1	2.3e-34	116.9	0.1	1.2	1	0	0	1	1	1	1	# 231821 # 232543 # -1 # ID=15_212;partial=00;start_type=ATG;rbs_motif=AGxAGG/AGGxGG;rbs_spacer=5-10bp;gc_cont=0.426
GCA_000820865.2_Bacillus_saudimassiliensis_JCA_genomic	LN623572.1_1599	-	lolD.aln	-	3.4e-34	116.3	0.1	6.7e-34	115.4	0.1	1.5	1	1	0	1	1	1	1	# 1597595 # 1599061 # -1 # ID=4_1599;partial=00;start_type=ATG;rbs_motif=AGxAG;rbs_spacer=5-10bp;gc_cont=0.439
GCA_000820865.2_Bacillus_saudimassiliensis_JCA_genomic	LN623571.1_591	-	lolD.aln	-	5e-34	115.8	0.7	6.3e-34	115.5	0.7	1.1	1	0	0	1	1	1	1	# 641343 # 642050 # 1 # ID=16_591;partial=00;start_type=ATG;rbs_motif=AGxAGG/AGGxGG;rbs_spacer=5-10bp;gc_cont=0.453
GCA_000820865.2_Bacillus_saudimassiliensis_JCA_genomic	LN623567.1_151	-	lolD.aln	-	1.1e-32	111.4	0.0	1.5e-32	111.0	0.0	1.1	1	0	0	1	1	1	1	# 147533 # 148276 # 1 # ID=13_151;partial=00;start_type=ATG;rbs_motif=AGGAGG;rbs_spacer=5-10bp;gc_cont=0.407
GCA_000820865.2_Bacillus_saudimassiliensis_JCA_genomic	LN623570.1_527	-	lolD.aln	-	1.7e-32	110.8	0.2	2.7e-32	110.1	0.2	1.3	1	0	0	1	1	1	1	# 557312 # 559078 # 1 # ID=15_527;partial=00;start_type=TTG;rbs_motif=AGGAGG;rbs_spacer=5-10bp;gc_cont=0.372
GCA_000820865.2_Bacillus_saudimassiliensis_JCA_genomic	LN623572.1_404	-	lolD.aln	-	3e-32	110.0	0.0	3.8e-32	109.6	0.0	1.1	1	0	0	1	1	1	1	# 417291 # 418064 # 1 # ID=4_404;partial=00;start_type=GTG;rbs_motif=GGAGG;rbs_spacer=5-10bp;gc_cont=0.358
GCA_000820865.2_Bacillus_saudimassiliensis_JCA_genomic	LN623567.1_138	-	lolD.aln	-	5.9e-32	109.0	1.5	1.4e-19	68.6	0.1	2.0	2	0	0	2	2	2	2	# 135260 # 136078 # -1 # ID=13_138;partial=00;start_type=ATG;rbs_motif=AGGAG;rbs_spacer=5-10bp;gc_cont=0.422
GCA_000820865.2_Bacillus_saudimassiliensis_JCA_genomic	LN623572.1_140	-	lolD.aln	-	1.7e-31	107.5	0.0	2.3e-31	107.1	0.0	1.2	1	0	0	1	1	1	1	# 150622 # 151560 # 1 # ID=4_140;partial=00;start_type=ATG;rbs_motif=AGGA;rbs_spacer=5-10bp;gc_cont=0.370
GCA_000820865.2_Bacillus_saudimassiliensis_JCA_genomic	LN623571.1_188	-	lolD.aln	-	4.6e-31	106.1	0.2	6.4e-31	105.6	0.2	1.2	1	0	0	1	1	1	1	# 208447 # 209154 # 1 # ID=16_188;partial=00;start_type=ATG;rbs_motif=AGGAGG;rbs_spacer=5-10bp;gc_cont=0.456
GCA_000820865.2_Bacillus_saudimassiliensis_JCA_genomic	LN623569.1_22	-	lolD.aln	-	9.3e-31	105.1	0.0	1.9e-30	104.1	0.0	1.5	1	0	0	1	1	1	1	# 20054 # 21808 # -1 # ID=14_22;partial=00;start_type=ATG;rbs_motif=AGGAG/GGAGG;rbs_spacer=11-12bp;gc_cont=0.426
GCA_000820865.2_Bacillus_saudimassiliensis_JCA_genomic	LN623566.1_132	-	lolD.aln	-	3.1e-30	103.4	5.8	3.8e-08	31.2	0.3	4.3	3	1	1	4	4	4	4	# 117544 # 119172 # -1 # ID=12_132;partial=00;start_type=ATG;rbs_motif=GGA/GAG/AGG;rbs_spacer=5-10bp;gc_cont=0.406
GCA_000820865.2_Bacillus_saudimassiliensis_JCA_genomic	LN623572.1_1557	-	lolD.aln	-	3.5e-30	103.2	0.2	4.4e-30	102.9	0.2	1.1	1	0	0	1	1	1	1	# 1556992 # 1557699 # -1 # ID=4_1557;partial=00;start_type=TTG;rbs_motif=AGGAGG;rbs_spacer=5-10bp;gc_cont=0.438
GCA_000820865.2_Bacillus_saudimassiliensis_JCA_genomic	LN623570.1_531	-	lolD.aln	-	7.9e-30	102.1	0.0	1.4e-29	101.3	0.0	1.3	1	0	0	1	1	1	1	# 566684 # 567700 # 1 # ID=15_531;partial=00;start_type=ATG;rbs_motif=AGGAGG;rbs_spacer=5-10bp;gc_cont=0.389
GCA_000820865.2_Bacillus_saudimassiliensis_JCA_genomic	LN623572.1_1558	-	lolD.aln	-	1e-29	101.7	0.8	1.1e-28	98.3	0.8	1.9	1	1	0	1	1	1	1	# 1557692 # 1558459 # -1 # ID=4_1558;partial=00;start_type=ATG;rbs_motif=AGGAGG;rbs_spacer=5-10bp;gc_cont=0.431
GCA_000820865.2_Bacillus_saudimassiliensis_JCA_genomic	LN623572.1_1347	-	lolD.aln	-	1.5e-29	101.2	0.2	2e-29	100.8	0.2	1.2	1	0	0	1	1	1	1	# 1349490 # 1350251 # -1 # ID=4_1347;partial=00;start_type=ATG;rbs_motif=AGGAGG;rbs_spacer=5-10bp;gc_cont=0.514
GCA_000820865.2_Bacillus_saudimassiliensis_JCA_genomic	LN623569.1_214	-	lolD.aln	-	2e-29	100.8	0.0	2.5e-29	100.4	0.0	1.1	1	0	0	1	1	1	1	# 246985 # 247929 # -1 # ID=14_214;partial=00;start_type=ATG;rbs_motif=GGAG/GAGG;rbs_spacer=5-10bp;gc_cont=0.412
GCA_000820865.2_Bacillus_saudimassiliensis_JCA_genomic	LN623571.1_187	-	lolD.aln	-	2.1e-29	100.7	0.4	3e-28	96.9	0.4	1.9	1	1	0	1	1	1	1	# 207667 # 208446 # 1 # ID=16_187;partial=00;start_type=ATG;rbs_motif=AGGAGG;rbs_spacer=5-10bp;gc_cont=0.429
GCA_000820865.2_Bacillus_saudimassiliensis_JCA_genomic	LN623570.1_70	-	lolD.aln	-	2.6e-29	100.4	1.2	6.6e-29	99.1	0.4	2.1	2	1	0	2	2	1	1	# 83196 # 84935 # 1 # ID=15_70;partial=00;start_type=ATG;rbs_motif=AGGAGG;rbs_spacer=5-10bp;gc_cont=0.454
GCA_000820865.2_Bacillus_saudimassiliensis_JCA_genomic	LN623572.1_724	-	lolD.aln	-	2.6e-29	100.4	0.6	5.8e-29	99.2	0.6	1.5	1	1	0	1	1	1	1	# 714757 # 716478 # 1 # ID=4_724;partial=00;start_type=ATG;rbs_motif=GGxGG;rbs_spacer=5-10bp;gc_cont=0.382
GCA_000820865.2_Bacillus_saudimassiliensis_JCA_genomic	LN623566.1_240	-	lolD.aln	-	5.2e-29	99.4	0.0	7.2e-29	98.9	0.0	1.2	1	0	0	1	1	1	1	# 228952 # 229890 # 1 # ID=12_240;partial=00;start_type=ATG;rbs_motif=GGA/GAG/AGG;rbs_spacer=5-10bp;gc_cont=0.408
GCA_000820865.2_Bacillus_saudimassiliensis_JCA_genomic	LN623570.1_244	-	lolD.aln	-	1.5e-28	97.9	0.8	1.7e-28	97.7	0.8	1.1	1	0	0	1	1	1	1	# 262613 # 263416 # 1 # ID=15_244;partial=00;start_type=ATG;rbs_motif=AGxAGG/AGGxGG;rbs_spacer=5-10bp;gc_cont=0.437
GCA_000820865.2_Bacillus_saudimassiliensis_JCA_genomic	LN623572.1_1611	-	lolD.aln	-	2.7e-28	97.1	0.1	4e-28	96.5	0.1	1.2	1	0	0	1	1	1	1	# 1608229 # 1609944 # -1 # ID=4_1611;partial=00;start_type=ATG;rbs_motif=AGGAG;rbs_spacer=5-10bp;gc_cont=0.386
GCA_000820865.2_Bacillus_saudimassiliensis_JCA_genomic	LN623572.1_723	-	lolD.aln	-	4.4e-28	96.3	0.0	9.7e-28	95.2	0.0	1.5	1	1	0	1	1	1	1	# 713042 # 714760 # 1 # ID=4_723;partial=00;start_type=ATG;rbs_motif=AGGAG(G)/GGAGG;rbs_spacer=13-15bp;gc_cont=0.383
GCA_000820865.2_Bacillus_saudimassiliensis_JCA_genomic	LN623569.1_351	-	lolD.aln	-	4.7e-28	96.3	0.1	6.4e-28	95.8	0.1	1.2	1	0	0	1	1	1	1	# 401826 # 402749 # -1 # ID=14_351;partial=00;start_type=ATG;rbs_motif=GGAGG;rbs_spacer=5-10bp;gc_cont=0.430
GCA_000820865.2_Bacillus_saudimassiliensis_JCA_genomic	LN623572.1_546	-	lolD.aln	-	4.8e-28	96.2	0.1	3.2e-17	60.8	0.0	2.0	2	0	0	2	2	2	2	# 559936 # 560652 # 1 # ID=4_546;partial=00;start_type=ATG;rbs_motif=AGGA;rbs_spacer=5-10bp;gc_cont=0.400
GCA_000820865.2_Bacillus_saudimassiliensis_JCA_genomic	LN623569.1_79	-	lolD.aln	-	7.6e-28	95.6	0.7	2.8e-27	93.7	0.7	1.8	1	1	0	1	1	1	1	# 97132 # 97893 # -1 # ID=14_79;partial=00;start_type=ATG;rbs_motif=AGGAG/GGAGG;rbs_spacer=11-12bp;gc_cont=0.436
GCA_000820865.2_Bacillus_saudimassiliensis_JCA_genomic	LN623569.1_139	-	lolD.aln	-	1.2e-27	95.0	0.1	1.7e-27	94.4	0.1	1.2	1	0	0	1	1	1	1	# 164468 # 165391 # -1 # ID=14_139;partial=00;start_type=ATG;rbs_motif=AGGAGG;rbs_spacer=5-10bp;gc_cont=0.355
GCA_000820865.2_Bacillus_saudimassiliensis_JCA_genomic	LN623568.1_84	-	lolD.aln	-	1.6e-27	94.5	0.0	2.6e-27	93.8	0.0	1.2	1	0	0	1	1	1	1	# 91038 # 93053 # 1 # ID=3_84;partial=00;start_type=ATG;rbs_motif=AGGAGG;rbs_spacer=5-10bp;gc_cont=0.391
GCA_000820865.2_Bacillus_saudimassiliensis_JCA_genomic	LN623570.1_208	-	lolD.aln	-	2.3e-27	94.0	0.1	3.2e-27	93.5	0.1	1.2	1	0	0	1	1	1	1	# 228250 # 229140 # 1 # ID=15_208;partial=00;start_type=ATG;rbs_motif=AGGAGG;rbs_spacer=5-10bp;gc_cont=0.450
GCA_000820865.2_Bacillus_saudimassiliensis_JCA_genomic	LN623567.1_22	-	lolD.aln	-	2.8e-27	93.7	0.3	6.6e-27	92.5	0.3	1.6	1	1	0	1	1	1	1	# 21996 # 23747 # -1 # ID=13_22;partial=00;start_type=ATG;rbs_motif=AGxAGG/AGGxGG;rbs_spacer=5-10bp;gc_cont=0.397
GCA_000820865.2_Bacillus_saudimassiliensis_JCA_genomic	LN623572.1_403	-	lolD.aln	-	3.1e-27	93.6	0.0	3.9e-27	93.3	0.0	1.1	1	0	0	1	1	1	1	# 416455 # 417276 # 1 # ID=4_403;partial=00;start_type=ATG;rbs_motif=GGA/GAG/AGG;rbs_spacer=5-10bp;gc_cont=0.344
GCA_000820865.2_Bacillus_saudimassiliensis_JCA_genomic	LN623568.1_611	-	lolD.aln	-	3.4e-27	93.5	0.0	6.8e-27	92.5	0.0	1.4	1	0	0	1	1	1	1	# 628744 # 630495 # 1 # ID=3_611;partial=00;start_type=GTG;rbs_motif=GGxGG;rbs_spacer=5-10bp;gc_cont=0.416
GCA_000820865.2_Bacillus_saudimassiliensis_JCA_genomic	LN623566.1_207	-	lolD.aln	-	4.8e-27	93.0	0.3	2.8e-18	64.3	0.0	2.0	2	0	0	2	2	2	2	# 193869 # 194714 # -1 # ID=12_207;partial=00;start_type=ATG;rbs_motif=GGAGG;rbs_spacer=5-10bp;gc_cont=0.449
GCA_000820865.2_Bacillus_saudimassiliensis_JCA_genomic	LN623571.1_590	-	lolD.aln	-	6.6e-27	92.5	0.1	2.6e-26	90.5	0.1	1.8	1	1	0	1	1	1	1	# 639531 # 641339 # 1 # ID=16_590;partial=00;start_type=GTG;rbs_motif=GGAGG;rbs_spacer=5-10bp;gc_cont=0.409
GCA_000820865.2_Bacillus_saudimassiliensis_JCA_genomic	LN623570.1_347	-	lolD.aln	-	6.6e-27	92.5	0.0	8.5e-27	92.2	0.0	1.1	1	0	0	1	1	1	1	# 370228 # 371016 # 1 # ID=15_347;partial=00;start_type=GTG;rbs_motif=None;rbs_spacer=None;gc_cont=0.394
GCA_000820865.2_Bacillus_saudimassiliensis_JCA_genomic	LN623568.1_117	-	lolD.aln	-	8.2e-27	92.2	0.0	1e-26	91.9	0.0	1.1	1	0	0	1	1	1	1	# 124914 # 125693 # 1 # ID=3_117;partial=00;start_type=ATG;rbs_motif=AGGA;rbs_spacer=5-10bp;gc_cont=0.379
GCA_000820865.2_Bacillus_saudimassiliensis_JCA_genomic	LN623570.1_243	-	lolD.aln	-	9.3e-27	92.0	0.0	1.2e-26	91.6	0.0	1.1	1	0	0	1	1	1	1	# 261771 # 262616 # 1 # ID=15_243;partial=00;start_type=ATG;rbs_motif=GGAGG;rbs_spacer=5-10bp;gc_cont=0.421
GCA_000820865.2_Bacillus_saudimassiliensis_JCA_genomic	LN623568.1_579	-	lolD.aln	-	1e-26	91.9	0.0	1.7e-26	91.1	0.0	1.3	1	1	0	1	1	1	1	# 593317 # 594126 # 1 # ID=3_579;partial=00;start_type=ATG;rbs_motif=AGGAG;rbs_spacer=5-10bp;gc_cont=0.393
GCA_000820865.2_Bacillus_saudimassiliensis_JCA_genomic	LN623568.1_265	-	lolD.aln	-	1e-26	91.9	0.3	5e-26	89.6	0.3	1.8	1	1	0	1	1	1	1	# 276570 # 277277 # -1 # ID=3_265;partial=00;start_type=TTG;rbs_motif=GGA/GAG/AGG;rbs_spacer=5-10bp;gc_cont=0.410
GCA_000820865.2_Bacillus_saudimassiliensis_JCA_genomic	LN623566.1_150	-	lolD.aln	-	1.1e-26	91.8	0.0	2.2e-06	25.4	0.0	4.3	4	0	0	4	4	4	4	# 135269 # 136732 # -1 # ID=12_150;partial=00;start_type=ATG;rbs_motif=GGAG/GAGG;rbs_spacer=5-10bp;gc_cont=0.465
GCA_000820865.2_Bacillus_saudimassiliensis_JCA_genomic	LN623569.1_245	-	lolD.aln	-	2.6e-26	90.6	0.8	7.2e-26	89.1	0.8	1.6	1	1	0	1	1	1	1	# 284165 # 285001 # -1 # ID=14_245;partial=00;start_type=ATG;rbs_motif=AGGA/GGAG/GAGG;rbs_spacer=11-12bp;gc_cont=0.442
GCA_000820865.2_Bacillus_saudimassiliensis_JCA_genomic	LN623568.1_612	-	lolD.aln	-	3.3e-26	90.2	0.7	6.3e-26	89.3	0.1	1.7	2	0	0	2	2	1	1	# 630497 # 632290 # 1 # ID=3_612;partial=00;start_type=ATG;rbs_motif=GGAGG;rbs_spacer=5-10bp;gc_cont=0.408
GCA_000820865.2_Bacillus_saudimassiliensis_JCA_genomic	LN623570.1_71	-	lolD.aln	-	1.1e-25	88.5	0.1	1.2e-24	85.2	0.1	2.2	1	1	0	1	1	1	1	# 84932 # 86734 # 1 # ID=15_71;partial=00;start_type=ATG;rbs_motif=AGGAG;rbs_spacer=5-10bp;gc_cont=0.453
GCA_000820865.2_Bacillus_saudimassiliensis_JCA_genomic	LN623571.1_546	-	lolD.aln	-	3.2e-25	87.0	0.9	1.2e-24	85.1	0.9	1.8	1	1	0	1	1	1	1	# 597120 # 598052 # -1 # ID=16_546;partial=00;start_type=ATG;rbs_motif=AGGAG;rbs_spacer=5-10bp;gc_cont=0.516
GCA_000820865.2_Bacillus_saudimassiliensis_JCA_genomic	LN623572.1_1639	-	lolD.aln	-	4.7e-25	86.5	0.0	7.3e-25	85.8	0.0	1.3	1	0	0	1	1	1	1	# 1638068 # 1638982 # -1 # ID=4_1639;partial=00;start_type=ATG;rbs_motif=AGGAG;rbs_spacer=5-10bp;gc_cont=0.409
GCA_000820865.2_Bacillus_saudimassiliensis_JCA_genomic	LN623568.1_83	-	lolD.aln	-	7.2e-25	85.8	0.1	1.1e-24	85.2	0.1	1.2	1	0	0	1	1	1	1	# 89284 # 91041 # 1 # ID=3_83;partial=00;start_type=ATG;rbs_motif=AGxAGG/AGGxGG;rbs_spacer=5-10bp;gc_cont=0.415
GCA_000820865.2_Bacillus_saudimassiliensis_JCA_genomic	LN623571.1_674	-	lolD.aln	-	8.1e-25	85.7	0.0	1.3e-24	85.0	0.0	1.3	1	0	0	1	1	1	1	# 732637 # 733668 # 1 # ID=16_674;partial=00;start_type=ATG;rbs_motif=AGGAGG;rbs_spacer=5-10bp;gc_cont=0.535
GCA_000820865.2_Bacillus_saudimassiliensis_JCA_genomic	LN623572.1_1121	-	lolD.aln	-	9.9e-25	85.4	0.0	1.5e-24	84.8	0.0	1.2	1	0	0	1	1	1	1	# 1106628 # 1108358 # -1 # ID=4_1121;partial=00;start_type=ATG;rbs_motif=GGAG/GAGG;rbs_spacer=5-10bp;gc_cont=0.418
GCA_000820865.2_Bacillus_saudimassiliensis_JCA_genomic	LN623571.1_182	-	lolD.aln	-	1.3e-24	85.0	0.0	2.3e-24	84.2	0.0	1.3	1	0	0	1	1	1	1	# 200943 # 202790 # 1 # ID=16_182;partial=00;start_type=GTG;rbs_motif=AGGAGG;rbs_spacer=5-10bp;gc_cont=0.468
GCA_000820865.2_Bacillus_saudimassiliensis_JCA_genomic	LN623572.1_281	-	lolD.aln	-	1.5e-24	84.8	0.8	5.2e-24	83.0	0.8	1.7	1	1	0	1	1	1	1	# 303473 # 304399 # 1 # ID=4_281;partial=00;start_type=TTG;rbs_motif=AGGAG;rbs_spacer=5-10bp;gc_cont=0.413
GCA_000820865.2_Bacillus_saudimassiliensis_JCA_genomic	LN623572.1_1120	-	lolD.aln	-	3.5e-23	80.3	0.5	8.2e-23	79.1	0.2	1.7	2	0	0	2	2	1	1	# 1104691 # 1106631 # -1 # ID=4_1120;partial=00;start_type=ATG;rbs_motif=AGGAGG;rbs_spacer=5-10bp;gc_cont=0.405
GCA_000820865.2_Bacillus_saudimassiliensis_JCA_genomic	LN623571.1_181	-	lolD.aln	-	6.1e-23	79.5	0.1	1.2e-10	39.4	0.0	2.3	2	0	0	2	2	2	2	# 199209 # 200942 # 1 # ID=16_181;partial=00;start_type=ATG;rbs_motif=GGxGG;rbs_spacer=3-4bp;gc_cont=0.457
GCA_000820865.2_Bacillus_saudimassiliensis_JCA_genomic	LN623571.1_197	-	lolD.aln	-	9.1e-23	79.0	0.2	1.1e-22	78.6	0.2	1.1	1	0	0	1	1	1	1	# 216833 # 217510 # -1 # ID=16_197;partial=00;start_type=ATG;rbs_motif=AGGAGG;rbs_spacer=5-10bp;gc_cont=0.440
GCA_000820865.2_Bacillus_saudimassiliensis_JCA_genomic	LN623569.1_122	-	lolD.aln	-	1.5e-22	78.3	0.3	1.5e-10	39.0	0.2	2.1	2	0	0	2	2	2	2	# 146997 # 147902 # 1 # ID=14_122;partial=00;start_type=ATG;rbs_motif=AGGAGG;rbs_spacer=5-10bp;gc_cont=0.426
GCA_000820865.2_Bacillus_saudimassiliensis_JCA_genomic	LN623567.1_288	-	lolD.aln	-	1.7e-22	78.1	1.4	7.7e-06	23.6	0.0	4.2	4	0	0	4	4	4	4	# 290420 # 293293 # -1 # ID=13_288;partial=00;start_type=ATG;rbs_motif=AGGA;rbs_spacer=5-10bp;gc_cont=0.448
GCA_000820865.2_Bacillus_saudimassiliensis_JCA_genomic	LN623567.1_21	-	lolD.aln	-	2.7e-22	77.4	0.1	4.6e-22	76.7	0.1	1.3	1	0	0	1	1	1	1	# 20216 # 21994 # -1 # ID=13_21;partial=00;start_type=ATG;rbs_motif=AGGA/GGAG/GAGG;rbs_spacer=11-12bp;gc_cont=0.388
GCA_000820865.2_Bacillus_saudimassiliensis_JCA_genomic	LN623566.1_113	-	lolD.aln	-	9.6e-22	75.6	1.1	6e-21	73.0	1.1	2.0	1	1	0	1	1	1	1	# 99399 # 100343 # 1 # ID=12_113;partial=00;start_type=ATG;rbs_motif=AGGAGG;rbs_spacer=5-10bp;gc_cont=0.421
GCA_000820865.2_Bacillus_saudimassiliensis_JCA_genomic	LN623571.1_539	-	lolD.aln	-	2.4e-21	74.3	0.1	3e-20	70.7	0.1	2.1	1	1	0	1	1	1	1	# 592101 # 593015 # 1 # ID=16_539;partial=00;start_type=ATG;rbs_motif=GGAG/GAGG;rbs_spacer=5-10bp;gc_cont=0.432
GCA_000820865.2_Bacillus_saudimassiliensis_JCA_genomic	LN623568.1_102	-	lolD.aln	-	1.1e-18	65.7	0.0	2.7e-18	64.3	0.0	1.6	1	1	0	1	1	1	1	# 109929 # 110828 # 1 # ID=3_102;partial=00;start_type=ATG;rbs_motif=AGGAG;rbs_spacer=5-10bp;gc_cont=0.388
GCA_000820865.2_Bacillus_saudimassiliensis_JCA_genomic	LN623567.1_235	-	lolD.aln	-	3.4e-17	60.8	0.0	6.8e-17	59.8	0.0	1.4	1	1	0	1	1	1	1	# 236719 # 237600 # 1 # ID=13_235;partial=00;start_type=ATG;rbs_motif=AGGAG;rbs_spacer=5-10bp;gc_cont=0.415
GCA_000820865.2_Bacillus_saudimassiliensis_JCA_genomic	LN623567.1_117	-	lolD.aln	-	2.3e-15	54.8	0.5	1.1e-08	32.9	0.1	2.0	2	0	0	2	2	2	2	# 115569 # 116354 # -1 # ID=13_117;partial=00;start_type=ATG;rbs_motif=GGAGG;rbs_spacer=5-10bp;gc_cont=0.391
GCA_000820865.2_Bacillus_saudimassiliensis_JCA_genomic	LN623571.1_556	-	lolD.aln	-	6.6e-15	53.3	0.1	2.9e-14	51.2	0.1	1.8	1	1	0	1	1	1	1	# 603794 # 604483 # 1 # ID=16_556;partial=00;start_type=ATG;rbs_motif=AGGAGG;rbs_spacer=5-10bp;gc_cont=0.420
GCA_000820865.2_Bacillus_saudimassiliensis_JCA_genomic	LN623566.1_79	-	lolD.aln	-	1.2e-14	52.4	0.0	4e-06	24.5	0.0	4.1	3	1	0	3	3	3	2	# 69546 # 72716 # 1 # ID=12_79;partial=00;start_type=ATG;rbs_motif=GGAGG;rbs_spacer=5-10bp;gc_cont=0.378
GCA_000820865.2_Bacillus_saudimassiliensis_JCA_genomic	LN623566.1_97	-	lolD.aln	-	6.2e-14	50.1	0.0	3.7e-13	47.6	0.0	1.9	1	1	0	1	1	1	1	# 84662 # 85435 # 1 # ID=12_97;partial=00;start_type=ATG;rbs_motif=AGGAG;rbs_spacer=5-10bp;gc_cont=0.295
GCA_000820865.2_Bacillus_saudimassiliensis_JCA_genomic	LN623571.1_395	-	lolD.aln	-	2.5e-12	44.8	0.0	6.9e-07	27.0	0.2	2.2	2	0	0	2	2	2	2	# 412717 # 414429 # 1 # ID=16_395;partial=00;start_type=ATG;rbs_motif=AGGAG;rbs_spacer=5-10bp;gc_cont=0.414
GCA_000820865.2_Bacillus_saudimassiliensis_JCA_genomic	LN623571.1_515	-	lolD.aln	-	1.1e-09	36.1	0.0	4.8e-06	24.3	0.0	2.1	2	0	0	2	2	2	2	# 566938 # 567831 # -1 # ID=16_515;partial=00;start_type=ATG;rbs_motif=GGAG/GAGG;rbs_spacer=5-10bp;gc_cont=0.386
GCA_000820865.2_Bacillus_saudimassiliensis_JCA_genomic	LN623572.1_1115	-	lolD.aln	-	4e-07	27.8	0.0	4.6e-07	27.6	0.0	1.1	1	0	0	1	1	1	1	# 1098571 # 1098870 # 1 # ID=4_1115;partial=00;start_type=GTG;rbs_motif=GGA/GAG/AGG;rbs_spacer=11-12bp;gc_cont=0.443
GCA_000820865.2_Bacillus_saudimassiliensis_JCA_genomic	LN623571.1_448	-	lolD.aln	-	0.00099	16.7	0.0	0.0018	15.9	0.0	1.4	1	0	0	1	1	1	1	# 469926 # 470561 # 1 # ID=16_448;partial=00;start_type=ATG;rbs_motif=GGAG/GAGG;rbs_spacer=5-10bp;gc_cont=0.351
GCA_000820865.2_Bacillus_saudimassiliensis_JCA_genomic	LN623570.1_329	-	lolD.aln	-	0.0014	16.2	0.0	0.0029	15.2	0.0	1.4	1	0	0	1	1	1	1	# 347792 # 350545 # 1 # ID=15_329;partial=00;start_type=ATG;rbs_motif=GGAGG;rbs_spacer=5-10bp;gc_cont=0.398
GCA_000820865.2_Bacillus_saudimassiliensis_JCA_genomic	LN623567.1_182	-	lolD.aln	-	0.0025	15.4	0.0	0.065	10.8	0.0	2.2	2	0	0	2	2	2	1	# 180129 # 181493 # -1 # ID=13_182;partial=00;start_type=GTG;rbs_motif=GGA/GAG/AGG;rbs_spacer=5-10bp;gc_cont=0.291
GCA_000820865.2_Bacillus_saudimassiliensis_JCA_genomic	LN623572.1_1501	-	lolD.aln	-	0.014	12.9	0.2	0.027	12.0	0.2	1.4	1	0	0	1	1	1	0	# 1503187 # 1504509 # -1 # ID=4_1501;partial=00;start_type=ATG;rbs_motif=AGGA;rbs_spacer=5-10bp;gc_cont=0.466
GCA_000820865.2_Bacillus_saudimassiliensis_JCA_genomic	LN623571.1_432	-	lolD.aln	-	0.015	12.9	0.0	0.032	11.8	0.0	1.5	1	0	0	1	1	1	0	# 452355 # 454625 # 1 # ID=16_432;partial=00;start_type=GTG;rbs_motif=GGA/GAG/AGG;rbs_spacer=5-10bp;gc_cont=0.268
GCA_000820865.2_Bacillus_saudimassiliensis_JCA_genomic	LN623572.1_226	-	lolD.aln	-	0.016	12.8	0.0	0.03	11.8	0.0	1.4	1	0	0	1	1	1	0	# 248164 # 249204 # 1 # ID=4_226;partial=00;start_type=ATG;rbs_motif=AGGAG;rbs_spacer=5-10bp;gc_cont=0.409
GCA_000820865.2_Bacillus_saudimassiliensis_JCA_genomic	LN623566.1_90	-	lolD.aln	-	0.036	11.6	0.0	0.036	11.6	0.0	1.1	1	0	0	1	1	1	0	# 79373 # 79582 # 1 # ID=12_90;partial=00;start_type=TTG;rbs_motif=GGAGG;rbs_spacer=5-10bp;gc_cont=0.305
GCA_000825945.1_Bangui-IP-6_genomic	CDEN01000029.1_5	-	lolD.aln	-	6.6e-80	264.7	0.3	7.6e-80	264.5	0.3	1.0	1	0	0	1	1	1	1	# 3700 # 4410 # -1 # ID=29_5;partial=00;start_type=GTG;rbs_motif=GGAG/GAGG;rbs_spacer=5-10bp;gc_cont=0.367
GCA_000825945.1_Bangui-IP-6_genomic	CDEN01000049.1_24	-	lolD.aln	-	2.4e-68	226.9	0.1	3e-68	226.5	0.1	1.0	1	0	0	1	1	1	1	# 20780 # 21481 # 1 # ID=49_24;partial=00;start_type=ATG;rbs_motif=GGAG/GAGG;rbs_spacer=5-10bp;gc_cont=0.383
GCA_000825945.1_Bangui-IP-6_genomic	CDEN01000005.1_66	-	lolD.aln	-	4.3e-63	209.7	0.3	5.1e-63	209.4	0.3	1.0	1	0	0	1	1	1	1	# 70116 # 70868 # 1 # ID=5_66;partial=00;start_type=ATG;rbs_motif=AGGAG;rbs_spacer=5-10bp;gc_cont=0.345
GCA_000825945.1_Bangui-IP-6_genomic	CDEN01000012.1_30	-	lolD.aln	-	6.4e-63	209.1	0.6	7.2e-63	208.9	0.6	1.0	1	0	0	1	1	1	1	# 30499 # 31185 # 1 # ID=12_30;partial=00;start_type=ATG;rbs_motif=GGAGG;rbs_spacer=5-10bp;gc_cont=0.374
GCA_000825945.1_Bangui-IP-6_genomic	CDEN01000008.1_112	-	lolD.aln	-	2.1e-58	194.3	0.7	9e-30	100.7	0.0	2.7	2	1	0	2	2	2	2	# 113915 # 115591 # 1 # ID=8_112;partial=00;start_type=ATG;rbs_motif=GGA/GAG/AGG;rbs_spacer=5-10bp;gc_cont=0.348
GCA_000825945.1_Bangui-IP-6_genomic	CDEN01000008.1_106	-	lolD.aln	-	1.4e-57	191.6	2.9	2e-57	191.2	2.9	1.2	1	0	0	1	1	1	1	# 107453 # 108523 # 1 # ID=8_106;partial=00;start_type=ATG;rbs_motif=3Base/5BMM;rbs_spacer=13-15bp;gc_cont=0.359
GCA_000825945.1_Bangui-IP-6_genomic	CDEN01000003.1_54	-	lolD.aln	-	2.5e-54	181.0	0.1	2.9e-54	180.8	0.1	1.0	1	0	0	1	1	1	1	# 54602 # 55336 # -1 # ID=3_54;partial=00;start_type=ATG;rbs_motif=GGA/GAG/AGG;rbs_spacer=11-12bp;gc_cont=0.371
GCA_000825945.1_Bangui-IP-6_genomic	CDEN01000003.1_27	-	lolD.aln	-	5e-54	180.0	0.2	5.6e-54	179.9	0.2	1.0	1	0	0	1	1	1	1	# 25554 # 26246 # -1 # ID=3_27;partial=00;start_type=ATG;rbs_motif=AGGAG;rbs_spacer=3-4bp;gc_cont=0.377
GCA_000825945.1_Bangui-IP-6_genomic	CDEN01000035.1_6	-	lolD.aln	-	1.8e-53	178.2	0.1	2.1e-53	178.0	0.1	1.0	1	0	0	1	1	1	1	# 9303 # 10043 # 1 # ID=35_6;partial=00;start_type=ATG;rbs_motif=GGAG/GAGG;rbs_spacer=5-10bp;gc_cont=0.371
GCA_000825945.1_Bangui-IP-6_genomic	CDEN01000016.1_56	-	lolD.aln	-	6.7e-53	176.3	0.2	8.8e-53	175.9	0.2	1.2	1	0	0	1	1	1	1	# 55389 # 56543 # -1 # ID=16_56;partial=00;start_type=TTG;rbs_motif=AGGAG/GGAGG;rbs_spacer=11-12bp;gc_cont=0.365
GCA_000825945.1_Bangui-IP-6_genomic	CDEN01000005.1_27	-	lolD.aln	-	2e-52	174.8	6.2	2e-30	102.8	0.9	2.1	2	0	0	2	2	2	2	# 28090 # 29625 # 1 # ID=5_27;partial=00;start_type=ATG;rbs_motif=GGAG/GAGG;rbs_spacer=5-10bp;gc_cont=0.368
GCA_000825945.1_Bangui-IP-6_genomic	CDEN01000012.1_25	-	lolD.aln	-	2.8e-52	174.3	0.1	8.1e-29	97.6	0.1	2.1	2	0	0	2	2	2	2	# 25472 # 26950 # -1 # ID=12_25;partial=00;start_type=ATG;rbs_motif=AGGAG;rbs_spacer=5-10bp;gc_cont=0.382
GCA_000825945.1_Bangui-IP-6_genomic	CDEN01000002.1_39	-	lolD.aln	-	1.8e-51	171.7	0.1	2.1e-51	171.5	0.1	1.0	1	0	0	1	1	1	1	# 36731 # 37486 # 1 # ID=2_39;partial=00;start_type=ATG;rbs_motif=AGGAGG;rbs_spacer=5-10bp;gc_cont=0.372
GCA_000825945.1_Bangui-IP-6_genomic	CDEN01000012.1_43	-	lolD.aln	-	3e-51	170.9	0.4	3.4e-51	170.7	0.4	1.0	1	0	0	1	1	1	1	# 42487 # 43227 # -1 # ID=12_43;partial=00;start_type=ATG;rbs_motif=AGGAGG;rbs_spacer=5-10bp;gc_cont=0.360
GCA_000825945.1_Bangui-IP-6_genomic	CDEN01000060.1_4	-	lolD.aln	-	5.1e-48	160.4	1.6	1.2e-47	159.1	1.6	1.5	1	1	0	1	1	1	1	# 3527 # 4183 # -1 # ID=60_4;partial=00;start_type=ATG;rbs_motif=AGGAG;rbs_spacer=5-10bp;gc_cont=0.297
GCA_000825945.1_Bangui-IP-6_genomic	CDEN01000019.1_44	-	lolD.aln	-	5e-46	153.8	0.3	5.8e-46	153.7	0.3	1.0	1	0	0	1	1	1	1	# 44404 # 45147 # -1 # ID=19_44;partial=00;start_type=ATG;rbs_motif=AGGAGG;rbs_spacer=5-10bp;gc_cont=0.355
GCA_000825945.1_Bangui-IP-6_genomic	CDEN01000007.1_39	-	lolD.aln	-	1e-44	149.5	0.0	1.2e-44	149.4	0.0	1.0	1	0	0	1	1	1	1	# 39783 # 40505 # -1 # ID=7_39;partial=00;start_type=ATG;rbs_motif=None;rbs_spacer=None;gc_cont=0.386
GCA_000825945.1_Bangui-IP-6_genomic	CDEN01000005.1_20	-	lolD.aln	-	1.1e-44	149.5	0.2	1.4e-44	149.1	0.2	1.0	1	0	0	1	1	1	1	# 22637 # 23266 # 1 # ID=5_20;partial=00;start_type=ATG;rbs_motif=GGAG/GAGG;rbs_spacer=5-10bp;gc_cont=0.351
GCA_000825945.1_Bangui-IP-6_genomic	CDEN01000068.1_5	-	lolD.aln	-	1.5e-44	149.0	0.3	2.1e-25	86.4	0.8	3.8	3	1	0	3	3	3	3	# 2823 # 4109 # -1 # ID=68_5;partial=00;start_type=ATG;rbs_motif=GGA/GAG/AGG;rbs_spacer=5-10bp;gc_cont=0.334
GCA_000825945.1_Bangui-IP-6_genomic	CDEN01000051.1_1	-	lolD.aln	-	3.4e-44	147.9	0.0	1.3e-43	146.0	0.0	1.8	2	0	0	2	2	2	1	# 140 # 1285 # 1 # ID=51_1;partial=00;start_type=ATG;rbs_motif=AGGAG;rbs_spacer=5-10bp;gc_cont=0.361
GCA_000825945.1_Bangui-IP-6_genomic	CDEN01000039.1_4	-	lolD.aln	-	2.9e-43	144.8	0.3	3.5e-43	144.6	0.3	1.0	1	0	0	1	1	1	1	# 2907 # 3953 # 1 # ID=39_4;partial=00;start_type=ATG;rbs_motif=AGGAGG;rbs_spacer=5-10bp;gc_cont=0.384
GCA_000825945.1_Bangui-IP-6_genomic	CDEN01000015.1_51	-	lolD.aln	-	1.7e-42	142.3	0.4	3.3e-42	141.4	0.4	1.5	1	0	0	1	1	1	1	# 45682 # 46905 # -1 # ID=15_51;partial=00;start_type=ATG;rbs_motif=AGGAG;rbs_spacer=5-10bp;gc_cont=0.378
GCA_000825945.1_Bangui-IP-6_genomic	CDEN01000002.1_73	-	lolD.aln	-	1.5e-41	139.2	1.1	4e-41	137.8	1.1	1.6	1	1	0	1	1	1	1	# 72607 # 73278 # -1 # ID=2_73;partial=00;start_type=ATG;rbs_motif=GGA/GAG/AGG;rbs_spacer=5-10bp;gc_cont=0.338
GCA_000825945.1_Bangui-IP-6_genomic	CDEN01000020.1_38	-	lolD.aln	-	4.5e-41	137.6	0.2	5.1e-41	137.5	0.2	1.0	1	0	0	1	1	1	1	# 40369 # 41103 # -1 # ID=20_38;partial=00;start_type=ATG;rbs_motif=AGGAG;rbs_spacer=5-10bp;gc_cont=0.305
GCA_000825945.1_Bangui-IP-6_genomic	CDEN01000008.1_49	-	lolD.aln	-	3.5e-40	134.8	0.0	7.4e-27	91.2	0.0	3.0	2	1	0	2	2	2	2	# 49148 # 50128 # 1 # ID=8_49;partial=00;start_type=TTG;rbs_motif=GGA/GAG/AGG;rbs_spacer=5-10bp;gc_cont=0.309
GCA_000825945.1_Bangui-IP-6_genomic	CDEN01000002.1_68	-	lolD.aln	-	2.4e-39	132.0	0.0	2.8e-39	131.8	0.0	1.0	1	0	0	1	1	1	1	# 68470 # 69126 # -1 # ID=2_68;partial=00;start_type=ATG;rbs_motif=AGGAG;rbs_spacer=5-10bp;gc_cont=0.335
GCA_000825945.1_Bangui-IP-6_genomic	CDEN01000039.1_5	-	lolD.aln	-	3.2e-39	131.6	0.2	4.1e-39	131.2	0.2	1.1	1	0	0	1	1	1	1	# 3953 # 4885 # 1 # ID=39_5;partial=00;start_type=ATG;rbs_motif=GGAGG;rbs_spacer=5-10bp;gc_cont=0.360
GCA_000825945.1_Bangui-IP-6_genomic	CDEN01000026.1_41	-	lolD.aln	-	5.3e-39	130.9	0.0	7.6e-39	130.4	0.0	1.1	1	0	0	1	1	1	1	# 47129 # 48262 # -1 # ID=26_41;partial=00;start_type=ATG;rbs_motif=GGAG/GAGG;rbs_spacer=5-10bp;gc_cont=0.372
GCA_000825945.1_Bangui-IP-6_genomic	CDEN01000010.1_21	-	lolD.aln	-	5.8e-39	130.7	0.3	1.9e-11	40.8	0.0	4.4	4	0	0	4	4	4	4	# 23000 # 24910 # -1 # ID=10_21;partial=00;start_type=ATG;rbs_motif=None;rbs_spacer=None;gc_cont=0.349
GCA_000825945.1_Bangui-IP-6_genomic	CDEN01000007.1_17	-	lolD.aln	-	7.2e-39	130.4	0.2	8.5e-39	130.2	0.2	1.1	1	0	0	1	1	1	1	# 15816 # 16655 # 1 # ID=7_17;partial=00;start_type=ATG;rbs_motif=AGGA/GGAG/GAGG;rbs_spacer=11-12bp;gc_cont=0.376
GCA_000825945.1_Bangui-IP-6_genomic	CDEN01000007.1_18	-	lolD.aln	-	3.7e-38	128.1	0.0	4.8e-38	127.8	0.0	1.1	1	0	0	1	1	1	1	# 16631 # 17473 # 1 # ID=7_18;partial=00;start_type=ATG;rbs_motif=4Base/6BMM;rbs_spacer=13-15bp;gc_cont=0.358
GCA_000825945.1_Bangui-IP-6_genomic	CDEN01000022.1_10	-	lolD.aln	-	5.1e-38	127.7	5.2	2.2e-12	43.8	0.1	4.2	4	0	0	4	4	4	4	# 11885 # 13753 # -1 # ID=22_10;partial=00;start_type=ATG;rbs_motif=GGAG/GAGG;rbs_spacer=5-10bp;gc_cont=0.337
GCA_000825945.1_Bangui-IP-6_genomic	CDEN01000035.1_46	-	lolD.aln	-	1.8e-35	119.4	0.0	3e-20	69.6	0.0	2.0	2	0	0	2	2	2	2	# 47675 # 48355 # -1 # ID=35_46;partial=00;start_type=ATG;rbs_motif=AGGAG;rbs_spacer=5-10bp;gc_cont=0.333
GCA_000825945.1_Bangui-IP-6_genomic	CDEN01000025.1_17	-	lolD.aln	-	3.1e-34	115.3	0.1	5.1e-11	39.4	0.0	4.2	4	0	0	4	4	4	4	# 19102 # 20643 # -1 # ID=25_17;partial=00;start_type=ATG;rbs_motif=AGGA;rbs_spacer=5-10bp;gc_cont=0.353
GCA_000825945.1_Bangui-IP-6_genomic	CDEN01000007.1_91	-	lolD.aln	-	5e-33	111.3	3.0	8.8e-33	110.5	3.0	1.4	1	1	0	1	1	1	1	# 89958 # 90761 # 1 # ID=7_91;partial=00;start_type=ATG;rbs_motif=AGGA;rbs_spacer=5-10bp;gc_cont=0.387
GCA_000825945.1_Bangui-IP-6_genomic	CDEN01000013.1_39	-	lolD.aln	-	5.5e-33	111.2	0.9	7e-33	110.9	0.9	1.1	1	0	0	1	1	1	1	# 34853 # 35563 # 1 # ID=13_39;partial=00;start_type=ATG;rbs_motif=GGxGG;rbs_spacer=5-10bp;gc_cont=0.367
GCA_000825945.1_Bangui-IP-6_genomic	CDEN01000035.1_47	-	lolD.aln	-	4.2e-32	108.3	0.1	5.5e-32	107.9	0.1	1.1	1	0	0	1	1	1	1	# 48342 # 49130 # -1 # ID=35_47;partial=00;start_type=ATG;rbs_motif=GGA/GAG/AGG;rbs_spacer=5-10bp;gc_cont=0.359
GCA_000825945.1_Bangui-IP-6_genomic	CDEN01000014.1_4	-	lolD.aln	-	1.4e-31	106.6	0.1	9.6e-13	45.0	0.0	4.3	4	0	0	4	4	4	3	# 3050 # 4669 # 1 # ID=14_4;partial=00;start_type=TTG;rbs_motif=GGAG/GAGG;rbs_spacer=5-10bp;gc_cont=0.361
GCA_000825945.1_Bangui-IP-6_genomic	CDEN01000049.1_40	-	lolD.aln	-	2.1e-31	106.0	0.0	2.4e-31	105.8	0.0	1.0	1	0	0	1	1	1	1	# 36048 # 36806 # 1 # ID=49_40;partial=00;start_type=ATG;rbs_motif=GGAG/GAGG;rbs_spacer=5-10bp;gc_cont=0.378
GCA_000825945.1_Bangui-IP-6_genomic	CDEN01000019.1_74	-	lolD.aln	-	6.9e-31	104.3	0.3	9.9e-31	103.8	0.3	1.2	1	0	0	1	1	1	1	# 77688 # 78404 # 1 # ID=19_74;partial=00;start_type=ATG;rbs_motif=AGGAG/GGAGG;rbs_spacer=11-12bp;gc_cont=0.335
GCA_000825945.1_Bangui-IP-6_genomic	CDEN01000026.1_80	-	lolD.aln	-	1.4e-30	103.3	0.0	1.9e-30	102.9	0.0	1.1	1	0	0	1	1	1	1	# 88532 # 89281 # -1 # ID=26_80;partial=00;start_type=GTG;rbs_motif=GGA/GAG/AGG;rbs_spacer=5-10bp;gc_cont=0.379
GCA_000825945.1_Bangui-IP-6_genomic	CDEN01000013.1_38	-	lolD.aln	-	2.3e-30	102.7	0.9	2e-29	99.6	0.9	1.9	1	1	0	1	1	1	1	# 34089 # 34853 # 1 # ID=13_38;partial=00;start_type=ATG;rbs_motif=GGAGG;rbs_spacer=5-10bp;gc_cont=0.353
GCA_000825945.1_Bangui-IP-6_genomic	CDEN01000029.1_37	-	lolD.aln	-	5.1e-30	101.5	0.7	2.5e-18	63.3	0.0	2.0	2	0	0	2	2	2	2	# 34008 # 34802 # 1 # ID=29_37;partial=00;start_type=ATG;rbs_motif=GGA/GAG/AGG;rbs_spacer=5-10bp;gc_cont=0.351
GCA_000825945.1_Bangui-IP-6_genomic	CDEN01000027.1_38	-	lolD.aln	-	1.2e-29	100.3	0.0	6.7e-19	65.1	0.0	2.0	1	1	1	2	2	2	2	# 38707 # 39333 # 1 # ID=27_38;partial=00;start_type=ATG;rbs_motif=AGGAG;rbs_spacer=5-10bp;gc_cont=0.354
GCA_000825945.1_Bangui-IP-6_genomic	CDEN01000030.1_17	-	lolD.aln	-	4.6e-29	98.4	0.0	5.8e-29	98.0	0.0	1.0	1	0	0	1	1	1	1	# 14744 # 15469 # -1 # ID=30_17;partial=00;start_type=ATG;rbs_motif=GGA/GAG/AGG;rbs_spacer=5-10bp;gc_cont=0.346
GCA_000825945.1_Bangui-IP-6_genomic	CDEN01000008.1_52	-	lolD.aln	-	7.2e-29	97.7	0.0	1.3e-28	96.9	0.0	1.3	1	0	0	1	1	1	1	# 51895 # 53616 # 1 # ID=8_52;partial=00;start_type=ATG;rbs_motif=GGA/GAG/AGG;rbs_spacer=5-10bp;gc_cont=0.306
GCA_000825945.1_Bangui-IP-6_genomic	CDEN01000044.1_2	-	lolD.aln	-	1.5e-28	96.7	0.0	2.7e-28	95.8	0.0	1.3	1	0	0	1	1	1	1	# 740 # 1669 # -1 # ID=44_2;partial=00;start_type=ATG;rbs_motif=4Base/6BMM;rbs_spacer=13-15bp;gc_cont=0.335
GCA_000825945.1_Bangui-IP-6_genomic	CDEN01000049.1_20	-	lolD.aln	-	3.6e-28	95.4	0.0	4.7e-28	95.1	0.0	1.1	1	0	0	1	1	1	1	# 15597 # 16358 # 1 # ID=49_20;partial=00;start_type=ATG;rbs_motif=AGGA;rbs_spacer=5-10bp;gc_cont=0.331
GCA_000825945.1_Bangui-IP-6_genomic	CDEN01000026.1_72	-	lolD.aln	-	1.7e-27	93.2	0.0	2.4e-27	92.8	0.0	1.2	1	0	0	1	1	1	1	# 79976 # 80824 # -1 # ID=26_72;partial=00;start_type=ATG;rbs_motif=AGGAG;rbs_spacer=5-10bp;gc_cont=0.363
GCA_000825945.1_Bangui-IP-6_genomic	CDEN01000008.1_51	-	lolD.aln	-	1.9e-27	93.1	0.0	2.5e-27	92.7	0.0	1.1	1	0	0	1	1	1	1	# 51030 # 51905 # 1 # ID=8_51;partial=00;start_type=ATG;rbs_motif=None;rbs_spacer=None;gc_cont=0.328
GCA_000825945.1_Bangui-IP-6_genomic	CDEN01000008.1_6	-	lolD.aln	-	1.9e-27	93.1	0.1	4.6e-27	91.8	0.1	1.6	1	1	0	1	1	1	1	# 6838 # 8586 # 1 # ID=8_6;partial=00;start_type=ATG;rbs_motif=GGAGG;rbs_spacer=5-10bp;gc_cont=0.361
GCA_000825945.1_Bangui-IP-6_genomic	CDEN01000027.1_3	-	lolD.aln	-	4e-27	92.0	0.2	4.8e-26	88.5	0.2	1.9	1	1	0	1	1	1	1	# 1508 # 2218 # 1 # ID=27_3;partial=00;start_type=ATG;rbs_motif=AGxAGG/AGGxGG;rbs_spacer=5-10bp;gc_cont=0.380
GCA_000825945.1_Bangui-IP-6_genomic	CDEN01000003.1_84	-	lolD.aln	-	6.7e-27	91.3	0.0	1e-26	90.7	0.0	1.2	1	0	0	1	1	1	1	# 83414 # 85153 # -1 # ID=3_84;partial=00;start_type=ATG;rbs_motif=GGAGG;rbs_spacer=5-10bp;gc_cont=0.349
GCA_000825945.1_Bangui-IP-6_genomic	CDEN01000033.1_42	-	lolD.aln	-	1e-25	87.4	0.4	2e-25	86.5	0.4	1.4	1	1	0	1	1	1	1	# 47016 # 47777 # 1 # ID=33_42;partial=00;start_type=ATG;rbs_motif=AGGAG;rbs_spacer=5-10bp;gc_cont=0.346
GCA_000825945.1_Bangui-IP-6_genomic	CDEN01000044.1_9	-	lolD.aln	-	1.2e-25	87.2	0.0	1.8e-25	86.6	0.0	1.2	1	0	0	1	1	1	1	# 6522 # 7514 # -1 # ID=44_9;partial=00;start_type=ATG;rbs_motif=GGAG/GAGG;rbs_spacer=5-10bp;gc_cont=0.362
GCA_000825945.1_Bangui-IP-6_genomic	CDEN01000049.1_39	-	lolD.aln	-	2.2e-25	86.3	0.0	3.2e-25	85.8	0.0	1.2	1	0	0	1	1	1	1	# 35233 # 36036 # 1 # ID=49_39;partial=00;start_type=ATG;rbs_motif=AGGAG;rbs_spacer=5-10bp;gc_cont=0.364
GCA_000825945.1_Bangui-IP-6_genomic	CDEN01000022.1_7	-	lolD.aln	-	3.7e-25	85.6	0.1	7e-25	84.7	0.1	1.4	1	0	0	1	1	1	1	# 7835 # 9604 # -1 # ID=22_7;partial=00;start_type=ATG;rbs_motif=AGGAG;rbs_spacer=5-10bp;gc_cont=0.355
GCA_000825945.1_Bangui-IP-6_genomic	CDEN01000008.1_36	-	lolD.aln	-	5.4e-25	85.1	1.6	1.3e-07	28.2	0.0	4.3	4	0	0	4	4	4	4	# 37812 # 40640 # 1 # ID=8_36;partial=00;start_type=ATG;rbs_motif=GGAG/GAGG;rbs_spacer=5-10bp;gc_cont=0.389
GCA_000825945.1_Bangui-IP-6_genomic	CDEN01000008.1_5	-	lolD.aln	-	1.6e-24	83.5	0.4	6.6e-24	81.5	0.4	2.0	1	1	0	1	1	1	1	# 5127 # 6845 # 1 # ID=8_5;partial=00;start_type=ATG;rbs_motif=AGGAG;rbs_spacer=5-10bp;gc_cont=0.345
GCA_000825945.1_Bangui-IP-6_genomic	CDEN01000022.1_8	-	lolD.aln	-	2e-24	83.2	0.0	6.5e-24	81.5	0.0	1.7	2	0	0	2	2	2	1	# 9609 # 11348 # -1 # ID=22_8;partial=00;start_type=ATG;rbs_motif=AGGAG;rbs_spacer=5-10bp;gc_cont=0.367
GCA_000825945.1_Bangui-IP-6_genomic	CDEN01000003.1_85	-	lolD.aln	-	1.5e-23	80.3	0.5	2.4e-23	79.7	0.5	1.2	1	0	0	1	1	1	1	# 85143 # 86888 # -1 # ID=3_85;partial=00;start_type=ATG;rbs_motif=AGGA;rbs_spacer=5-10bp;gc_cont=0.368
GCA_000825945.1_Bangui-IP-6_genomic	CDEN01000037.1_27	-	lolD.aln	-	3.9e-23	79.0	0.0	6.2e-23	78.3	0.0	1.2	1	0	0	1	1	1	1	# 32199 # 33101 # 1 # ID=37_27;partial=00;start_type=ATG;rbs_motif=GGA/GAG/AGG;rbs_spacer=5-10bp;gc_cont=0.327
GCA_000825945.1_Bangui-IP-6_genomic	CDEN01000019.1_56	-	lolD.aln	-	1.2e-22	77.4	0.0	1.5e-22	77.1	0.0	1.0	1	0	0	1	1	1	1	# 58489 # 59223 # -1 # ID=19_56;partial=00;start_type=ATG;rbs_motif=AGGAG;rbs_spacer=5-10bp;gc_cont=0.347
GCA_000825945.1_Bangui-IP-6_genomic	CDEN01000016.1_16	-	lolD.aln	-	5.7e-21	71.9	0.0	8.9e-21	71.3	0.0	1.2	1	0	0	1	1	1	1	# 14494 # 16227 # -1 # ID=16_16;partial=00;start_type=ATG;rbs_motif=AGGAGG;rbs_spacer=5-10bp;gc_cont=0.348
GCA_000825945.1_Bangui-IP-6_genomic	CDEN01000027.1_37	-	lolD.aln	-	7.6e-21	71.5	0.0	1.1e-20	70.9	0.0	1.3	1	0	0	1	1	1	1	# 37920 # 38723 # 1 # ID=27_37;partial=00;start_type=ATG;rbs_motif=AGGAG;rbs_spacer=5-10bp;gc_cont=0.366
GCA_000825945.1_Bangui-IP-6_genomic	CDEN01000013.1_79	-	lolD.aln	-	1e-20	71.1	0.2	4.4e-20	69.0	0.2	1.8	1	1	0	1	1	1	1	# 69476 # 70192 # 1 # ID=13_79;partial=00;start_type=ATG;rbs_motif=GGAG/GAGG;rbs_spacer=5-10bp;gc_cont=0.364
GCA_000825945.1_Bangui-IP-6_genomic	CDEN01000016.1_17	-	lolD.aln	-	6.4e-20	68.5	0.2	1.5e-09	34.6	0.0	2.2	2	0	0	2	2	2	2	# 16228 # 17949 # -1 # ID=16_17;partial=00;start_type=ATG;rbs_motif=AGxAGG/AGGxGG;rbs_spacer=5-10bp;gc_cont=0.333
GCA_000825945.1_Bangui-IP-6_genomic	CDEN01000012.1_49	-	lolD.aln	-	2.6e-17	60.0	0.1	4e-17	59.3	0.1	1.3	1	1	0	1	1	1	1	# 49884 # 50654 # 1 # ID=12_49;partial=00;start_type=ATG;rbs_motif=AGGAG;rbs_spacer=5-10bp;gc_cont=0.385
GCA_000825945.1_Bangui-IP-6_genomic	CDEN01000035.1_25	-	lolD.aln	-	4.3e-16	56.0	0.0	6.9e-16	55.3	0.0	1.3	1	0	0	1	1	1	1	# 28835 # 29536 # -1 # ID=35_25;partial=00;start_type=ATG;rbs_motif=AGGAG;rbs_spacer=5-10bp;gc_cont=0.339
GCA_000825945.1_Bangui-IP-6_genomic	CDEN01000005.1_11	-	lolD.aln	-	3.4e-15	53.0	0.0	3e-09	33.5	0.0	2.1	2	0	0	2	2	2	2	# 11589 # 12287 # -1 # ID=5_11;partial=00;start_type=ATG;rbs_motif=AGGAG;rbs_spacer=5-10bp;gc_cont=0.336
GCA_000825945.1_Bangui-IP-6_genomic	CDEN01000019.1_30	-	lolD.aln	-	4.1e-13	46.2	0.0	3e-07	27.0	0.1	2.1	2	0	0	2	2	2	2	# 29061 # 29543 # -1 # ID=19_30;partial=00;start_type=ATG;rbs_motif=AGGAG;rbs_spacer=5-10bp;gc_cont=0.352
GCA_000825945.1_Bangui-IP-6_genomic	CDEN01000037.1_34	-	lolD.aln	-	1e-08	31.9	0.0	5.2e-05	19.7	0.0	2.1	2	0	0	2	2	2	2	# 38335 # 38952 # 1 # ID=37_34;partial=00;start_type=ATG;rbs_motif=GGAG/GAGG;rbs_spacer=5-10bp;gc_cont=0.262
GCA_000825945.1_Bangui-IP-6_genomic	CDEN01000008.1_48	-	lolD.aln	-	8.3e-08	28.8	0.1	8.9e-08	28.8	0.1	1.2	1	0	0	1	1	1	1	# 48749 # 49102 # 1 # ID=8_48;partial=00;start_type=GTG;rbs_motif=AGGAGG;rbs_spacer=5-10bp;gc_cont=0.311
GCA_000825945.1_Bangui-IP-6_genomic	CDEN01000009.1_9	-	lolD.aln	-	2e-05	21.1	0.0	2.7e-05	20.6	0.0	1.1	1	0	0	1	1	1	1	# 7183 # 7686 # -1 # ID=9_9;partial=00;start_type=ATG;rbs_motif=AGGAGG;rbs_spacer=5-10bp;gc_cont=0.371
GCA_000825945.1_Bangui-IP-6_genomic	CDEN01000007.1_52	-	lolD.aln	-	0.00041	16.8	0.0	0.0026	14.1	0.0	1.9	2	0	0	2	2	2	1	# 52780 # 53880 # -1 # ID=7_52;partial=00;start_type=ATG;rbs_motif=AGGAGG;rbs_spacer=5-10bp;gc_cont=0.390
GCA_000825945.1_Bangui-IP-6_genomic	CDEN01000037.1_18	-	lolD.aln	-	0.00087	15.7	0.0	0.0012	15.2	0.0	1.2	1	0	0	1	1	1	1	# 25093 # 25632 # -1 # ID=37_18;partial=00;start_type=ATG;rbs_motif=GGAGG;rbs_spacer=5-10bp;gc_cont=0.359
GCA_000828305.1_ASM82830v1_genomic	JXMR01000001.1_188	-	lolD.aln	-	4.2e-75	249.7	0.1	4.8e-75	249.5	0.1	1.0	1	0	0	1	1	1	1	# 161059 # 161796 # -1 # ID=1_188;partial=00;start_type=TTG;rbs_motif=GGAGG;rbs_spacer=5-10bp;gc_cont=0.287
GCA_000828305.1_ASM82830v1_genomic	JXMR01000002.1_115	-	lolD.aln	-	8.5e-75	248.7	0.1	9.6e-75	248.5	0.1	1.0	1	0	0	1	1	1	1	# 152961 # 153638 # 1 # ID=2_115;partial=00;start_type=ATG;rbs_motif=AGGAG;rbs_spacer=5-10bp;gc_cont=0.288
GCA_000828305.1_ASM82830v1_genomic	JXMR01000001.1_471	-	lolD.aln	-	5.7e-66	219.8	0.1	6.7e-66	219.6	0.1	1.0	1	0	0	1	1	1	1	# 473607 # 474374 # -1 # ID=1_471;partial=00;start_type=ATG;rbs_motif=GGAGG;rbs_spacer=5-10bp;gc_cont=0.289
GCA_000828305.1_ASM82830v1_genomic	JXMR01000001.1_1952	-	lolD.aln	-	6.7e-64	213.1	0.0	7.7e-64	212.9	0.0	1.0	1	0	0	1	1	1	1	# 2234687 # 2235436 # -1 # ID=1_1952;partial=00;start_type=ATG;rbs_motif=AGGA;rbs_spacer=5-10bp;gc_cont=0.300
GCA_000828305.1_ASM82830v1_genomic	JXMR01000001.1_878	-	lolD.aln	-	3.8e-61	204.0	0.0	4.4e-61	203.8	0.0	1.0	1	0	0	1	1	1	1	# 1024492 # 1025259 # -1 # ID=1_878;partial=00;start_type=TTG;rbs_motif=GGAG/GAGG;rbs_spacer=5-10bp;gc_cont=0.266
GCA_000828305.1_ASM82830v1_genomic	JXMR01000001.1_1954	-	lolD.aln	-	1.6e-58	195.5	0.0	1.9e-58	195.2	0.0	1.0	1	0	0	1	1	1	1	# 2236746 # 2237513 # -1 # ID=1_1954;partial=00;start_type=ATG;rbs_motif=AGGAG;rbs_spacer=5-10bp;gc_cont=0.294
GCA_000828305.1_ASM82830v1_genomic	JXMR01000001.1_652	-	lolD.aln	-	4.8e-56	187.3	0.2	5.4e-56	187.2	0.2	1.0	1	0	0	1	1	1	1	# 712464 # 713186 # -1 # ID=1_652;partial=00;start_type=GTG;rbs_motif=AGGAG/GGAGG;rbs_spacer=11-12bp;gc_cont=0.304
GCA_000828305.1_ASM82830v1_genomic	JXMR01000001.1_723	-	lolD.aln	-	1.4e-55	185.8	0.0	1.6e-55	185.7	0.0	1.0	1	0	0	1	1	1	1	# 808772 # 809458 # -1 # ID=1_723;partial=00;start_type=ATG;rbs_motif=AGGAG;rbs_spacer=5-10bp;gc_cont=0.303
GCA_000828305.1_ASM82830v1_genomic	JXMR01000002.1_98	-	lolD.aln	-	8.2e-51	170.2	0.5	7e-29	98.5	0.1	2.8	2	1	0	2	2	2	2	# 123263 # 124708 # 1 # ID=2_98;partial=00;start_type=GTG;rbs_motif=AGGAGG;rbs_spacer=5-10bp;gc_cont=0.288
GCA_000828305.1_ASM82830v1_genomic	JXMR01000001.1_1931	-	lolD.aln	-	1.4e-50	169.5	0.0	1.5e-50	169.4	0.0	1.0	1	0	0	1	1	1	1	# 2206934 # 2207614 # 1 # ID=1_1931;partial=00;start_type=ATG;rbs_motif=AGGA;rbs_spacer=5-10bp;gc_cont=0.313
GCA_000828305.1_ASM82830v1_genomic	JXMR01000001.1_838	-	lolD.aln	-	4.4e-48	161.3	2.0	4.3e-27	92.6	0.2	2.8	2	1	0	2	2	2	2	# 946853 # 948400 # -1 # ID=1_838;partial=00;start_type=ATG;rbs_motif=GGAG/GAGG;rbs_spacer=5-10bp;gc_cont=0.294
GCA_000828305.1_ASM82830v1_genomic	JXMR01000001.1_2337	-	lolD.aln	-	5.3e-47	157.8	1.6	1.1e-25	88.1	0.1	3.0	3	0	0	3	3	3	3	# 2660021 # 2661523 # 1 # ID=1_2337;partial=00;start_type=TTG;rbs_motif=GGA/GAG/AGG;rbs_spacer=5-10bp;gc_cont=0.291
GCA_000828305.1_ASM82830v1_genomic	JXMR01000001.1_2240	-	lolD.aln	-	1.5e-45	153.0	0.0	1.7e-45	152.8	0.0	1.0	1	0	0	1	1	1	1	# 2548112 # 2548843 # 1 # ID=1_2240;partial=00;start_type=ATG;rbs_motif=GGAG/GAGG;rbs_spacer=5-10bp;gc_cont=0.306
GCA_000828305.1_ASM82830v1_genomic	JXMR01000002.1_172	-	lolD.aln	-	1.6e-45	152.9	0.0	8.3e-16	55.7	0.0	4.2	4	0	0	4	4	4	4	# 224047 # 225978 # 1 # ID=2_172;partial=00;start_type=ATG;rbs_motif=AGGAG/GGAGG;rbs_spacer=11-12bp;gc_cont=0.271
GCA_000828305.1_ASM82830v1_genomic	JXMR01000004.1_156	-	lolD.aln	-	3.3e-45	151.9	0.1	3.9e-45	151.7	0.1	1.1	1	0	0	1	1	1	1	# 143451 # 144461 # -1 # ID=4_156;partial=00;start_type=ATG;rbs_motif=AGGAGG;rbs_spacer=5-10bp;gc_cont=0.330
GCA_000828305.1_ASM82830v1_genomic	JXMR01000001.1_1779	-	lolD.aln	-	1.3e-44	150.0	0.2	1.7e-44	149.6	0.2	1.2	1	0	0	1	1	1	1	# 2048543 # 2049592 # -1 # ID=1_1779;partial=00;start_type=GTG;rbs_motif=GGAG/GAGG;rbs_spacer=5-10bp;gc_cont=0.290
GCA_000828305.1_ASM82830v1_genomic	JXMR01000004.1_278	-	lolD.aln	-	2.4e-44	149.1	0.0	3.9e-44	148.4	0.0	1.3	1	1	0	1	1	1	1	# 288305 # 289072 # 1 # ID=4_278;partial=00;start_type=TTG;rbs_motif=3Base/5BMM;rbs_spacer=13-15bp;gc_cont=0.281
GCA_000828305.1_ASM82830v1_genomic	JXMR01000001.1_297	-	lolD.aln	-	5.5e-44	147.9	0.0	7.3e-44	147.5	0.0	1.2	1	0	0	1	1	1	1	# 277440 # 278567 # -1 # ID=1_297;partial=00;start_type=GTG;rbs_motif=AGGAGG;rbs_spacer=5-10bp;gc_cont=0.281
GCA_000828305.1_ASM82830v1_genomic	JXMR01000002.1_258	-	lolD.aln	-	1.2e-43	146.8	1.2	1.4e-43	146.6	1.2	1.1	1	0	0	1	1	1	1	# 318831 # 319805 # 1 # ID=2_258;partial=00;start_type=ATG;rbs_motif=AGxAGG/AGGxGG;rbs_spacer=5-10bp;gc_cont=0.309
GCA_000828305.1_ASM82830v1_genomic	JXMR01000001.1_352	-	lolD.aln	-	4e-43	145.1	1.7	3.3e-25	86.5	0.2	2.2	2	0	0	2	2	2	2	# 333264 # 334787 # -1 # ID=1_352;partial=00;start_type=ATG;rbs_motif=AGGAGG;rbs_spacer=5-10bp;gc_cont=0.316
GCA_000828305.1_ASM82830v1_genomic	JXMR01000001.1_1758	-	lolD.aln	-	9.4e-43	143.9	0.1	1.3e-42	143.4	0.1	1.2	1	0	0	1	1	1	1	# 2022344 # 2023453 # 1 # ID=1_1758;partial=00;start_type=ATG;rbs_motif=GGAGG;rbs_spacer=5-10bp;gc_cont=0.298
GCA_000828305.1_ASM82830v1_genomic	JXMR01000001.1_1176	-	lolD.aln	-	2.4e-40	136.0	0.1	3.1e-40	135.7	0.1	1.1	1	0	0	1	1	1	1	# 1353565 # 1354416 # 1 # ID=1_1176;partial=00;start_type=ATG;rbs_motif=GGAGG;rbs_spacer=5-10bp;gc_cont=0.309
GCA_000828305.1_ASM82830v1_genomic	JXMR01000001.1_425	-	lolD.aln	-	6.9e-40	134.5	0.0	9.7e-40	134.0	0.0	1.1	1	0	0	1	1	1	1	# 418744 # 419793 # 1 # ID=1_425;partial=00;start_type=ATG;rbs_motif=AGGAG/GGAGG;rbs_spacer=11-12bp;gc_cont=0.251
GCA_000828305.1_ASM82830v1_genomic	JXMR01000001.1_1600	-	lolD.aln	-	4.5e-39	131.8	1.7	8.1e-10	36.2	0.0	4.3	3	1	0	4	4	4	4	# 1851098 # 1853023 # -1 # ID=1_1600;partial=00;start_type=ATG;rbs_motif=GGAGG;rbs_spacer=5-10bp;gc_cont=0.267
GCA_000828305.1_ASM82830v1_genomic	JXMR01000002.1_87	-	lolD.aln	-	2.9e-38	129.2	0.1	1.2e-12	45.4	0.0	4.3	3	1	0	4	4	4	4	# 95253 # 96908 # 1 # ID=2_87;partial=00;start_type=TTG;rbs_motif=AGGAGG;rbs_spacer=5-10bp;gc_cont=0.246
GCA_000828305.1_ASM82830v1_genomic	JXMR01000004.1_155	-	lolD.aln	-	7.9e-38	127.8	0.0	1.1e-37	127.4	0.0	1.1	1	0	0	1	1	1	1	# 142471 # 143451 # -1 # ID=4_155;partial=00;start_type=ATG;rbs_motif=GGAG/GAGG;rbs_spacer=5-10bp;gc_cont=0.316
GCA_000828305.1_ASM82830v1_genomic	JXMR01000001.1_2217	-	lolD.aln	-	1.1e-37	127.3	0.0	1.5e-37	126.9	0.0	1.1	1	0	0	1	1	1	1	# 2519527 # 2520564 # 1 # ID=1_2217;partial=00;start_type=ATG;rbs_motif=AGGAG;rbs_spacer=5-10bp;gc_cont=0.290
GCA_000828305.1_ASM82830v1_genomic	JXMR01000001.1_1860	-	lolD.aln	-	1.9e-37	126.6	0.4	1.8e-08	31.7	0.1	4.2	3	1	1	4	4	4	4	# 2145922 # 2147478 # 1 # ID=1_1860;partial=00;start_type=ATG;rbs_motif=None;rbs_spacer=None;gc_cont=0.300
GCA_000828305.1_ASM82830v1_genomic	JXMR01000002.1_259	-	lolD.aln	-	6.2e-37	124.8	0.0	7.7e-37	124.5	0.0	1.1	1	0	0	1	1	1	1	# 319806 # 320783 # 1 # ID=2_259;partial=00;start_type=ATG;rbs_motif=AGGAGG;rbs_spacer=5-10bp;gc_cont=0.292
GCA_000828305.1_ASM82830v1_genomic	JXMR01000001.1_976	-	lolD.aln	-	2.3e-36	123.0	0.0	2.4e-12	44.4	0.0	4.2	4	0	0	4	4	4	4	# 1135587 # 1137182 # -1 # ID=1_976;partial=00;start_type=TTG;rbs_motif=GGAG/GAGG;rbs_spacer=5-10bp;gc_cont=0.309
GCA_000828305.1_ASM82830v1_genomic	JXMR01000001.1_2290	-	lolD.aln	-	2.6e-36	122.8	0.0	4.1e-36	122.2	0.0	1.3	1	0	0	1	1	1	1	# 2606872 # 2607708 # 1 # ID=1_2290;partial=00;start_type=ATG;rbs_motif=GGAGG;rbs_spacer=5-10bp;gc_cont=0.275
GCA_000828305.1_ASM82830v1_genomic	JXMR01000001.1_1177	-	lolD.aln	-	1.1e-35	120.8	0.1	1.3e-35	120.5	0.1	1.1	1	0	0	1	1	1	1	# 1354401 # 1355258 # 1 # ID=1_1177;partial=00;start_type=ATG;rbs_motif=3Base/5BMM;rbs_spacer=13-15bp;gc_cont=0.295
GCA_000828305.1_ASM82830v1_genomic	JXMR01000001.1_1997	-	lolD.aln	-	1.2e-35	120.6	0.9	1.7e-35	120.1	0.9	1.1	1	0	0	1	1	1	1	# 2277484 # 2278278 # 1 # ID=1_1997;partial=00;start_type=ATG;rbs_motif=AGxAGG/AGGxGG;rbs_spacer=11-12bp;gc_cont=0.272
GCA_000828305.1_ASM82830v1_genomic	JXMR01000001.1_1487	-	lolD.aln	-	1.6e-35	120.2	0.0	2.1e-35	119.9	0.0	1.1	1	0	0	1	1	1	1	# 1719612 # 1720445 # 1 # ID=1_1487;partial=00;start_type=ATG;rbs_motif=AGGAG;rbs_spacer=5-10bp;gc_cont=0.267
GCA_000828305.1_ASM82830v1_genomic	JXMR01000001.1_2206	-	lolD.aln	-	2.2e-34	116.5	0.0	1.1e-10	39.0	0.0	4.7	4	0	0	4	4	4	4	# 2506153 # 2507892 # -1 # ID=1_2206;partial=00;start_type=ATG;rbs_motif=GGAG/GAGG;rbs_spacer=5-10bp;gc_cont=0.256
GCA_000828305.1_ASM82830v1_genomic	JXMR01000001.1_1454	-	lolD.aln	-	1.3e-33	114.0	0.1	1.7e-33	113.6	0.1	1.1	1	0	0	1	1	1	1	# 1677260 # 1678015 # 1 # ID=1_1454;partial=00;start_type=GTG;rbs_motif=GGAGG;rbs_spacer=5-10bp;gc_cont=0.266
GCA_000828305.1_ASM82830v1_genomic	JXMR01000002.1_459	-	lolD.aln	-	7.9e-32	108.1	0.1	1.1e-31	107.7	0.1	1.1	1	0	0	1	1	1	1	# 533565 # 534443 # -1 # ID=2_459;partial=00;start_type=ATG;rbs_motif=AGxAGG/AGGxGG;rbs_spacer=5-10bp;gc_cont=0.280
GCA_000828305.1_ASM82830v1_genomic	JXMR01000001.1_1477	-	lolD.aln	-	2e-31	106.8	0.2	2.6e-31	106.5	0.2	1.1	1	0	0	1	1	1	1	# 1710138 # 1710917 # 1 # ID=1_1477;partial=00;start_type=ATG;rbs_motif=AGGA/GGAG/GAGG;rbs_spacer=11-12bp;gc_cont=0.244
GCA_000828305.1_ASM82830v1_genomic	JXMR01000002.1_393	-	lolD.aln	-	4.9e-31	105.6	0.3	1.5e-18	64.7	0.1	2.1	2	0	0	2	2	2	2	# 479448 # 480233 # -1 # ID=2_393;partial=00;start_type=ATG;rbs_motif=AGGAG;rbs_spacer=5-10bp;gc_cont=0.302
GCA_000828305.1_ASM82830v1_genomic	JXMR01000002.1_74	-	lolD.aln	-	9.6e-31	104.6	0.0	1.1e-30	104.3	0.0	1.1	1	0	0	1	1	1	1	# 80886 # 81665 # 1 # ID=2_74;partial=00;start_type=GTG;rbs_motif=GGA/GAG/AGG;rbs_spacer=5-10bp;gc_cont=0.309
GCA_000828305.1_ASM82830v1_genomic	JXMR01000001.1_852	-	lolD.aln	-	2e-30	103.6	0.4	1.2e-29	101.0	0.4	1.9	1	1	0	1	1	1	1	# 964103 # 964858 # -1 # ID=1_852;partial=00;start_type=ATG;rbs_motif=AGGAG;rbs_spacer=5-10bp;gc_cont=0.269
GCA_000828305.1_ASM82830v1_genomic	JXMR01000001.1_1609	-	lolD.aln	-	2.2e-30	103.4	0.2	1.5e-20	71.3	0.0	2.0	1	1	1	2	2	2	2	# 1860255 # 1860929 # -1 # ID=1_1609;partial=00;start_type=TTG;rbs_motif=AGGAG/GGAGG;rbs_spacer=11-12bp;gc_cont=0.250
GCA_000828305.1_ASM82830v1_genomic	JXMR01000001.1_812	-	lolD.aln	-	3.7e-30	102.7	0.0	4.8e-30	102.3	0.0	1.1	1	0	0	1	1	1	1	# 921005 # 921919 # -1 # ID=1_812;partial=00;start_type=ATG;rbs_motif=AGGAGG;rbs_spacer=5-10bp;gc_cont=0.271
GCA_000828305.1_ASM82830v1_genomic	JXMR01000001.1_2050	-	lolD.aln	-	5.8e-30	102.0	0.0	6.9e-30	101.8	0.0	1.1	1	0	0	1	1	1	1	# 2343464 # 2344213 # 1 # ID=1_2050;partial=00;start_type=ATG;rbs_motif=GGAG/GAGG;rbs_spacer=5-10bp;gc_cont=0.291
GCA_000828305.1_ASM82830v1_genomic	JXMR01000004.1_201	-	lolD.aln	-	9e-29	98.1	0.0	1.3e-26	91.1	0.0	2.0	1	1	0	1	1	1	1	# 207859 # 208530 # -1 # ID=4_201;partial=00;start_type=ATG;rbs_motif=AGxAGG/AGGxGG;rbs_spacer=5-10bp;gc_cont=0.240
GCA_000828305.1_ASM82830v1_genomic	JXMR01000001.1_690	-	lolD.aln	-	2.1e-27	93.7	0.0	3.3e-27	93.0	0.0	1.2	1	0	0	1	1	1	1	# 761260 # 762945 # -1 # ID=1_690;partial=00;start_type=ATG;rbs_motif=AGGAG/GGAGG;rbs_spacer=11-12bp;gc_cont=0.255
GCA_000828305.1_ASM82830v1_genomic	JXMR01000002.1_103	-	lolD.aln	-	2.5e-27	93.4	0.0	6.3e-27	92.1	0.0	1.6	2	0	0	2	2	1	1	# 134437 # 136185 # 1 # ID=2_103;partial=00;start_type=ATG;rbs_motif=AGxAGG/AGGxGG;rbs_spacer=5-10bp;gc_cont=0.283
GCA_000828305.1_ASM82830v1_genomic	JXMR01000001.1_691	-	lolD.aln	-	2.5e-26	90.1	0.3	5.3e-26	89.1	0.3	1.5	1	0	0	1	1	1	1	# 762949 # 764700 # -1 # ID=1_691;partial=00;start_type=ATG;rbs_motif=AGGAGG;rbs_spacer=5-10bp;gc_cont=0.250
GCA_000828305.1_ASM82830v1_genomic	JXMR01000001.1_1218	-	lolD.aln	-	3.2e-26	89.8	0.0	5.8e-26	89.0	0.0	1.3	1	0	0	1	1	1	1	# 1401076 # 1402734 # -1 # ID=1_1218;partial=00;start_type=ATG;rbs_motif=AGGA/GGAG/GAGG;rbs_spacer=11-12bp;gc_cont=0.295
GCA_000828305.1_ASM82830v1_genomic	JXMR01000002.1_113	-	lolD.aln	-	2e-25	87.2	0.6	1.2e-24	84.6	0.6	2.0	1	1	0	1	1	1	1	# 150146 # 151078 # 1 # ID=2_113;partial=00;start_type=ATG;rbs_motif=GGAG/GAGG;rbs_spacer=5-10bp;gc_cont=0.273
GCA_000828305.1_ASM82830v1_genomic	JXMR01000002.1_102	-	lolD.aln	-	3.5e-25	86.4	0.1	1.1e-24	84.7	0.0	1.8	2	0	0	2	2	2	1	# 132666 # 134435 # 1 # ID=2_102;partial=00;start_type=ATG;rbs_motif=AGGAGG;rbs_spacer=5-10bp;gc_cont=0.284
GCA_000828305.1_ASM82830v1_genomic	JXMR01000001.1_718	-	lolD.aln	-	4.5e-25	86.0	2.3	2.9e-08	31.1	0.0	4.2	4	0	0	4	4	4	4	# 799635 # 802457 # -1 # ID=1_718;partial=00;start_type=ATG;rbs_motif=GGA/GAG/AGG;rbs_spacer=5-10bp;gc_cont=0.290
GCA_000828305.1_ASM82830v1_genomic	JXMR01000002.1_232	-	lolD.aln	-	6.8e-25	85.5	0.0	8.7e-25	85.1	0.0	1.1	1	0	0	1	1	1	1	# 290048 # 290935 # -1 # ID=2_232;partial=00;start_type=ATG;rbs_motif=GGAGG;rbs_spacer=5-10bp;gc_cont=0.275
GCA_000828305.1_ASM82830v1_genomic	JXMR01000001.1_332	-	lolD.aln	-	2.4e-24	83.7	0.1	5.3e-24	82.5	0.1	1.5	1	0	0	1	1	1	1	# 309600 # 311435 # -1 # ID=1_332;partial=00;start_type=ATG;rbs_motif=AGGAGG;rbs_spacer=5-10bp;gc_cont=0.295
GCA_000828305.1_ASM82830v1_genomic	JXMR01000002.1_464	-	lolD.aln	-	4.7e-24	82.7	0.1	2.7e-23	80.2	0.1	1.8	1	1	0	1	1	1	1	# 538326 # 539030 # -1 # ID=2_464;partial=00;start_type=ATG;rbs_motif=GGAGG;rbs_spacer=5-10bp;gc_cont=0.302
GCA_000828305.1_ASM82830v1_genomic	JXMR01000004.1_200	-	lolD.aln	-	2e-23	80.7	0.0	3.7e-23	79.8	0.0	1.4	1	0	0	1	1	1	1	# 206119 # 207825 # -1 # ID=4_200;partial=00;start_type=ATG;rbs_motif=AGGAGG;rbs_spacer=5-10bp;gc_cont=0.275
GCA_000828305.1_ASM82830v1_genomic	JXMR01000001.1_1557	-	lolD.aln	-	6.1e-23	79.1	0.0	1.1e-22	78.3	0.0	1.3	1	0	0	1	1	1	1	# 1794762 # 1796489 # 1 # ID=1_1557;partial=00;start_type=ATG;rbs_motif=AGGA/GGAG/GAGG;rbs_spacer=11-12bp;gc_cont=0.270
GCA_000828305.1_ASM82830v1_genomic	JXMR01000001.1_1217	-	lolD.aln	-	6.7e-23	78.9	0.1	1.4e-22	77.9	0.1	1.5	1	0	0	1	1	1	1	# 1399119 # 1401008 # -1 # ID=1_1217;partial=00;start_type=ATG;rbs_motif=AGGAGG;rbs_spacer=5-10bp;gc_cont=0.292
GCA_000828305.1_ASM82830v1_genomic	JXMR01000001.1_1971	-	lolD.aln	-	1.3e-22	78.0	1.5	2.9e-22	76.8	0.2	2.2	2	1	0	2	2	1	1	# 2253526 # 2255262 # 1 # ID=1_1971;partial=00;start_type=ATG;rbs_motif=AGGAG;rbs_spacer=5-10bp;gc_cont=0.298
GCA_000828305.1_ASM82830v1_genomic	JXMR01000001.1_1972	-	lolD.aln	-	4.4e-22	76.3	0.0	8.2e-22	75.4	0.0	1.4	1	0	0	1	1	1	1	# 2255252 # 2257183 # 1 # ID=1_1972;partial=00;start_type=ATG;rbs_motif=AGxAGG/AGGxGG;rbs_spacer=5-10bp;gc_cont=0.298
GCA_000828305.1_ASM82830v1_genomic	JXMR01000001.1_333	-	lolD.aln	-	1.7e-21	74.4	0.0	3.4e-21	73.4	0.0	1.5	1	0	0	1	1	1	1	# 311428 # 313659 # -1 # ID=1_333;partial=00;start_type=ATG;rbs_motif=AGGA;rbs_spacer=5-10bp;gc_cont=0.293
GCA_000828305.1_ASM82830v1_genomic	JXMR01000001.1_1558	-	lolD.aln	-	1.9e-20	70.9	0.0	3.6e-20	70.0	0.0	1.4	1	0	0	1	1	1	1	# 1796489 # 1798270 # 1 # ID=1_1558;partial=00;start_type=ATG;rbs_motif=AGGAGG;rbs_spacer=5-10bp;gc_cont=0.274
GCA_000828305.1_ASM82830v1_genomic	JXMR01000001.1_622	-	lolD.aln	-	5.9e-18	62.8	0.8	3.2e-11	40.7	0.6	2.1	1	1	0	2	2	2	2	# 675157 # 675894 # -1 # ID=1_622;partial=00;start_type=ATG;rbs_motif=AGGAG;rbs_spacer=5-10bp;gc_cont=0.285
GCA_000828305.1_ASM82830v1_genomic	JXMR01000002.1_26	-	lolD.aln	-	1.8e-17	61.2	0.0	1.2e-10	38.9	0.0	2.1	2	0	0	2	2	2	2	# 25636 # 26532 # 1 # ID=2_26;partial=00;start_type=GTG;rbs_motif=AGGAGG;rbs_spacer=5-10bp;gc_cont=0.233
GCA_000828305.1_ASM82830v1_genomic	JXMR01000002.1_221	-	lolD.aln	-	8.7e-17	58.9	0.0	2.2e-09	34.7	0.0	2.1	2	0	0	2	2	2	2	# 278832 # 279683 # -1 # ID=2_221;partial=00;start_type=ATG;rbs_motif=AGGAGG;rbs_spacer=5-10bp;gc_cont=0.261
GCA_000828305.1_ASM82830v1_genomic	JXMR01000001.1_1516	-	lolD.aln	-	9.5e-17	58.8	0.0	2e-12	44.7	0.0	2.1	2	0	0	2	2	2	2	# 1747964 # 1748668 # -1 # ID=1_1516;partial=00;start_type=ATG;rbs_motif=AGGAG;rbs_spacer=5-10bp;gc_cont=0.255
GCA_000828305.1_ASM82830v1_genomic	JXMR01000001.1_392	-	lolD.aln	-	0.0027	14.8	0.0	0.0088	13.1	0.0	1.7	2	0	0	2	2	1	1	# 385322 # 387313 # -1 # ID=1_392;partial=00;start_type=ATG;rbs_motif=AGGAG;rbs_spacer=5-10bp;gc_cont=0.248
GCA_000828305.1_ASM82830v1_genomic	JXMR01000001.1_1523	-	lolD.aln	-	0.004	14.3	0.0	0.34	8.0	0.0	2.3	2	0	0	2	2	2	1	# 1756142 # 1757869 # 1 # ID=1_1523;partial=00;start_type=ATG;rbs_motif=GGAGG;rbs_spacer=5-10bp;gc_cont=0.266
GCA_000828305.1_ASM82830v1_genomic	JXMR01000003.1_90	-	lolD.aln	-	0.01	12.9	0.0	0.024	11.7	0.0	1.6	1	0	0	1	1	1	0	# 52725 # 55364 # -1 # ID=3_90;partial=00;start_type=TTG;rbs_motif=AGGAGG;rbs_spacer=5-10bp;gc_cont=0.290
GCA_000828305.1_ASM82830v1_genomic	JXMR01000001.1_2036	-	lolD.aln	-	0.013	12.5	0.0	0.027	11.5	0.0	1.4	1	0	0	1	1	1	0	# 2329908 # 2330939 # 1 # ID=1_2036;partial=00;start_type=ATG;rbs_motif=GGAGG;rbs_spacer=5-10bp;gc_cont=0.284
GCA_000828305.1_ASM82830v1_genomic	JXMR01000001.1_850	-	lolD.aln	-	0.017	12.2	0.0	0.62	7.1	0.0	2.3	2	0	0	2	2	2	0	# 961376 # 962464 # 1 # ID=1_850;partial=00;start_type=TTG;rbs_motif=AGGAG;rbs_spacer=5-10bp;gc_cont=0.279
GCA_000828305.1_ASM82830v1_genomic	JXMR01000001.1_529	-	lolD.aln	-	0.025	11.7	0.0	0.039	11.0	0.0	1.3	1	0	0	1	1	1	0	# 537191 # 538279 # -1 # ID=1_529;partial=00;start_type=TTG;rbs_motif=GGAGG;rbs_spacer=5-10bp;gc_cont=0.266
GCA_000828305.1_ASM82830v1_genomic	JXMR01000001.1_2072	-	lolD.aln	-	0.026	11.6	0.2	0.052	10.6	0.2	1.5	1	0	0	1	1	1	0	# 2366932 # 2367804 # 1 # ID=1_2072;partial=00;start_type=ATG;rbs_motif=GGAGG;rbs_spacer=5-10bp;gc_cont=0.286
GCA_000973085.1_ASM97308v1_genomic	CP011280.1_660	-	lolD.aln	-	4.9e-78	257.9	0.2	5.5e-78	257.7	0.2	1.0	1	0	0	1	1	1	1	# 657646 # 658341 # -1 # ID=1_660;partial=00;start_type=ATG;rbs_motif=AGGAG;rbs_spacer=5-10bp;gc_cont=0.299
GCA_000973085.1_ASM97308v1_genomic	CP011280.1_352	-	lolD.aln	-	5.7e-77	254.4	0.4	6.4e-77	254.2	0.4	1.0	1	0	0	1	1	1	1	# 377864 # 378532 # 1 # ID=1_352;partial=00;start_type=ATG;rbs_motif=None;rbs_spacer=None;gc_cont=0.251
GCA_000973085.1_ASM97308v1_genomic	CP011280.1_633	-	lolD.aln	-	1.3e-64	214.0	0.1	1.4e-64	213.8	0.1	1.0	1	0	0	1	1	1	1	# 629112 # 629795 # 1 # ID=1_633;partial=00;start_type=TTG;rbs_motif=AGxAGG/AGGxGG;rbs_spacer=5-10bp;gc_cont=0.313
GCA_000973085.1_ASM97308v1_genomic	CP011280.1_256	-	lolD.aln	-	8e-55	182.0	0.1	9.4e-55	181.7	0.1	1.0	1	0	0	1	1	1	1	# 276634 # 277344 # 1 # ID=1_256;partial=00;start_type=GTG;rbs_motif=3Base/5BMM;rbs_spacer=13-15bp;gc_cont=0.294
GCA_000973085.1_ASM97308v1_genomic	CP011280.1_882	-	lolD.aln	-	5.2e-52	172.7	0.6	6e-52	172.6	0.6	1.0	1	0	0	1	1	1	1	# 896793 # 897515 # -1 # ID=1_882;partial=00;start_type=ATG;rbs_motif=AGGAGG;rbs_spacer=5-10bp;gc_cont=0.282
GCA_000973085.1_ASM97308v1_genomic	CP011280.1_370	-	lolD.aln	-	3e-49	163.7	0.0	4.2e-49	163.3	0.0	1.1	1	0	0	1	1	1	1	# 390693 # 391793 # 1 # ID=1_370;partial=00;start_type=TTG;rbs_motif=AGxAGG/AGGxGG;rbs_spacer=5-10bp;gc_cont=0.291
GCA_000973085.1_ASM97308v1_genomic	CP011280.1_334	-	lolD.aln	-	2.8e-46	154.0	0.6	3.8e-28	94.7	0.1	2.1	2	0	0	2	2	2	2	# 363241 # 364767 # 1 # ID=1_334;partial=00;start_type=ATG;rbs_motif=AGGAG/GGAGG;rbs_spacer=11-12bp;gc_cont=0.293
GCA_000973085.1_ASM97308v1_genomic	CP011280.1_1109	-	lolD.aln	-	2.1e-45	151.2	0.0	2.8e-45	150.7	0.0	1.1	1	0	0	1	1	1	1	# 1138402 # 1139502 # 1 # ID=1_1109;partial=00;start_type=ATG;rbs_motif=AGGA;rbs_spacer=5-10bp;gc_cont=0.322
GCA_000973085.1_ASM97308v1_genomic	CP011280.1_320	-	lolD.aln	-	8.2e-45	149.2	0.0	1.6e-44	148.2	0.0	1.4	1	1	0	1	1	1	1	# 348414 # 349142 # 1 # ID=1_320;partial=00;start_type=ATG;rbs_motif=GGAG/GAGG;rbs_spacer=5-10bp;gc_cont=0.274
GCA_000973085.1_ASM97308v1_genomic	CP011280.1_434	-	lolD.aln	-	1.3e-42	142.0	0.0	3e-19	65.6	0.0	3.1	3	0	0	3	3	3	3	# 458638 # 460005 # 1 # ID=1_434;partial=00;start_type=TTG;rbs_motif=AGGAGG;rbs_spacer=5-10bp;gc_cont=0.257
GCA_000973085.1_ASM97308v1_genomic	CP011280.1_1022	-	lolD.aln	-	1.9e-42	141.5	0.2	5.9e-33	110.4	0.0	2.0	1	1	1	2	2	2	2	# 1056149 # 1056751 # 1 # ID=1_1022;partial=00;start_type=ATG;rbs_motif=AGGAGG;rbs_spacer=3-4bp;gc_cont=0.279
GCA_000973085.1_ASM97308v1_genomic	CP011280.1_1161	-	lolD.aln	-	3.6e-42	140.6	0.2	4.5e-42	140.3	0.2	1.1	1	0	0	1	1	1	1	# 1208043 # 1209113 # -1 # ID=1_1161;partial=00;start_type=ATG;rbs_motif=AGGA;rbs_spacer=5-10bp;gc_cont=0.309
GCA_000973085.1_ASM97308v1_genomic	CP011280.1_89	-	lolD.aln	-	7.2e-42	139.6	8.0	8.6e-14	47.8	0.0	4.8	3	2	1	4	4	4	4	# 98320 # 100215 # -1 # ID=1_89;partial=00;start_type=ATG;rbs_motif=GGA/GAG/AGG;rbs_spacer=5-10bp;gc_cont=0.294
GCA_000973085.1_ASM97308v1_genomic	CP011280.1_327	-	lolD.aln	-	6.8e-41	136.4	0.1	9.4e-41	135.9	0.1	1.2	1	0	0	1	1	1	1	# 356643 # 357650 # 1 # ID=1_327;partial=00;start_type=TTG;rbs_motif=AGGAG;rbs_spacer=5-10bp;gc_cont=0.308
GCA_000973085.1_ASM97308v1_genomic	CP011280.1_462	-	lolD.aln	-	3.8e-40	133.9	0.1	6.2e-40	133.3	0.1	1.3	1	1	0	1	1	1	1	# 485919 # 486545 # -1 # ID=1_462;partial=00;start_type=ATG;rbs_motif=None;rbs_spacer=None;gc_cont=0.271
GCA_000973085.1_ASM97308v1_genomic	CP011280.1_1110	-	lolD.aln	-	1.9e-38	128.4	0.0	2.2e-38	128.2	0.0	1.1	1	0	0	1	1	1	1	# 1139502 # 1140434 # 1 # ID=1_1110;partial=00;start_type=ATG;rbs_motif=AGGAGG;rbs_spacer=5-10bp;gc_cont=0.309
GCA_000973085.1_ASM97308v1_genomic	CP011280.1_328	-	lolD.aln	-	5.7e-37	123.6	0.0	7.3e-37	123.2	0.0	1.1	1	0	0	1	1	1	1	# 357643 # 358599 # 1 # ID=1_328;partial=00;start_type=ATG;rbs_motif=GGA/GAG/AGG;rbs_spacer=5-10bp;gc_cont=0.282
GCA_000973085.1_ASM97308v1_genomic	CP011280.1_630	-	lolD.aln	-	5.7e-32	107.2	0.8	1.2e-10	37.5	0.0	4.1	3	1	0	4	4	4	4	# 625992 # 627581 # 1 # ID=1_630;partial=00;start_type=ATG;rbs_motif=AGGAGG;rbs_spacer=3-4bp;gc_cont=0.292
GCA_000973085.1_ASM97308v1_genomic	CP011280.1_18	-	lolD.aln	-	4.4e-31	104.3	0.3	8.2e-31	103.4	0.3	1.3	1	0	0	1	1	1	1	# 18380 # 20092 # -1 # ID=1_18;partial=00;start_type=ATG;rbs_motif=GGAGG;rbs_spacer=5-10bp;gc_cont=0.267
GCA_000973085.1_ASM97308v1_genomic	CP011280.1_233	-	lolD.aln	-	2.8e-30	101.7	0.0	1.5e-27	92.8	0.0	2.1	1	1	0	1	1	1	1	# 240655 # 241335 # -1 # ID=1_233;partial=00;start_type=ATG;rbs_motif=GGAG/GAGG;rbs_spacer=5-10bp;gc_cont=0.286
GCA_000973085.1_ASM97308v1_genomic	CP011280.1_313	-	lolD.aln	-	4.3e-30	101.1	0.0	6.7e-30	100.4	0.0	1.3	1	0	0	1	1	1	1	# 340618 # 342165 # 1 # ID=1_313;partial=00;start_type=ATG;rbs_motif=GGAG/GAGG;rbs_spacer=5-10bp;gc_cont=0.222
GCA_000973085.1_ASM97308v1_genomic	CP011280.1_33	-	lolD.aln	-	5e-30	100.9	0.4	9.4e-30	100.0	0.4	1.5	1	1	0	1	1	1	1	# 33508 # 34302 # -1 # ID=1_33;partial=00;start_type=ATG;rbs_motif=AGxAGG/AGGxGG;rbs_spacer=5-10bp;gc_cont=0.283
GCA_000973085.1_ASM97308v1_genomic	CP011280.1_890	-	lolD.aln	-	1e-29	99.8	0.2	1.7e-29	99.1	0.2	1.3	1	0	0	1	1	1	1	# 908686 # 910407 # -1 # ID=1_890;partial=00;start_type=ATG;rbs_motif=GGAGG;rbs_spacer=5-10bp;gc_cont=0.268
GCA_000973085.1_ASM97308v1_genomic	CP011280.1_381	-	lolD.aln	-	1.2e-29	99.6	0.5	1.9e-29	99.0	0.5	1.3	1	0	0	1	1	1	1	# 401590 # 402297 # 1 # ID=1_381;partial=00;start_type=ATG;rbs_motif=AGGAG;rbs_spacer=5-10bp;gc_cont=0.319
GCA_000973085.1_ASM97308v1_genomic	CP011280.1_380	-	lolD.aln	-	2.4e-29	98.6	0.4	2.5e-28	95.3	0.4	1.9	1	1	0	1	1	1	1	# 400834 # 401589 # 1 # ID=1_380;partial=00;start_type=ATG;rbs_motif=AGGAG/GGAGG;rbs_spacer=11-12bp;gc_cont=0.284
GCA_000973085.1_ASM97308v1_genomic	CP011280.1_1070	-	lolD.aln	-	4.5e-29	97.7	0.0	6.1e-29	97.3	0.0	1.1	1	0	0	1	1	1	1	# 1099317 # 1100063 # 1 # ID=1_1070;partial=00;start_type=ATG;rbs_motif=GGA/GAG/AGG;rbs_spacer=5-10bp;gc_cont=0.292
GCA_000973085.1_ASM97308v1_genomic	CP011280.1_925	-	lolD.aln	-	5e-28	94.3	0.0	8.3e-28	93.6	0.0	1.3	1	0	0	1	1	1	1	# 942503 # 943483 # -1 # ID=1_925;partial=00;start_type=ATG;rbs_motif=AGGAG;rbs_spacer=5-10bp;gc_cont=0.263
GCA_000973085.1_ASM97308v1_genomic	CP011280.1_891	-	lolD.aln	-	4.3e-27	91.3	0.0	6.6e-27	90.6	0.0	1.2	1	0	0	1	1	1	1	# 910391 # 912145 # -1 # ID=1_891;partial=00;start_type=ATG;rbs_motif=AGGAGG;rbs_spacer=5-10bp;gc_cont=0.278
GCA_000973085.1_ASM97308v1_genomic	CP011280.1_19	-	lolD.aln	-	3.3e-26	88.3	0.0	5.2e-26	87.7	0.0	1.2	1	0	0	1	1	1	1	# 20076 # 21818 # -1 # ID=1_19;partial=00;start_type=ATG;rbs_motif=GGAGG;rbs_spacer=3-4bp;gc_cont=0.279
GCA_000973085.1_ASM97308v1_genomic	CP011280.1_774	-	lolD.aln	-	1.9e-25	85.9	3.7	2e-08	30.2	0.0	4.6	5	0	0	5	5	4	4	# 771901 # 774726 # -1 # ID=1_774;partial=00;start_type=ATG;rbs_motif=GGAGG;rbs_spacer=5-10bp;gc_cont=0.288
GCA_000973085.1_ASM97308v1_genomic	CP011280.1_146	-	lolD.aln	-	7e-25	84.0	0.0	9.5e-25	83.6	0.0	1.1	1	0	0	1	1	1	1	# 145948 # 146856 # 1 # ID=1_146;partial=00;start_type=ATG;rbs_motif=GGAG/GAGG;rbs_spacer=5-10bp;gc_cont=0.261
GCA_000973085.1_ASM97308v1_genomic	CP011280.1_637	-	lolD.aln	-	1.3e-24	83.1	0.0	2e-24	82.5	0.0	1.2	1	0	0	1	1	1	1	# 634329 # 636038 # 1 # ID=1_637;partial=00;start_type=ATG;rbs_motif=GGA/GAG/AGG;rbs_spacer=5-10bp;gc_cont=0.181
GCA_000973085.1_ASM97308v1_genomic	CP011280.1_124	-	lolD.aln	-	3.9e-24	81.6	0.0	2.8e-18	62.4	0.0	2.1	2	0	0	2	2	2	2	# 126143 # 126856 # 1 # ID=1_124;partial=00;start_type=ATG;rbs_motif=GGAG/GAGG;rbs_spacer=5-10bp;gc_cont=0.269
GCA_000973085.1_ASM97308v1_genomic	CP011280.1_424	-	lolD.aln	-	4.9e-23	78.0	0.0	8.8e-23	77.2	0.0	1.3	1	0	0	1	1	1	1	# 449516 # 450430 # 1 # ID=1_424;partial=00;start_type=ATG;rbs_motif=AGGA;rbs_spacer=5-10bp;gc_cont=0.307
GCA_000973085.1_ASM97308v1_genomic	CP011280.1_588	-	lolD.aln	-	1.5e-21	73.1	2.6	4.7e-21	71.5	0.3	2.4	2	1	0	2	2	1	1	# 595874 # 597556 # -1 # ID=1_588;partial=00;start_type=ATG;rbs_motif=AGGAGG;rbs_spacer=3-4bp;gc_cont=0.261
GCA_000973085.1_ASM97308v1_genomic	CP011280.1_30	-	lolD.aln	-	3.6e-21	71.9	0.0	5.3e-20	68.1	0.0	2.0	1	1	0	1	1	1	1	# 31111 # 31803 # -1 # ID=1_30;partial=00;start_type=ATG;rbs_motif=GGA/GAG/AGG;rbs_spacer=5-10bp;gc_cont=0.283
GCA_000973085.1_ASM97308v1_genomic	CP011280.1_236	-	lolD.aln	-	4.8e-21	71.5	0.2	5.9e-20	67.9	0.2	2.0	1	1	0	1	1	1	1	# 242847 # 243581 # 1 # ID=1_236;partial=00;start_type=ATG;rbs_motif=AGGA;rbs_spacer=5-10bp;gc_cont=0.305
GCA_000973085.1_ASM97308v1_genomic	CP011280.1_292	-	lolD.aln	-	5.1e-21	71.4	0.0	1.9e-19	66.3	0.0	2.2	1	1	0	1	1	1	1	# 312160 # 313716 # 1 # ID=1_292;partial=00;start_type=ATG;rbs_motif=GGAG/GAGG;rbs_spacer=5-10bp;gc_cont=0.197
GCA_000973085.1_ASM97308v1_genomic	CP011280.1_497	-	lolD.aln	-	1.3e-20	70.1	0.4	7.7e-19	64.3	0.4	2.3	1	1	0	1	1	1	1	# 514406 # 515983 # 1 # ID=1_497;partial=00;start_type=TTG;rbs_motif=AGGAGG;rbs_spacer=5-10bp;gc_cont=0.208
GCA_000973085.1_ASM97308v1_genomic	CP011280.1_314	-	lolD.aln	-	9.3e-20	67.3	0.0	4.8e-13	45.3	0.0	2.3	2	0	0	2	2	2	2	# 342197 # 343735 # 1 # ID=1_314;partial=00;start_type=ATG;rbs_motif=GGAGG;rbs_spacer=5-10bp;gc_cont=0.190
GCA_000973085.1_ASM97308v1_genomic	CP011280.1_144	-	lolD.aln	-	2.2e-19	66.0	1.6	8.3e-12	41.3	0.1	2.0	2	0	0	2	2	2	2	# 144737 # 145438 # -1 # ID=1_144;partial=00;start_type=ATG;rbs_motif=AGGAGG;rbs_spacer=5-10bp;gc_cont=0.246
GCA_000973085.1_ASM97308v1_genomic	CP011280.1_587	-	lolD.aln	-	2.9e-19	65.6	0.1	5.5e-19	64.7	0.1	1.4	1	0	0	1	1	1	1	# 594145 # 595884 # -1 # ID=1_587;partial=00;start_type=ATG;rbs_motif=AGGAGG;rbs_spacer=5-10bp;gc_cont=0.282
GCA_000973085.1_ASM97308v1_genomic	CP011280.1_638	-	lolD.aln	-	6.1e-19	64.6	0.0	8.7e-19	64.1	0.0	1.2	1	0	0	1	1	1	1	# 636063 # 636929 # 1 # ID=1_638;partial=00;start_type=ATG;rbs_motif=AGGA;rbs_spacer=5-10bp;gc_cont=0.242
GCA_000973085.1_ASM97308v1_genomic	CP011280.1_498	-	lolD.aln	-	1.2e-17	60.3	0.2	1.9e-16	56.4	0.2	2.1	1	1	0	1	1	1	1	# 515970 # 517511 # 1 # ID=1_498;partial=00;start_type=ATG;rbs_motif=GGAG/GAGG;rbs_spacer=5-10bp;gc_cont=0.217
GCA_000973085.1_ASM97308v1_genomic	CP011280.1_293	-	lolD.aln	-	7.7e-14	47.9	3.2	2.2e-13	46.4	0.6	2.7	2	1	0	2	2	2	1	# 313691 # 315238 # 1 # ID=1_293;partial=00;start_type=ATG;rbs_motif=GGAG/GAGG;rbs_spacer=5-10bp;gc_cont=0.198
GCA_001198735.1_6755_2_17_genomic	CRMC01000016.1_50	-	lolD.aln	-	1.3e-79	263.8	0.4	1.4e-79	263.6	0.4	1.0	1	0	0	1	1	1	1	# 41981 # 42682 # 1 # ID=16_50;partial=00;start_type=ATG;rbs_motif=GGAG/GAGG;rbs_spacer=5-10bp;gc_cont=0.417
GCA_001198735.1_6755_2_17_genomic	CRMC01000003.1_136	-	lolD.aln	-	7.2e-72	238.4	0.1	2.4e-38	128.8	0.1	2.1	2	0	0	2	2	2	2	# 138166 # 140148 # -1 # ID=3_136;partial=00;start_type=ATG;rbs_motif=AGGAGG;rbs_spacer=5-10bp;gc_cont=0.344
GCA_001198735.1_6755_2_17_genomic	CRMC01000003.1_112	-	lolD.aln	-	9.3e-65	215.2	0.1	1.1e-64	215.0	0.1	1.0	1	0	0	1	1	1	1	# 112579 # 113280 # -1 # ID=3_112;partial=00;start_type=ATG;rbs_motif=GGAG/GAGG;rbs_spacer=5-10bp;gc_cont=0.454
GCA_001198735.1_6755_2_17_genomic	CRMC01000001.1_159	-	lolD.aln	-	5.2e-63	209.4	0.3	6.1e-63	209.2	0.3	1.0	1	0	0	1	1	1	1	# 147729 # 148487 # 1 # ID=1_159;partial=00;start_type=ATG;rbs_motif=AGGAG;rbs_spacer=5-10bp;gc_cont=0.435
GCA_001198735.1_6755_2_17_genomic	CRMC01000005.1_23	-	lolD.aln	-	8.5e-63	208.8	0.0	5.8e-32	107.9	0.0	2.3	2	0	0	2	2	2	2	# 24504 # 26186 # -1 # ID=5_23;partial=00;start_type=ATG;rbs_motif=GGA/GAG/AGG;rbs_spacer=5-10bp;gc_cont=0.417
GCA_001198735.1_6755_2_17_genomic	CRMC01000001.1_2	-	lolD.aln	-	1.2e-57	191.9	0.0	1.5e-57	191.6	0.0	1.0	1	0	0	1	1	1	1	# 1184 # 1924 # -1 # ID=1_2;partial=00;start_type=ATG;rbs_motif=GGAGG;rbs_spacer=5-10bp;gc_cont=0.337
GCA_001198735.1_6755_2_17_genomic	CRMC01000026.1_6	-	lolD.aln	-	7.9e-57	189.2	2.8	1.1e-56	188.8	2.8	1.2	1	0	0	1	1	1	1	# 4494 # 5555 # 1 # ID=26_6;partial=00;start_type=ATG;rbs_motif=AGGAG(G)/GGAGG;rbs_spacer=13-15bp;gc_cont=0.436
GCA_001198735.1_6755_2_17_genomic	CRMC01000021.1_4	-	lolD.aln	-	1e-54	182.3	0.4	1.2e-54	182.1	0.4	1.0	1	0	0	1	1	1	1	# 3898 # 4632 # 1 # ID=21_4;partial=00;start_type=ATG;rbs_motif=AGGAG;rbs_spacer=5-10bp;gc_cont=0.433
GCA_001198735.1_6755_2_17_genomic	CRMC01000022.1_35	-	lolD.aln	-	1e-53	179.0	0.6	1.2e-53	178.9	0.6	1.0	1	0	0	1	1	1	1	# 30950 # 31690 # -1 # ID=22_35;partial=00;start_type=ATG;rbs_motif=GGAGG;rbs_spacer=5-10bp;gc_cont=0.443
GCA_001198735.1_6755_2_17_genomic	CRMC01000001.1_48	-	lolD.aln	-	5.2e-53	176.7	0.1	6.9e-53	176.3	0.1	1.2	1	0	0	1	1	1	1	# 49047 # 50204 # -1 # ID=1_48;partial=00;start_type=TTG;rbs_motif=AGxAGG/AGGxGG;rbs_spacer=11-12bp;gc_cont=0.447
GCA_001198735.1_6755_2_17_genomic	CRMC01000016.1_22	-	lolD.aln	-	1.6e-52	175.2	0.0	1.7e-52	175.0	0.0	1.0	1	0	0	1	1	1	1	# 16889 # 17581 # 1 # ID=16_22;partial=00;start_type=ATG;rbs_motif=AGGA;rbs_spacer=5-10bp;gc_cont=0.416
GCA_001198735.1_6755_2_17_genomic	CRMC01000002.1_128	-	lolD.aln	-	2.6e-50	167.9	0.3	3e-50	167.7	0.3	1.0	1	0	0	1	1	1	1	# 136778 # 137518 # -1 # ID=2_128;partial=00;start_type=ATG;rbs_motif=GGAG/GAGG;rbs_spacer=5-10bp;gc_cont=0.424
GCA_001198735.1_6755_2_17_genomic	CRMC01000021.1_23	-	lolD.aln	-	4.2e-50	167.2	4.7	3.1e-29	99.0	0.9	2.1	2	0	0	2	2	2	2	# 20407 # 21942 # 1 # ID=21_23;partial=00;start_type=ATG;rbs_motif=AGGA;rbs_spacer=5-10bp;gc_cont=0.419
GCA_001198735.1_6755_2_17_genomic	CRMC01000012.1_20	-	lolD.aln	-	2.9e-49	164.5	0.1	3.3e-49	164.3	0.1	1.0	1	0	0	1	1	1	1	# 21398 # 22156 # 1 # ID=12_20;partial=00;start_type=ATG;rbs_motif=GGAG/GAGG;rbs_spacer=5-10bp;gc_cont=0.437
GCA_001198735.1_6755_2_17_genomic	CRMC01000012.1_29	-	lolD.aln	-	1.1e-48	162.6	0.2	2e-48	161.7	0.2	1.4	1	1	0	1	1	1	1	# 30834 # 31481 # -1 # ID=12_29;partial=00;start_type=ATG;rbs_motif=AGGAG;rbs_spacer=5-10bp;gc_cont=0.400
GCA_001198735.1_6755_2_17_genomic	CRMC01000001.1_103	-	lolD.aln	-	1.1e-48	162.6	0.6	1.3e-48	162.4	0.6	1.0	1	0	0	1	1	1	1	# 96171 # 96914 # -1 # ID=1_103;partial=00;start_type=ATG;rbs_motif=AGGAG;rbs_spacer=5-10bp;gc_cont=0.422
GCA_001198735.1_6755_2_17_genomic	CRMC01000001.1_138	-	lolD.aln	-	5.8e-48	160.2	0.1	6.9e-48	160.0	0.1	1.0	1	0	0	1	1	1	1	# 129161 # 129790 # -1 # ID=1_138;partial=00;start_type=ATG;rbs_motif=AGxAGG/AGGxGG;rbs_spacer=5-10bp;gc_cont=0.425
GCA_001198735.1_6755_2_17_genomic	CRMC01000007.1_59	-	lolD.aln	-	1.6e-47	158.8	0.0	1.8e-47	158.6	0.0	1.0	1	0	0	1	1	1	1	# 57263 # 57991 # -1 # ID=7_59;partial=00;start_type=ATG;rbs_motif=GGAG/GAGG;rbs_spacer=5-10bp;gc_cont=0.427
GCA_001198735.1_6755_2_17_genomic	CRMC01000011.1_41	-	lolD.aln	-	2.3e-42	141.9	0.0	2.6e-42	141.7	0.0	1.0	1	0	0	1	1	1	1	# 40876 # 41517 # -1 # ID=11_41;partial=00;start_type=ATG;rbs_motif=AGGA;rbs_spacer=5-10bp;gc_cont=0.394
GCA_001198735.1_6755_2_17_genomic	CRMC01000007.1_29	-	lolD.aln	-	4.3e-40	134.5	0.0	6e-40	134.0	0.0	1.2	1	0	0	1	1	1	1	# 26226 # 27236 # -1 # ID=7_29;partial=00;start_type=ATG;rbs_motif=GGAG/GAGG;rbs_spacer=5-10bp;gc_cont=0.334
GCA_001198735.1_6755_2_17_genomic	CRMC01000033.1_13	-	lolD.aln	-	4.4e-40	134.4	0.1	6.5e-40	133.9	0.1	1.2	1	0	0	1	1	1	1	# 16810 # 17736 # 1 # ID=33_13;partial=00;start_type=ATG;rbs_motif=AGGAGG;rbs_spacer=5-10bp;gc_cont=0.408
GCA_001198735.1_6755_2_17_genomic	CRMC01000011.1_12	-	lolD.aln	-	1.9e-39	132.4	0.0	2.1e-39	132.3	0.0	1.0	1	0	0	1	1	1	1	# 11453 # 12085 # 1 # ID=11_12;partial=00;start_type=ATG;rbs_motif=GGAGG;rbs_spacer=5-10bp;gc_cont=0.409
GCA_001198735.1_6755_2_17_genomic	CRMC01000009.1_34	-	lolD.aln	-	4.9e-39	131.0	0.1	6e-39	130.7	0.1	1.0	1	0	0	1	1	1	1	# 35809 # 36648 # 1 # ID=9_34;partial=00;start_type=ATG;rbs_motif=GGAG/GAGG;rbs_spacer=5-10bp;gc_cont=0.411
GCA_001198735.1_6755_2_17_genomic	CRMC01000003.1_39	-	lolD.aln	-	8.4e-39	130.3	2.2	2.9e-11	40.2	0.0	4.2	4	0	0	4	4	4	4	# 37977 # 39848 # -1 # ID=3_39;partial=00;start_type=ATG;rbs_motif=GGAG/GAGG;rbs_spacer=5-10bp;gc_cont=0.429
GCA_001198735.1_6755_2_17_genomic	CRMC01000003.1_63	-	lolD.aln	-	1.6e-38	129.3	0.0	2.3e-38	128.8	0.0	1.1	1	0	0	1	1	1	1	# 60593 # 61723 # -1 # ID=3_63;partial=00;start_type=ATG;rbs_motif=AGGAG;rbs_spacer=5-10bp;gc_cont=0.408
GCA_001198735.1_6755_2_17_genomic	CRMC01000009.1_33	-	lolD.aln	-	2e-38	129.0	0.1	2.4e-38	128.8	0.1	1.1	1	0	0	1	1	1	1	# 34997 # 35824 # 1 # ID=9_33;partial=00;start_type=ATG;rbs_motif=3Base/5BMM;rbs_spacer=13-15bp;gc_cont=0.389
GCA_001198735.1_6755_2_17_genomic	CRMC01000017.1_6	-	lolD.aln	-	9.5e-38	126.8	0.0	1.1e-37	126.6	0.0	1.0	1	0	0	1	1	1	1	# 5846 # 6487 # 1 # ID=17_6;partial=00;start_type=ATG;rbs_motif=AGGA;rbs_spacer=5-10bp;gc_cont=0.369
GCA_001198735.1_6755_2_17_genomic	CRMC01000008.1_25	-	lolD.aln	-	1.5e-37	126.1	0.3	2.1e-37	125.7	0.3	1.1	1	0	0	1	1	1	1	# 31671 # 32762 # 1 # ID=8_25;partial=00;start_type=ATG;rbs_motif=GGAG/GAGG;rbs_spacer=5-10bp;gc_cont=0.405
GCA_001198735.1_6755_2_17_genomic	CRMC01000018.1_20	-	lolD.aln	-	2e-37	125.8	0.1	7.8e-12	42.1	0.0	4.6	4	0	0	4	4	4	4	# 31978 # 33879 # -1 # ID=18_20;partial=00;start_type=ATG;rbs_motif=None;rbs_spacer=None;gc_cont=0.420
GCA_001198735.1_6755_2_17_genomic	CRMC01000017.1_36	-	lolD.aln	-	1.3e-35	119.8	0.0	5.9e-24	81.7	0.0	3.1	3	0	0	3	3	3	2	# 31195 # 32580 # 1 # ID=17_36;partial=00;start_type=ATG;rbs_motif=GGAGG;rbs_spacer=5-10bp;gc_cont=0.439
GCA_001198735.1_6755_2_17_genomic	CRMC01000016.1_19	-	lolD.aln	-	4.4e-35	118.1	0.4	6e-35	117.7	0.4	1.1	1	0	0	1	1	1	1	# 13994 # 14704 # 1 # ID=16_19;partial=00;start_type=ATG;rbs_motif=AGGAGG;rbs_spacer=5-10bp;gc_cont=0.411
GCA_001198735.1_6755_2_17_genomic	CRMC01000033.1_12	-	lolD.aln	-	7.5e-35	117.4	0.0	1e-34	116.9	0.0	1.1	1	0	0	1	1	1	1	# 15732 # 16799 # 1 # ID=33_12;partial=00;start_type=ATG;rbs_motif=AGGAG;rbs_spacer=5-10bp;gc_cont=0.425
GCA_001198735.1_6755_2_17_genomic	CRMC01000016.1_34	-	lolD.aln	-	1.4e-33	113.2	2.4	9.3e-11	38.5	0.0	4.2	3	1	1	4	4	4	4	# 30506 # 32047 # 1 # ID=16_34;partial=00;start_type=ATG;rbs_motif=AGGA;rbs_spacer=5-10bp;gc_cont=0.438
GCA_001198735.1_6755_2_17_genomic	CRMC01000031.1_7	-	lolD.aln	-	9.1e-33	110.5	3.5	7.6e-32	107.5	3.5	1.9	1	1	0	1	1	1	1	# 7119 # 7844 # -1 # ID=31_7;partial=00;start_type=ATG;rbs_motif=None;rbs_spacer=None;gc_cont=0.453
GCA_001198735.1_6755_2_17_genomic	CRMC01000030.1_19	-	lolD.aln	-	1.2e-32	110.1	0.1	1.5e-32	109.8	0.1	1.1	1	0	0	1	1	1	1	# 18844 # 19614 # 1 # ID=30_19;partial=00;start_type=ATG;rbs_motif=None;rbs_spacer=None;gc_cont=0.399
GCA_001198735.1_6755_2_17_genomic	CRMC01000017.1_15	-	lolD.aln	-	2.9e-32	108.9	0.6	9.8e-32	107.2	0.6	1.8	1	1	0	1	1	1	1	# 13195 # 14028 # 1 # ID=17_15;partial=00;start_type=ATG;rbs_motif=AGGAGG;rbs_spacer=5-10bp;gc_cont=0.330
GCA_001198735.1_6755_2_17_genomic	CRMC01000001.1_55	-	lolD.aln	-	4.7e-32	108.2	0.0	5.6e-32	107.9	0.0	1.0	1	0	0	1	1	1	1	# 55944 # 56702 # -1 # ID=1_55;partial=00;start_type=ATG;rbs_motif=AGGA;rbs_spacer=5-10bp;gc_cont=0.432
GCA_001198735.1_6755_2_17_genomic	CRMC01000016.1_18	-	lolD.aln	-	6.6e-32	107.7	1.3	1.1e-30	103.7	1.3	2.0	1	1	0	1	1	1	1	# 13230 # 13994 # 1 # ID=16_18;partial=00;start_type=ATG;rbs_motif=AGGAGG;rbs_spacer=5-10bp;gc_cont=0.391
GCA_001198735.1_6755_2_17_genomic	CRMC01000050.1_4	-	lolD.aln	-	1.2e-31	106.9	0.1	1.4e-31	106.7	0.1	1.0	1	0	0	1	1	1	1	# 1449 # 2090 # 1 # ID=50_4;partial=00;start_type=TTG;rbs_motif=None;rbs_spacer=None;gc_cont=0.324
GCA_001198735.1_6755_2_17_genomic	CRMC01000009.1_24	-	lolD.aln	-	2.6e-31	105.8	0.0	1.1e-12	44.9	0.0	4.1	4	0	0	4	4	4	3	# 24890 # 26512 # -1 # ID=9_24;partial=00;start_type=TTG;rbs_motif=AGGAG;rbs_spacer=5-10bp;gc_cont=0.386
GCA_001198735.1_6755_2_17_genomic	CRMC01000019.1_11	-	lolD.aln	-	2.3e-30	102.7	0.1	4.4e-18	62.5	0.0	2.1	2	0	0	2	2	2	2	# 10803 # 11597 # -1 # ID=19_11;partial=00;start_type=ATG;rbs_motif=AGGAGG;rbs_spacer=5-10bp;gc_cont=0.337
GCA_001198735.1_6755_2_17_genomic	CRMC01000007.1_67	-	lolD.aln	-	4.2e-30	101.8	0.3	7.7e-30	101.0	0.3	1.4	1	1	0	1	1	1	1	# 64708 # 65460 # 1 # ID=7_67;partial=00;start_type=GTG;rbs_motif=AGGAGG;rbs_spacer=5-10bp;gc_cont=0.446
GCA_001198735.1_6755_2_17_genomic	CRMC01000010.1_27	-	lolD.aln	-	6.6e-30	101.2	0.0	9.1e-30	100.7	0.0	1.1	1	0	0	1	1	1	1	# 26259 # 27011 # 1 # ID=10_27;partial=00;start_type=ATG;rbs_motif=AGGAG;rbs_spacer=5-10bp;gc_cont=0.394
GCA_001198735.1_6755_2_17_genomic	CRMC01000017.1_25	-	lolD.aln	-	2.9e-29	99.1	0.9	3.4e-29	98.8	0.9	1.1	1	0	0	1	1	1	1	# 21334 # 21840 # -1 # ID=17_25;partial=00;start_type=ATG;rbs_motif=None;rbs_spacer=None;gc_cont=0.446
GCA_001198735.1_6755_2_17_genomic	CRMC01000017.1_23	-	lolD.aln	-	8.9e-29	97.5	0.1	1.1e-27	94.0	0.1	1.9	1	1	0	1	1	1	1	# 19735 # 20382 # 1 # ID=17_23;partial=00;start_type=ATG;rbs_motif=AGGAGG;rbs_spacer=5-10bp;gc_cont=0.318
GCA_001198735.1_6755_2_17_genomic	CRMC01000014.1_21	-	lolD.aln	-	2.7e-28	95.9	0.1	4.7e-28	95.1	0.1	1.3	1	0	0	1	1	1	1	# 19640 # 21793 # -1 # ID=14_21;partial=00;start_type=ATG;rbs_motif=AGGA;rbs_spacer=5-10bp;gc_cont=0.368
GCA_001198735.1_6755_2_17_genomic	CRMC01000004.1_85	-	lolD.aln	-	5.4e-28	94.9	0.3	1.3e-27	93.7	0.3	1.6	1	1	0	1	1	1	1	# 105429 # 107582 # -1 # ID=4_85;partial=00;start_type=ATG;rbs_motif=AGGAG;rbs_spacer=5-10bp;gc_cont=0.447
GCA_001198735.1_6755_2_17_genomic	CRMC01000014.1_12	-	lolD.aln	-	7.8e-27	91.1	0.0	9.6e-27	90.8	0.0	1.1	1	0	0	1	1	1	1	# 13134 # 13865 # 1 # ID=14_12;partial=00;start_type=ATG;rbs_motif=GGAG/GAGG;rbs_spacer=5-10bp;gc_cont=0.445
GCA_001198735.1_6755_2_17_genomic	CRMC01000027.1_15	-	lolD.aln	-	9.9e-27	90.8	0.5	2.2e-26	89.6	0.5	1.5	1	1	0	1	1	1	1	# 13414 # 14172 # -1 # ID=27_15;partial=00;start_type=ATG;rbs_motif=AGGAG(G)/GGAGG;rbs_spacer=13-15bp;gc_cont=0.389
GCA_001198735.1_6755_2_17_genomic	CRMC01000002.1_98	-	lolD.aln	-	1.9e-26	89.8	0.3	2.8e-07	27.1	0.0	4.2	3	1	1	4	4	4	4	# 100799 # 102358 # -1 # ID=2_98;partial=00;start_type=ATG;rbs_motif=GGA/GAG/AGG;rbs_spacer=5-10bp;gc_cont=0.399
GCA_001198735.1_6755_2_17_genomic	CRMC01000003.1_107	-	lolD.aln	-	5.7e-26	88.3	0.0	7.3e-26	87.9	0.0	1.2	1	0	0	1	1	1	1	# 106631 # 107353 # 1 # ID=3_107;partial=00;start_type=ATG;rbs_motif=AGGAGG;rbs_spacer=11-12bp;gc_cont=0.430
GCA_001198735.1_6755_2_17_genomic	CRMC01000004.1_17	-	lolD.aln	-	6.7e-26	88.1	0.1	5.5e-25	85.1	0.1	1.9	1	1	0	1	1	1	1	# 18605 # 19309 # 1 # ID=4_17;partial=00;start_type=ATG;rbs_motif=AGGAG;rbs_spacer=5-10bp;gc_cont=0.451
GCA_001198735.1_6755_2_17_genomic	CRMC01000007.1_36	-	lolD.aln	-	2.2e-25	86.4	0.0	3.4e-25	85.8	0.0	1.2	1	0	0	1	1	1	1	# 35451 # 37202 # -1 # ID=7_36;partial=00;start_type=ATG;rbs_motif=GGAG/GAGG;rbs_spacer=5-10bp;gc_cont=0.447
GCA_001198735.1_6755_2_17_genomic	CRMC01000005.1_42	-	lolD.aln	-	2.2e-25	86.4	0.2	4.9e-25	85.2	0.2	1.5	1	1	0	1	1	1	1	# 48245 # 49939 # -1 # ID=5_42;partial=00;start_type=ATG;rbs_motif=AGGAG;rbs_spacer=5-10bp;gc_cont=0.445
GCA_001198735.1_6755_2_17_genomic	CRMC01000027.1_29	-	lolD.aln	-	2.7e-25	86.1	0.0	4.1e-25	85.5	0.0	1.2	1	0	0	1	1	1	1	# 28597 # 29589 # -1 # ID=27_29;partial=00;start_type=ATG;rbs_motif=AGGAG;rbs_spacer=5-10bp;gc_cont=0.363
GCA_001198735.1_6755_2_17_genomic	CRMC01000002.1_49	-	lolD.aln	-	4.3e-25	85.4	0.0	6.7e-25	84.8	0.0	1.2	1	0	0	1	1	1	1	# 53674 # 54666 # -1 # ID=2_49;partial=00;start_type=ATG;rbs_motif=GGAG/GAGG;rbs_spacer=5-10bp;gc_cont=0.437
GCA_001198735.1_6755_2_17_genomic	CRMC01000001.1_41	-	lolD.aln	-	7.2e-25	84.7	0.0	8.4e-25	84.5	0.0	1.1	1	0	0	1	1	1	1	# 40051 # 40800 # -1 # ID=1_41;partial=00;start_type=ATG;rbs_motif=AGGAG;rbs_spacer=5-10bp;gc_cont=0.420
GCA_001198735.1_6755_2_17_genomic	CRMC01000008.1_75	-	lolD.aln	-	1.6e-24	83.5	1.6	1.1e-07	28.4	0.0	4.3	4	0	0	4	4	4	4	# 65438 # 68269 # -1 # ID=8_75;partial=00;start_type=ATG;rbs_motif=3Base/5BMM;rbs_spacer=13-15bp;gc_cont=0.475
GCA_001198735.1_6755_2_17_genomic	CRMC01000001.1_56	-	lolD.aln	-	4.9e-24	82.0	0.0	8e-24	81.3	0.0	1.3	1	1	0	1	1	1	1	# 56715 # 57518 # -1 # ID=1_56;partial=00;start_type=ATG;rbs_motif=AGGAG;rbs_spacer=5-10bp;gc_cont=0.419
GCA_001198735.1_6755_2_17_genomic	CRMC01000011.1_58	-	lolD.aln	-	1.8e-23	80.1	0.1	5.6e-11	39.3	0.1	2.1	2	0	0	2	2	2	2	# 57091 # 57975 # -1 # ID=11_58;partial=00;start_type=ATG;rbs_motif=AGGAG;rbs_spacer=5-10bp;gc_cont=0.393
GCA_001198735.1_6755_2_17_genomic	CRMC01000048.1_1	-	lolD.aln	-	1.6e-22	77.0	0.0	2.9e-22	76.2	0.0	1.3	1	0	0	1	1	1	1	# 235 # 2001 # 1 # ID=48_1;partial=00;start_type=ATG;rbs_motif=AGGAGG;rbs_spacer=5-10bp;gc_cont=0.423
GCA_001198735.1_6755_2_17_genomic	CRMC01000001.1_18	-	lolD.aln	-	5e-22	75.4	0.0	7.5e-22	74.8	0.0	1.2	1	0	0	1	1	1	1	# 13704 # 15452 # -1 # ID=1_18;partial=00;start_type=ATG;rbs_motif=AGGAGG;rbs_spacer=5-10bp;gc_cont=0.429
GCA_001198735.1_6755_2_17_genomic	CRMC01000034.1_2	-	lolD.aln	-	5.6e-22	75.2	0.3	1e-20	71.1	0.1	2.4	2	1	0	2	2	1	1	# 454 # 2070 # -1 # ID=34_2;partial=00;start_type=GTG;rbs_motif=GGA/GAG/AGG;rbs_spacer=5-10bp;gc_cont=0.303
GCA_001198735.1_6755_2_17_genomic	CRMC01000007.1_37	-	lolD.aln	-	1.4e-21	73.9	0.1	2.8e-21	73.0	0.1	1.4	1	0	0	1	1	1	1	# 37192 # 38937 # -1 # ID=7_37;partial=00;start_type=ATG;rbs_motif=GGA/GAG/AGG;rbs_spacer=5-10bp;gc_cont=0.455
GCA_001198735.1_6755_2_17_genomic	CRMC01000001.1_3	-	lolD.aln	-	2.2e-21	73.3	0.1	4e-14	49.5	0.0	2.2	2	1	0	2	2	2	2	# 1973 # 2557 # -1 # ID=1_3;partial=00;start_type=ATG;rbs_motif=GGA/GAG/AGG;rbs_spacer=5-10bp;gc_cont=0.272
GCA_001198735.1_6755_2_17_genomic	CRMC01000001.1_7	-	lolD.aln	-	2.2e-21	73.3	0.1	4e-14	49.5	0.0	2.2	2	1	0	2	2	2	2	# 5992 # 6576 # -1 # ID=1_7;partial=00;start_type=ATG;rbs_motif=GGA/GAG/AGG;rbs_spacer=5-10bp;gc_cont=0.272
GCA_001198735.1_6755_2_17_genomic	CRMC01000024.1_11	-	lolD.aln	-	4.6e-21	72.2	0.0	7.5e-21	71.6	0.0	1.3	1	0	0	1	1	1	1	# 10973 # 11866 # 1 # ID=24_11;partial=00;start_type=ATG;rbs_motif=GGAGG;rbs_spacer=5-10bp;gc_cont=0.419
GCA_001198735.1_6755_2_17_genomic	CRMC01000001.1_19	-	lolD.aln	-	1.3e-18	64.2	0.1	1.2e-08	31.6	0.1	2.2	2	0	0	2	2	2	2	# 15454 # 17178 # -1 # ID=1_19;partial=00;start_type=ATG;rbs_motif=AGxAGG/AGGxGG;rbs_spacer=5-10bp;gc_cont=0.432
GCA_001198735.1_6755_2_17_genomic	CRMC01000032.1_16	-	lolD.aln	-	3.4e-18	62.9	1.7	4e-17	59.3	1.7	2.0	1	1	0	1	1	1	1	# 11114 # 11818 # 1 # ID=32_16;partial=00;start_type=GTG;rbs_motif=AGGAG;rbs_spacer=5-10bp;gc_cont=0.437
GCA_001198735.1_6755_2_17_genomic	CRMC01000024.1_14	-	lolD.aln	-	2.8e-16	56.6	0.0	1.9e-10	37.5	0.0	2.1	2	0	0	2	2	2	2	# 14259 # 14954 # -1 # ID=24_14;partial=00;start_type=ATG;rbs_motif=AGGAG;rbs_spacer=5-10bp;gc_cont=0.420
GCA_001198735.1_6755_2_17_genomic	CRMC01000023.1_23	-	lolD.aln	-	7.8e-16	55.1	0.1	1.3e-15	54.4	0.1	1.3	1	1	0	1	1	1	1	# 30466 # 31236 # -1 # ID=23_23;partial=00;start_type=ATG;rbs_motif=AGGA;rbs_spacer=5-10bp;gc_cont=0.418
GCA_001198735.1_6755_2_17_genomic	CRMC01000024.1_25	-	lolD.aln	-	1e-15	54.8	0.2	5.5e-15	52.4	0.2	1.8	1	1	0	1	1	1	1	# 22553 # 23203 # 1 # ID=24_25;partial=00;start_type=ATG;rbs_motif=AGGA;rbs_spacer=5-10bp;gc_cont=0.327
GCA_001198735.1_6755_2_17_genomic	CRMC01000013.1_29	-	lolD.aln	-	3.1e-14	49.9	0.0	9.2e-09	32.0	0.0	2.0	2	0	0	2	2	2	2	# 25522 # 26109 # -1 # ID=13_29;partial=00;start_type=ATG;rbs_motif=AGGAG;rbs_spacer=5-10bp;gc_cont=0.420
GCA_001198735.1_6755_2_17_genomic	CRMC01000003.1_11	-	lolD.aln	-	2.2e-10	37.3	0.0	4e-10	36.5	0.0	1.4	1	0	0	1	1	1	1	# 11278 # 12432 # -1 # ID=3_11;partial=00;start_type=GTG;rbs_motif=AGGA;rbs_spacer=5-10bp;gc_cont=0.367
GCA_001198735.1_6755_2_17_genomic	CRMC01000004.1_87	-	lolD.aln	-	2.7e-09	33.7	0.0	2.3e-07	27.4	0.1	2.1	2	0	0	2	2	2	1	# 108434 # 109030 # -1 # ID=4_87;partial=00;start_type=ATG;rbs_motif=GGAG/GAGG;rbs_spacer=5-10bp;gc_cont=0.295
GCA_001198735.1_6755_2_17_genomic	CRMC01000021.1_14	-	lolD.aln	-	0.0029	14.0	0.0	0.0045	13.4	0.0	1.3	1	0	0	1	1	1	1	# 13600 # 14124 # -1 # ID=21_14;partial=00;start_type=ATG;rbs_motif=GGA/GAG/AGG;rbs_spacer=5-10bp;gc_cont=0.385
GCA_001198735.1_6755_2_17_genomic	CRMC01000015.1_49	-	lolD.aln	-	0.0054	13.1	0.1	0.0054	13.1	0.1	1.2	1	0	0	1	1	1	1	# 45588 # 45782 # 1 # ID=15_49;partial=00;start_type=ATG;rbs_motif=None;rbs_spacer=None;gc_cont=0.313
GCA_001201675.1_6753_3_17_genomic	CRKA01000006.1_23	-	lolD.aln	-	1.3e-79	263.8	0.4	1.4e-79	263.6	0.4	1.0	1	0	0	1	1	1	1	# 24820 # 25521 # -1 # ID=6_23;partial=00;start_type=ATG;rbs_motif=GGAG/GAGG;rbs_spacer=5-10bp;gc_cont=0.413
GCA_001201675.1_6753_3_17_genomic	CRKA01000003.1_43	-	lolD.aln	-	9.2e-65	215.2	0.1	1.1e-64	215.0	0.1	1.0	1	0	0	1	1	1	1	# 40642 # 41343 # -1 # ID=3_43;partial=00;start_type=ATG;rbs_motif=GGAG/GAGG;rbs_spacer=5-10bp;gc_cont=0.454
GCA_001201675.1_6753_3_17_genomic	CRKA01000009.1_71	-	lolD.aln	-	6.3e-63	209.2	0.3	7.5e-63	208.9	0.3	1.0	1	0	0	1	1	1	1	# 79552 # 80310 # 1 # ID=9_71;partial=00;start_type=ATG;rbs_motif=AGGAG;rbs_spacer=5-10bp;gc_cont=0.439
GCA_001201675.1_6753_3_17_genomic	CRKA01000011.1_18	-	lolD.aln	-	8e-63	208.8	0.0	5.7e-32	107.9	0.0	2.4	2	0	0	2	2	2	2	# 20609 # 22291 # 1 # ID=11_18;partial=00;start_type=ATG;rbs_motif=GGA/GAG/AGG;rbs_spacer=5-10bp;gc_cont=0.417
GCA_001201675.1_6753_3_17_genomic	CRKA01000004.1_21	-	lolD.aln	-	1.2e-57	191.9	0.0	1.5e-57	191.6	0.0	1.0	1	0	0	1	1	1	1	# 32595 # 33335 # 1 # ID=4_21;partial=00;start_type=ATG;rbs_motif=GGAGG;rbs_spacer=5-10bp;gc_cont=0.335
GCA_001201675.1_6753_3_17_genomic	CRKA01000002.1_30	-	lolD.aln	-	7.8e-57	189.2	2.8	1.1e-56	188.8	2.8	1.2	1	0	0	1	1	1	1	# 27366 # 28427 # 1 # ID=2_30;partial=00;start_type=ATG;rbs_motif=AGGAG(G)/GGAGG;rbs_spacer=13-15bp;gc_cont=0.435
GCA_001201675.1_6753_3_17_genomic	CRKA01000025.1_5	-	lolD.aln	-	4e-55	183.6	0.4	4.6e-55	183.4	0.4	1.0	1	0	0	1	1	1	1	# 4915 # 5649 # 1 # ID=25_5;partial=00;start_type=ATG;rbs_motif=AGGAG;rbs_spacer=5-10bp;gc_cont=0.431
GCA_001201675.1_6753_3_17_genomic	CRKA01000027.1_20	-	lolD.aln	-	9.3e-54	179.2	0.6	1.1e-53	179.0	0.6	1.0	1	0	0	1	1	1	1	# 18210 # 18974 # -1 # ID=27_20;partial=00;start_type=ATG;rbs_motif=GGAGG;rbs_spacer=5-10bp;gc_cont=0.427
GCA_001201675.1_6753_3_17_genomic	CRKA01000010.1_40	-	lolD.aln	-	5.2e-53	176.7	0.1	6.9e-53	176.3	0.1	1.2	1	0	0	1	1	1	1	# 31976 # 33133 # 1 # ID=10_40;partial=00;start_type=TTG;rbs_motif=AGxAGG/AGGxGG;rbs_spacer=11-12bp;gc_cont=0.445
GCA_001201675.1_6753_3_17_genomic	CRKA01000006.1_49	-	lolD.aln	-	1.5e-52	175.2	0.0	1.7e-52	175.0	0.0	1.0	1	0	0	1	1	1	1	# 49769 # 50461 # -1 # ID=6_49;partial=00;start_type=ATG;rbs_motif=AGGA;rbs_spacer=5-10bp;gc_cont=0.413
GCA_001201675.1_6753_3_17_genomic	CRKA01000038.1_7	-	lolD.aln	-	4.8e-51	170.3	0.2	6.2e-27	91.4	0.0	3.0	2	2	0	2	2	2	2	# 6498 # 7862 # 1 # ID=38_7;partial=00;start_type=ATG;rbs_motif=GGAGG;rbs_spacer=5-10bp;gc_cont=0.297
GCA_001201675.1_6753_3_17_genomic	CRKA01000007.1_39	-	lolD.aln	-	2.6e-50	167.9	0.3	2.9e-50	167.7	0.3	1.0	1	0	0	1	1	1	1	# 36946 # 37686 # 1 # ID=7_39;partial=00;start_type=ATG;rbs_motif=GGAG/GAGG;rbs_spacer=5-10bp;gc_cont=0.424
GCA_001201675.1_6753_3_17_genomic	CRKA01000025.1_26	-	lolD.aln	-	4.1e-50	167.2	4.7	3e-29	99.0	0.9	2.1	2	0	0	2	2	2	2	# 22070 # 23605 # 1 # ID=25_26;partial=00;start_type=ATG;rbs_motif=AGGA;rbs_spacer=5-10bp;gc_cont=0.418
GCA_001201675.1_6753_3_17_genomic	CRKA01000001.1_164	-	lolD.aln	-	9e-49	162.9	0.2	1e-48	162.7	0.2	1.0	1	0	0	1	1	1	1	# 167303 # 168061 # -1 # ID=1_164;partial=00;start_type=ATG;rbs_motif=GGA/GAG/AGG;rbs_spacer=5-10bp;gc_cont=0.435
GCA_001201675.1_6753_3_17_genomic	CRKA01000001.1_154	-	lolD.aln	-	9.4e-49	162.8	0.2	1.7e-48	162.0	0.2	1.4	1	1	0	1	1	1	1	# 158023 # 158670 # 1 # ID=1_154;partial=00;start_type=ATG;rbs_motif=AGGAG;rbs_spacer=5-10bp;gc_cont=0.397
GCA_001201675.1_6753_3_17_genomic	CRKA01000006.1_94	-	lolD.aln	-	1.1e-48	162.6	0.6	1.3e-48	162.4	0.6	1.0	1	0	0	1	1	1	1	# 88921 # 89664 # 1 # ID=6_94;partial=00;start_type=ATG;rbs_motif=AGGAG;rbs_spacer=5-10bp;gc_cont=0.422
GCA_001201675.1_6753_3_17_genomic	CRKA01000001.1_41	-	lolD.aln	-	1.5e-48	162.1	0.4	1.8e-48	161.9	0.4	1.0	1	0	0	1	1	1	1	# 33767 # 34525 # -1 # ID=1_41;partial=00;start_type=ATG;rbs_motif=GGAG/GAGG;rbs_spacer=5-10bp;gc_cont=0.431
GCA_001201675.1_6753_3_17_genomic	CRKA01000005.1_96	-	lolD.aln	-	1.5e-47	158.8	0.1	1.7e-47	158.7	0.1	1.0	1	0	0	1	1	1	1	# 92411 # 93139 # -1 # ID=5_96;partial=00;start_type=ATG;rbs_motif=GGAG/GAGG;rbs_spacer=5-10bp;gc_cont=0.414
GCA_001201675.1_6753_3_17_genomic	CRKA01000030.1_13	-	lolD.aln	-	1.8e-47	158.6	0.1	2.1e-47	158.4	0.1	1.0	1	0	0	1	1	1	1	# 10896 # 11525 # 1 # ID=30_13;partial=00;start_type=ATG;rbs_motif=AGGAGG;rbs_spacer=5-10bp;gc_cont=0.429
GCA_001201675.1_6753_3_17_genomic	CRKA01000004.1_82	-	lolD.aln	-	2.3e-42	141.9	0.0	2.6e-42	141.7	0.0	1.0	1	0	0	1	1	1	1	# 98072 # 98713 # -1 # ID=4_82;partial=00;start_type=ATG;rbs_motif=AGGA;rbs_spacer=5-10bp;gc_cont=0.394
GCA_001201675.1_6753_3_17_genomic	CRKA01000002.1_102	-	lolD.aln	-	1.4e-40	136.1	0.1	1.8e-40	135.7	0.1	1.1	1	0	0	1	1	1	1	# 84351 # 85442 # -1 # ID=2_102;partial=00;start_type=ATG;rbs_motif=GGAG/GAGG;rbs_spacer=5-10bp;gc_cont=0.407
GCA_001201675.1_6753_3_17_genomic	CRKA01000009.1_44	-	lolD.aln	-	3.1e-40	134.9	0.0	6.4e-40	133.9	0.0	1.4	1	0	0	1	1	1	1	# 45302 # 47386 # 1 # ID=9_44;partial=00;start_type=ATG;rbs_motif=AGGAGG;rbs_spacer=5-10bp;gc_cont=0.344
GCA_001201675.1_6753_3_17_genomic	CRKA01000005.1_66	-	lolD.aln	-	4.3e-40	134.5	0.0	6e-40	134.0	0.0	1.1	1	0	0	1	1	1	1	# 61294 # 62304 # -1 # ID=5_66;partial=00;start_type=ATG;rbs_motif=GGAG/GAGG;rbs_spacer=5-10bp;gc_cont=0.332
GCA_001201675.1_6753_3_17_genomic	CRKA01000031.1_1	-	lolD.aln	-	4.4e-40	134.4	0.1	6.5e-40	133.9	0.1	1.2	1	0	0	1	1	1	1	# 144 # 1070 # -1 # ID=31_1;partial=00;start_type=ATG;rbs_motif=AGGAGG;rbs_spacer=5-10bp;gc_cont=0.410
GCA_001201675.1_6753_3_17_genomic	CRKA01000019.1_34	-	lolD.aln	-	4.8e-39	131.0	0.1	6e-39	130.7	0.1	1.0	1	0	0	1	1	1	1	# 35714 # 36553 # 1 # ID=19_34;partial=00;start_type=ATG;rbs_motif=GGAG/GAGG;rbs_spacer=5-10bp;gc_cont=0.408
GCA_001201675.1_6753_3_17_genomic	CRKA01000008.1_73	-	lolD.aln	-	7.1e-39	130.5	2.3	2.8e-11	40.2	0.0	4.2	4	0	0	4	4	4	4	# 74529 # 76400 # -1 # ID=8_73;partial=00;start_type=ATG;rbs_motif=GGAG/GAGG;rbs_spacer=5-10bp;gc_cont=0.432
GCA_001201675.1_6753_3_17_genomic	CRKA01000004.1_54	-	lolD.aln	-	1.4e-38	129.5	0.0	1.5e-38	129.4	0.0	1.0	1	0	0	1	1	1	1	# 68649 # 69281 # 1 # ID=4_54;partial=00;start_type=ATG;rbs_motif=GGAGG;rbs_spacer=5-10bp;gc_cont=0.408
GCA_001201675.1_6753_3_17_genomic	CRKA01000032.1_8	-	lolD.aln	-	1.6e-38	129.3	0.0	2.3e-38	128.8	0.0	1.1	1	0	0	1	1	1	1	# 6257 # 7387 # -1 # ID=32_8;partial=00;start_type=ATG;rbs_motif=AGGAG;rbs_spacer=5-10bp;gc_cont=0.410
GCA_001201675.1_6753_3_17_genomic	CRKA01000019.1_33	-	lolD.aln	-	2e-38	129.0	0.1	2.4e-38	128.8	0.1	1.1	1	0	0	1	1	1	1	# 34902 # 35729 # 1 # ID=19_33;partial=00;start_type=ATG;rbs_motif=None;rbs_spacer=None;gc_cont=0.390
GCA_001201675.1_6753_3_17_genomic	CRKA01000024.1_10	-	lolD.aln	-	4.3e-38	127.9	0.2	7.3e-12	42.1	0.0	4.6	4	0	0	4	4	4	4	# 7192 # 9093 # 1 # ID=24_10;partial=00;start_type=ATG;rbs_motif=None;rbs_spacer=None;gc_cont=0.419
GCA_001201675.1_6753_3_17_genomic	CRKA01000001.1_20	-	lolD.aln	-	2.6e-36	122.1	0.0	3e-36	121.9	0.0	1.0	1	0	0	1	1	1	1	# 18126 # 18767 # 1 # ID=1_20;partial=00;start_type=ATG;rbs_motif=AGGA;rbs_spacer=5-10bp;gc_cont=0.371
GCA_001201675.1_6753_3_17_genomic	CRKA01000006.1_52	-	lolD.aln	-	6.5e-35	117.5	0.4	8.2e-35	117.2	0.4	1.1	1	0	0	1	1	1	1	# 52752 # 53462 # -1 # ID=6_52;partial=00;start_type=ATG;rbs_motif=AGGAGG;rbs_spacer=5-10bp;gc_cont=0.411
GCA_001201675.1_6753_3_17_genomic	CRKA01000031.1_2	-	lolD.aln	-	7.4e-35	117.4	0.0	9.9e-35	116.9	0.0	1.1	1	0	0	1	1	1	1	# 1081 # 2148 # -1 # ID=31_2;partial=00;start_type=ATG;rbs_motif=AGGAG;rbs_spacer=5-10bp;gc_cont=0.424
GCA_001201675.1_6753_3_17_genomic	CRKA01000001.1_111	-	lolD.aln	-	8.1e-35	117.2	0.0	4.3e-23	78.9	0.0	3.1	3	0	0	3	3	3	2	# 111044 # 112429 # 1 # ID=1_111;partial=00;start_type=ATG;rbs_motif=GGAGG;rbs_spacer=5-10bp;gc_cont=0.435
GCA_001201675.1_6753_3_17_genomic	CRKA01000006.1_37	-	lolD.aln	-	1.4e-33	113.1	2.5	9.7e-11	38.5	0.0	4.2	3	1	1	4	4	4	4	# 35475 # 37016 # -1 # ID=6_37;partial=00;start_type=ATG;rbs_motif=AGGA;rbs_spacer=5-10bp;gc_cont=0.439
GCA_001201675.1_6753_3_17_genomic	CRKA01000001.1_138	-	lolD.aln	-	3.9e-33	111.7	3.1	3.1e-32	108.7	3.1	1.9	1	1	0	1	1	1	1	# 136039 # 136767 # 1 # ID=1_138;partial=00;start_type=ATG;rbs_motif=None;rbs_spacer=None;gc_cont=0.457
GCA_001201675.1_6753_3_17_genomic	CRKA01000010.1_32	-	lolD.aln	-	4.7e-32	108.2	0.0	5.6e-32	107.9	0.0	1.0	1	0	0	1	1	1	1	# 25478 # 26236 # 1 # ID=10_32;partial=00;start_type=ATG;rbs_motif=AGGA;rbs_spacer=5-10bp;gc_cont=0.432
GCA_001201675.1_6753_3_17_genomic	CRKA01000006.1_53	-	lolD.aln	-	6.5e-32	107.7	1.3	1.1e-30	103.7	1.3	2.0	1	1	0	1	1	1	1	# 53462 # 54226 # -1 # ID=6_53;partial=00;start_type=ATG;rbs_motif=AGGAGG;rbs_spacer=5-10bp;gc_cont=0.384
GCA_001201675.1_6753_3_17_genomic	CRKA01000038.1_3	-	lolD.aln	-	1.5e-31	106.5	0.3	2.5e-31	105.8	0.3	1.3	1	0	0	1	1	1	1	# 3498 # 5219 # 1 # ID=38_3;partial=00;start_type=ATG;rbs_motif=GGAGG;rbs_spacer=5-10bp;gc_cont=0.316
GCA_001201675.1_6753_3_17_genomic	CRKA01000019.1_24	-	lolD.aln	-	2.6e-31	105.7	0.0	1.1e-12	44.9	0.0	4.1	4	0	0	4	4	4	3	# 24795 # 26417 # -1 # ID=19_24;partial=00;start_type=TTG;rbs_motif=AGGAG;rbs_spacer=5-10bp;gc_cont=0.386
GCA_001201675.1_6753_3_17_genomic	CRKA01000020.1_31	-	lolD.aln	-	2.2e-30	102.7	0.1	4.3e-18	62.5	0.0	2.1	2	0	0	2	2	2	2	# 28815 # 29609 # 1 # ID=20_31;partial=00;start_type=ATG;rbs_motif=AGGAGG;rbs_spacer=5-10bp;gc_cont=0.337
GCA_001201675.1_6753_3_17_genomic	CRKA01000005.1_104	-	lolD.aln	-	3.3e-30	102.1	0.4	6e-30	101.3	0.4	1.4	1	1	0	1	1	1	1	# 99854 # 100606 # 1 # ID=5_104;partial=00;start_type=GTG;rbs_motif=AGGAGG;rbs_spacer=5-10bp;gc_cont=0.446
GCA_001201675.1_6753_3_17_genomic	CRKA01000017.1_38	-	lolD.aln	-	4.8e-30	101.6	0.0	6.7e-30	101.1	0.0	1.1	1	0	0	1	1	1	1	# 37360 # 38112 # -1 # ID=17_38;partial=00;start_type=ATG;rbs_motif=AGGAG;rbs_spacer=5-10bp;gc_cont=0.397
GCA_001201675.1_6753_3_17_genomic	CRKA01000001.1_101	-	lolD.aln	-	5.7e-30	101.4	0.0	9.6e-30	100.6	0.0	1.3	1	0	0	1	1	1	1	# 100776 # 101711 # 1 # ID=1_101;partial=00;start_type=ATG;rbs_motif=GGAG/GAGG;rbs_spacer=5-10bp;gc_cont=0.282
GCA_001201675.1_6753_3_17_genomic	CRKA01000001.1_39	-	lolD.aln	-	6.1e-29	98.0	0.1	3.4e-28	95.5	0.1	1.8	1	1	0	1	1	1	1	# 32155 # 32802 # 1 # ID=1_39;partial=00;start_type=ATG;rbs_motif=AGGAGG;rbs_spacer=5-10bp;gc_cont=0.318
GCA_001201675.1_6753_3_17_genomic	CRKA01000011.1_58	-	lolD.aln	-	2.3e-28	96.1	0.2	4.1e-28	95.3	0.2	1.3	1	0	0	1	1	1	1	# 63785 # 65938 # -1 # ID=11_58;partial=00;start_type=ATG;rbs_motif=AGGA;rbs_spacer=5-10bp;gc_cont=0.375
GCA_001201675.1_6753_3_17_genomic	CRKA01000012.1_22	-	lolD.aln	-	5.4e-28	94.9	0.3	1.3e-27	93.7	0.3	1.6	1	1	0	1	1	1	1	# 19591 # 21744 # 1 # ID=12_22;partial=00;start_type=ATG;rbs_motif=AGGAG;rbs_spacer=5-10bp;gc_cont=0.448
GCA_001201675.1_6753_3_17_genomic	CRKA01000015.1_34	-	lolD.aln	-	1.6e-27	93.4	2.7	1.4e-15	54.3	0.9	3.0	1	1	1	2	2	2	2	# 30507 # 31538 # 1 # ID=15_34;partial=00;start_type=ATG;rbs_motif=GGA/GAG/AGG;rbs_spacer=5-10bp;gc_cont=0.437
GCA_001201675.1_6753_3_17_genomic	CRKA01000009.1_16	-	lolD.aln	-	4.2e-27	92.0	0.4	8.6e-27	91.0	0.4	1.5	1	1	0	1	1	1	1	# 13326 # 14084 # -1 # ID=9_16;partial=00;start_type=ATG;rbs_motif=AGGAG(G)/GGAGG;rbs_spacer=13-15bp;gc_cont=0.387
GCA_001201675.1_6753_3_17_genomic	CRKA01000007.1_75	-	lolD.aln	-	7.2e-27	91.2	1.0	6e-08	29.3	0.1	4.2	2	2	1	4	4	4	4	# 78029 # 79588 # 1 # ID=7_75;partial=00;start_type=ATG;rbs_motif=GGA/GAG/AGG;rbs_spacer=5-10bp;gc_cont=0.405
GCA_001201675.1_6753_3_17_genomic	CRKA01000011.1_50	-	lolD.aln	-	7.7e-27	91.1	0.0	9.5e-27	90.8	0.0	1.1	1	0	0	1	1	1	1	# 57173 # 57904 # 1 # ID=11_50;partial=00;start_type=ATG;rbs_motif=GGAG/GAGG;rbs_spacer=5-10bp;gc_cont=0.447
GCA_001201675.1_6753_3_17_genomic	CRKA01000015.1_3	-	lolD.aln	-	2.4e-26	89.5	0.6	5.5e-26	88.3	0.6	1.6	1	1	0	1	1	1	1	# 1990 # 4098 # -1 # ID=15_3;partial=00;start_type=GTG;rbs_motif=AGGAGG;rbs_spacer=5-10bp;gc_cont=0.283
GCA_001201675.1_6753_3_17_genomic	CRKA01000041.1_3	-	lolD.aln	-	2.5e-26	89.5	0.1	2e-25	86.5	0.1	1.9	1	1	0	1	1	1	1	# 2572 # 3276 # -1 # ID=41_3;partial=00;start_type=ATG;rbs_motif=AGGAG;rbs_spacer=5-10bp;gc_cont=0.452
GCA_001201675.1_6753_3_17_genomic	CRKA01000038.1_2	-	lolD.aln	-	3.6e-26	88.9	0.0	6.1e-26	88.2	0.0	1.3	1	0	0	1	1	1	1	# 1760 # 3514 # 1 # ID=38_2;partial=00;start_type=ATG;rbs_motif=AGGAG;rbs_spacer=5-10bp;gc_cont=0.321
GCA_001201675.1_6753_3_17_genomic	CRKA01000003.1_38	-	lolD.aln	-	5.6e-26	88.3	0.0	7.2e-26	87.9	0.0	1.2	1	0	0	1	1	1	1	# 34694 # 35416 # 1 # ID=3_38;partial=00;start_type=ATG;rbs_motif=AGGAGG;rbs_spacer=11-12bp;gc_cont=0.429
GCA_001201675.1_6753_3_17_genomic	CRKA01000005.1_73	-	lolD.aln	-	2.2e-25	86.4	0.0	3.4e-25	85.8	0.0	1.2	1	0	0	1	1	1	1	# 70603 # 72354 # -1 # ID=5_73;partial=00;start_type=ATG;rbs_motif=GGAG/GAGG;rbs_spacer=5-10bp;gc_cont=0.449
GCA_001201675.1_6753_3_17_genomic	CRKA01000042.1_1	-	lolD.aln	-	3.1e-25	85.9	0.2	6.8e-25	84.8	0.2	1.5	1	1	0	1	1	1	1	# 134 # 1828 # -1 # ID=42_1;partial=00;start_type=ATG;rbs_motif=AGGAG;rbs_spacer=5-10bp;gc_cont=0.444
GCA_001201675.1_6753_3_17_genomic	CRKA01000018.1_34	-	lolD.aln	-	4.2e-25	85.4	0.0	6.5e-25	84.8	0.0	1.2	1	0	0	1	1	1	1	# 41849 # 42841 # -1 # ID=18_34;partial=00;start_type=ATG;rbs_motif=GGAG/GAGG;rbs_spacer=5-10bp;gc_cont=0.434
GCA_001201675.1_6753_3_17_genomic	CRKA01000010.1_47	-	lolD.aln	-	6.5e-25	84.8	0.0	7.8e-25	84.6	0.0	1.1	1	0	0	1	1	1	1	# 41372 # 42121 # 1 # ID=10_47;partial=00;start_type=ATG;rbs_motif=AGGAG;rbs_spacer=5-10bp;gc_cont=0.417
GCA_001201675.1_6753_3_17_genomic	CRKA01000010.1_31	-	lolD.aln	-	1.2e-24	83.9	0.1	1.9e-24	83.3	0.1	1.3	1	1	0	1	1	1	1	# 24662 # 25465 # 1 # ID=10_31;partial=00;start_type=ATG;rbs_motif=AGGAG;rbs_spacer=5-10bp;gc_cont=0.418
GCA_001201675.1_6753_3_17_genomic	CRKA01000002.1_52	-	lolD.aln	-	1.6e-24	83.6	1.6	1.1e-07	28.4	0.0	4.3	4	0	0	4	4	4	4	# 48797 # 51628 # 1 # ID=2_52;partial=00;start_type=ATG;rbs_motif=None;rbs_spacer=None;gc_cont=0.474
GCA_001201675.1_6753_3_17_genomic	CRKA01000001.1_93	-	lolD.aln	-	1.3e-23	80.5	0.0	3.5e-22	75.9	0.0	2.1	1	1	0	1	1	1	1	# 94498 # 95391 # 1 # ID=1_93;partial=00;start_type=ATG;rbs_motif=AGGAG;rbs_spacer=5-10bp;gc_cont=0.275
GCA_001201675.1_6753_3_17_genomic	CRKA01000004.1_98	-	lolD.aln	-	1.5e-23	80.4	0.2	4.4e-22	75.6	0.2	2.1	1	1	0	1	1	1	1	# 113530 # 114414 # -1 # ID=4_98;partial=00;start_type=ATG;rbs_motif=AGGAG;rbs_spacer=5-10bp;gc_cont=0.394
GCA_001201675.1_6753_3_17_genomic	CRKA01000001.1_31	-	lolD.aln	-	1.2e-22	77.4	0.0	1.8e-22	76.8	0.0	1.2	1	0	0	1	1	1	1	# 25792 # 26445 # 1 # ID=1_31;partial=00;start_type=TTG;rbs_motif=AGGA/GGAG/GAGG;rbs_spacer=11-12bp;gc_cont=0.326
GCA_001201675.1_6753_3_17_genomic	CRKA01000044.1_5	-	lolD.aln	-	1.6e-22	77.0	0.0	2.9e-22	76.2	0.0	1.3	1	0	0	1	1	1	1	# 4503 # 6269 # -1 # ID=44_5;partial=00;start_type=ATG;rbs_motif=AGGAGG;rbs_spacer=5-10bp;gc_cont=0.422
GCA_001201675.1_6753_3_17_genomic	CRKA01000002.1_16	-	lolD.aln	-	5.5e-22	75.3	0.3	1e-20	71.1	0.1	2.4	2	1	0	2	2	1	1	# 14189 # 15805 # 1 # ID=2_16;partial=00;start_type=GTG;rbs_motif=GGA/GAG/AGG;rbs_spacer=5-10bp;gc_cont=0.301
GCA_001201675.1_6753_3_17_genomic	CRKA01000010.1_70	-	lolD.aln	-	1e-21	74.4	0.0	1.6e-21	73.8	0.0	1.2	1	0	0	1	1	1	1	# 66765 # 68513 # 1 # ID=10_70;partial=00;start_type=ATG;rbs_motif=AGGAGG;rbs_spacer=5-10bp;gc_cont=0.429
GCA_001201675.1_6753_3_17_genomic	CRKA01000005.1_74	-	lolD.aln	-	2.4e-21	73.2	0.1	4.3e-21	72.3	0.1	1.4	1	0	0	1	1	1	1	# 72344 # 74089 # -1 # ID=5_74;partial=00;start_type=ATG;rbs_motif=GGA/GAG/AGG;rbs_spacer=5-10bp;gc_cont=0.455
GCA_001201675.1_6753_3_17_genomic	CRKA01000004.1_20	-	lolD.aln	-	3.6e-21	72.6	0.0	1.6e-14	50.8	0.0	2.4	2	0	0	2	2	2	2	# 30973 # 32580 # 1 # ID=4_20;partial=00;start_type=ATG;rbs_motif=AGGA;rbs_spacer=5-10bp;gc_cont=0.276
GCA_001201675.1_6753_3_17_genomic	CRKA01000003.1_105	-	lolD.aln	-	1.7e-20	70.4	0.0	2.7e-20	69.7	0.0	1.3	1	0	0	1	1	1	1	# 106167 # 107060 # -1 # ID=3_105;partial=00;start_type=ATG;rbs_motif=GGAG/GAGG;rbs_spacer=5-10bp;gc_cont=0.421
GCA_001201675.1_6753_3_17_genomic	CRKA01000010.1_69	-	lolD.aln	-	1.3e-18	64.2	0.3	2.1e-17	60.3	0.3	2.2	1	1	0	1	1	1	1	# 65039 # 66763 # 1 # ID=10_69;partial=00;start_type=ATG;rbs_motif=AGxAGG/AGGxGG;rbs_spacer=5-10bp;gc_cont=0.432
GCA_001201675.1_6753_3_17_genomic	CRKA01000003.1_102	-	lolD.aln	-	2.8e-16	56.6	0.0	1.9e-10	37.5	0.0	2.1	2	0	0	2	2	2	2	# 103139 # 103834 # 1 # ID=3_102;partial=00;start_type=ATG;rbs_motif=AGGAG;rbs_spacer=5-10bp;gc_cont=0.424
GCA_001201675.1_6753_3_17_genomic	CRKA01000009.1_32	-	lolD.aln	-	7.4e-16	55.2	0.1	1.2e-15	54.5	0.1	1.3	1	1	0	1	1	1	1	# 29373 # 30143 # 1 # ID=9_32;partial=00;start_type=ATG;rbs_motif=AGGA;rbs_spacer=5-10bp;gc_cont=0.415
GCA_001201675.1_6753_3_17_genomic	CRKA01000003.1_91	-	lolD.aln	-	9.3e-16	54.9	0.2	5.3e-15	52.4	0.2	1.8	1	1	0	1	1	1	1	# 94911 # 95543 # -1 # ID=3_91;partial=00;start_type=ATG;rbs_motif=AGGA;rbs_spacer=5-10bp;gc_cont=0.335
GCA_001201675.1_6753_3_17_genomic	CRKA01000010.1_3	-	lolD.aln	-	1.2e-14	51.2	0.0	1.7e-14	50.7	0.0	1.3	1	0	0	1	1	1	1	# 1921 # 2640 # 1 # ID=10_3;partial=00;start_type=ATG;rbs_motif=GGA/GAG/AGG;rbs_spacer=5-10bp;gc_cont=0.286
GCA_001201675.1_6753_3_17_genomic	CRKA01000016.1_37	-	lolD.aln	-	2.2e-14	50.4	0.0	1.2e-08	31.7	0.0	2.0	2	0	0	2	2	2	2	# 32508 # 33095 # -1 # ID=16_37;partial=00;start_type=ATG;rbs_motif=AGGAGG;rbs_spacer=5-10bp;gc_cont=0.417
GCA_001201675.1_6753_3_17_genomic	CRKA01000005.1_11	-	lolD.aln	-	4.5e-14	49.4	0.5	5.2e-14	49.2	0.5	1.0	1	0	0	1	1	1	1	# 7810 # 8256 # -1 # ID=5_11;partial=00;start_type=ATG;rbs_motif=None;rbs_spacer=None;gc_cont=0.400
GCA_001201675.1_6753_3_17_genomic	CRKA01000008.1_42	-	lolD.aln	-	1.7e-11	40.9	0.0	2.3e-11	40.5	0.0	1.3	1	0	0	1	1	1	1	# 40449 # 40895 # -1 # ID=8_42;partial=00;start_type=TTG;rbs_motif=AGGA;rbs_spacer=5-10bp;gc_cont=0.378
GCA_001201675.1_6753_3_17_genomic	CRKA01000005.1_10	-	lolD.aln	-	2.7e-11	40.3	0.0	3.2e-11	40.0	0.0	1.1	1	0	0	1	1	1	1	# 7486 # 7797 # -1 # ID=5_10;partial=00;start_type=TTG;rbs_motif=None;rbs_spacer=None;gc_cont=0.401
GCA_001201675.1_6753_3_17_genomic	CRKA01000001.1_95	-	lolD.aln	-	5.1e-10	36.1	0.1	6.9e-10	35.7	0.1	1.3	1	0	0	1	1	1	1	# 96440 # 97090 # 1 # ID=1_95;partial=00;start_type=ATG;rbs_motif=GGAGG;rbs_spacer=5-10bp;gc_cont=0.263
GCA_001201675.1_6753_3_17_genomic	CRKA01000025.1_17	-	lolD.aln	-	0.0029	14.0	0.0	0.0044	13.4	0.0	1.3	1	0	0	1	1	1	1	# 15260 # 15784 # -1 # ID=25_17;partial=00;start_type=ATG;rbs_motif=GGA/GAG/AGG;rbs_spacer=5-10bp;gc_cont=0.385
GCA_001201675.1_6753_3_17_genomic	CRKA01000014.1_3	-	lolD.aln	-	0.0053	13.1	0.1	0.0053	13.1	0.1	1.2	1	0	0	1	1	1	1	# 2987 # 3181 # -1 # ID=14_3;partial=00;start_type=ATG;rbs_motif=None;rbs_spacer=None;gc_cont=0.323
GCA_001270235.1_ASM127023v1_genomic	LFZF01000018.1_588	-	lolD.aln	-	6.4e-113	373.8	1.7	7.2e-113	373.7	1.7	1.0	1	0	0	1	1	1	1	# 670171 # 670878 # -1 # ID=22_588;partial=00;start_type=ATG;rbs_motif=GGAG/GAGG;rbs_spacer=5-10bp;gc_cont=0.480
GCA_001270235.1_ASM127023v1_genomic	LFZF01000058.1_491	-	lolD.aln	-	2.4e-86	286.9	0.8	1.3e-44	150.5	0.1	2.1	2	0	0	2	2	2	2	# 524818 # 526533 # -1 # ID=66_491;partial=00;start_type=ATG;rbs_motif=GGAG/GAGG;rbs_spacer=5-10bp;gc_cont=0.487
GCA_001270235.1_ASM127023v1_genomic	LFZF01000030.1_674	-	lolD.aln	-	8e-82	272.1	0.5	9.2e-82	271.9	0.5	1.0	1	0	0	1	1	1	1	# 742858 # 743550 # 1 # ID=36_674;partial=00;start_type=ATG;rbs_motif=4Base/6BMM;rbs_spacer=13-15bp;gc_cont=0.465
GCA_001270235.1_ASM127023v1_genomic	LFZF01000102.1_347	-	lolD.aln	-	1e-81	271.8	1.9	2.3e-43	146.3	0.0	2.1	2	0	0	2	2	2	2	# 376231 # 377862 # -1 # ID=5_347;partial=00;start_type=ATG;rbs_motif=AGGA;rbs_spacer=5-10bp;gc_cont=0.456
GCA_001270235.1_ASM127023v1_genomic	LFZF01000029.1_193	-	lolD.aln	-	6.9e-80	265.8	0.0	8e-80	265.6	0.0	1.0	1	0	0	1	1	1	1	# 204226 # 204945 # -1 # ID=34_193;partial=00;start_type=ATG;rbs_motif=GGAG/GAGG;rbs_spacer=5-10bp;gc_cont=0.504
GCA_001270235.1_ASM127023v1_genomic	LFZF01000102.1_102	-	lolD.aln	-	4e-72	240.4	0.1	4.6e-72	240.2	0.1	1.0	1	0	0	1	1	1	1	# 97247 # 97945 # -1 # ID=5_102;partial=00;start_type=ATG;rbs_motif=AGGAGG;rbs_spacer=3-4bp;gc_cont=0.505
GCA_001270235.1_ASM127023v1_genomic	LFZF01000030.1_372	-	lolD.aln	-	2.8e-71	237.7	0.0	3.1e-71	237.5	0.0	1.0	1	0	0	1	1	1	1	# 393615 # 394328 # 1 # ID=36_372;partial=00;start_type=ATG;rbs_motif=GGAG/GAGG;rbs_spacer=5-10bp;gc_cont=0.479
GCA_001270235.1_ASM127023v1_genomic	LFZF01000102.1_359	-	lolD.aln	-	1.4e-65	219.0	0.7	2e-35	120.4	0.1	2.2	2	0	0	2	2	2	2	# 389985 # 391724 # -1 # ID=5_359;partial=00;start_type=ATG;rbs_motif=AGGA/GGAG/GAGG;rbs_spacer=11-12bp;gc_cont=0.473
GCA_001270235.1_ASM127023v1_genomic	LFZF01000027.1_148	-	lolD.aln	-	1.3e-60	202.8	0.6	1.9e-60	202.2	0.6	1.2	1	0	0	1	1	1	1	# 166901 # 167935 # -1 # ID=32_148;partial=00;start_type=ATG;rbs_motif=GGA/GAG/AGG;rbs_spacer=5-10bp;gc_cont=0.476
GCA_001270235.1_ASM127023v1_genomic	LFZF01000018.1_369	-	lolD.aln	-	1.7e-55	186.0	0.0	1.9e-55	185.9	0.0	1.0	1	0	0	1	1	1	1	# 424492 # 425163 # -1 # ID=22_369;partial=00;start_type=ATG;rbs_motif=GGA/GAG/AGG;rbs_spacer=11-12bp;gc_cont=0.472
GCA_001270235.1_ASM127023v1_genomic	LFZF01000053.1_20	-	lolD.aln	-	3.8e-55	184.9	0.0	4.2e-55	184.7	0.0	1.0	1	0	0	1	1	1	1	# 20357 # 21031 # -1 # ID=61_20;partial=00;start_type=GTG;rbs_motif=GGAG/GAGG;rbs_spacer=5-10bp;gc_cont=0.479
GCA_001270235.1_ASM127023v1_genomic	LFZF01000086.1_55	-	lolD.aln	-	1.8e-51	172.9	0.4	2e-51	172.7	0.4	1.0	1	0	0	1	1	1	1	# 53728 # 54465 # -1 # ID=97_55;partial=00;start_type=ATG;rbs_motif=GGA/GAG/AGG;rbs_spacer=5-10bp;gc_cont=0.486
GCA_001270235.1_ASM127023v1_genomic	LFZF01000018.1_8	-	lolD.aln	-	3.1e-51	172.1	0.0	3.7e-51	171.8	0.0	1.0	1	0	0	1	1	1	1	# 8832 # 9581 # -1 # ID=22_8;partial=00;start_type=ATG;rbs_motif=AGGA;rbs_spacer=5-10bp;gc_cont=0.455
GCA_001270235.1_ASM127023v1_genomic	LFZF01000030.1_444	-	lolD.aln	-	9.4e-50	167.2	0.4	1e-49	167.1	0.4	1.0	1	0	0	1	1	1	1	# 471404 # 472132 # 1 # ID=36_444;partial=00;start_type=ATG;rbs_motif=None;rbs_spacer=None;gc_cont=0.455
GCA_001270235.1_ASM127023v1_genomic	LFZF01000030.1_868	-	lolD.aln	-	1.1e-49	167.0	1.0	3.6e-28	96.6	0.0	3.0	2	1	0	2	2	2	2	# 958658 # 960163 # -1 # ID=36_868;partial=00;start_type=ATG;rbs_motif=GGAG/GAGG;rbs_spacer=5-10bp;gc_cont=0.458
GCA_001270235.1_ASM127023v1_genomic	LFZF01000030.1_622	-	lolD.aln	-	1.4e-49	166.7	0.0	1.7e-49	166.4	0.0	1.1	1	0	0	1	1	1	1	# 682238 # 682972 # -1 # ID=36_622;partial=00;start_type=TTG;rbs_motif=None;rbs_spacer=None;gc_cont=0.467
GCA_001270235.1_ASM127023v1_genomic	LFZF01000018.1_570	-	lolD.aln	-	2.8e-49	165.7	0.1	3.6e-49	165.3	0.1	1.1	1	0	0	1	1	1	1	# 646277 # 647047 # -1 # ID=22_570;partial=00;start_type=ATG;rbs_motif=GGAG/GAGG;rbs_spacer=5-10bp;gc_cont=0.457
GCA_001270235.1_ASM127023v1_genomic	LFZF01000058.1_237	-	lolD.aln	-	3.9e-49	165.2	0.0	5.9e-49	164.6	0.0	1.2	1	0	0	1	1	1	1	# 275796 # 276524 # 1 # ID=66_237;partial=00;start_type=ATG;rbs_motif=None;rbs_spacer=None;gc_cont=0.481
GCA_001270235.1_ASM127023v1_genomic	LFZF01000018.1_262	-	lolD.aln	-	8.9e-48	160.8	0.2	1.1e-47	160.4	0.2	1.1	1	0	0	1	1	1	1	# 297259 # 298380 # -1 # ID=22_262;partial=00;start_type=ATG;rbs_motif=GGAGG;rbs_spacer=5-10bp;gc_cont=0.486
GCA_001270235.1_ASM127023v1_genomic	LFZF01000102.1_183	-	lolD.aln	-	1.2e-47	160.3	0.5	2.3e-27	94.0	0.0	3.1	3	0	0	3	3	3	3	# 183329 # 184777 # 1 # ID=5_183;partial=00;start_type=TTG;rbs_motif=AGGAG;rbs_spacer=5-10bp;gc_cont=0.464
GCA_001270235.1_ASM127023v1_genomic	LFZF01000030.1_191	-	lolD.aln	-	2.5e-46	156.0	0.1	3.7e-46	155.5	0.1	1.2	1	0	0	1	1	1	1	# 192223 # 193242 # -1 # ID=36_191;partial=00;start_type=ATG;rbs_motif=AGGAG;rbs_spacer=5-10bp;gc_cont=0.454
GCA_001270235.1_ASM127023v1_genomic	LFZF01000018.1_86	-	lolD.aln	-	3e-46	155.8	0.5	4.1e-46	155.3	0.5	1.2	1	0	0	1	1	1	1	# 83377 # 84573 # 1 # ID=22_86;partial=00;start_type=ATG;rbs_motif=None;rbs_spacer=None;gc_cont=0.442
GCA_001270235.1_ASM127023v1_genomic	LFZF01000039.1_123	-	lolD.aln	-	7.6e-46	154.4	0.3	1.1e-45	153.9	0.3	1.2	1	0	0	1	1	1	1	# 119692 # 120879 # -1 # ID=45_123;partial=00;start_type=ATG;rbs_motif=AGGA;rbs_spacer=5-10bp;gc_cont=0.490
GCA_001270235.1_ASM127023v1_genomic	LFZF01000030.1_93	-	lolD.aln	-	1.1e-44	150.6	0.0	1.5e-44	150.2	0.0	1.2	1	0	0	1	1	1	1	# 99945 # 101063 # 1 # ID=36_93;partial=00;start_type=ATG;rbs_motif=GGAG/GAGG;rbs_spacer=5-10bp;gc_cont=0.477
GCA_001270235.1_ASM127023v1_genomic	LFZF01000018.1_255	-	lolD.aln	-	2.8e-44	149.3	1.1	3.6e-44	149.0	1.1	1.1	1	0	0	1	1	1	1	# 287796 # 288779 # 1 # ID=22_255;partial=00;start_type=ATG;rbs_motif=AGGA;rbs_spacer=5-10bp;gc_cont=0.513
GCA_001270235.1_ASM127023v1_genomic	LFZF01000058.1_11	-	lolD.aln	-	4.2e-44	148.7	0.3	7.5e-13	46.5	0.0	4.1	4	0	0	4	4	4	4	# 12957 # 14624 # 1 # ID=66_11;partial=00;start_type=ATG;rbs_motif=AGGA;rbs_spacer=5-10bp;gc_cont=0.483
GCA_001270235.1_ASM127023v1_genomic	LFZF01000029.1_285	-	lolD.aln	-	3.5e-43	145.7	0.7	4.2e-43	145.5	0.7	1.0	1	0	0	1	1	1	1	# 310022 # 310993 # -1 # ID=34_285;partial=00;start_type=ATG;rbs_motif=AGGA;rbs_spacer=5-10bp;gc_cont=0.474
GCA_001270235.1_ASM127023v1_genomic	LFZF01000042.1_25	-	lolD.aln	-	4.3e-43	145.4	0.1	5.8e-43	145.0	0.1	1.1	1	0	0	1	1	1	1	# 25023 # 26141 # 1 # ID=49_25;partial=00;start_type=ATG;rbs_motif=GGAG/GAGG;rbs_spacer=5-10bp;gc_cont=0.457
GCA_001270235.1_ASM127023v1_genomic	LFZF01000030.1_836	-	lolD.aln	-	1e-42	144.2	1.1	4.4e-42	142.1	1.1	1.8	1	1	0	1	1	1	1	# 926613 # 927449 # -1 # ID=36_836;partial=00;start_type=ATG;rbs_motif=GGA/GAG/AGG;rbs_spacer=5-10bp;gc_cont=0.498
GCA_001270235.1_ASM127023v1_genomic	LFZF01000018.1_256	-	lolD.aln	-	4.2e-42	142.2	0.1	5.1e-42	141.9	0.1	1.1	1	0	0	1	1	1	1	# 288789 # 289769 # 1 # ID=22_256;partial=00;start_type=ATG;rbs_motif=AGGA;rbs_spacer=5-10bp;gc_cont=0.507
GCA_001270235.1_ASM127023v1_genomic	LFZF01000018.1_34	-	lolD.aln	-	7.5e-42	141.4	0.8	2.1e-12	45.1	0.0	4.1	3	1	1	4	4	4	4	# 45615 # 47534 # 1 # ID=22_34;partial=00;start_type=ATG;rbs_motif=GGA/GAG/AGG;rbs_spacer=5-10bp;gc_cont=0.445
GCA_001270235.1_ASM127023v1_genomic	LFZF01000036.1_226	-	lolD.aln	-	5.8e-40	135.2	0.1	7.3e-40	134.9	0.1	1.1	1	0	0	1	1	1	1	# 252240 # 253271 # -1 # ID=42_226;partial=00;start_type=ATG;rbs_motif=AGGA/GGAG/GAGG;rbs_spacer=11-12bp;gc_cont=0.459
GCA_001270235.1_ASM127023v1_genomic	LFZF01000029.1_284	-	lolD.aln	-	9.5e-40	134.5	0.0	1.3e-39	134.0	0.0	1.1	1	0	0	1	1	1	1	# 309033 # 310025 # -1 # ID=34_284;partial=00;start_type=ATG;rbs_motif=GGAGG;rbs_spacer=5-10bp;gc_cont=0.471
GCA_001270235.1_ASM127023v1_genomic	LFZF01000030.1_889	-	lolD.aln	-	1.9e-39	133.5	0.5	3.1e-39	132.8	0.5	1.3	1	0	0	1	1	1	1	# 982989 # 984173 # -1 # ID=36_889;partial=00;start_type=ATG;rbs_motif=AGGAG;rbs_spacer=5-10bp;gc_cont=0.460
GCA_001270235.1_ASM127023v1_genomic	LFZF01000102.1_112	-	lolD.aln	-	2.2e-39	133.3	0.1	2.5e-39	133.1	0.1	1.1	1	0	0	1	1	1	1	# 106946 # 107878 # 1 # ID=5_112;partial=00;start_type=ATG;rbs_motif=AGGAG;rbs_spacer=5-10bp;gc_cont=0.486
GCA_001270235.1_ASM127023v1_genomic	LFZF01000058.1_368	-	lolD.aln	-	5.5e-39	132.0	0.0	7.5e-39	131.6	0.0	1.2	1	0	0	1	1	1	1	# 390645 # 391502 # -1 # ID=66_368;partial=00;start_type=ATG;rbs_motif=AGGA;rbs_spacer=5-10bp;gc_cont=0.474
GCA_001270235.1_ASM127023v1_genomic	LFZF01000058.1_367	-	lolD.aln	-	8.1e-39	131.5	0.1	1.1e-38	131.1	0.1	1.1	1	0	0	1	1	1	1	# 389769 # 390608 # -1 # ID=66_367;partial=00;start_type=ATG;rbs_motif=GGAG/GAGG;rbs_spacer=5-10bp;gc_cont=0.435
GCA_001270235.1_ASM127023v1_genomic	LFZF01000081.1_34	-	lolD.aln	-	2.6e-38	129.8	0.0	3.1e-38	129.6	0.0	1.0	1	0	0	1	1	1	1	# 32962 # 33765 # -1 # ID=92_34;partial=00;start_type=ATG;rbs_motif=GGA/GAG/AGG;rbs_spacer=5-10bp;gc_cont=0.471
GCA_001270235.1_ASM127023v1_genomic	LFZF01000018.1_108	-	lolD.aln	-	3.4e-38	129.4	0.1	2e-10	38.6	0.0	4.2	4	0	0	4	4	4	4	# 107596 # 109188 # -1 # ID=22_108;partial=00;start_type=TTG;rbs_motif=GGA/GAG/AGG;rbs_spacer=5-10bp;gc_cont=0.473
GCA_001270235.1_ASM127023v1_genomic	LFZF01000036.1_220	-	lolD.aln	-	2e-37	126.9	0.1	2.5e-37	126.6	0.1	1.0	1	0	0	1	1	1	1	# 242454 # 243449 # 1 # ID=42_220;partial=00;start_type=ATG;rbs_motif=GGAG/GAGG;rbs_spacer=5-10bp;gc_cont=0.469
GCA_001270235.1_ASM127023v1_genomic	LFZF01000102.1_111	-	lolD.aln	-	1.3e-36	124.2	0.0	1.6e-36	124.0	0.0	1.0	1	0	0	1	1	1	1	# 106095 # 106949 # 1 # ID=5_111;partial=00;start_type=ATG;rbs_motif=None;rbs_spacer=None;gc_cont=0.491
GCA_001270235.1_ASM127023v1_genomic	LFZF01000036.1_219	-	lolD.aln	-	5.1e-35	119.0	0.0	5.9e-35	118.8	0.0	1.0	1	0	0	1	1	1	1	# 241423 # 242406 # 1 # ID=42_219;partial=00;start_type=ATG;rbs_motif=GGAG/GAGG;rbs_spacer=5-10bp;gc_cont=0.472
GCA_001270235.1_ASM127023v1_genomic	LFZF01000030.1_724	-	lolD.aln	-	1.3e-34	117.8	0.0	1.9e-34	117.2	0.0	1.2	1	0	0	1	1	1	1	# 790703 # 791809 # -1 # ID=36_724;partial=00;start_type=ATG;rbs_motif=3Base/5BMM;rbs_spacer=13-15bp;gc_cont=0.448
GCA_001270235.1_ASM127023v1_genomic	LFZF01000045.1_108	-	lolD.aln	-	3.9e-34	116.1	3.3	4.7e-10	37.4	0.0	4.1	4	0	0	4	4	4	4	# 118680 # 120245 # -1 # ID=52_108;partial=00;start_type=ATG;rbs_motif=None;rbs_spacer=None;gc_cont=0.445
GCA_001270235.1_ASM127023v1_genomic	LFZF01000045.1_17	-	lolD.aln	-	1.9e-33	113.9	1.2	6.6e-14	50.0	0.0	4.2	2	2	1	3	3	3	3	# 12424 # 14448 # 1 # ID=52_17;partial=00;start_type=ATG;rbs_motif=None;rbs_spacer=None;gc_cont=0.485
GCA_001270235.1_ASM127023v1_genomic	LFZF01000058.1_221	-	lolD.aln	-	7e-33	112.0	0.0	9.1e-33	111.7	0.0	1.1	1	0	0	1	1	1	1	# 258698 # 259402 # -1 # ID=66_221;partial=00;start_type=ATG;rbs_motif=AGGAG;rbs_spacer=5-10bp;gc_cont=0.511
GCA_001270235.1_ASM127023v1_genomic	LFZF01000030.1_308	-	lolD.aln	-	7.7e-33	111.9	0.0	9.7e-33	111.6	0.0	1.1	1	0	0	1	1	1	1	# 329393 # 330319 # -1 # ID=36_308;partial=00;start_type=ATG;rbs_motif=GGAG/GAGG;rbs_spacer=5-10bp;gc_cont=0.491
GCA_001270235.1_ASM127023v1_genomic	LFZF01000036.1_245	-	lolD.aln	-	7.8e-33	111.9	0.0	1e-32	111.5	0.0	1.2	1	0	0	1	1	1	1	# 276504 # 277421 # -1 # ID=42_245;partial=00;start_type=ATG;rbs_motif=None;rbs_spacer=None;gc_cont=0.441
GCA_001270235.1_ASM127023v1_genomic	LFZF01000096.1_116	-	lolD.aln	-	1.4e-32	111.1	0.0	2.2e-32	110.4	0.0	1.2	1	0	0	1	1	1	1	# 112955 # 115078 # -1 # ID=108_116;partial=00;start_type=ATG;rbs_motif=GGAG/GAGG;rbs_spacer=5-10bp;gc_cont=0.352
GCA_001270235.1_ASM127023v1_genomic	LFZF01000102.1_6	-	lolD.aln	-	2e-32	110.6	0.2	4.9e-32	109.3	0.2	1.5	1	1	0	1	1	1	1	# 5885 # 6643 # 1 # ID=5_6;partial=00;start_type=ATG;rbs_motif=None;rbs_spacer=None;gc_cont=0.505
GCA_001270235.1_ASM127023v1_genomic	LFZF01000018.1_425	-	lolD.aln	-	9.7e-32	108.3	0.2	6.4e-31	105.6	0.2	1.9	1	1	0	1	1	1	1	# 488845 # 489627 # 1 # ID=22_425;partial=00;start_type=ATG;rbs_motif=GGAG/GAGG;rbs_spacer=5-10bp;gc_cont=0.475
GCA_001270235.1_ASM127023v1_genomic	LFZF01000018.1_584	-	lolD.aln	-	3.3e-31	106.6	0.2	6.2e-31	105.7	0.2	1.4	1	0	0	1	1	1	1	# 664162 # 665910 # -1 # ID=22_584;partial=00;start_type=ATG;rbs_motif=None;rbs_spacer=None;gc_cont=0.445
GCA_001270235.1_ASM127023v1_genomic	LFZF01000102.1_131	-	lolD.aln	-	3.4e-31	106.5	0.0	6.4e-31	105.6	0.0	1.4	1	0	0	1	1	1	1	# 129887 # 132001 # -1 # ID=5_131;partial=00;start_type=ATG;rbs_motif=GGA/GAG/AGG;rbs_spacer=5-10bp;gc_cont=0.492
GCA_001270235.1_ASM127023v1_genomic	LFZF01000018.1_113	-	lolD.aln	-	5.7e-31	105.8	0.0	7.3e-31	105.4	0.0	1.1	1	0	0	1	1	1	1	# 114821 # 115540 # 1 # ID=22_113;partial=00;start_type=ATG;rbs_motif=GGAG/GAGG;rbs_spacer=5-10bp;gc_cont=0.443
GCA_001270235.1_ASM127023v1_genomic	LFZF01000027.1_14	-	lolD.aln	-	9.5e-31	105.1	0.1	1.3e-30	104.7	0.1	1.1	1	0	0	1	1	1	1	# 16325 # 17143 # 1 # ID=32_14;partial=00;start_type=ATG;rbs_motif=AGGA/GGAG/GAGG;rbs_spacer=11-12bp;gc_cont=0.453
GCA_001270235.1_ASM127023v1_genomic	LFZF01000018.1_399	-	lolD.aln	-	1.5e-30	104.4	0.0	1.9e-30	104.1	0.0	1.0	1	0	0	1	1	1	1	# 458612 # 459259 # 1 # ID=22_399;partial=00;start_type=ATG;rbs_motif=GGA/GAG/AGG;rbs_spacer=11-12bp;gc_cont=0.481
GCA_001270235.1_ASM127023v1_genomic	LFZF01000081.1_39	-	lolD.aln	-	2.5e-30	103.7	0.1	2.8e-30	103.5	0.1	1.1	1	0	0	1	1	1	1	# 37258 # 37983 # 1 # ID=92_39;partial=00;start_type=ATG;rbs_motif=GGA/GAG/AGG;rbs_spacer=5-10bp;gc_cont=0.479
GCA_001270235.1_ASM127023v1_genomic	LFZF01000042.1_58	-	lolD.aln	-	4.9e-30	102.7	0.6	7.9e-30	102.1	0.6	1.2	1	0	0	1	1	1	1	# 61485 # 63437 # -1 # ID=49_58;partial=00;start_type=ATG;rbs_motif=None;rbs_spacer=None;gc_cont=0.465
GCA_001270235.1_ASM127023v1_genomic	LFZF01000041.1_84	-	lolD.aln	-	8.8e-30	101.9	2.0	1.3e-18	65.4	0.1	2.1	1	1	1	2	2	2	2	# 91605 # 92393 # 1 # ID=48_84;partial=00;start_type=ATG;rbs_motif=GGA/GAG/AGG;rbs_spacer=5-10bp;gc_cont=0.452
GCA_001270235.1_ASM127023v1_genomic	LFZF01000102.1_382	-	lolD.aln	-	1e-28	98.4	0.0	1.3e-28	98.0	0.0	1.1	1	0	0	1	1	1	1	# 420203 # 420952 # 1 # ID=5_382;partial=00;start_type=ATG;rbs_motif=GGA/GAG/AGG;rbs_spacer=5-10bp;gc_cont=0.487
GCA_001270235.1_ASM127023v1_genomic	LFZF01000030.1_930	-	lolD.aln	-	2e-28	97.5	0.7	2.4e-27	94.0	0.7	1.9	1	1	0	1	1	1	1	# 1029024 # 1029824 # -1 # ID=36_930;partial=00;start_type=ATG;rbs_motif=GGAG/GAGG;rbs_spacer=5-10bp;gc_cont=0.476
GCA_001270235.1_ASM127023v1_genomic	LFZF01000030.1_255	-	lolD.aln	-	2.2e-28	97.3	0.6	2.7e-28	97.1	0.6	1.1	1	0	0	1	1	1	1	# 260117 # 260899 # -1 # ID=36_255;partial=00;start_type=ATG;rbs_motif=GGA/GAG/AGG;rbs_spacer=5-10bp;gc_cont=0.499
GCA_001270235.1_ASM127023v1_genomic	LFZF01000030.1_587	-	lolD.aln	-	3.3e-28	96.7	0.0	7.8e-28	95.5	0.0	1.6	1	0	0	1	1	1	1	# 643253 # 645013 # -1 # ID=36_587;partial=00;start_type=ATG;rbs_motif=GGA/GAG/AGG;rbs_spacer=5-10bp;gc_cont=0.478
GCA_001270235.1_ASM127023v1_genomic	LFZF01000102.1_153	-	lolD.aln	-	4.8e-28	96.2	1.0	7.9e-28	95.5	1.0	1.3	1	0	0	1	1	1	1	# 153813 # 155663 # -1 # ID=5_153;partial=00;start_type=ATG;rbs_motif=AGGA;rbs_spacer=5-10bp;gc_cont=0.482
GCA_001270235.1_ASM127023v1_genomic	LFZF01000018.1_347	-	lolD.aln	-	6.7e-28	95.8	0.0	1.3e-27	94.8	0.0	1.4	1	1	0	1	1	1	1	# 394932 # 396653 # 1 # ID=22_347;partial=00;start_type=ATG;rbs_motif=GGA/GAG/AGG;rbs_spacer=5-10bp;gc_cont=0.484
GCA_001270235.1_ASM127023v1_genomic	LFZF01000030.1_925	-	lolD.aln	-	1e-27	95.1	0.1	1.4e-27	94.7	0.1	1.2	1	0	0	1	1	1	1	# 1022920 # 1023741 # -1 # ID=36_925;partial=00;start_type=ATG;rbs_motif=AGGAG;rbs_spacer=5-10bp;gc_cont=0.485
GCA_001270235.1_ASM127023v1_genomic	LFZF01000102.1_202	-	lolD.aln	-	1.3e-27	94.8	0.5	2.9e-15	54.4	0.3	2.1	2	0	0	2	2	2	2	# 208616 # 209380 # 1 # ID=5_202;partial=00;start_type=ATG;rbs_motif=GGAG/GAGG;rbs_spacer=5-10bp;gc_cont=0.481
GCA_001270235.1_ASM127023v1_genomic	LFZF01000042.1_60	-	lolD.aln	-	3e-27	93.6	1.7	1.6e-16	58.5	0.1	2.0	2	0	0	2	2	2	2	# 65600 # 66385 # 1 # ID=49_60;partial=00;start_type=ATG;rbs_motif=GGA/GAG/AGG;rbs_spacer=5-10bp;gc_cont=0.501
GCA_001270235.1_ASM127023v1_genomic	LFZF01000030.1_465	-	lolD.aln	-	4.4e-27	93.1	0.2	5.9e-27	92.7	0.2	1.1	1	0	0	1	1	1	1	# 491737 # 492492 # 1 # ID=36_465;partial=00;start_type=ATG;rbs_motif=None;rbs_spacer=None;gc_cont=0.450
GCA_001270235.1_ASM127023v1_genomic	LFZF01000042.1_68	-	lolD.aln	-	6e-27	92.6	0.0	3e-26	90.3	0.0	2.0	2	1	0	2	2	2	1	# 88283 # 90001 # -1 # ID=49_68;partial=00;start_type=GTG;rbs_motif=GGA/GAG/AGG;rbs_spacer=5-10bp;gc_cont=0.457
GCA_001270235.1_ASM127023v1_genomic	LFZF01000030.1_21	-	lolD.aln	-	6.1e-27	92.6	0.1	8.8e-27	92.1	0.1	1.2	1	0	0	1	1	1	1	# 18617 # 19351 # 1 # ID=36_21;partial=00;start_type=ATG;rbs_motif=AGGAG;rbs_spacer=5-10bp;gc_cont=0.491
GCA_001270235.1_ASM127023v1_genomic	LFZF01000018.1_21	-	lolD.aln	-	8.9e-27	92.1	1.8	2.4e-26	90.7	1.8	1.7	1	1	0	1	1	1	1	# 25283 # 27079 # -1 # ID=22_21;partial=00;start_type=ATG;rbs_motif=None;rbs_spacer=None;gc_cont=0.435
GCA_001270235.1_ASM127023v1_genomic	LFZF01000018.1_177	-	lolD.aln	-	9.6e-27	92.0	0.9	2e-26	91.0	0.9	1.5	1	0	0	1	1	1	1	# 186163 # 187941 # 1 # ID=22_177;partial=00;start_type=ATG;rbs_motif=GGAGG;rbs_spacer=5-10bp;gc_cont=0.447
GCA_001270235.1_ASM127023v1_genomic	LFZF01000030.1_408	-	lolD.aln	-	1e-26	91.9	0.0	2.7e-12	44.7	0.0	3.2	3	0	0	3	3	3	2	# 430328 # 431782 # -1 # ID=36_408;partial=00;start_type=ATG;rbs_motif=AGGA/GGAG/GAGG;rbs_spacer=11-12bp;gc_cont=0.454
GCA_001270235.1_ASM127023v1_genomic	LFZF01000081.1_81	-	lolD.aln	-	2.4e-26	90.7	4.9	1.3e-09	36.0	0.0	4.4	4	0	0	4	4	4	4	# 86293 # 89118 # 1 # ID=92_81;partial=00;start_type=ATG;rbs_motif=GGA/GAG/AGG;rbs_spacer=5-10bp;gc_cont=0.480
GCA_001270235.1_ASM127023v1_genomic	LFZF01000018.1_424	-	lolD.aln	-	7.4e-26	89.1	0.1	9.1e-25	85.5	0.1	2.0	1	1	0	1	1	1	1	# 487853 # 488848 # 1 # ID=22_424;partial=00;start_type=ATG;rbs_motif=GGA/GAG/AGG;rbs_spacer=5-10bp;gc_cont=0.492
GCA_001270235.1_ASM127023v1_genomic	LFZF01000029.1_275	-	lolD.aln	-	2.4e-25	87.4	0.5	4e-25	86.7	0.5	1.4	1	1	0	1	1	1	1	# 298164 # 298958 # -1 # ID=34_275;partial=00;start_type=ATG;rbs_motif=GGAGG;rbs_spacer=3-4bp;gc_cont=0.491
GCA_001270235.1_ASM127023v1_genomic	LFZF01000030.1_286	-	lolD.aln	-	2.9e-25	87.1	1.9	1.4e-12	45.6	0.0	4.2	2	2	1	3	3	3	3	# 297394 # 298965 # 1 # ID=36_286;partial=00;start_type=ATG;rbs_motif=AGGAG;rbs_spacer=5-10bp;gc_cont=0.478
GCA_001270235.1_ASM127023v1_genomic	LFZF01000029.1_399	-	lolD.aln	-	1.5e-23	81.5	0.1	1.9e-23	81.2	0.1	1.1	1	0	0	1	1	1	1	# 433862 # 434479 # -1 # ID=34_399;partial=00;start_type=ATG;rbs_motif=None;rbs_spacer=None;gc_cont=0.443
GCA_001270235.1_ASM127023v1_genomic	LFZF01000076.1_11	-	lolD.aln	-	4.2e-23	80.1	0.2	4e-15	54.0	0.0	2.1	1	1	0	2	2	2	2	# 10616 # 11308 # 1 # ID=86_11;partial=00;start_type=ATG;rbs_motif=GGA/GAG/AGG;rbs_spacer=5-10bp;gc_cont=0.421
GCA_001270235.1_ASM127023v1_genomic	LFZF01000018.1_285	-	lolD.aln	-	7.5e-22	76.0	0.3	1.4e-21	75.0	0.3	1.4	1	1	0	1	1	1	1	# 320746 # 321510 # -1 # ID=22_285;partial=00;start_type=ATG;rbs_motif=GGA/GAG/AGG;rbs_spacer=5-10bp;gc_cont=0.478
GCA_001270235.1_ASM127023v1_genomic	LFZF01000018.1_346	-	lolD.aln	-	1e-21	75.5	0.0	1.8e-21	74.7	0.0	1.3	1	0	0	1	1	1	1	# 393152 # 394939 # 1 # ID=22_346;partial=00;start_type=ATG;rbs_motif=None;rbs_spacer=None;gc_cont=0.469
GCA_001270235.1_ASM127023v1_genomic	LFZF01000018.1_176	-	lolD.aln	-	3.4e-19	67.3	0.1	6.6e-19	66.3	0.1	1.4	1	0	0	1	1	1	1	# 184420 # 186159 # 1 # ID=22_176;partial=00;start_type=ATG;rbs_motif=AGGAGG;rbs_spacer=3-4bp;gc_cont=0.467
GCA_001270235.1_ASM127023v1_genomic	LFZF01000076.1_12	-	lolD.aln	-	8.8e-19	65.9	0.0	3.6e-13	47.6	0.0	2.0	2	0	0	2	2	2	2	# 11305 # 11931 # 1 # ID=86_12;partial=00;start_type=TTG;rbs_motif=GGAG/GAGG;rbs_spacer=5-10bp;gc_cont=0.429
GCA_001270235.1_ASM127023v1_genomic	LFZF01000102.1_87	-	lolD.aln	-	8.3e-15	52.9	0.6	3.2e-14	51.0	0.6	1.8	1	1	0	1	1	1	1	# 83090 # 83947 # 1 # ID=5_87;partial=00;start_type=ATG;rbs_motif=GGA/GAG/AGG;rbs_spacer=5-10bp;gc_cont=0.480
GCA_001270235.1_ASM127023v1_genomic	LFZF01000102.1_224	-	lolD.aln	-	6.3e-06	23.9	0.2	1.7e-05	22.5	0.2	1.7	1	0	0	1	1	1	1	# 244042 # 245118 # -1 # ID=5_224;partial=00;start_type=ATG;rbs_motif=GGA/GAG/AGG;rbs_spacer=5-10bp;gc_cont=0.478
GCA_001270235.1_ASM127023v1_genomic	LFZF01000032.1_10	-	lolD.aln	-	2.2e-05	22.1	0.0	3.7e-05	21.4	0.0	1.3	1	0	0	1	1	1	1	# 8428 # 9534 # -1 # ID=38_10;partial=00;start_type=ATG;rbs_motif=None;rbs_spacer=None;gc_cont=0.480
GCA_001270235.1_ASM127023v1_genomic	LFZF01000030.1_526	-	lolD.aln	-	0.006	14.1	0.1	0.011	13.3	0.1	1.3	1	0	0	1	1	1	1	# 581855 # 583120 # 1 # ID=36_526;partial=00;start_type=ATG;rbs_motif=None;rbs_spacer=None;gc_cont=0.457
GCA_001270235.1_ASM127023v1_genomic	LFZF01000030.1_799	-	lolD.aln	-	0.01	13.4	0.0	0.016	12.8	0.0	1.3	1	0	0	1	1	1	0	# 884896 # 885420 # -1 # ID=36_799;partial=00;start_type=ATG;rbs_motif=GGAGG;rbs_spacer=5-10bp;gc_cont=0.417
GCA_001336215.1_6649_8_20_genomic	CFCR01000016.1_45	-	lolD.aln	-	1.3e-79	263.8	0.4	1.4e-79	263.6	0.4	1.0	1	0	0	1	1	1	1	# 41422 # 42123 # 1 # ID=16_45;partial=00;start_type=ATG;rbs_motif=GGAG/GAGG;rbs_spacer=5-10bp;gc_cont=0.415
GCA_001336215.1_6649_8_20_genomic	CFCR01000006.1_6	-	lolD.aln	-	4.3e-65	216.2	0.1	4.9e-65	216.0	0.1	1.0	1	0	0	1	1	1	1	# 6105 # 6806 # -1 # ID=6_6;partial=00;start_type=ATG;rbs_motif=GGAG/GAGG;rbs_spacer=5-10bp;gc_cont=0.452
GCA_001336215.1_6649_8_20_genomic	CFCR01000003.1_54	-	lolD.aln	-	4.3e-63	209.7	0.3	5.1e-63	209.5	0.3	1.0	1	0	0	1	1	1	1	# 48201 # 48959 # -1 # ID=3_54;partial=00;start_type=ATG;rbs_motif=AGGAG;rbs_spacer=5-10bp;gc_cont=0.437
GCA_001336215.1_6649_8_20_genomic	CFCR01000023.1_23	-	lolD.aln	-	8.9e-63	208.7	0.0	6e-32	107.8	0.0	2.3	2	0	0	2	2	2	2	# 25586 # 27268 # -1 # ID=23_23;partial=00;start_type=ATG;rbs_motif=GGA/GAG/AGG;rbs_spacer=5-10bp;gc_cont=0.418
GCA_001336215.1_6649_8_20_genomic	CFCR01000010.1_13	-	lolD.aln	-	1e-58	195.4	0.2	1.2e-58	195.2	0.2	1.0	1	0	0	1	1	1	1	# 14346 # 15077 # 1 # ID=10_13;partial=00;start_type=ATG;rbs_motif=AGGAGG;rbs_spacer=5-10bp;gc_cont=0.337
GCA_001336215.1_6649_8_20_genomic	CFCR01000001.1_6	-	lolD.aln	-	7.7e-57	189.2	2.8	1e-56	188.8	2.8	1.2	1	0	0	1	1	1	1	# 5196 # 6257 # 1 # ID=1_6;partial=00;start_type=ATG;rbs_motif=AGGAG(G)/GGAGG;rbs_spacer=13-15bp;gc_cont=0.434
GCA_001336215.1_6649_8_20_genomic	CFCR01000031.1_23	-	lolD.aln	-	9.9e-55	182.3	0.4	1.1e-54	182.1	0.4	1.0	1	0	0	1	1	1	1	# 19579 # 20313 # -1 # ID=31_23;partial=00;start_type=ATG;rbs_motif=AGGAG;rbs_spacer=5-10bp;gc_cont=0.433
GCA_001336215.1_6649_8_20_genomic	CFCR01000050.1_2	-	lolD.aln	-	1.1e-53	178.9	0.6	1.3e-53	178.7	0.6	1.0	1	0	0	1	1	1	1	# 1240 # 2004 # -1 # ID=50_2;partial=00;start_type=ATG;rbs_motif=GGAGG;rbs_spacer=5-10bp;gc_cont=0.427
GCA_001336215.1_6649_8_20_genomic	CFCR01000005.1_47	-	lolD.aln	-	5.2e-53	176.7	0.1	6.8e-53	176.3	0.1	1.1	1	0	0	1	1	1	1	# 41659 # 42816 # 1 # ID=5_47;partial=00;start_type=TTG;rbs_motif=AGGA/GGAG/GAGG;rbs_spacer=11-12bp;gc_cont=0.446
GCA_001336215.1_6649_8_20_genomic	CFCR01000016.1_20	-	lolD.aln	-	1.5e-52	175.2	0.0	1.7e-52	175.0	0.0	1.0	1	0	0	1	1	1	1	# 16477 # 17169 # 1 # ID=16_20;partial=00;start_type=ATG;rbs_motif=AGGA;rbs_spacer=5-10bp;gc_cont=0.411
GCA_001336215.1_6649_8_20_genomic	CFCR01000021.1_23	-	lolD.aln	-	1.1e-51	172.4	0.3	1.2e-51	172.2	0.3	1.0	1	0	0	1	1	1	1	# 20990 # 21631 # 1 # ID=21_23;partial=00;start_type=ATG;rbs_motif=AGxAGG/AGGxGG;rbs_spacer=5-10bp;gc_cont=0.405
GCA_001336215.1_6649_8_20_genomic	CFCR01000002.1_125	-	lolD.aln	-	3.4e-50	167.5	0.1	4.2e-50	167.2	0.1	1.0	1	0	0	1	1	1	1	# 122489 # 123229 # 1 # ID=2_125;partial=00;start_type=ATG;rbs_motif=GGAG/GAGG;rbs_spacer=5-10bp;gc_cont=0.426
GCA_001336215.1_6649_8_20_genomic	CFCR01000031.1_4	-	lolD.aln	-	4.1e-50	167.2	4.7	3e-29	99.0	0.9	2.1	2	0	0	2	2	2	2	# 2272 # 3807 # -1 # ID=31_4;partial=00;start_type=ATG;rbs_motif=AGGA;rbs_spacer=5-10bp;gc_cont=0.419
GCA_001336215.1_6649_8_20_genomic	CFCR01000005.1_1	-	lolD.aln	-	1.8e-49	165.1	0.2	2.7e-25	86.1	0.0	3.0	2	2	0	2	2	2	2	# 294 # 1658 # -1 # ID=5_1;partial=00;start_type=ATG;rbs_motif=GGAGG;rbs_spacer=5-10bp;gc_cont=0.294
GCA_001336215.1_6649_8_20_genomic	CFCR01000015.1_24	-	lolD.aln	-	2.5e-49	164.7	0.1	2.8e-49	164.5	0.1	1.0	1	0	0	1	1	1	1	# 24482 # 25240 # -1 # ID=15_24;partial=00;start_type=ATG;rbs_motif=AGGAG;rbs_spacer=5-10bp;gc_cont=0.437
GCA_001336215.1_6649_8_20_genomic	CFCR01000015.1_15	-	lolD.aln	-	1.1e-48	162.6	0.2	2e-48	161.7	0.2	1.4	1	1	0	1	1	1	1	# 15119 # 15766 # 1 # ID=15_15;partial=00;start_type=ATG;rbs_motif=AGGAG;rbs_spacer=5-10bp;gc_cont=0.398
GCA_001336215.1_6649_8_20_genomic	CFCR01000010.1_21	-	lolD.aln	-	4.1e-48	160.7	0.6	4.6e-48	160.5	0.6	1.0	1	0	0	1	1	1	1	# 20290 # 21033 # 1 # ID=10_21;partial=00;start_type=ATG;rbs_motif=AGGAG;rbs_spacer=5-10bp;gc_cont=0.419
GCA_001336215.1_6649_8_20_genomic	CFCR01000004.1_23	-	lolD.aln	-	1.5e-47	158.8	0.0	1.7e-47	158.6	0.0	1.0	1	0	0	1	1	1	1	# 19882 # 20610 # 1 # ID=4_23;partial=00;start_type=ATG;rbs_motif=GGAG/GAGG;rbs_spacer=5-10bp;gc_cont=0.424
GCA_001336215.1_6649_8_20_genomic	CFCR01000042.1_3	-	lolD.aln	-	2.2e-47	158.3	0.1	2.6e-47	158.1	0.1	1.0	1	0	0	1	1	1	1	# 1610 # 2239 # -1 # ID=42_3;partial=00;start_type=ATG;rbs_motif=AGxAGG/AGGxGG;rbs_spacer=5-10bp;gc_cont=0.427
GCA_001336215.1_6649_8_20_genomic	CFCR01000018.1_20	-	lolD.aln	-	2.3e-42	141.9	0.0	2.6e-42	141.7	0.0	1.0	1	0	0	1	1	1	1	# 23768 # 24409 # 1 # ID=18_20;partial=00;start_type=ATG;rbs_motif=AGGA;rbs_spacer=5-10bp;gc_cont=0.396
GCA_001336215.1_6649_8_20_genomic	CFCR01000025.1_16	-	lolD.aln	-	2.5e-41	138.5	0.0	3.7e-41	137.9	0.0	1.2	1	0	0	1	1	1	1	# 16020 # 17024 # -1 # ID=25_16;partial=00;start_type=ATG;rbs_motif=AGGA;rbs_spacer=5-10bp;gc_cont=0.321
GCA_001336215.1_6649_8_20_genomic	CFCR01000001.1_78	-	lolD.aln	-	1.6e-40	135.9	0.1	2.1e-40	135.5	0.1	1.1	1	0	0	1	1	1	1	# 62176 # 63267 # -1 # ID=1_78;partial=00;start_type=ATG;rbs_motif=GGAG/GAGG;rbs_spacer=5-10bp;gc_cont=0.407
GCA_001336215.1_6649_8_20_genomic	CFCR01000004.1_51	-	lolD.aln	-	4.2e-40	134.5	0.0	5.9e-40	134.0	0.0	1.2	1	0	0	1	1	1	1	# 49414 # 50424 # 1 # ID=4_51;partial=00;start_type=ATG;rbs_motif=GGAG/GAGG;rbs_spacer=5-10bp;gc_cont=0.331
GCA_001336215.1_6649_8_20_genomic	CFCR01000040.1_14	-	lolD.aln	-	4.4e-40	134.4	0.1	6.4e-40	133.9	0.1	1.2	1	0	0	1	1	1	1	# 16615 # 17541 # 1 # ID=40_14;partial=00;start_type=ATG;rbs_motif=AGGAGG;rbs_spacer=5-10bp;gc_cont=0.410
GCA_001336215.1_6649_8_20_genomic	CFCR01000008.1_56	-	lolD.aln	-	3.4e-39	131.5	0.0	3.7e-39	131.4	0.0	1.0	1	0	0	1	1	1	1	# 52533 # 53165 # 1 # ID=8_56;partial=00;start_type=ATG;rbs_motif=GGAGG;rbs_spacer=5-10bp;gc_cont=0.408
GCA_001336215.1_6649_8_20_genomic	CFCR01000014.1_12	-	lolD.aln	-	4.8e-39	131.0	0.1	5.9e-39	130.7	0.1	1.0	1	0	0	1	1	1	1	# 8046 # 8885 # -1 # ID=14_12;partial=00;start_type=ATG;rbs_motif=GGAG/GAGG;rbs_spacer=5-10bp;gc_cont=0.408
GCA_001336215.1_6649_8_20_genomic	CFCR01000030.1_10	-	lolD.aln	-	1.6e-38	129.3	0.0	2.3e-38	128.8	0.0	1.1	1	0	0	1	1	1	1	# 10813 # 11943 # 1 # ID=30_10;partial=00;start_type=ATG;rbs_motif=AGGAG;rbs_spacer=5-10bp;gc_cont=0.408
GCA_001336215.1_6649_8_20_genomic	CFCR01000014.1_13	-	lolD.aln	-	2e-38	129.0	0.1	2.4e-38	128.8	0.1	1.1	1	0	0	1	1	1	1	# 8870 # 9697 # -1 # ID=14_13;partial=00;start_type=ATG;rbs_motif=3Base/5BMM;rbs_spacer=13-15bp;gc_cont=0.388
GCA_001336215.1_6649_8_20_genomic	CFCR01000013.1_40	-	lolD.aln	-	2.1e-38	128.9	2.6	2.8e-11	40.2	0.0	4.3	4	0	0	4	4	4	4	# 38062 # 39933 # -1 # ID=13_40;partial=00;start_type=ATG;rbs_motif=GGAG/GAGG;rbs_spacer=5-10bp;gc_cont=0.434
GCA_001336215.1_6649_8_20_genomic	CFCR01000022.1_21	-	lolD.aln	-	4.3e-38	127.9	0.1	7.6e-12	42.1	0.0	4.6	4	0	0	4	4	4	4	# 15907 # 17808 # 1 # ID=22_21;partial=00;start_type=ATG;rbs_motif=None;rbs_spacer=None;gc_cont=0.417
GCA_001336215.1_6649_8_20_genomic	CFCR01000002.1_46	-	lolD.aln	-	9.3e-38	126.8	0.0	1.1e-37	126.6	0.0	1.0	1	0	0	1	1	1	1	# 39264 # 39905 # -1 # ID=2_46;partial=00;start_type=ATG;rbs_motif=AGGA;rbs_spacer=5-10bp;gc_cont=0.371
GCA_001336215.1_6649_8_20_genomic	CFCR01000028.1_19	-	lolD.aln	-	8.8e-36	120.4	0.0	5.5e-24	81.8	0.0	3.1	3	0	0	3	3	3	2	# 15450 # 16835 # -1 # ID=28_19;partial=00;start_type=ATG;rbs_motif=GGAGG;rbs_spacer=5-10bp;gc_cont=0.434
GCA_001336215.1_6649_8_20_genomic	CFCR01000040.1_13	-	lolD.aln	-	7.3e-35	117.4	0.0	9.8e-35	116.9	0.0	1.1	1	0	0	1	1	1	1	# 15537 # 16604 # 1 # ID=40_13;partial=00;start_type=ATG;rbs_motif=AGGAG;rbs_spacer=5-10bp;gc_cont=0.425
GCA_001336215.1_6649_8_20_genomic	CFCR01000016.1_17	-	lolD.aln	-	8.7e-35	117.1	0.4	1.2e-34	116.6	0.4	1.1	1	0	0	1	1	1	1	# 13531 # 14241 # 1 # ID=16_17;partial=00;start_type=ATG;rbs_motif=AGGAGG;rbs_spacer=5-10bp;gc_cont=0.411
GCA_001336215.1_6649_8_20_genomic	CFCR01000016.1_32	-	lolD.aln	-	1.8e-33	112.8	2.8	9.6e-11	38.5	0.0	4.2	3	1	1	4	4	4	4	# 29923 # 31464 # 1 # ID=16_32;partial=00;start_type=ATG;rbs_motif=AGGA;rbs_spacer=5-10bp;gc_cont=0.441
GCA_001336215.1_6649_8_20_genomic	CFCR01000032.1_7	-	lolD.aln	-	3.9e-33	111.7	3.1	3.1e-32	108.7	3.1	1.9	1	1	0	1	1	1	1	# 8527 # 9255 # -1 # ID=32_7;partial=00;start_type=ATG;rbs_motif=None;rbs_spacer=None;gc_cont=0.453
GCA_001336215.1_6649_8_20_genomic	CFCR01000005.1_40	-	lolD.aln	-	4.6e-32	108.2	0.0	5.5e-32	107.9	0.0	1.0	1	0	0	1	1	1	1	# 35161 # 35919 # 1 # ID=5_40;partial=00;start_type=ATG;rbs_motif=AGGA;rbs_spacer=5-10bp;gc_cont=0.432
GCA_001336215.1_6649_8_20_genomic	CFCR01000016.1_16	-	lolD.aln	-	6.1e-32	107.8	1.3	1e-30	103.8	1.3	2.0	1	1	0	1	1	1	1	# 12767 # 13531 # 1 # ID=16_16;partial=00;start_type=ATG;rbs_motif=AGGAGG;rbs_spacer=5-10bp;gc_cont=0.387
GCA_001336215.1_6649_8_20_genomic	CFCR01000014.1_22	-	lolD.aln	-	2.6e-31	105.8	0.0	1.1e-12	44.9	0.0	4.1	4	0	0	4	4	4	3	# 18182 # 19804 # 1 # ID=14_22;partial=00;start_type=TTG;rbs_motif=AGGAG;rbs_spacer=5-10bp;gc_cont=0.386
GCA_001336215.1_6649_8_20_genomic	CFCR01000005.1_4	-	lolD.aln	-	9.6e-31	103.9	0.3	1.6e-30	103.1	0.3	1.3	1	0	0	1	1	1	1	# 2936 # 4657 # -1 # ID=5_4;partial=00;start_type=ATG;rbs_motif=GGAGG;rbs_spacer=5-10bp;gc_cont=0.315
GCA_001336215.1_6649_8_20_genomic	CFCR01000024.1_31	-	lolD.aln	-	2.2e-30	102.7	0.1	4.3e-18	62.5	0.0	2.1	2	0	0	2	2	2	2	# 29990 # 30784 # 1 # ID=24_31;partial=00;start_type=ATG;rbs_motif=AGGAGG;rbs_spacer=5-10bp;gc_cont=0.336
GCA_001336215.1_6649_8_20_genomic	CFCR01000004.1_15	-	lolD.aln	-	3.1e-30	102.2	0.3	5.5e-30	101.4	0.3	1.3	1	1	0	1	1	1	1	# 12413 # 13165 # -1 # ID=4_15;partial=00;start_type=GTG;rbs_motif=AGGAGG;rbs_spacer=5-10bp;gc_cont=0.445
GCA_001336215.1_6649_8_20_genomic	CFCR01000034.1_7	-	lolD.aln	-	6.4e-30	101.2	0.0	8.9e-30	100.7	0.0	1.1	1	0	0	1	1	1	1	# 5555 # 6307 # 1 # ID=34_7;partial=00;start_type=ATG;rbs_motif=AGGAG;rbs_spacer=5-10bp;gc_cont=0.398
GCA_001336215.1_6649_8_20_genomic	CFCR01000028.1_33	-	lolD.aln	-	8.6e-29	97.5	0.1	1.1e-27	93.9	0.1	1.9	1	1	0	1	1	1	1	# 27614 # 28261 # -1 # ID=28_33;partial=00;start_type=ATG;rbs_motif=AGGAGG;rbs_spacer=5-10bp;gc_cont=0.321
GCA_001336215.1_6649_8_20_genomic	CFCR01000025.1_28	-	lolD.aln	-	1.5e-28	96.7	4.3	3.4e-17	59.5	2.6	3.0	1	1	1	2	2	2	2	# 25917 # 26948 # 1 # ID=25_28;partial=00;start_type=ATG;rbs_motif=GGA/GAG/AGG;rbs_spacer=5-10bp;gc_cont=0.437
GCA_001336215.1_6649_8_20_genomic	CFCR01000010.1_47	-	lolD.aln	-	2.1e-28	96.2	0.3	4.9e-28	95.0	0.3	1.6	1	1	0	1	1	1	1	# 53059 # 55212 # -1 # ID=10_47;partial=00;start_type=ATG;rbs_motif=AGGAG;rbs_spacer=5-10bp;gc_cont=0.446
GCA_001336215.1_6649_8_20_genomic	CFCR01000017.1_35	-	lolD.aln	-	2.7e-28	95.9	0.1	5e-28	95.0	0.1	1.4	1	0	0	1	1	1	1	# 28873 # 30267 # 1 # ID=17_35;partial=00;start_type=ATG;rbs_motif=None;rbs_spacer=None;gc_cont=0.368
GCA_001336215.1_6649_8_20_genomic	CFCR01000021.1_28	-	lolD.aln	-	1.8e-27	93.2	0.0	9.4e-27	90.8	0.0	2.0	1	1	0	1	1	1	1	# 26220 # 28439 # 1 # ID=21_28;partial=00;start_type=ATG;rbs_motif=GGA/GAG/AGG;rbs_spacer=5-10bp;gc_cont=0.341
GCA_001336215.1_6649_8_20_genomic	CFCR01000026.1_19	-	lolD.aln	-	2.3e-27	92.8	1.0	2e-08	30.9	0.1	4.2	2	2	1	4	4	4	4	# 13388 # 14947 # -1 # ID=26_19;partial=00;start_type=ATG;rbs_motif=GGA/GAG/AGG;rbs_spacer=5-10bp;gc_cont=0.404
GCA_001336215.1_6649_8_20_genomic	CFCR01000002.1_10	-	lolD.aln	-	4.9e-27	91.7	0.4	9.3e-27	90.8	0.4	1.4	1	1	0	1	1	1	1	# 7882 # 8640 # -1 # ID=2_10;partial=00;start_type=ATG;rbs_motif=AGGAG(G)/GGAGG;rbs_spacer=13-15bp;gc_cont=0.393
GCA_001336215.1_6649_8_20_genomic	CFCR01000017.1_43	-	lolD.aln	-	5.1e-27	91.7	0.0	6.3e-27	91.4	0.0	1.1	1	0	0	1	1	1	1	# 36149 # 36880 # -1 # ID=17_43;partial=00;start_type=ATG;rbs_motif=GGAG/GAGG;rbs_spacer=5-10bp;gc_cont=0.447
GCA_001336215.1_6649_8_20_genomic	CFCR01000005.1_5	-	lolD.aln	-	3.6e-26	88.9	0.0	6e-26	88.2	0.0	1.3	1	0	0	1	1	1	1	# 4641 # 6395 # -1 # ID=5_5;partial=00;start_type=ATG;rbs_motif=AGGAG;rbs_spacer=5-10bp;gc_cont=0.320
GCA_001336215.1_6649_8_20_genomic	CFCR01000006.1_1	-	lolD.aln	-	5.6e-26	88.3	0.0	7.1e-26	87.9	0.0	1.2	1	0	0	1	1	1	1	# 157 # 879 # 1 # ID=6_1;partial=00;start_type=ATG;rbs_motif=AGGAGG;rbs_spacer=11-12bp;gc_cont=0.430
GCA_001336215.1_6649_8_20_genomic	CFCR01000009.1_16	-	lolD.aln	-	6.5e-26	88.1	0.1	5.4e-25	85.1	0.1	1.9	1	1	0	1	1	1	1	# 18698 # 19402 # 1 # ID=9_16;partial=00;start_type=ATG;rbs_motif=AGGAG;rbs_spacer=5-10bp;gc_cont=0.451
GCA_001336215.1_6649_8_20_genomic	CFCR01000028.1_29	-	lolD.aln	-	1.1e-25	87.3	0.1	1.3e-25	87.1	0.1	1.0	1	0	0	1	1	1	1	# 25894 # 26367 # 1 # ID=28_29;partial=00;start_type=ATG;rbs_motif=GGAG/GAGG;rbs_spacer=5-10bp;gc_cont=0.416
GCA_001336215.1_6649_8_20_genomic	CFCR01000004.1_44	-	lolD.aln	-	1.5e-25	86.9	0.0	2.3e-25	86.3	0.0	1.2	1	0	0	1	1	1	1	# 39380 # 41131 # 1 # ID=4_44;partial=00;start_type=ATG;rbs_motif=GGAG/GAGG;rbs_spacer=5-10bp;gc_cont=0.445
GCA_001336215.1_6649_8_20_genomic	CFCR01000005.1_11	-	lolD.aln	-	1.9e-25	86.6	1.7	3e-14	49.9	0.1	2.2	1	1	1	2	2	2	2	# 11433 # 12290 # 1 # ID=5_11;partial=00;start_type=ATG;rbs_motif=GGA/GAG/AGG;rbs_spacer=5-10bp;gc_cont=0.291
GCA_001336215.1_6649_8_20_genomic	CFCR01000041.1_5	-	lolD.aln	-	2.2e-25	86.4	0.2	4.8e-25	85.2	0.2	1.5	1	1	0	1	1	1	1	# 5399 # 7093 # 1 # ID=41_5;partial=00;start_type=ATG;rbs_motif=AGGAG;rbs_spacer=5-10bp;gc_cont=0.446
GCA_001336215.1_6649_8_20_genomic	CFCR01000043.1_10	-	lolD.aln	-	5.6e-25	85.0	0.0	9e-25	84.3	0.0	1.3	1	0	0	1	1	1	1	# 10827 # 11819 # -1 # ID=43_10;partial=00;start_type=ATG;rbs_motif=GGAG/GAGG;rbs_spacer=5-10bp;gc_cont=0.433
GCA_001336215.1_6649_8_20_genomic	CFCR01000005.1_54	-	lolD.aln	-	7e-25	84.7	0.0	8.2e-25	84.5	0.0	1.1	1	0	0	1	1	1	1	# 51063 # 51812 # 1 # ID=5_54;partial=00;start_type=ATG;rbs_motif=AGGAG;rbs_spacer=5-10bp;gc_cont=0.417
GCA_001336215.1_6649_8_20_genomic	CFCR01000005.1_39	-	lolD.aln	-	1.2e-24	83.9	0.1	1.9e-24	83.3	0.1	1.3	1	1	0	1	1	1	1	# 34345 # 35148 # 1 # ID=5_39;partial=00;start_type=ATG;rbs_motif=AGGAG;rbs_spacer=5-10bp;gc_cont=0.419
GCA_001336215.1_6649_8_20_genomic	CFCR01000001.1_28	-	lolD.aln	-	1.2e-24	83.9	1.4	1.1e-07	28.4	0.0	4.3	4	0	0	4	4	4	4	# 26620 # 29451 # 1 # ID=1_28;partial=00;start_type=ATG;rbs_motif=3Base/5BMM;rbs_spacer=13-15bp;gc_cont=0.475
GCA_001336215.1_6649_8_20_genomic	CFCR01000018.1_4	-	lolD.aln	-	5.3e-23	78.6	0.1	1e-10	38.4	0.0	2.1	2	0	0	2	2	2	2	# 7668 # 8552 # 1 # ID=18_4;partial=00;start_type=ATG;rbs_motif=AGGAG;rbs_spacer=5-10bp;gc_cont=0.397
GCA_001336215.1_6649_8_20_genomic	CFCR01000002.1_34	-	lolD.aln	-	8.7e-23	77.8	0.0	1.2e-22	77.4	0.0	1.2	1	0	0	1	1	1	1	# 31538 # 32191 # -1 # ID=2_34;partial=00;start_type=TTG;rbs_motif=AGGA/GGAG/GAGG;rbs_spacer=11-12bp;gc_cont=0.327
GCA_001336215.1_6649_8_20_genomic	CFCR01000041.1_7	-	lolD.aln	-	1.2e-22	77.4	0.0	2.2e-22	76.5	0.0	1.3	1	0	0	1	1	1	1	# 7884 # 9650 # 1 # ID=41_7;partial=00;start_type=ATG;rbs_motif=AGGAGG;rbs_spacer=5-10bp;gc_cont=0.421
GCA_001336215.1_6649_8_20_genomic	CFCR01000027.1_17	-	lolD.aln	-	5.4e-22	75.2	0.3	9.9e-21	71.1	0.1	2.4	2	1	0	2	2	1	1	# 14696 # 16312 # 1 # ID=27_17;partial=00;start_type=GTG;rbs_motif=GGA/GAG/AGG;rbs_spacer=5-10bp;gc_cont=0.303
GCA_001336215.1_6649_8_20_genomic	CFCR01000005.1_77	-	lolD.aln	-	1e-21	74.4	0.0	1.5e-21	73.8	0.0	1.2	1	0	0	1	1	1	1	# 76458 # 78206 # 1 # ID=5_77;partial=00;start_type=ATG;rbs_motif=AGGAGG;rbs_spacer=5-10bp;gc_cont=0.432
GCA_001336215.1_6649_8_20_genomic	CFCR01000004.1_43	-	lolD.aln	-	1.3e-21	74.0	0.1	2.4e-21	73.1	0.1	1.4	1	0	0	1	1	1	1	# 37645 # 39390 # 1 # ID=4_43;partial=00;start_type=ATG;rbs_motif=GGA/GAG/AGG;rbs_spacer=5-10bp;gc_cont=0.458
GCA_001336215.1_6649_8_20_genomic	CFCR01000006.1_67	-	lolD.aln	-	4.5e-21	72.2	0.0	7.3e-21	71.6	0.0	1.3	1	0	0	1	1	1	1	# 71839 # 72732 # -1 # ID=6_67;partial=00;start_type=ATG;rbs_motif=GGAGG;rbs_spacer=5-10bp;gc_cont=0.418
GCA_001336215.1_6649_8_20_genomic	CFCR01000005.1_76	-	lolD.aln	-	2.8e-19	66.4	0.1	6.1e-09	32.6	0.0	2.2	2	0	0	2	2	2	2	# 74732 # 76456 # 1 # ID=5_76;partial=00;start_type=ATG;rbs_motif=AGxAGG/AGGxGG;rbs_spacer=5-10bp;gc_cont=0.435
GCA_001336215.1_6649_8_20_genomic	CFCR01000006.1_64	-	lolD.aln	-	2.7e-16	56.6	0.0	1.9e-10	37.5	0.0	2.1	2	0	0	2	2	2	2	# 68811 # 69506 # 1 # ID=6_64;partial=00;start_type=ATG;rbs_motif=AGGAG;rbs_spacer=5-10bp;gc_cont=0.422
GCA_001336215.1_6649_8_20_genomic	CFCR01000003.1_98	-	lolD.aln	-	7.6e-16	55.1	0.1	1.2e-15	54.4	0.1	1.3	1	1	0	1	1	1	1	# 100450 # 101220 # -1 # ID=3_98;partial=00;start_type=ATG;rbs_motif=AGGA;rbs_spacer=5-10bp;gc_cont=0.418
GCA_001336215.1_6649_8_20_genomic	CFCR01000006.1_53	-	lolD.aln	-	8.7e-16	55.0	0.2	4.7e-15	52.6	0.2	1.8	1	1	0	1	1	1	1	# 60579 # 61211 # -1 # ID=6_53;partial=00;start_type=ATG;rbs_motif=AGGA;rbs_spacer=5-10bp;gc_cont=0.329
GCA_001336215.1_6649_8_20_genomic	CFCR01000003.1_37	-	lolD.aln	-	2.2e-14	50.4	0.0	1.1e-08	31.7	0.0	2.0	2	0	0	2	2	2	2	# 32690 # 33277 # -1 # ID=3_37;partial=00;start_type=ATG;rbs_motif=AGGAGG;rbs_spacer=5-10bp;gc_cont=0.417
GCA_001336215.1_6649_8_20_genomic	CFCR01000002.1_25	-	lolD.aln	-	2.6e-14	50.1	0.1	3.6e-14	49.7	0.1	1.2	1	0	0	1	1	1	1	# 22834 # 23418 # -1 # ID=2_25;partial=00;start_type=ATG;rbs_motif=None;rbs_spacer=None;gc_cont=0.381
GCA_001336215.1_6649_8_20_genomic	CFCR01000013.1_11	-	lolD.aln	-	1.3e-11	41.3	0.0	1.7e-11	40.9	0.0	1.1	1	0	0	1	1	1	1	# 11119 # 11664 # -1 # ID=13_11;partial=00;start_type=ATG;rbs_motif=AGGAG;rbs_spacer=5-10bp;gc_cont=0.386
GCA_001336215.1_6649_8_20_genomic	CFCR01000028.1_30	-	lolD.aln	-	8e-10	35.5	0.2	9.8e-10	35.2	0.2	1.1	1	0	0	1	1	1	1	# 26367 # 26657 # 1 # ID=28_30;partial=00;start_type=ATG;rbs_motif=None;rbs_spacer=None;gc_cont=0.450
GCA_001336215.1_6649_8_20_genomic	CFCR01000010.1_49	-	lolD.aln	-	2.7e-09	33.7	0.0	2.3e-07	27.4	0.1	2.1	2	0	0	2	2	2	1	# 56064 # 56660 # -1 # ID=10_49;partial=00;start_type=ATG;rbs_motif=GGAG/GAGG;rbs_spacer=5-10bp;gc_cont=0.295
GCA_001336215.1_6649_8_20_genomic	CFCR01000002.1_26	-	lolD.aln	-	2.8e-09	33.7	0.0	3.2e-09	33.5	0.0	1.1	1	0	0	1	1	1	1	# 23479 # 23820 # -1 # ID=2_26;partial=00;start_type=ATG;rbs_motif=AGGAG/GGAGG;rbs_spacer=11-12bp;gc_cont=0.386
GCA_001336215.1_6649_8_20_genomic	CFCR01000031.1_13	-	lolD.aln	-	0.003	14.0	0.0	0.0044	13.4	0.0	1.2	1	0	0	1	1	1	1	# 10091 # 10615 # 1 # ID=31_13;partial=00;start_type=ATG;rbs_motif=GGA/GAG/AGG;rbs_spacer=5-10bp;gc_cont=0.389
GCA_001336215.1_6649_8_20_genomic	CFCR01000011.1_50	-	lolD.aln	-	0.0053	13.1	0.1	0.0053	13.1	0.1	1.2	1	0	0	1	1	1	1	# 45206 # 45400 # 1 # ID=11_50;partial=00;start_type=ATG;rbs_motif=None;rbs_spacer=None;gc_cont=0.313
GCA_001464585.1_Gammaproteobacteria_bacterium_Ga0077554_genomic	LNFF01000032.1_222	-	lolD.aln	-	3.9e-109	360.7	0.5	4.4e-109	360.5	0.5	1.0	1	0	0	1	1	1	1	# 224552 # 225232 # 1 # ID=32_222;partial=00;start_type=ATG;rbs_motif=GGAG/GAGG;rbs_spacer=5-10bp;gc_cont=0.574
GCA_001464585.1_Gammaproteobacteria_bacterium_Ga0077554_genomic	LNFF01000019.1_7	-	lolD.aln	-	1e-82	274.3	3.6	5.2e-43	144.4	0.4	2.3	2	1	0	2	2	2	2	# 8163 # 9800 # -1 # ID=19_7;partial=00;start_type=ATG;rbs_motif=None;rbs_spacer=None;gc_cont=0.519
GCA_001464585.1_Gammaproteobacteria_bacterium_Ga0077554_genomic	LNFF01000031.1_61	-	lolD.aln	-	1.5e-74	247.6	0.1	1.7e-74	247.4	0.1	1.0	1	0	0	1	1	1	1	# 55102 # 55869 # 1 # ID=31_61;partial=00;start_type=ATG;rbs_motif=AGGA/GGAG/GAGG;rbs_spacer=11-12bp;gc_cont=0.576
GCA_001464585.1_Gammaproteobacteria_bacterium_Ga0077554_genomic	LNFF01000026.1_22	-	lolD.aln	-	4.3e-73	242.8	0.1	5.3e-73	242.5	0.1	1.0	1	0	0	1	1	1	1	# 19959 # 20657 # 1 # ID=26_22;partial=00;start_type=ATG;rbs_motif=None;rbs_spacer=None;gc_cont=0.531
GCA_001464585.1_Gammaproteobacteria_bacterium_Ga0077554_genomic	LNFF01000041.1_19	-	lolD.aln	-	2.4e-57	191.3	0.6	2.7e-57	191.2	0.6	1.0	1	0	0	1	1	1	1	# 26296 # 26988 # 1 # ID=41_19;partial=00;start_type=ATG;rbs_motif=GGA/GAG/AGG;rbs_spacer=5-10bp;gc_cont=0.590
GCA_001464585.1_Gammaproteobacteria_bacterium_Ga0077554_genomic	LNFF01000008.1_138	-	lolD.aln	-	2.7e-43	145.3	1.7	8.2e-43	143.8	0.5	2.2	2	1	0	2	2	2	1	# 128733 # 129524 # 1 # ID=8_138;partial=00;start_type=ATG;rbs_motif=GGAG/GAGG;rbs_spacer=5-10bp;gc_cont=0.482
GCA_001464585.1_Gammaproteobacteria_bacterium_Ga0077554_genomic	LNFF01000022.1_124	-	lolD.aln	-	1e-42	143.5	4.0	2.6e-25	86.5	0.3	4.1	3	1	0	3	3	3	3	# 128854 # 130776 # 1 # ID=22_124;partial=00;start_type=ATG;rbs_motif=GGA/GAG/AGG;rbs_spacer=5-10bp;gc_cont=0.566
GCA_001464585.1_Gammaproteobacteria_bacterium_Ga0077554_genomic	LNFF01000006.1_119	-	lolD.aln	-	4e-42	141.5	3.8	2.6e-26	89.8	0.2	3.1	3	0	0	3	3	3	3	# 134254 # 135771 # 1 # ID=6_119;partial=00;start_type=ATG;rbs_motif=None;rbs_spacer=None;gc_cont=0.501
GCA_001464585.1_Gammaproteobacteria_bacterium_Ga0077554_genomic	LNFF01000018.1_47	-	lolD.aln	-	2.3e-41	139.0	1.0	2.6e-40	135.6	1.0	2.1	1	1	0	1	1	1	1	# 42074 # 42937 # 1 # ID=18_47;partial=00;start_type=ATG;rbs_motif=None;rbs_spacer=None;gc_cont=0.509
GCA_001464585.1_Gammaproteobacteria_bacterium_Ga0077554_genomic	LNFF01000008.1_111	-	lolD.aln	-	6.8e-41	137.5	0.3	5.3e-40	134.6	0.3	1.9	1	1	0	1	1	1	1	# 102544 # 103323 # 1 # ID=8_111;partial=00;start_type=ATG;rbs_motif=AGGAG;rbs_spacer=5-10bp;gc_cont=0.596
GCA_001464585.1_Gammaproteobacteria_bacterium_Ga0077554_genomic	LNFF01000022.1_99	-	lolD.aln	-	2.3e-40	135.8	0.1	2.9e-40	135.4	0.1	1.1	1	0	0	1	1	1	1	# 101175 # 101996 # -1 # ID=22_99;partial=00;start_type=ATG;rbs_motif=AGGA;rbs_spacer=5-10bp;gc_cont=0.555
GCA_001464585.1_Gammaproteobacteria_bacterium_Ga0077554_genomic	LNFF01000036.1_18	-	lolD.aln	-	2.8e-38	128.9	0.1	1.6e-10	38.1	0.0	4.2	4	0	0	4	4	4	4	# 18545 # 20212 # 1 # ID=36_18;partial=00;start_type=ATG;rbs_motif=3Base/5BMM;rbs_spacer=13-15bp;gc_cont=0.582
GCA_001464585.1_Gammaproteobacteria_bacterium_Ga0077554_genomic	LNFF01000039.1_7	-	lolD.aln	-	2.8e-37	125.7	0.2	2.7e-10	37.4	0.0	4.2	4	0	0	4	4	4	4	# 7346 # 8974 # 1 # ID=39_7;partial=00;start_type=GTG;rbs_motif=GGA/GAG/AGG;rbs_spacer=5-10bp;gc_cont=0.527
GCA_001464585.1_Gammaproteobacteria_bacterium_Ga0077554_genomic	LNFF01000032.1_37	-	lolD.aln	-	4.9e-37	124.9	0.0	6e-37	124.6	0.0	1.1	1	0	0	1	1	1	1	# 32773 # 33831 # 1 # ID=32_37;partial=00;start_type=ATG;rbs_motif=3Base/5BMM;rbs_spacer=13-15bp;gc_cont=0.533
GCA_001464585.1_Gammaproteobacteria_bacterium_Ga0077554_genomic	LNFF01000040.1_24	-	lolD.aln	-	6.4e-35	118.0	0.0	1e-34	117.3	0.0	1.3	1	0	0	1	1	1	1	# 25974 # 27794 # 1 # ID=40_24;partial=00;start_type=GTG;rbs_motif=AGxAG;rbs_spacer=11-12bp;gc_cont=0.614
GCA_001464585.1_Gammaproteobacteria_bacterium_Ga0077554_genomic	LNFF01000032.1_43	-	lolD.aln	-	6.4e-34	114.7	3.3	1e-15	55.1	2.5	3.9	2	2	0	2	2	2	2	# 37495 # 39375 # -1 # ID=32_43;partial=00;start_type=ATG;rbs_motif=None;rbs_spacer=None;gc_cont=0.545
GCA_001464585.1_Gammaproteobacteria_bacterium_Ga0077554_genomic	LNFF01000019.1_53	-	lolD.aln	-	8.6e-33	111.0	0.2	1.4e-32	110.4	0.2	1.2	1	0	0	1	1	1	1	# 65132 # 65905 # -1 # ID=19_53;partial=00;start_type=ATG;rbs_motif=None;rbs_spacer=None;gc_cont=0.512
GCA_001464585.1_Gammaproteobacteria_bacterium_Ga0077554_genomic	LNFF01000040.1_157	-	lolD.aln	-	2e-32	109.8	0.0	2.7e-32	109.4	0.0	1.1	1	0	0	1	1	1	1	# 160505 # 161434 # -1 # ID=40_157;partial=00;start_type=ATG;rbs_motif=None;rbs_spacer=None;gc_cont=0.618
GCA_001464585.1_Gammaproteobacteria_bacterium_Ga0077554_genomic	LNFF01000008.1_29	-	lolD.aln	-	4.1e-31	105.5	0.0	5.4e-31	105.1	0.0	1.1	1	0	0	1	1	1	1	# 20386 # 21177 # 1 # ID=8_29;partial=00;start_type=ATG;rbs_motif=AGGAG;rbs_spacer=5-10bp;gc_cont=0.479
GCA_001464585.1_Gammaproteobacteria_bacterium_Ga0077554_genomic	LNFF01000022.1_73	-	lolD.aln	-	2.6e-30	102.9	0.0	3.8e-30	102.3	0.0	1.1	1	0	0	1	1	1	1	# 78310 # 79389 # -1 # ID=22_73;partial=00;start_type=ATG;rbs_motif=GGA/GAG/AGG;rbs_spacer=5-10bp;gc_cont=0.543
GCA_001464585.1_Gammaproteobacteria_bacterium_Ga0077554_genomic	LNFF01000008.1_116	-	lolD.aln	-	5.2e-30	101.9	0.1	6.2e-30	101.7	0.1	1.0	1	0	0	1	1	1	1	# 106142 # 106867 # 1 # ID=8_116;partial=00;start_type=GTG;rbs_motif=GGA/GAG/AGG;rbs_spacer=5-10bp;gc_cont=0.526
GCA_001464585.1_Gammaproteobacteria_bacterium_Ga0077554_genomic	LNFF01000008.1_89	-	lolD.aln	-	5.7e-30	101.8	7.3	5.1e-29	98.7	7.3	1.9	1	1	0	1	1	1	1	# 79193 # 79996 # -1 # ID=8_89;partial=00;start_type=ATG;rbs_motif=GGA/GAG/AGG;rbs_spacer=5-10bp;gc_cont=0.536
GCA_001464585.1_Gammaproteobacteria_bacterium_Ga0077554_genomic	LNFF01000026.1_55	-	lolD.aln	-	5.9e-30	101.7	0.1	3.8e-29	99.1	0.1	2.0	1	1	0	1	1	1	1	# 55084 # 56010 # -1 # ID=26_55;partial=00;start_type=ATG;rbs_motif=None;rbs_spacer=None;gc_cont=0.548
GCA_001464585.1_Gammaproteobacteria_bacterium_Ga0077554_genomic	LNFF01000031.1_132	-	lolD.aln	-	1.8e-29	100.2	0.1	2.5e-29	99.7	0.1	1.2	1	0	0	1	1	1	1	# 139882 # 141168 # 1 # ID=31_132;partial=00;start_type=ATG;rbs_motif=None;rbs_spacer=None;gc_cont=0.549
GCA_001464585.1_Gammaproteobacteria_bacterium_Ga0077554_genomic	LNFF01000018.1_27	-	lolD.aln	-	3.7e-29	99.1	0.1	4.8e-29	98.7	0.1	1.1	1	0	0	1	1	1	1	# 23329 # 24018 # 1 # ID=18_27;partial=00;start_type=ATG;rbs_motif=AGxAGG/AGGxGG;rbs_spacer=5-10bp;gc_cont=0.488
GCA_001464585.1_Gammaproteobacteria_bacterium_Ga0077554_genomic	LNFF01000008.1_99	-	lolD.aln	-	5e-29	98.7	0.6	8.1e-29	98.0	0.6	1.2	1	0	0	1	1	1	1	# 87122 # 88948 # 1 # ID=8_99;partial=00;start_type=ATG;rbs_motif=GGA/GAG/AGG;rbs_spacer=11-12bp;gc_cont=0.511
GCA_001464585.1_Gammaproteobacteria_bacterium_Ga0077554_genomic	LNFF01000031.1_42	-	lolD.aln	-	6.1e-29	98.4	0.1	1.6e-28	97.0	0.1	1.7	1	1	0	1	1	1	1	# 37499 # 39325 # 1 # ID=31_42;partial=00;start_type=ATG;rbs_motif=None;rbs_spacer=None;gc_cont=0.507
GCA_001464585.1_Gammaproteobacteria_bacterium_Ga0077554_genomic	LNFF01000007.1_14	-	lolD.aln	-	6.5e-29	98.3	0.0	4e-28	95.7	0.0	1.9	1	1	0	1	1	1	1	# 14668 # 15453 # -1 # ID=7_14;partial=00;start_type=ATG;rbs_motif=GGAG/GAGG;rbs_spacer=5-10bp;gc_cont=0.520
GCA_001464585.1_Gammaproteobacteria_bacterium_Ga0077554_genomic	LNFF01000040.1_18	-	lolD.aln	-	5e-28	95.4	0.0	8.4e-28	94.7	0.0	1.3	1	0	0	1	1	1	1	# 17774 # 18772 # -1 # ID=40_18;partial=00;start_type=ATG;rbs_motif=None;rbs_spacer=None;gc_cont=0.572
GCA_001464585.1_Gammaproteobacteria_bacterium_Ga0077554_genomic	LNFF01000008.1_88	-	lolD.aln	-	7.2e-26	88.4	0.2	9.4e-26	88.0	0.2	1.1	1	0	0	1	1	1	1	# 78378 # 79133 # -1 # ID=8_88;partial=00;start_type=GTG;rbs_motif=AGGA/GGAG/GAGG;rbs_spacer=11-12bp;gc_cont=0.567
GCA_001464585.1_Gammaproteobacteria_bacterium_Ga0077554_genomic	LNFF01000040.1_37	-	lolD.aln	-	9.3e-26	88.0	0.0	1.2e-25	87.6	0.0	1.1	1	0	0	1	1	1	1	# 40633 # 41334 # -1 # ID=40_37;partial=00;start_type=ATG;rbs_motif=None;rbs_spacer=None;gc_cont=0.504
GCA_001464585.1_Gammaproteobacteria_bacterium_Ga0077554_genomic	LNFF01000040.1_36	-	lolD.aln	-	1.2e-25	87.7	0.3	4.7e-16	56.2	0.1	2.5	2	0	0	2	2	2	2	# 38742 # 40457 # -1 # ID=40_36;partial=00;start_type=ATG;rbs_motif=AGGAG;rbs_spacer=5-10bp;gc_cont=0.618
GCA_001464585.1_Gammaproteobacteria_bacterium_Ga0077554_genomic	LNFF01000040.1_77	-	lolD.aln	-	1.9e-25	87.0	2.4	2e-09	34.6	0.0	4.2	4	0	0	4	4	4	4	# 79175 # 82042 # -1 # ID=40_77;partial=00;start_type=ATG;rbs_motif=AGGA;rbs_spacer=5-10bp;gc_cont=0.563
GCA_001464585.1_Gammaproteobacteria_bacterium_Ga0077554_genomic	LNFF01000018.1_26	-	lolD.aln	-	2.6e-22	76.7	0.5	3.8e-22	76.2	0.5	1.3	1	1	0	1	1	1	1	# 22563 # 23312 # 1 # ID=18_26;partial=00;start_type=ATG;rbs_motif=GGA/GAG/AGG;rbs_spacer=5-10bp;gc_cont=0.455
GCA_001464585.1_Gammaproteobacteria_bacterium_Ga0077554_genomic	LNFF01000040.1_38	-	lolD.aln	-	8.2e-22	75.1	0.3	1.1e-21	74.6	0.3	1.2	1	0	0	1	1	1	1	# 41334 # 42143 # -1 # ID=40_38;partial=00;start_type=ATG;rbs_motif=None;rbs_spacer=None;gc_cont=0.477
GCA_001464585.1_Gammaproteobacteria_bacterium_Ga0077554_genomic	LNFF01000006.1_248	-	lolD.aln	-	2.8e-21	73.3	0.8	5.8e-11	39.6	0.0	2.3	2	0	0	2	2	2	2	# 258832 # 260562 # -1 # ID=6_248;partial=00;start_type=ATG;rbs_motif=None;rbs_spacer=None;gc_cont=0.652
GCA_001464585.1_Gammaproteobacteria_bacterium_Ga0077554_genomic	LNFF01000027.1_17	-	lolD.aln	-	3e-20	70.0	0.1	4.3e-20	69.5	0.1	1.1	1	0	0	1	1	1	1	# 15997 # 16644 # 1 # ID=27_17;partial=00;start_type=GTG;rbs_motif=GGA/GAG/AGG;rbs_spacer=11-12bp;gc_cont=0.571
GCA_001464585.1_Gammaproteobacteria_bacterium_Ga0077554_genomic	LNFF01000025.1_123	-	lolD.aln	-	4.3e-19	66.2	0.0	4.5e-11	40.0	0.0	2.2	2	0	0	2	2	2	2	# 128272 # 129585 # -1 # ID=25_123;partial=00;start_type=ATG;rbs_motif=GGA/GAG/AGG;rbs_spacer=5-10bp;gc_cont=0.525
GCA_001464585.1_Gammaproteobacteria_bacterium_Ga0077554_genomic	LNFF01000021.1_38	-	lolD.aln	-	2e-17	60.7	0.1	9.1e-11	39.0	0.0	2.1	2	0	0	2	2	2	2	# 42256 # 43020 # 1 # ID=21_38;partial=00;start_type=GTG;rbs_motif=AGGA;rbs_spacer=5-10bp;gc_cont=0.542
GCA_001464585.1_Gammaproteobacteria_bacterium_Ga0077554_genomic	LNFF01000039.1_16	-	lolD.aln	-	2.1e-05	21.4	0.1	0.058	10.2	0.0	2.4	2	0	0	2	2	2	2	# 15982 # 17988 # 1 # ID=39_16;partial=00;start_type=ATG;rbs_motif=None;rbs_spacer=None;gc_cont=0.481
GCA_001464585.1_Gammaproteobacteria_bacterium_Ga0077554_genomic	LNFF01000008.1_17	-	lolD.aln	-	0.00088	16.1	0.0	0.0015	15.4	0.0	1.3	1	0	0	1	1	1	1	# 11882 # 13114 # 1 # ID=8_17;partial=00;start_type=ATG;rbs_motif=GGA/GAG/AGG;rbs_spacer=5-10bp;gc_cont=0.517
GCA_001464585.1_Gammaproteobacteria_bacterium_Ga0077554_genomic	LNFF01000006.1_65	-	lolD.aln	-	0.0011	15.9	0.0	0.0023	14.8	0.0	1.6	1	0	0	1	1	1	1	# 70094 # 71254 # 1 # ID=6_65;partial=00;start_type=ATG;rbs_motif=AGGAG;rbs_spacer=5-10bp;gc_cont=0.489
GCA_001576205.1_ASM157620v1_genomic	LOPD01000038.1_37	-	lolD.aln	-	1.9e-116	385.5	0.3	2.2e-116	385.4	0.3	1.0	1	0	0	1	1	1	1	# 27268 # 27969 # -1 # ID=38_37;partial=00;start_type=ATG;rbs_motif=GGAG/GAGG;rbs_spacer=5-10bp;gc_cont=0.550
GCA_001576205.1_ASM157620v1_genomic	LOPD01000004.1_246	-	lolD.aln	-	3.2e-81	270.3	0.6	3.6e-81	270.2	0.6	1.0	1	0	0	1	1	1	1	# 267464 # 268150 # 1 # ID=4_246;partial=00;start_type=ATG;rbs_motif=AGGA;rbs_spacer=5-10bp;gc_cont=0.566
GCA_001576205.1_ASM157620v1_genomic	LOPD01000020.1_216	-	lolD.aln	-	4.6e-80	266.6	10.0	4.6e-41	139.0	1.7	2.1	2	0	0	2	2	2	2	# 239601 # 241190 # -1 # ID=20_216;partial=00;start_type=ATG;rbs_motif=AGxAGG/AGGxGG;rbs_spacer=5-10bp;gc_cont=0.513
GCA_001576205.1_ASM157620v1_genomic	LOPD01000009.1_234	-	lolD.aln	-	5.8e-77	256.4	3.4	2.3e-37	126.9	4.3	2.1	2	0	0	2	2	2	2	# 255928 # 257799 # 1 # ID=9_234;partial=00;start_type=TTG;rbs_motif=GGA/GAG/AGG;rbs_spacer=5-10bp;gc_cont=0.540
GCA_001576205.1_ASM157620v1_genomic	LOPD01000009.1_284	-	lolD.aln	-	4e-72	240.6	0.2	5.5e-72	240.1	0.2	1.2	1	0	0	1	1	1	1	# 308734 # 310680 # 1 # ID=9_284;partial=00;start_type=ATG;rbs_motif=AGGAG;rbs_spacer=5-10bp;gc_cont=0.540
GCA_001576205.1_ASM157620v1_genomic	LOPD01000002.1_122	-	lolD.aln	-	8.8e-62	206.8	0.0	9.6e-62	206.6	0.0	1.0	1	0	0	1	1	1	1	# 130285 # 130953 # -1 # ID=2_122;partial=00;start_type=ATG;rbs_motif=GGAG/GAGG;rbs_spacer=5-10bp;gc_cont=0.565
GCA_001576205.1_ASM157620v1_genomic	LOPD01000007.1_2	-	lolD.aln	-	8.7e-61	203.5	0.2	1.1e-60	203.1	0.2	1.1	1	0	0	1	1	1	1	# 914 # 1945 # 1 # ID=7_2;partial=00;start_type=ATG;rbs_motif=None;rbs_spacer=None;gc_cont=0.529
GCA_001576205.1_ASM157620v1_genomic	LOPD01000009.1_214	-	lolD.aln	-	7.2e-59	197.2	0.2	8e-59	197.1	0.2	1.0	1	0	0	1	1	1	1	# 234149 # 234871 # -1 # ID=9_214;partial=00;start_type=GTG;rbs_motif=AGGA;rbs_spacer=5-10bp;gc_cont=0.539
GCA_001576205.1_ASM157620v1_genomic	LOPD01000010.1_63	-	lolD.aln	-	1.6e-54	183.0	0.2	7.3e-33	112.2	0.4	2.8	2	1	0	2	2	2	2	# 62852 # 64384 # 1 # ID=10_63;partial=00;start_type=ATG;rbs_motif=GGAG/GAGG;rbs_spacer=5-10bp;gc_cont=0.479
GCA_001576205.1_ASM157620v1_genomic	LOPD01000017.1_113	-	lolD.aln	-	5.6e-54	181.2	0.2	6.5e-54	181.0	0.2	1.0	1	0	0	1	1	1	1	# 94862 # 95614 # -1 # ID=17_113;partial=00;start_type=ATG;rbs_motif=AGGAG/GGAGG;rbs_spacer=11-12bp;gc_cont=0.539
GCA_001576205.1_ASM157620v1_genomic	LOPD01000068.1_33	-	lolD.aln	-	1.2e-53	180.1	0.0	4.5e-28	96.5	0.0	2.2	2	0	0	2	2	2	2	# 35686 # 38421 # 1 # ID=68_33;partial=00;start_type=ATG;rbs_motif=GGAG/GAGG;rbs_spacer=5-10bp;gc_cont=0.568
GCA_001576205.1_ASM157620v1_genomic	LOPD01000027.1_88	-	lolD.aln	-	4.1e-52	175.1	0.0	1.1e-32	111.6	0.1	2.3	2	1	0	2	2	2	2	# 93203 # 94705 # -1 # ID=27_88;partial=00;start_type=ATG;rbs_motif=GGxGG;rbs_spacer=5-10bp;gc_cont=0.552
GCA_001576205.1_ASM157620v1_genomic	LOPD01000005.1_160	-	lolD.aln	-	4.2e-51	171.8	0.5	7.2e-51	171.0	0.4	1.4	2	0	0	2	2	1	1	# 178663 # 179760 # 1 # ID=5_160;partial=00;start_type=ATG;rbs_motif=AGGAG;rbs_spacer=5-10bp;gc_cont=0.587
GCA_001576205.1_ASM157620v1_genomic	LOPD01000009.1_72	-	lolD.aln	-	1.1e-50	170.4	0.3	1.2e-50	170.3	0.3	1.0	1	0	0	1	1	1	1	# 75199 # 75924 # -1 # ID=9_72;partial=00;start_type=ATG;rbs_motif=AGGA;rbs_spacer=5-10bp;gc_cont=0.523
GCA_001576205.1_ASM157620v1_genomic	LOPD01000020.1_70	-	lolD.aln	-	2.2e-50	169.5	1.4	2.6e-50	169.2	1.4	1.1	1	0	0	1	1	1	1	# 79569 # 80342 # 1 # ID=20_70;partial=00;start_type=ATG;rbs_motif=GGA/GAG/AGG;rbs_spacer=5-10bp;gc_cont=0.519
GCA_001576205.1_ASM157620v1_genomic	LOPD01000005.1_41	-	lolD.aln	-	2.6e-50	169.2	1.5	4.8e-28	96.4	0.1	3.0	2	1	0	2	2	2	2	# 47907 # 49418 # 1 # ID=5_41;partial=00;start_type=ATG;rbs_motif=GGAG/GAGG;rbs_spacer=5-10bp;gc_cont=0.560
GCA_001576205.1_ASM157620v1_genomic	LOPD01000009.1_199	-	lolD.aln	-	9.3e-50	167.4	0.0	8.9e-26	89.0	0.0	2.1	2	0	0	2	2	2	2	# 215650 # 217386 # -1 # ID=9_199;partial=00;start_type=ATG;rbs_motif=GGAG/GAGG;rbs_spacer=5-10bp;gc_cont=0.556
GCA_001576205.1_ASM157620v1_genomic	LOPD01000006.1_7	-	lolD.aln	-	5.9e-49	164.8	0.7	4.1e-26	90.1	0.0	2.9	2	1	0	2	2	2	2	# 6179 # 7684 # -1 # ID=6_7;partial=00;start_type=ATG;rbs_motif=GGAG/GAGG;rbs_spacer=5-10bp;gc_cont=0.512
GCA_001576205.1_ASM157620v1_genomic	LOPD01000072.1_10	-	lolD.aln	-	4.3e-48	162.0	0.9	2.2e-28	97.5	0.3	3.0	3	0	0	3	3	3	3	# 10146 # 11687 # 1 # ID=72_10;partial=00;start_type=ATG;rbs_motif=GGAG/GAGG;rbs_spacer=5-10bp;gc_cont=0.471
GCA_001576205.1_ASM157620v1_genomic	LOPD01000023.1_247	-	lolD.aln	-	7.3e-48	161.2	0.0	9.1e-48	160.9	0.0	1.0	1	0	0	1	1	1	1	# 258407 # 259165 # 1 # ID=23_247;partial=00;start_type=ATG;rbs_motif=GGAG/GAGG;rbs_spacer=5-10bp;gc_cont=0.470
GCA_001576205.1_ASM157620v1_genomic	LOPD01000018.1_239	-	lolD.aln	-	6.9e-47	158.0	0.2	1.1e-46	157.4	0.2	1.3	1	0	0	1	1	1	1	# 229008 # 230144 # 1 # ID=18_239;partial=00;start_type=ATG;rbs_motif=None;rbs_spacer=None;gc_cont=0.508
GCA_001576205.1_ASM157620v1_genomic	LOPD01000016.1_17	-	lolD.aln	-	1e-45	154.2	0.0	1.7e-45	153.5	0.0	1.3	1	0	0	1	1	1	1	# 16531 # 17544 # -1 # ID=16_17;partial=00;start_type=ATG;rbs_motif=None;rbs_spacer=None;gc_cont=0.542
GCA_001576205.1_ASM157620v1_genomic	LOPD01000003.1_86	-	lolD.aln	-	1.1e-45	154.2	1.0	1.6e-45	153.6	1.0	1.2	1	0	0	1	1	1	1	# 71601 # 72803 # 1 # ID=3_86;partial=00;start_type=ATG;rbs_motif=4Base/6BMM;rbs_spacer=13-15bp;gc_cont=0.490
GCA_001576205.1_ASM157620v1_genomic	LOPD01000020.1_248	-	lolD.aln	-	1.6e-45	153.6	0.1	2.1e-23	81.2	0.0	3.0	2	1	0	2	2	2	2	# 278201 # 279721 # 1 # ID=20_248;partial=00;start_type=ATG;rbs_motif=GGA/GAG/AGG;rbs_spacer=5-10bp;gc_cont=0.454
GCA_001576205.1_ASM157620v1_genomic	LOPD01000009.1_269	-	lolD.aln	-	3.5e-45	152.5	0.0	4.4e-45	152.1	0.0	1.0	1	0	0	1	1	1	1	# 291393 # 292121 # -1 # ID=9_269;partial=00;start_type=ATG;rbs_motif=GGA/GAG/AGG;rbs_spacer=5-10bp;gc_cont=0.527
GCA_001576205.1_ASM157620v1_genomic	LOPD01000013.1_39	-	lolD.aln	-	9.2e-45	151.1	3.5	2.5e-23	80.9	0.1	2.6	2	1	0	2	2	2	2	# 42373 # 43908 # 1 # ID=13_39;partial=00;start_type=ATG;rbs_motif=GGxGG;rbs_spacer=3-4bp;gc_cont=0.534
GCA_001576205.1_ASM157620v1_genomic	LOPD01000002.1_139	-	lolD.aln	-	1.1e-44	150.9	0.9	1.3e-44	150.6	0.9	1.1	1	0	0	1	1	1	1	# 145982 # 146788 # 1 # ID=2_139;partial=00;start_type=ATG;rbs_motif=GGAG/GAGG;rbs_spacer=5-10bp;gc_cont=0.563
GCA_001576205.1_ASM157620v1_genomic	LOPD01000009.1_260	-	lolD.aln	-	3.8e-44	149.1	0.2	5.5e-44	148.5	0.2	1.2	1	0	0	1	1	1	1	# 283399 # 284511 # 1 # ID=9_260;partial=00;start_type=GTG;rbs_motif=GGAG/GAGG;rbs_spacer=5-10bp;gc_cont=0.551
GCA_001576205.1_ASM157620v1_genomic	LOPD01000010.1_45	-	lolD.aln	-	5.3e-44	148.6	0.9	7.9e-44	148.0	0.9	1.2	1	0	0	1	1	1	1	# 48667 # 49455 # 1 # ID=10_45;partial=00;start_type=ATG;rbs_motif=GGAGG;rbs_spacer=5-10bp;gc_cont=0.586
GCA_001576205.1_ASM157620v1_genomic	LOPD01000017.1_99	-	lolD.aln	-	5.9e-44	148.4	0.1	4.4e-28	96.5	0.0	3.1	3	0	0	3	3	3	3	# 81370 # 82884 # -1 # ID=17_99;partial=00;start_type=ATG;rbs_motif=GGAG/GAGG;rbs_spacer=5-10bp;gc_cont=0.522
GCA_001576205.1_ASM157620v1_genomic	LOPD01000009.1_338	-	lolD.aln	-	8.2e-44	148.0	0.2	2.6e-43	146.3	0.2	1.7	1	1	0	1	1	1	1	# 381665 # 382432 # -1 # ID=9_338;partial=00;start_type=ATG;rbs_motif=AGGAG;rbs_spacer=5-10bp;gc_cont=0.555
GCA_001576205.1_ASM157620v1_genomic	LOPD01000002.1_109	-	lolD.aln	-	1.2e-43	147.4	0.1	1.7e-43	147.0	0.1	1.1	1	0	0	1	1	1	1	# 116316 # 117386 # -1 # ID=2_109;partial=00;start_type=ATG;rbs_motif=GGA/GAG/AGG;rbs_spacer=5-10bp;gc_cont=0.578
GCA_001576205.1_ASM157620v1_genomic	LOPD01000064.1_17	-	lolD.aln	-	3.3e-43	146.0	0.1	4.3e-43	145.6	0.1	1.1	1	0	0	1	1	1	1	# 17617 # 18621 # 1 # ID=64_17;partial=00;start_type=ATG;rbs_motif=GGAGG;rbs_spacer=5-10bp;gc_cont=0.561
GCA_001576205.1_ASM157620v1_genomic	LOPD01000010.1_53	-	lolD.aln	-	5.5e-43	145.3	0.0	6.4e-43	145.1	0.0	1.0	1	0	0	1	1	1	1	# 55068 # 55826 # 1 # ID=10_53;partial=00;start_type=ATG;rbs_motif=GGAG/GAGG;rbs_spacer=5-10bp;gc_cont=0.614
GCA_001576205.1_ASM157620v1_genomic	LOPD01000018.1_61	-	lolD.aln	-	1.2e-42	144.1	0.6	1.6e-42	143.7	0.6	1.2	1	0	0	1	1	1	1	# 49399 # 50481 # -1 # ID=18_61;partial=00;start_type=ATG;rbs_motif=AGGA;rbs_spacer=5-10bp;gc_cont=0.490
GCA_001576205.1_ASM157620v1_genomic	LOPD01000018.1_137	-	lolD.aln	-	1.5e-42	143.9	0.5	1.8e-42	143.6	0.5	1.0	1	0	0	1	1	1	1	# 125532 # 126545 # -1 # ID=18_137;partial=00;start_type=ATG;rbs_motif=AGGAG;rbs_spacer=5-10bp;gc_cont=0.521
GCA_001576205.1_ASM157620v1_genomic	LOPD01000010.1_120	-	lolD.aln	-	6.1e-42	141.8	0.3	8.9e-42	141.3	0.3	1.2	1	0	0	1	1	1	1	# 125365 # 126480 # -1 # ID=10_120;partial=00;start_type=ATG;rbs_motif=GGAG/GAGG;rbs_spacer=5-10bp;gc_cont=0.550
GCA_001576205.1_ASM157620v1_genomic	LOPD01000009.1_225	-	lolD.aln	-	7.4e-42	141.6	1.3	2e-11	42.0	0.0	4.3	3	2	1	4	4	4	4	# 244371 # 245963 # 1 # ID=9_225;partial=00;start_type=GTG;rbs_motif=AGGA;rbs_spacer=5-10bp;gc_cont=0.528
GCA_001576205.1_ASM157620v1_genomic	LOPD01000007.1_208	-	lolD.aln	-	1.1e-41	141.0	0.1	2.6e-12	45.0	0.0	4.2	4	0	0	4	4	4	4	# 239116 # 240783 # 1 # ID=7_208;partial=00;start_type=GTG;rbs_motif=AGGA/GGAG/GAGG;rbs_spacer=11-12bp;gc_cont=0.553
GCA_001576205.1_ASM157620v1_genomic	LOPD01000010.1_54	-	lolD.aln	-	6.8e-41	138.4	0.0	7.9e-41	138.2	0.0	1.0	1	0	0	1	1	1	1	# 55937 # 56617 # 1 # ID=10_54;partial=00;start_type=ATG;rbs_motif=GGAG/GAGG;rbs_spacer=5-10bp;gc_cont=0.602
GCA_001576205.1_ASM157620v1_genomic	LOPD01000009.1_354	-	lolD.aln	-	4.4e-40	135.8	0.4	4e-12	44.3	0.0	4.2	3	1	0	4	4	4	4	# 398352 # 400259 # 1 # ID=9_354;partial=00;start_type=ATG;rbs_motif=AGGA;rbs_spacer=5-10bp;gc_cont=0.524
GCA_001576205.1_ASM157620v1_genomic	LOPD01000064.1_16	-	lolD.aln	-	6.9e-40	135.1	0.3	8.3e-40	134.9	0.3	1.1	1	0	0	1	1	1	1	# 16637 # 17620 # 1 # ID=64_16;partial=00;start_type=ATG;rbs_motif=GGAG/GAGG;rbs_spacer=5-10bp;gc_cont=0.567
GCA_001576205.1_ASM157620v1_genomic	LOPD01000004.1_122	-	lolD.aln	-	4.5e-39	132.5	0.1	1.1e-38	131.2	0.1	1.5	1	1	0	1	1	1	1	# 135198 # 135965 # 1 # ID=4_122;partial=00;start_type=ATG;rbs_motif=AGGAG;rbs_spacer=5-10bp;gc_cont=0.560
GCA_001576205.1_ASM157620v1_genomic	LOPD01000002.1_15	-	lolD.aln	-	8.6e-38	128.3	0.4	2.7e-16	57.9	0.0	4.0	2	2	1	3	3	3	3	# 10271 # 12184 # 1 # ID=2_15;partial=00;start_type=ATG;rbs_motif=None;rbs_spacer=None;gc_cont=0.553
GCA_001576205.1_ASM157620v1_genomic	LOPD01000018.1_136	-	lolD.aln	-	1.7e-37	127.3	0.0	2.2e-37	127.0	0.0	1.1	1	0	0	1	1	1	1	# 124531 # 125535 # -1 # ID=18_136;partial=00;start_type=ATG;rbs_motif=GGAGG;rbs_spacer=5-10bp;gc_cont=0.516
GCA_001576205.1_ASM157620v1_genomic	LOPD01000023.1_173	-	lolD.aln	-	2.2e-37	127.0	0.0	2.8e-37	126.6	0.0	1.0	1	0	0	1	1	1	1	# 176516 # 177325 # -1 # ID=23_173;partial=00;start_type=ATG;rbs_motif=GGA/GAG/AGG;rbs_spacer=5-10bp;gc_cont=0.544
GCA_001576205.1_ASM157620v1_genomic	LOPD01000020.1_267	-	lolD.aln	-	9.9e-36	121.5	0.2	1.3e-35	121.2	0.2	1.1	1	0	0	1	1	1	1	# 300084 # 301010 # 1 # ID=20_267;partial=00;start_type=ATG;rbs_motif=GGA/GAG/AGG;rbs_spacer=5-10bp;gc_cont=0.551
GCA_001576205.1_ASM157620v1_genomic	LOPD01000044.1_11	-	lolD.aln	-	2.3e-35	120.3	1.7	4.9e-33	112.7	1.7	2.1	1	1	0	1	1	1	1	# 12850 # 13776 # 1 # ID=44_11;partial=00;start_type=GTG;rbs_motif=AGGAG;rbs_spacer=5-10bp;gc_cont=0.546
GCA_001576205.1_ASM157620v1_genomic	LOPD01000004.1_241	-	lolD.aln	-	1.1e-34	118.1	0.0	1.3e-34	117.9	0.0	1.1	1	0	0	1	1	1	1	# 263650 # 264327 # 1 # ID=4_241;partial=00;start_type=ATG;rbs_motif=GGA/GAG/AGG;rbs_spacer=5-10bp;gc_cont=0.454
GCA_001576205.1_ASM157620v1_genomic	LOPD01000009.1_290	-	lolD.aln	-	2.6e-34	116.9	0.3	4.3e-34	116.2	0.3	1.3	1	0	0	1	1	1	1	# 315861 # 317582 # -1 # ID=9_290;partial=00;start_type=ATG;rbs_motif=AGGAG;rbs_spacer=5-10bp;gc_cont=0.537
GCA_001576205.1_ASM157620v1_genomic	LOPD01000007.1_133	-	lolD.aln	-	2.8e-34	116.8	0.2	3.8e-34	116.4	0.2	1.1	1	0	0	1	1	1	1	# 150632 # 151330 # 1 # ID=7_133;partial=00;start_type=ATG;rbs_motif=None;rbs_spacer=None;gc_cont=0.571
GCA_001576205.1_ASM157620v1_genomic	LOPD01000044.1_10	-	lolD.aln	-	9.9e-34	115.0	0.2	1.2e-33	114.7	0.2	1.1	1	0	0	1	1	1	1	# 11871 # 12857 # 1 # ID=44_10;partial=00;start_type=ATG;rbs_motif=AGGAG;rbs_spacer=5-10bp;gc_cont=0.541
GCA_001576205.1_ASM157620v1_genomic	LOPD01000009.1_165	-	lolD.aln	-	4.3e-33	112.9	0.0	1.3e-18	65.5	0.0	3.2	3	0	0	3	3	3	3	# 180721 # 182193 # -1 # ID=9_165;partial=00;start_type=ATG;rbs_motif=GGA/GAG/AGG;rbs_spacer=5-10bp;gc_cont=0.527
GCA_001576205.1_ASM157620v1_genomic	LOPD01000018.1_89	-	lolD.aln	-	5.1e-33	112.7	0.1	7.2e-33	112.2	0.1	1.2	1	0	0	1	1	1	1	# 78667 # 79473 # 1 # ID=18_89;partial=00;start_type=ATG;rbs_motif=GGAG/GAGG;rbs_spacer=5-10bp;gc_cont=0.512
GCA_001576205.1_ASM157620v1_genomic	LOPD01000002.1_114	-	lolD.aln	-	8.4e-33	112.0	0.7	8.2e-32	108.7	0.7	1.9	1	1	0	1	1	1	1	# 121645 # 122412 # -1 # ID=2_114;partial=00;start_type=ATG;rbs_motif=AGGAG;rbs_spacer=5-10bp;gc_cont=0.553
GCA_001576205.1_ASM157620v1_genomic	LOPD01000009.1_319	-	lolD.aln	-	1.9e-31	107.5	0.3	3.1e-31	106.8	0.3	1.3	1	0	0	1	1	1	1	# 355009 # 356757 # 1 # ID=9_319;partial=00;start_type=ATG;rbs_motif=None;rbs_spacer=None;gc_cont=0.509
GCA_001576205.1_ASM157620v1_genomic	LOPD01000009.1_170	-	lolD.aln	-	2.5e-31	107.2	0.0	3.8e-31	106.5	0.0	1.2	1	0	0	1	1	1	1	# 184959 # 186017 # 1 # ID=9_170;partial=00;start_type=ATG;rbs_motif=GGxGG;rbs_spacer=5-10bp;gc_cont=0.535
GCA_001576205.1_ASM157620v1_genomic	LOPD01000018.1_88	-	lolD.aln	-	5.6e-31	106.0	0.1	4.7e-30	103.0	0.1	1.9	1	1	0	1	1	1	1	# 77673 # 78665 # 1 # ID=18_88;partial=00;start_type=ATG;rbs_motif=GGxGG;rbs_spacer=5-10bp;gc_cont=0.514
GCA_001576205.1_ASM157620v1_genomic	LOPD01000009.1_7	-	lolD.aln	-	1e-30	105.1	0.0	1.7e-30	104.4	0.0	1.2	1	0	0	1	1	1	1	# 10053 # 10868 # -1 # ID=9_7;partial=00;start_type=ATG;rbs_motif=AGGAG/GGAGG;rbs_spacer=11-12bp;gc_cont=0.538
GCA_001576205.1_ASM157620v1_genomic	LOPD01000027.1_37	-	lolD.aln	-	1.8e-30	104.3	0.2	2.2e-30	104.0	0.2	1.1	1	0	0	1	1	1	1	# 39180 # 39947 # 1 # ID=27_37;partial=00;start_type=ATG;rbs_motif=GGA/GAG/AGG;rbs_spacer=5-10bp;gc_cont=0.540
GCA_001576205.1_ASM157620v1_genomic	LOPD01000002.1_113	-	lolD.aln	-	1.1e-29	101.8	0.1	1.3e-29	101.5	0.1	1.1	1	0	0	1	1	1	1	# 120930 # 121643 # -1 # ID=2_113;partial=00;start_type=ATG;rbs_motif=GGAG/GAGG;rbs_spacer=5-10bp;gc_cont=0.566
GCA_001576205.1_ASM157620v1_genomic	LOPD01000008.1_225	-	lolD.aln	-	1.2e-29	101.6	0.0	1.6e-29	101.2	0.0	1.0	1	0	0	1	1	1	1	# 220397 # 221050 # 1 # ID=8_225;partial=00;start_type=ATG;rbs_motif=AGGA;rbs_spacer=5-10bp;gc_cont=0.511
GCA_001576205.1_ASM157620v1_genomic	LOPD01000007.1_75	-	lolD.aln	-	1.8e-29	101.1	0.0	2.5e-29	100.6	0.0	1.2	1	0	0	1	1	1	1	# 79854 # 80780 # -1 # ID=7_75;partial=00;start_type=ATG;rbs_motif=3Base/5BMM;rbs_spacer=13-15bp;gc_cont=0.495
GCA_001576205.1_ASM157620v1_genomic	LOPD01000006.1_31	-	lolD.aln	-	2.3e-29	100.7	0.0	2.9e-29	100.4	0.0	1.1	1	0	0	1	1	1	1	# 33095 # 33868 # 1 # ID=6_31;partial=00;start_type=ATG;rbs_motif=AGGA;rbs_spacer=5-10bp;gc_cont=0.523
GCA_001576205.1_ASM157620v1_genomic	LOPD01000023.1_179	-	lolD.aln	-	2.4e-29	100.7	0.0	2.8e-29	100.4	0.0	1.1	1	0	0	1	1	1	1	# 181204 # 181929 # 1 # ID=23_179;partial=00;start_type=ATG;rbs_motif=4Base/6BMM;rbs_spacer=13-15bp;gc_cont=0.544
GCA_001576205.1_ASM157620v1_genomic	LOPD01000017.1_60	-	lolD.aln	-	2.9e-29	100.4	3.3	3e-20	70.9	0.2	2.1	2	0	0	2	2	2	2	# 41252 # 42007 # 1 # ID=17_60;partial=00;start_type=ATG;rbs_motif=None;rbs_spacer=None;gc_cont=0.492
GCA_001576205.1_ASM157620v1_genomic	LOPD01000007.1_51	-	lolD.aln	-	6.7e-29	99.2	0.0	7.8e-17	59.7	0.1	2.1	2	0	0	2	2	2	2	# 52984 # 53781 # -1 # ID=7_51;partial=00;start_type=ATG;rbs_motif=None;rbs_spacer=None;gc_cont=0.569
GCA_001576205.1_ASM157620v1_genomic	LOPD01000017.1_167	-	lolD.aln	-	6.1e-28	96.0	0.2	1.3e-27	95.0	0.0	1.6	2	0	0	2	2	1	1	# 144364 # 146166 # -1 # ID=17_167;partial=00;start_type=ATG;rbs_motif=GGAG/GAGG;rbs_spacer=5-10bp;gc_cont=0.585
GCA_001576205.1_ASM157620v1_genomic	LOPD01000017.1_168	-	lolD.aln	-	1.7e-26	91.3	0.1	2.8e-26	90.6	0.1	1.3	1	0	0	1	1	1	1	# 146153 # 147955 # -1 # ID=17_168;partial=00;start_type=ATG;rbs_motif=4Base/6BMM;rbs_spacer=13-15bp;gc_cont=0.573
GCA_001576205.1_ASM157620v1_genomic	LOPD01000010.1_94	-	lolD.aln	-	3.9e-26	90.2	2.9	3.3e-10	38.0	0.0	4.2	4	0	0	4	4	4	4	# 99397 # 102219 # 1 # ID=10_94;partial=00;start_type=ATG;rbs_motif=GGA/GAG/AGG;rbs_spacer=5-10bp;gc_cont=0.561
GCA_001576205.1_ASM157620v1_genomic	LOPD01000004.1_201	-	lolD.aln	-	5.4e-25	86.4	1.0	8.6e-25	85.8	1.0	1.3	1	0	0	1	1	1	1	# 218367 # 220148 # 1 # ID=4_201;partial=00;start_type=ATG;rbs_motif=AGGAG;rbs_spacer=5-10bp;gc_cont=0.563
GCA_001576205.1_ASM157620v1_genomic	LOPD01000002.1_138	-	lolD.aln	-	3.3e-24	83.8	1.5	4.9e-17	60.4	0.2	2.0	2	0	0	2	2	2	2	# 145221 # 145985 # 1 # ID=2_138;partial=00;start_type=ATG;rbs_motif=AGGA/GGAG/GAGG;rbs_spacer=11-12bp;gc_cont=0.593
GCA_001576205.1_ASM157620v1_genomic	LOPD01000020.1_167	-	lolD.aln	-	5.1e-23	80.0	0.1	2.5e-21	74.4	0.1	2.2	1	1	0	1	1	1	1	# 195461 # 197104 # 1 # ID=20_167;partial=00;start_type=ATG;rbs_motif=None;rbs_spacer=None;gc_cont=0.534
GCA_001576205.1_ASM157620v1_genomic	LOPD01000020.1_178	-	lolD.aln	-	1.5e-22	78.4	0.1	8.9e-22	75.9	0.1	1.8	1	1	0	1	1	1	1	# 206438 # 207055 # 1 # ID=20_178;partial=00;start_type=ATG;rbs_motif=3Base/5BMM;rbs_spacer=13-15bp;gc_cont=0.558
GCA_001576205.1_ASM157620v1_genomic	LOPD01000009.1_291	-	lolD.aln	-	4.6e-22	76.8	0.0	8.3e-22	76.0	0.0	1.4	1	0	0	1	1	1	1	# 317583 # 319349 # -1 # ID=9_291;partial=00;start_type=ATG;rbs_motif=None;rbs_spacer=None;gc_cont=0.537
GCA_001576205.1_ASM157620v1_genomic	LOPD01000004.1_200	-	lolD.aln	-	3.4e-21	74.0	0.1	5.6e-21	73.3	0.1	1.3	1	0	0	1	1	1	1	# 216602 # 218374 # 1 # ID=4_200;partial=00;start_type=GTG;rbs_motif=AGGA;rbs_spacer=5-10bp;gc_cont=0.540
GCA_001576205.1_ASM157620v1_genomic	LOPD01000008.1_178	-	lolD.aln	-	5.9e-18	63.4	0.8	7e-09	33.7	0.1	2.1	2	0	0	2	2	2	2	# 174459 # 175208 # -1 # ID=8_178;partial=00;start_type=ATG;rbs_motif=None;rbs_spacer=None;gc_cont=0.549
GCA_001576205.1_ASM157620v1_genomic	LOPD01000008.1_151	-	lolD.aln	-	1.1e-17	62.5	0.1	1.5e-09	35.9	0.1	2.1	2	0	0	2	2	2	2	# 143416 # 144162 # -1 # ID=8_151;partial=00;start_type=ATG;rbs_motif=AGGA;rbs_spacer=5-10bp;gc_cont=0.505
GCA_001576205.1_ASM157620v1_genomic	LOPD01000013.1_5	-	lolD.aln	-	4e-16	57.4	0.0	1.8e-10	38.9	0.0	2.3	2	0	0	2	2	2	2	# 5875 # 7560 # -1 # ID=13_5;partial=00;start_type=ATG;rbs_motif=None;rbs_spacer=None;gc_cont=0.437
GCA_001576205.1_ASM157620v1_genomic	LOPD01000025.1_58	-	lolD.aln	-	0.0003	18.6	0.0	0.00065	17.5	0.0	1.5	1	0	0	1	1	1	1	# 52985 # 53935 # 1 # ID=25_58;partial=00;start_type=ATG;rbs_motif=None;rbs_spacer=None;gc_cont=0.563
GCA_001576205.1_ASM157620v1_genomic	LOPD01000048.1_38	-	lolD.aln	-	0.03	12.0	0.0	0.045	11.4	0.0	1.2	1	0	0	1	1	1	0	# 35182 # 35880 # 1 # ID=48_38;partial=00;start_type=ATG;rbs_motif=None;rbs_spacer=None;gc_cont=0.506
GCA_001576205.1_ASM157620v1_genomic	LOPD01000006.1_113	-	lolD.aln	-	0.032	11.9	0.0	0.051	11.3	0.0	1.2	1	0	0	1	1	1	0	# 114118 # 115002 # -1 # ID=6_113;partial=00;start_type=ATG;rbs_motif=AGGA;rbs_spacer=5-10bp;gc_cont=0.530
GCA_001576205.1_ASM157620v1_genomic	LOPD01000005.1_130	-	lolD.aln	-	0.034	11.9	0.0	0.1	10.3	0.0	1.7	2	0	0	2	2	2	0	# 150810 # 151289 # 1 # ID=5_130;partial=00;start_type=ATG;rbs_motif=GGAG/GAGG;rbs_spacer=5-10bp;gc_cont=0.494
GCA_001576205.1_ASM157620v1_genomic	LOPD01000048.1_37	-	lolD.aln	-	0.039	11.6	0.1	0.07	10.8	0.1	1.4	1	0	0	1	1	1	0	# 34301 # 34993 # -1 # ID=48_37;partial=00;start_type=ATG;rbs_motif=AGGA;rbs_spacer=5-10bp;gc_cont=0.475
GCA_001576205.1_ASM157620v1_genomic	LOPD01000063.1_3	-	lolD.aln	-	0.063	11.0	0.0	0.1	10.3	0.0	1.2	1	0	0	1	1	1	0	# 3472 # 4356 # 1 # ID=63_3;partial=00;start_type=ATG;rbs_motif=AGGA;rbs_spacer=5-10bp;gc_cont=0.523
GCA_001672855.1_ASM167285v1_genomic	LZKM01000091.1_40	-	lolD.aln	-	1.6e-78	261.7	0.8	9.2e-39	131.6	0.1	2.1	2	0	0	2	2	2	2	# 38910 # 40751 # -1 # ID=91_40;partial=00;start_type=ATG;rbs_motif=AGxAGG/AGGxGG;rbs_spacer=5-10bp;gc_cont=0.670
GCA_001672855.1_ASM167285v1_genomic	LZKM01000058.1_6	-	lolD.aln	-	4e-75	250.6	2.7	4e-38	129.6	0.3	2.1	2	0	0	2	2	2	2	# 4763 # 6328 # -1 # ID=58_6;partial=00;start_type=ATG;rbs_motif=GGA/GAG/AGG;rbs_spacer=11-12bp;gc_cont=0.687
GCA_001672855.1_ASM167285v1_genomic	LZKM01000038.1_125	-	lolD.aln	-	2.3e-74	248.1	0.0	2.5e-74	247.9	0.0	1.0	1	0	0	1	1	1	1	# 131536 # 132243 # -1 # ID=38_125;partial=00;start_type=ATG;rbs_motif=GGAGG;rbs_spacer=5-10bp;gc_cont=0.689
GCA_001672855.1_ASM167285v1_genomic	LZKM01000102.1_35	-	lolD.aln	-	6.9e-56	187.7	0.0	1e-55	187.1	0.0	1.1	1	0	0	1	1	1	1	# 38769 # 39758 # 1 # ID=102_35;partial=00;start_type=ATG;rbs_motif=GGAG/GAGG;rbs_spacer=5-10bp;gc_cont=0.654
GCA_001672855.1_ASM167285v1_genomic	LZKM01000041.1_66	-	lolD.aln	-	1e-54	183.8	0.1	1.1e-54	183.7	0.1	1.0	1	0	0	1	1	1	1	# 63950 # 64639 # 1 # ID=41_66;partial=00;start_type=ATG;rbs_motif=None;rbs_spacer=None;gc_cont=0.642
GCA_001672855.1_ASM167285v1_genomic	LZKM01000031.1_54	-	lolD.aln	-	3e-53	179.0	0.1	1.4e-26	91.7	0.0	2.8	2	1	0	2	2	2	2	# 45975 # 47459 # -1 # ID=31_54;partial=00;start_type=ATG;rbs_motif=None;rbs_spacer=None;gc_cont=0.692
GCA_001672855.1_ASM167285v1_genomic	LZKM01000111.1_24	-	lolD.aln	-	2.9e-52	175.8	0.6	3.5e-52	175.5	0.6	1.0	1	0	0	1	1	1	1	# 17725 # 18498 # 1 # ID=111_24;partial=00;start_type=ATG;rbs_motif=AGGA;rbs_spacer=5-10bp;gc_cont=0.628
GCA_001672855.1_ASM167285v1_genomic	LZKM01000019.1_98	-	lolD.aln	-	1.2e-51	173.8	0.8	1.5e-51	173.5	0.8	1.0	1	0	0	1	1	1	1	# 88095 # 88880 # -1 # ID=19_98;partial=00;start_type=ATG;rbs_motif=GGA/GAG/AGG;rbs_spacer=5-10bp;gc_cont=0.645
GCA_001672855.1_ASM167285v1_genomic	LZKM01000039.1_56	-	lolD.aln	-	3.9e-51	172.1	5.7	7.5e-18	63.2	0.2	4.1	4	0	0	4	4	4	4	# 57816 # 59789 # 1 # ID=39_56;partial=00;start_type=ATG;rbs_motif=GGA/GAG/AGG;rbs_spacer=5-10bp;gc_cont=0.677
GCA_001672855.1_ASM167285v1_genomic	LZKM01000015.1_26	-	lolD.aln	-	4e-50	168.8	0.1	5.2e-50	168.4	0.1	1.1	1	0	0	1	1	1	1	# 31292 # 32065 # -1 # ID=15_26;partial=00;start_type=ATG;rbs_motif=GGAG/GAGG;rbs_spacer=5-10bp;gc_cont=0.641
GCA_001672855.1_ASM167285v1_genomic	LZKM01000012.1_12	-	lolD.aln	-	5.4e-48	161.8	0.3	7.6e-48	161.4	0.3	1.1	1	0	0	1	1	1	1	# 11284 # 12339 # -1 # ID=12_12;partial=00;start_type=ATG;rbs_motif=GGAG/GAGG;rbs_spacer=5-10bp;gc_cont=0.686
GCA_001672855.1_ASM167285v1_genomic	LZKM01000072.1_49	-	lolD.aln	-	3.4e-47	159.2	0.0	4.9e-47	158.7	0.0	1.2	1	0	0	1	1	1	1	# 49473 # 50522 # 1 # ID=72_49;partial=00;start_type=ATG;rbs_motif=AGGAG;rbs_spacer=5-10bp;gc_cont=0.666
GCA_001672855.1_ASM167285v1_genomic	LZKM01000110.1_14	-	lolD.aln	-	1.6e-46	157.0	0.1	2e-46	156.7	0.1	1.0	1	0	0	1	1	1	1	# 14213 # 14950 # -1 # ID=110_14;partial=00;start_type=ATG;rbs_motif=AGGAG;rbs_spacer=5-10bp;gc_cont=0.657
GCA_001672855.1_ASM167285v1_genomic	LZKM01000080.1_89	-	lolD.aln	-	8.2e-45	151.4	0.0	1.1e-44	150.9	0.0	1.2	1	0	0	1	1	1	1	# 94561 # 95373 # -1 # ID=80_89;partial=00;start_type=GTG;rbs_motif=GGA/GAG/AGG;rbs_spacer=11-12bp;gc_cont=0.684
GCA_001672855.1_ASM167285v1_genomic	LZKM01000092.1_5	-	lolD.aln	-	1.2e-43	147.7	0.0	1.5e-43	147.3	0.0	1.1	1	0	0	1	1	1	1	# 3177 # 4265 # 1 # ID=92_5;partial=00;start_type=GTG;rbs_motif=AGGAGG;rbs_spacer=3-4bp;gc_cont=0.659
GCA_001672855.1_ASM167285v1_genomic	LZKM01000034.1_68	-	lolD.aln	-	2.8e-43	146.4	0.1	4.8e-14	50.8	0.0	4.3	3	1	0	4	4	4	4	# 69131 # 70753 # -1 # ID=34_68;partial=00;start_type=ATG;rbs_motif=GGAG/GAGG;rbs_spacer=5-10bp;gc_cont=0.670
GCA_001672855.1_ASM167285v1_genomic	LZKM01000034.1_33	-	lolD.aln	-	1.9e-42	143.7	0.1	2.8e-42	143.2	0.1	1.2	1	0	0	1	1	1	1	# 35717 # 36982 # -1 # ID=34_33;partial=00;start_type=ATG;rbs_motif=GGA/GAG/AGG;rbs_spacer=5-10bp;gc_cont=0.656
GCA_001672855.1_ASM167285v1_genomic	LZKM01000087.1_9	-	lolD.aln	-	2e-42	143.6	0.0	2.4e-42	143.3	0.0	1.0	1	0	0	1	1	1	1	# 9701 # 10249 # 1 # ID=87_9;partial=01;start_type=ATG;rbs_motif=GGA/GAG/AGG;rbs_spacer=11-12bp;gc_cont=0.656
GCA_001672855.1_ASM167285v1_genomic	LZKM01000091.1_76	-	lolD.aln	-	1.9e-41	140.4	0.7	2.5e-28	97.5	0.0	2.1	1	1	1	2	2	2	2	# 72849 # 73586 # 1 # ID=91_76;partial=00;start_type=GTG;rbs_motif=AGGAG;rbs_spacer=5-10bp;gc_cont=0.688
GCA_001672855.1_ASM167285v1_genomic	LZKM01000016.1_98	-	lolD.aln	-	1.1e-40	137.9	0.0	8.9e-40	135.0	0.0	1.9	1	1	0	1	1	1	1	# 94153 # 94971 # 1 # ID=16_98;partial=00;start_type=GTG;rbs_motif=None;rbs_spacer=None;gc_cont=0.648
GCA_001672855.1_ASM167285v1_genomic	LZKM01000099.1_65	-	lolD.aln	-	1.4e-40	137.6	0.2	1.3e-25	88.6	0.0	2.1	1	1	1	2	2	2	2	# 79121 # 79858 # -1 # ID=99_65;partial=00;start_type=ATG;rbs_motif=GGAG/GAGG;rbs_spacer=5-10bp;gc_cont=0.673
GCA_001672855.1_ASM167285v1_genomic	LZKM01000078.1_24	-	lolD.aln	-	5.9e-40	135.5	0.1	4.7e-12	44.3	0.0	4.3	4	0	0	4	4	4	4	# 24251 # 25924 # -1 # ID=78_24;partial=00;start_type=ATG;rbs_motif=GGA/GAG/AGG;rbs_spacer=11-12bp;gc_cont=0.655
GCA_001672855.1_ASM167285v1_genomic	LZKM01000076.1_23	-	lolD.aln	-	2.5e-39	133.5	0.4	6.5e-39	132.1	0.4	1.6	1	1	0	1	1	1	1	# 27265 # 28023 # -1 # ID=76_23;partial=00;start_type=ATG;rbs_motif=AGGAG;rbs_spacer=5-10bp;gc_cont=0.675
GCA_001672855.1_ASM167285v1_genomic	LZKM01000063.1_18	-	lolD.aln	-	2.5e-39	133.5	0.3	5e-38	129.2	0.3	2.0	1	1	0	1	1	1	1	# 16458 # 17174 # -1 # ID=63_18;partial=00;start_type=GTG;rbs_motif=AGGA;rbs_spacer=5-10bp;gc_cont=0.688
GCA_001672855.1_ASM167285v1_genomic	LZKM01000056.1_9	-	lolD.aln	-	3.9e-39	132.9	4.2	3.6e-11	41.4	0.1	4.3	3	1	0	4	4	4	4	# 8432 # 10225 # 1 # ID=56_9;partial=00;start_type=ATG;rbs_motif=GGA/GAG/AGG;rbs_spacer=5-10bp;gc_cont=0.664
GCA_001672855.1_ASM167285v1_genomic	LZKM01000062.1_13	-	lolD.aln	-	5.7e-37	125.8	2.6	1.2e-11	43.0	0.0	4.3	3	1	0	4	4	4	4	# 9772 # 11400 # 1 # ID=62_13;partial=00;start_type=GTG;rbs_motif=AGGAGG;rbs_spacer=5-10bp;gc_cont=0.675
GCA_001672855.1_ASM167285v1_genomic	LZKM01000073.1_18	-	lolD.aln	-	7.9e-37	125.3	0.0	1.4e-35	121.2	0.0	2.0	1	1	0	1	1	1	1	# 13467 # 14255 # -1 # ID=73_18;partial=00;start_type=ATG;rbs_motif=GGA/GAG/AGG;rbs_spacer=5-10bp;gc_cont=0.673
GCA_001672855.1_ASM167285v1_genomic	LZKM01000103.1_138	-	lolD.aln	-	8.8e-37	125.2	0.0	1.2e-36	124.8	0.0	1.1	1	0	0	1	1	1	1	# 148183 # 149289 # 1 # ID=103_138;partial=00;start_type=ATG;rbs_motif=GGxGG;rbs_spacer=5-10bp;gc_cont=0.659
GCA_001672855.1_ASM167285v1_genomic	LZKM01000029.1_36	-	lolD.aln	-	1.2e-36	124.7	0.0	1.8e-36	124.2	0.0	1.1	1	0	0	1	1	1	1	# 30555 # 31640 # 1 # ID=29_36;partial=00;start_type=ATG;rbs_motif=AGGA;rbs_spacer=5-10bp;gc_cont=0.651
GCA_001672855.1_ASM167285v1_genomic	LZKM01000024.1_28	-	lolD.aln	-	1.5e-36	124.4	0.0	1.9e-36	124.0	0.0	1.1	1	0	0	1	1	1	1	# 23116 # 24156 # -1 # ID=24_28;partial=00;start_type=ATG;rbs_motif=None;rbs_spacer=None;gc_cont=0.635
GCA_001672855.1_ASM167285v1_genomic	LZKM01000045.1_15	-	lolD.aln	-	3.2e-36	123.3	0.0	5.4e-36	122.6	0.0	1.3	1	1	0	1	1	1	1	# 12361 # 13083 # 1 # ID=45_15;partial=00;start_type=ATG;rbs_motif=GGAG/GAGG;rbs_spacer=5-10bp;gc_cont=0.675
GCA_001672855.1_ASM167285v1_genomic	LZKM01000083.1_118	-	lolD.aln	-	4.9e-35	119.5	0.5	6.5e-35	119.1	0.5	1.1	1	0	0	1	1	1	1	# 118501 # 119598 # 1 # ID=83_118;partial=00;start_type=ATG;rbs_motif=GGA/GAG/AGG;rbs_spacer=5-10bp;gc_cont=0.690
GCA_001672855.1_ASM167285v1_genomic	LZKM01000088.1_46	-	lolD.aln	-	9.6e-33	112.0	0.0	1.7e-32	111.1	0.0	1.3	1	0	0	1	1	1	1	# 48084 # 49820 # 1 # ID=88_46;partial=00;start_type=ATG;rbs_motif=AGGAG;rbs_spacer=5-10bp;gc_cont=0.683
GCA_001672855.1_ASM167285v1_genomic	LZKM01000072.1_33	-	lolD.aln	-	3.4e-30	103.6	1.3	1.5e-29	101.5	1.3	1.8	1	1	0	1	1	1	1	# 32205 # 32975 # 1 # ID=72_33;partial=00;start_type=ATG;rbs_motif=GGAG/GAGG;rbs_spacer=5-10bp;gc_cont=0.667
GCA_001672855.1_ASM167285v1_genomic	LZKM01000015.1_50	-	lolD.aln	-	4.4e-30	103.3	0.0	6.1e-30	102.8	0.0	1.1	1	0	0	1	1	1	1	# 60588 # 61385 # 1 # ID=15_50;partial=00;start_type=ATG;rbs_motif=AGGAG;rbs_spacer=5-10bp;gc_cont=0.675
GCA_001672855.1_ASM167285v1_genomic	LZKM01000032.1_43	-	lolD.aln	-	4.8e-30	103.1	3.5	8e-22	76.2	0.3	2.1	2	0	0	2	2	2	2	# 35886 # 36665 # 1 # ID=32_43;partial=00;start_type=GTG;rbs_motif=GGAG/GAGG;rbs_spacer=5-10bp;gc_cont=0.681
GCA_001672855.1_ASM167285v1_genomic	LZKM01000030.1_41	-	lolD.aln	-	9.2e-30	102.2	0.0	1.3e-29	101.7	0.0	1.1	1	0	0	1	1	1	1	# 35619 # 36395 # -1 # ID=30_41;partial=00;start_type=ATG;rbs_motif=AGGAG;rbs_spacer=5-10bp;gc_cont=0.623
GCA_001672855.1_ASM167285v1_genomic	LZKM01000024.1_6	-	lolD.aln	-	1.1e-29	101.9	0.0	7.2e-29	99.3	0.0	1.9	1	1	0	1	1	1	1	# 5020 # 5874 # 1 # ID=24_6;partial=00;start_type=ATG;rbs_motif=AGGAG;rbs_spacer=5-10bp;gc_cont=0.651
GCA_001672855.1_ASM167285v1_genomic	LZKM01000024.1_7	-	lolD.aln	-	2.2e-29	100.9	0.1	7.9e-29	99.1	0.1	1.7	1	1	0	1	1	1	1	# 5858 # 6604 # 1 # ID=24_7;partial=00;start_type=ATG;rbs_motif=GGxGG;rbs_spacer=5-10bp;gc_cont=0.656
GCA_001672855.1_ASM167285v1_genomic	LZKM01000088.1_45	-	lolD.aln	-	2.2e-28	97.7	0.2	3.3e-28	97.1	0.2	1.2	1	0	0	1	1	1	1	# 45511 # 48087 # 1 # ID=88_45;partial=00;start_type=ATG;rbs_motif=GGAG/GAGG;rbs_spacer=5-10bp;gc_cont=0.672
GCA_001672855.1_ASM167285v1_genomic	LZKM01000069.1_39	-	lolD.aln	-	2.9e-28	97.3	0.2	4.9e-28	96.5	0.2	1.2	1	0	0	1	1	1	1	# 36568 # 39201 # 1 # ID=69_39;partial=00;start_type=ATG;rbs_motif=GGA/GAG/AGG;rbs_spacer=5-10bp;gc_cont=0.683
GCA_001672855.1_ASM167285v1_genomic	LZKM01000032.1_10	-	lolD.aln	-	7.7e-28	95.9	0.1	1.1e-27	95.4	0.1	1.2	1	0	0	1	1	1	1	# 4736 # 5521 # 1 # ID=32_10;partial=00;start_type=GTG;rbs_motif=GGA/GAG/AGG;rbs_spacer=5-10bp;gc_cont=0.669
GCA_001672855.1_ASM167285v1_genomic	LZKM01000094.1_55	-	lolD.aln	-	4.4e-26	90.2	0.0	9e-26	89.1	0.0	1.5	1	0	0	1	1	1	1	# 58638 # 60413 # 1 # ID=94_55;partial=00;start_type=ATG;rbs_motif=AGxAGG/AGGxGG;rbs_spacer=5-10bp;gc_cont=0.648
GCA_001672855.1_ASM167285v1_genomic	LZKM01000029.1_145	-	lolD.aln	-	7.8e-26	89.3	0.0	5e-25	86.7	0.0	1.9	1	1	0	1	1	1	1	# 135140 # 136012 # 1 # ID=29_145;partial=00;start_type=ATG;rbs_motif=GGA/GAG/AGG;rbs_spacer=5-10bp;gc_cont=0.628
GCA_001672855.1_ASM167285v1_genomic	LZKM01000012.1_2	-	lolD.aln	-	1.1e-25	88.9	0.0	1.3e-25	88.6	0.0	1.1	1	0	0	1	1	1	1	# 728 # 1570 # 1 # ID=12_2;partial=00;start_type=ATG;rbs_motif=GGA/GAG/AGG;rbs_spacer=5-10bp;gc_cont=0.682
GCA_001672855.1_ASM167285v1_genomic	LZKM01000056.1_3	-	lolD.aln	-	4.9e-25	86.7	0.0	7.2e-25	86.2	0.0	1.2	1	0	0	1	1	1	1	# 2296 # 3081 # 1 # ID=56_3;partial=00;start_type=ATG;rbs_motif=None;rbs_spacer=None;gc_cont=0.669
GCA_001672855.1_ASM167285v1_genomic	LZKM01000032.1_26	-	lolD.aln	-	6.3e-25	86.4	0.0	1.3e-24	85.4	0.0	1.5	1	1	0	1	1	1	1	# 19953 # 20900 # 1 # ID=32_26;partial=00;start_type=ATG;rbs_motif=AGGA/GGAG/GAGG;rbs_spacer=11-12bp;gc_cont=0.648
GCA_001672855.1_ASM167285v1_genomic	LZKM01000060.1_135	-	lolD.aln	-	1.2e-24	85.5	2.1	3.4e-09	34.9	0.0	4.2	4	0	0	4	4	4	4	# 130556 # 132931 # 1 # ID=60_135;partial=00;start_type=ATG;rbs_motif=AGGAG/GGAGG;rbs_spacer=11-12bp;gc_cont=0.659
GCA_001672855.1_ASM167285v1_genomic	LZKM01000009.1_17	-	lolD.aln	-	2.4e-24	84.5	0.4	4.7e-24	83.5	0.4	1.4	1	0	0	1	1	1	1	# 13406 # 15292 # 1 # ID=9_17;partial=00;start_type=ATG;rbs_motif=GGA/GAG/AGG;rbs_spacer=5-10bp;gc_cont=0.687
GCA_001672855.1_ASM167285v1_genomic	LZKM01000109.1_6	-	lolD.aln	-	3.8e-24	83.8	0.4	1.4e-23	82.0	0.4	1.8	1	1	0	1	1	1	1	# 3290 # 5113 # 1 # ID=109_6;partial=00;start_type=GTG;rbs_motif=AGxAGG/AGGxGG;rbs_spacer=5-10bp;gc_cont=0.639
GCA_001672855.1_ASM167285v1_genomic	LZKM01000009.1_18	-	lolD.aln	-	5.2e-24	83.4	0.6	2.2e-23	81.3	0.6	1.8	1	1	0	1	1	1	1	# 15329 # 17230 # 1 # ID=9_18;partial=00;start_type=GTG;rbs_motif=GGA/GAG/AGG;rbs_spacer=11-12bp;gc_cont=0.661
GCA_001672855.1_ASM167285v1_genomic	LZKM01000091.1_22	-	lolD.aln	-	8.5e-24	82.7	0.9	6.3e-23	79.8	0.9	2.0	1	1	0	1	1	1	1	# 21623 # 23368 # -1 # ID=91_22;partial=00;start_type=ATG;rbs_motif=GGA/GAG/AGG;rbs_spacer=5-10bp;gc_cont=0.665
GCA_001672855.1_ASM167285v1_genomic	LZKM01000020.1_61	-	lolD.aln	-	1.1e-23	82.3	0.1	9.8e-17	59.6	0.0	2.3	3	0	0	3	3	2	2	# 57329 # 58132 # -1 # ID=20_61;partial=00;start_type=TTG;rbs_motif=None;rbs_spacer=None;gc_cont=0.668
GCA_001672855.1_ASM167285v1_genomic	LZKM01000009.1_19	-	lolD.aln	-	1.6e-23	81.7	0.1	3e-23	80.9	0.1	1.4	1	0	0	1	1	1	1	# 17227 # 19071 # 1 # ID=9_19;partial=00;start_type=ATG;rbs_motif=GGAGG;rbs_spacer=5-10bp;gc_cont=0.671
GCA_001672855.1_ASM167285v1_genomic	LZKM01000091.1_21	-	lolD.aln	-	3.6e-23	80.6	0.0	6e-23	79.9	0.0	1.3	1	0	0	1	1	1	1	# 19737 # 21626 # -1 # ID=91_21;partial=00;start_type=ATG;rbs_motif=GGAG/GAGG;rbs_spacer=5-10bp;gc_cont=0.658
GCA_001672855.1_ASM167285v1_genomic	LZKM01000094.1_76	-	lolD.aln	-	4e-23	80.5	0.2	1.9e-15	55.3	0.1	2.1	2	0	0	2	2	2	2	# 81211 # 82143 # -1 # ID=94_76;partial=00;start_type=GTG;rbs_motif=None;rbs_spacer=None;gc_cont=0.683
GCA_001672855.1_ASM167285v1_genomic	LZKM01000056.1_44	-	lolD.aln	-	1.4e-21	75.4	0.4	1.8e-06	26.0	0.0	4.2	4	0	0	4	4	4	3	# 47814 # 50708 # -1 # ID=56_44;partial=00;start_type=GTG;rbs_motif=AGGA;rbs_spacer=5-10bp;gc_cont=0.662
GCA_001672855.1_ASM167285v1_genomic	LZKM01000037.1_20	-	lolD.aln	-	1.3e-20	72.3	1.0	2.9e-07	28.6	0.1	4.1	4	0	0	4	4	4	4	# 18675 # 21284 # 1 # ID=37_20;partial=00;start_type=GTG;rbs_motif=AGGA;rbs_spacer=5-10bp;gc_cont=0.644
GCA_001672855.1_ASM167285v1_genomic	LZKM01000076.1_119	-	lolD.aln	-	5.4e-19	67.0	0.1	4.7e-11	41.0	0.0	2.2	2	0	0	2	2	2	2	# 115347 # 116318 # 1 # ID=76_119;partial=00;start_type=ATG;rbs_motif=GGA/GAG/AGG;rbs_spacer=5-10bp;gc_cont=0.668
GCA_001672855.1_ASM167285v1_genomic	LZKM01000039.1_85	-	lolD.aln	-	3.7e-18	64.2	0.0	3.8e-10	38.0	0.0	2.3	2	0	0	2	2	2	2	# 92445 # 94379 # -1 # ID=39_85;partial=00;start_type=GTG;rbs_motif=GGAG/GAGG;rbs_spacer=5-10bp;gc_cont=0.653
GCA_001672855.1_ASM167285v1_genomic	LZKM01000103.1_99	-	lolD.aln	-	1.1e-17	62.7	0.1	4.8e-10	37.7	0.1	2.1	2	0	0	2	2	2	2	# 115069 # 115866 # -1 # ID=103_99;partial=00;start_type=TTG;rbs_motif=GGA/GAG/AGG;rbs_spacer=5-10bp;gc_cont=0.644
GCA_001672855.1_ASM167285v1_genomic	LZKM01000083.1_82	-	lolD.aln	-	5e-17	60.6	0.0	1.7e-10	39.2	0.0	2.2	2	0	0	2	2	2	2	# 77905 # 79824 # -1 # ID=83_82;partial=00;start_type=ATG;rbs_motif=None;rbs_spacer=None;gc_cont=0.647
GCA_001672855.1_ASM167285v1_genomic	LZKM01000083.1_81	-	lolD.aln	-	2.2e-16	58.4	0.0	4.1e-09	34.7	0.0	2.2	2	0	0	2	2	2	2	# 75959 # 77872 # -1 # ID=83_81;partial=00;start_type=ATG;rbs_motif=None;rbs_spacer=None;gc_cont=0.658
GCA_001672855.1_ASM167285v1_genomic	LZKM01000095.1_60	-	lolD.aln	-	3.4e-16	57.8	0.2	2.2e-10	38.8	0.0	2.3	2	0	0	2	2	2	2	# 56519 # 58366 # -1 # ID=95_60;partial=00;start_type=ATG;rbs_motif=AGxAGG/AGGxGG;rbs_spacer=5-10bp;gc_cont=0.641
GCA_001672855.1_ASM167285v1_genomic	LZKM01000015.1_33	-	lolD.aln	-	5e-16	57.3	0.3	1.4e-09	36.1	0.0	2.8	3	0	0	3	3	3	2	# 38884 # 40416 # 1 # ID=15_33;partial=00;start_type=ATG;rbs_motif=None;rbs_spacer=None;gc_cont=0.691
GCA_001672855.1_ASM167285v1_genomic	LZKM01000062.1_4	-	lolD.aln	-	7.3e-16	56.7	0.1	1.2e-10	39.7	0.1	2.0	2	0	0	2	2	2	2	# 3028 # 3801 # 1 # ID=62_4;partial=00;start_type=ATG;rbs_motif=GGA/GAG/AGG;rbs_spacer=5-10bp;gc_cont=0.654
GCA_001672855.1_ASM167285v1_genomic	LZKM01000015.1_32	-	lolD.aln	-	1.6e-15	55.6	0.3	4.9e-10	37.7	0.3	2.3	2	0	0	2	2	2	2	# 37380 # 38897 # 1 # ID=15_32;partial=00;start_type=GTG;rbs_motif=4Base/6BMM;rbs_spacer=13-15bp;gc_cont=0.694
GCA_001672855.1_ASM167285v1_genomic	LZKM01000034.1_50	-	lolD.aln	-	1.4e-14	52.5	0.0	4.4e-14	50.9	0.0	1.7	1	1	0	1	1	1	1	# 52005 # 52898 # 1 # ID=34_50;partial=00;start_type=GTG;rbs_motif=AGGAG;rbs_spacer=5-10bp;gc_cont=0.663
GCA_001672855.1_ASM167285v1_genomic	LZKM01000103.1_160	-	lolD.aln	-	2e-11	42.2	0.0	2.4e-11	42.0	0.0	1.1	1	0	0	1	1	1	1	# 171783 # 172073 # -1 # ID=103_160;partial=01;start_type=Edge;rbs_motif=None;rbs_spacer=None;gc_cont=0.646
GCA_001672855.1_ASM167285v1_genomic	LZKM01000009.1_31	-	lolD.aln	-	0.016	13.1	0.1	0.034	12.0	0.0	1.5	2	0	0	2	2	1	0	# 32325 # 33065 # 1 # ID=9_31;partial=00;start_type=ATG;rbs_motif=None;rbs_spacer=None;gc_cont=0.682
GCA_001672855.1_ASM167285v1_genomic	LZKM01000012.1_23	-	lolD.aln	-	0.03	12.2	0.0	0.054	11.4	0.0	1.3	1	0	0	1	1	1	0	# 20806 # 21330 # 1 # ID=12_23;partial=00;start_type=ATG;rbs_motif=AGGAGG;rbs_spacer=5-10bp;gc_cont=0.667
GCA_001672855.1_ASM167285v1_genomic	LZKM01000004.1_28	-	lolD.aln	-	0.033	12.1	0.0	0.04	11.8	0.0	1.2	1	0	0	1	1	1	0	# 22907 # 23191 # 1 # ID=4_28;partial=01;start_type=ATG;rbs_motif=GGAG/GAGG;rbs_spacer=5-10bp;gc_cont=0.677
GCA_001672855.1_ASM167285v1_genomic	LZKM01000029.1_181	-	lolD.aln	-	0.048	11.5	1.8	11	3.8	0.0	3.6	3	1	1	4	4	4	0	# 167916 # 171644 # 1 # ID=29_181;partial=00;start_type=ATG;rbs_motif=None;rbs_spacer=None;gc_cont=0.671
GCA_001672855.1_ASM167285v1_genomic	LZKM01000080.1_58	-	lolD.aln	-	0.066	11.1	0.3	4.4	5.1	0.0	2.7	3	0	0	3	3	2	0	# 59583 # 63551 # 1 # ID=80_58;partial=00;start_type=ATG;rbs_motif=GGAGG;rbs_spacer=5-10bp;gc_cont=0.683
GCA_001869765.1_ASM186976v1_genomic	MLPD01000016.1_5	-	lolD.aln	-	2.2e-70	233.6	0.2	2.5e-70	233.5	0.2	1.0	1	0	0	1	1	1	1	# 2418 # 3131 # 1 # ID=249_5;partial=00;start_type=GTG;rbs_motif=GGA/GAG/AGG;rbs_spacer=5-10bp;gc_cont=0.364
GCA_001869765.1_ASM186976v1_genomic	MLPD01000103.1_21	-	lolD.aln	-	3.9e-67	223.0	1.6	7.9e-39	130.4	0.0	2.4	2	1	0	2	2	2	2	# 18799 # 20487 # -1 # ID=77_21;partial=00;start_type=ATG;rbs_motif=None;rbs_spacer=None;gc_cont=0.403
GCA_001869765.1_ASM186976v1_genomic	MLPD01000109.1_6	-	lolD.aln	-	3.2e-65	216.8	0.1	3.6e-65	216.6	0.1	1.0	1	0	0	1	1	1	1	# 3800 # 4501 # -1 # ID=278_6;partial=00;start_type=ATG;rbs_motif=GGA/GAG/AGG;rbs_spacer=5-10bp;gc_cont=0.397
GCA_001869765.1_ASM186976v1_genomic	MLPD01000031.1_1	-	lolD.aln	-	3.2e-63	210.2	0.3	3.2e-63	210.2	0.3	1.7	2	0	0	2	2	1	1	# 458 # 2452 # 1 # ID=273_1;partial=00;start_type=ATG;rbs_motif=AGGAG;rbs_spacer=5-10bp;gc_cont=0.398
GCA_001869765.1_ASM186976v1_genomic	MLPD01000076.1_7	-	lolD.aln	-	5.3e-58	193.2	1.7	6.9e-58	192.8	1.7	1.1	1	0	0	1	1	1	1	# 4320 # 5390 # -1 # ID=229_7;partial=00;start_type=ATG;rbs_motif=AGGAG;rbs_spacer=5-10bp;gc_cont=0.343
GCA_001869765.1_ASM186976v1_genomic	MLPD01000051.1_4	-	lolD.aln	-	3.4e-57	190.5	0.1	3.8e-57	190.3	0.1	1.0	1	0	0	1	1	1	1	# 2298 # 2972 # 1 # ID=261_4;partial=00;start_type=ATG;rbs_motif=GGAG/GAGG;rbs_spacer=5-10bp;gc_cont=0.378
GCA_001869765.1_ASM186976v1_genomic	MLPD01000111.1_7	-	lolD.aln	-	3.5e-57	190.5	3.2	5.4e-57	189.9	3.2	1.3	1	0	0	1	1	1	1	# 7061 # 8125 # 1 # ID=226_7;partial=00;start_type=ATG;rbs_motif=4Base/6BMM;rbs_spacer=13-15bp;gc_cont=0.387
GCA_001869765.1_ASM186976v1_genomic	MLPD01000095.1_11	-	lolD.aln	-	4.2e-54	180.4	0.1	5e-54	180.2	0.1	1.0	1	0	0	1	1	1	1	# 7886 # 8650 # 1 # ID=252_11;partial=00;start_type=ATG;rbs_motif=GGA/GAG/AGG;rbs_spacer=5-10bp;gc_cont=0.417
GCA_001869765.1_ASM186976v1_genomic	MLPD01000053.1_4	-	lolD.aln	-	5.2e-53	176.8	0.2	6.1e-53	176.6	0.2	1.0	1	0	0	1	1	1	1	# 1631 # 2377 # -1 # ID=281_4;partial=00;start_type=ATG;rbs_motif=4Base/6BMM;rbs_spacer=13-15bp;gc_cont=0.380
GCA_001869765.1_ASM186976v1_genomic	MLPD01000022.1_40	-	lolD.aln	-	3.8e-52	174.0	0.5	4.5e-52	173.8	0.5	1.0	1	0	0	1	1	1	1	# 38939 # 39574 # 1 # ID=218_40;partial=00;start_type=ATG;rbs_motif=GGA/GAG/AGG;rbs_spacer=5-10bp;gc_cont=0.388
GCA_001869765.1_ASM186976v1_genomic	MLPD01000030.1_37	-	lolD.aln	-	6.2e-52	173.3	0.2	6.8e-52	173.2	0.2	1.0	1	0	0	1	1	1	1	# 38074 # 38772 # 1 # ID=111_37;partial=00;start_type=ATG;rbs_motif=GGAG/GAGG;rbs_spacer=5-10bp;gc_cont=0.375
GCA_001869765.1_ASM186976v1_genomic	MLPD01000107.1_42	-	lolD.aln	-	4.4e-51	170.5	0.1	4.8e-51	170.4	0.1	1.0	1	0	0	1	1	1	1	# 44895 # 45536 # -1 # ID=285_42;partial=00;start_type=GTG;rbs_motif=GGAG/GAGG;rbs_spacer=5-10bp;gc_cont=0.361
GCA_001869765.1_ASM186976v1_genomic	MLPD01000107.1_10	-	lolD.aln	-	3.7e-50	167.5	0.1	4.3e-50	167.3	0.1	1.0	1	0	0	1	1	1	1	# 11362 # 12117 # -1 # ID=285_10;partial=00;start_type=ATG;rbs_motif=AGGA;rbs_spacer=5-10bp;gc_cont=0.381
GCA_001869765.1_ASM186976v1_genomic	MLPD01000105.1_8	-	lolD.aln	-	3.1e-48	161.2	8.6	2.3e-31	106.0	1.4	2.4	2	1	0	2	2	2	2	# 5329 # 6912 # 1 # ID=228_8;partial=00;start_type=ATG;rbs_motif=GGAG/GAGG;rbs_spacer=5-10bp;gc_cont=0.397
GCA_001869765.1_ASM186976v1_genomic	MLPD01000039.1_75	-	lolD.aln	-	1e-46	156.2	0.0	1.5e-46	155.7	0.0	1.2	1	0	0	1	1	1	1	# 58455 # 59558 # 1 # ID=274_75;partial=00;start_type=ATG;rbs_motif=GGA/GAG/AGG;rbs_spacer=5-10bp;gc_cont=0.406
GCA_001869765.1_ASM186976v1_genomic	MLPD01000101.1_6	-	lolD.aln	-	1.5e-46	155.7	0.1	2.6e-29	99.3	0.0	2.1	2	0	0	2	2	2	2	# 5027 # 6403 # -1 # ID=247_6;partial=00;start_type=ATG;rbs_motif=3Base/5BMM;rbs_spacer=13-15bp;gc_cont=0.392
GCA_001869765.1_ASM186976v1_genomic	MLPD01000002.1_6	-	lolD.aln	-	1.2e-45	152.7	0.0	1.7e-45	152.3	0.0	1.2	1	0	0	1	1	1	1	# 3974 # 5095 # -1 # ID=239_6;partial=00;start_type=ATG;rbs_motif=GGA/GAG/AGG;rbs_spacer=5-10bp;gc_cont=0.361
GCA_001869765.1_ASM186976v1_genomic	MLPD01000097.1_2	-	lolD.aln	-	2.7e-45	151.6	0.6	6.7e-45	150.3	0.2	1.8	2	0	0	2	2	2	1	# 1925 # 3001 # 1 # ID=22_2;partial=00;start_type=TTG;rbs_motif=GGAG/GAGG;rbs_spacer=5-10bp;gc_cont=0.396
GCA_001869765.1_ASM186976v1_genomic	MLPD01000097.1_10	-	lolD.aln	-	5.1e-45	150.7	0.2	7.8e-45	150.1	0.2	1.3	1	0	0	1	1	1	1	# 10806 # 11858 # -1 # ID=22_10;partial=00;start_type=ATG;rbs_motif=GGA/GAG/AGG;rbs_spacer=5-10bp;gc_cont=0.367
GCA_001869765.1_ASM186976v1_genomic	MLPD01000022.1_34	-	lolD.aln	-	5.2e-44	147.4	0.1	6.2e-44	147.1	0.1	1.0	1	0	0	1	1	1	1	# 32205 # 32903 # -1 # ID=218_34;partial=00;start_type=ATG;rbs_motif=None;rbs_spacer=None;gc_cont=0.368
GCA_001869765.1_ASM186976v1_genomic	MLPD01000038.1_26	-	lolD.aln	-	6.1e-44	147.2	0.3	9.9e-44	146.5	0.3	1.3	1	1	0	1	1	1	1	# 24665 # 25375 # 1 # ID=242_26;partial=00;start_type=ATG;rbs_motif=4Base/6BMM;rbs_spacer=13-15bp;gc_cont=0.385
GCA_001869765.1_ASM186976v1_genomic	MLPD01000060.1_4	-	lolD.aln	-	3.7e-42	141.3	0.4	4.7e-42	141.0	0.4	1.1	1	0	0	1	1	1	1	# 2476 # 3630 # 1 # ID=265_4;partial=00;start_type=ATG;rbs_motif=GGAG/GAGG;rbs_spacer=5-10bp;gc_cont=0.410
GCA_001869765.1_ASM186976v1_genomic	MLPD01000107.1_26	-	lolD.aln	-	4.9e-42	140.9	0.1	6.8e-42	140.5	0.1	1.1	1	0	0	1	1	1	1	# 30731 # 31939 # -1 # ID=285_26;partial=00;start_type=ATG;rbs_motif=AGGAG;rbs_spacer=5-10bp;gc_cont=0.420
GCA_001869765.1_ASM186976v1_genomic	MLPD01000076.1_40	-	lolD.aln	-	1.1e-39	133.3	0.0	1.4e-39	132.9	0.0	1.1	1	0	0	1	1	1	1	# 37095 # 37961 # 1 # ID=229_40;partial=00;start_type=ATG;rbs_motif=4Base/6BMM;rbs_spacer=13-15bp;gc_cont=0.382
GCA_001869765.1_ASM186976v1_genomic	MLPD01000076.1_39	-	lolD.aln	-	1.3e-39	133.0	0.1	1.6e-39	132.7	0.1	1.1	1	0	0	1	1	1	1	# 36286 # 37119 # 1 # ID=229_39;partial=00;start_type=ATG;rbs_motif=3Base/5BMM;rbs_spacer=13-15bp;gc_cont=0.363
GCA_001869765.1_ASM186976v1_genomic	MLPD01000060.1_5	-	lolD.aln	-	3.1e-39	131.8	0.1	4.8e-39	131.1	0.1	1.2	1	0	0	1	1	1	1	# 3627 # 4547 # 1 # ID=265_5;partial=00;start_type=ATG;rbs_motif=AGGA;rbs_spacer=5-10bp;gc_cont=0.395
GCA_001869765.1_ASM186976v1_genomic	MLPD01000105.1_20	-	lolD.aln	-	8e-39	130.4	0.3	1.1e-38	130.0	0.3	1.1	1	0	0	1	1	1	1	# 19460 # 20482 # -1 # ID=228_20;partial=00;start_type=GTG;rbs_motif=AGGAG/GGAGG;rbs_spacer=11-12bp;gc_cont=0.408
GCA_001869765.1_ASM186976v1_genomic	MLPD01000039.1_69	-	lolD.aln	-	1.1e-38	129.9	0.0	1.4e-38	129.6	0.0	1.0	1	0	0	1	1	1	1	# 54185 # 55009 # 1 # ID=274_69;partial=00;start_type=ATG;rbs_motif=GGA/GAG/AGG;rbs_spacer=5-10bp;gc_cont=0.345
GCA_001869765.1_ASM186976v1_genomic	MLPD01000105.1_19	-	lolD.aln	-	1.8e-37	126.0	0.0	2.9e-37	125.3	0.0	1.3	1	0	0	1	1	1	1	# 18505 # 19473 # -1 # ID=228_19;partial=00;start_type=ATG;rbs_motif=AGxAGG/AGGxGG;rbs_spacer=5-10bp;gc_cont=0.386
GCA_001869765.1_ASM186976v1_genomic	MLPD01000058.1_4	-	lolD.aln	-	2e-37	125.9	0.0	2.6e-37	125.5	0.0	1.1	1	0	0	1	1	1	1	# 3221 # 4099 # -1 # ID=270_4;partial=00;start_type=ATG;rbs_motif=None;rbs_spacer=None;gc_cont=0.355
GCA_001869765.1_ASM186976v1_genomic	MLPD01000058.1_5	-	lolD.aln	-	1.8e-34	116.2	0.6	2.2e-34	115.9	0.6	1.1	1	0	0	1	1	1	1	# 4075 # 4917 # -1 # ID=270_5;partial=00;start_type=TTG;rbs_motif=GGAGG;rbs_spacer=5-10bp;gc_cont=0.357
GCA_001869765.1_ASM186976v1_genomic	MLPD01000015.1_6	-	lolD.aln	-	2.6e-34	115.6	4.8	7.5e-11	38.9	0.0	4.2	2	2	1	4	4	4	4	# 4655 # 5929 # -1 # ID=248_6;partial=00;start_type=TTG;rbs_motif=None;rbs_spacer=None;gc_cont=0.328
GCA_001869765.1_ASM186976v1_genomic	MLPD01000095.1_17	-	lolD.aln	-	4.7e-33	111.5	0.1	3.9e-08	30.0	0.0	4.2	4	0	0	4	4	4	4	# 14068 # 15639 # -1 # ID=252_17;partial=00;start_type=ATG;rbs_motif=None;rbs_spacer=None;gc_cont=0.420
GCA_001869765.1_ASM186976v1_genomic	MLPD01000050.1_4	-	lolD.aln	-	2.7e-32	109.1	0.0	4e-32	108.5	0.0	1.3	1	0	0	1	1	1	1	# 3255 # 4142 # 1 # ID=232_4;partial=00;start_type=ATG;rbs_motif=GGAG/GAGG;rbs_spacer=5-10bp;gc_cont=0.377
GCA_001869765.1_ASM186976v1_genomic	MLPD01000118.1_18	-	lolD.aln	-	5.9e-31	104.7	0.0	8.1e-31	104.2	0.0	1.2	1	0	0	1	1	1	1	# 15904 # 16527 # -1 # ID=176_18;partial=00;start_type=ATG;rbs_motif=AGGAG;rbs_spacer=5-10bp;gc_cont=0.386
GCA_001869765.1_ASM186976v1_genomic	MLPD01000039.1_68	-	lolD.aln	-	1.9e-30	103.0	0.1	4.6e-17	59.3	0.0	2.3	1	1	1	2	2	2	2	# 53406 # 54209 # 1 # ID=274_68;partial=00;start_type=ATG;rbs_motif=None;rbs_spacer=None;gc_cont=0.392
GCA_001869765.1_ASM186976v1_genomic	MLPD01000039.1_7	-	lolD.aln	-	2e-30	103.0	0.0	2.3e-30	102.8	0.0	1.0	1	0	0	1	1	1	1	# 5830 # 6597 # 1 # ID=274_7;partial=00;start_type=ATG;rbs_motif=GGA/GAG/AGG;rbs_spacer=5-10bp;gc_cont=0.393
GCA_001869765.1_ASM186976v1_genomic	MLPD01000039.1_6	-	lolD.aln	-	1.1e-29	100.5	0.1	1.6e-29	100.0	0.1	1.2	1	0	0	1	1	1	1	# 4976 # 5830 # 1 # ID=274_6;partial=00;start_type=ATG;rbs_motif=GGA/GAG/AGG;rbs_spacer=5-10bp;gc_cont=0.378
GCA_001869765.1_ASM186976v1_genomic	MLPD01000051.1_7	-	lolD.aln	-	2.7e-27	92.7	0.5	3.8e-27	92.2	0.5	1.2	1	0	0	1	1	1	1	# 4773 # 5510 # -1 # ID=261_7;partial=00;start_type=ATG;rbs_motif=GGAG/GAGG;rbs_spacer=5-10bp;gc_cont=0.374
GCA_001869765.1_ASM186976v1_genomic	MLPD01000022.1_33	-	lolD.aln	-	2.4e-26	89.6	1.3	7.8e-26	87.9	1.3	1.7	1	1	0	1	1	1	1	# 31307 # 32077 # 1 # ID=218_33;partial=00;start_type=ATG;rbs_motif=AGxAGG/AGGxGG;rbs_spacer=11-12bp;gc_cont=0.419
GCA_001869765.1_ASM186976v1_genomic	MLPD01000079.1_20	-	lolD.aln	-	6.9e-25	84.8	0.0	7e-24	81.5	0.0	1.9	1	1	0	1	1	1	1	# 18943 # 19611 # -1 # ID=253_20;partial=00;start_type=TTG;rbs_motif=AGGAG;rbs_spacer=5-10bp;gc_cont=0.332
GCA_001869765.1_ASM186976v1_genomic	MLPD01000086.1_10	-	lolD.aln	-	1.2e-24	84.0	0.0	1.5e-24	83.7	0.0	1.1	1	0	0	1	1	1	1	# 7364 # 8098 # -1 # ID=296_10;partial=00;start_type=ATG;rbs_motif=None;rbs_spacer=None;gc_cont=0.371
GCA_001869765.1_ASM186976v1_genomic	MLPD01000038.1_17	-	lolD.aln	-	1.7e-24	83.6	0.6	5.2e-24	82.0	0.6	1.6	1	1	0	1	1	1	1	# 13522 # 14310 # 1 # ID=242_17;partial=00;start_type=ATG;rbs_motif=GGA/GAG/AGG;rbs_spacer=5-10bp;gc_cont=0.376
GCA_001869765.1_ASM186976v1_genomic	MLPD01000110.1_21	-	lolD.aln	-	3.7e-24	82.5	0.1	6.5e-24	81.7	0.1	1.4	1	0	0	1	1	1	1	# 18750 # 20357 # 1 # ID=225_21;partial=00;start_type=ATG;rbs_motif=None;rbs_spacer=None;gc_cont=0.397
GCA_001869765.1_ASM186976v1_genomic	MLPD01000030.1_13	-	lolD.aln	-	5.3e-24	81.9	0.6	3.4e-23	79.3	0.6	2.1	1	1	0	1	1	1	1	# 11803 # 13515 # 1 # ID=111_13;partial=00;start_type=ATG;rbs_motif=AGGA;rbs_spacer=5-10bp;gc_cont=0.389
GCA_001869765.1_ASM186976v1_genomic	MLPD01000030.1_12	-	lolD.aln	-	6e-24	81.8	0.0	1.1e-23	80.9	0.0	1.4	1	0	0	1	1	1	1	# 10086 # 11813 # 1 # ID=111_12;partial=00;start_type=ATG;rbs_motif=None;rbs_spacer=None;gc_cont=0.385
GCA_001869765.1_ASM186976v1_genomic	MLPD01000093.1_7	-	lolD.aln	-	1.9e-23	80.2	0.6	1e-22	77.7	0.2	2.2	2	1	0	2	2	2	1	# 13153 # 14904 # -1 # ID=220_7;partial=00;start_type=ATG;rbs_motif=None;rbs_spacer=None;gc_cont=0.384
GCA_001869765.1_ASM186976v1_genomic	MLPD01000027.1_30	-	lolD.aln	-	3.7e-23	79.2	0.7	5.4e-07	26.3	0.0	4.3	4	0	0	4	4	4	4	# 30674 # 33532 # 1 # ID=230_30;partial=00;start_type=ATG;rbs_motif=None;rbs_spacer=None;gc_cont=0.422
GCA_001869765.1_ASM186976v1_genomic	MLPD01000068.1_9	-	lolD.aln	-	4e-23	79.1	0.9	1.6e-10	37.9	0.0	4.3	4	0	0	4	4	4	4	# 9742 # 12024 # 1 # ID=187_9;partial=00;start_type=ATG;rbs_motif=AGGAG(G)/GGAGG;rbs_spacer=13-15bp;gc_cont=0.393
GCA_001869765.1_ASM186976v1_genomic	MLPD01000103.1_15	-	lolD.aln	-	2.2e-22	76.6	0.0	3.3e-22	76.1	0.0	1.3	1	0	0	1	1	1	1	# 13679 # 14608 # -1 # ID=77_15;partial=00;start_type=ATG;rbs_motif=GGAG/GAGG;rbs_spacer=5-10bp;gc_cont=0.409
GCA_001869765.1_ASM186976v1_genomic	MLPD01000093.1_6	-	lolD.aln	-	2.8e-22	76.3	0.1	6.2e-22	75.2	0.1	1.5	1	1	0	1	1	1	1	# 11313 # 13160 # -1 # ID=220_6;partial=00;start_type=ATG;rbs_motif=GGAGG;rbs_spacer=5-10bp;gc_cont=0.397
GCA_001869765.1_ASM186976v1_genomic	MLPD01000107.1_12	-	lolD.aln	-	6.8e-22	75.0	0.0	1.1e-21	74.3	0.0	1.3	1	0	0	1	1	1	1	# 14027 # 15787 # -1 # ID=285_12;partial=00;start_type=ATG;rbs_motif=AGGA/GGAG/GAGG;rbs_spacer=11-12bp;gc_cont=0.397
GCA_001869765.1_ASM186976v1_genomic	MLPD01000107.1_11	-	lolD.aln	-	2.7e-21	73.1	0.1	4.7e-21	72.3	0.1	1.3	1	0	0	1	1	1	1	# 12213 # 14027 # -1 # ID=285_11;partial=00;start_type=ATG;rbs_motif=AGGAGG;rbs_spacer=5-10bp;gc_cont=0.385
GCA_001869765.1_ASM186976v1_genomic	MLPD01000110.1_20	-	lolD.aln	-	1.1e-19	67.8	0.0	1.9e-09	34.4	0.0	2.2	2	0	0	2	2	2	2	# 16748 # 18712 # 1 # ID=225_20;partial=00;start_type=ATG;rbs_motif=AGGAG;rbs_spacer=5-10bp;gc_cont=0.414
GCA_001869765.1_ASM186976v1_genomic	MLPD01000118.1_14	-	lolD.aln	-	3.3e-19	66.3	1.6	5.4e-10	36.1	0.1	2.2	2	0	0	2	2	2	2	# 12353 # 13276 # -1 # ID=176_14;partial=00;start_type=ATG;rbs_motif=GGAGG;rbs_spacer=3-4bp;gc_cont=0.394
GCA_001869765.1_ASM186976v1_genomic	MLPD01000076.1_12	-	lolD.aln	-	1.8e-18	63.8	0.0	4.5e-18	62.5	0.0	1.7	1	0	0	1	1	1	1	# 10586 # 12208 # -1 # ID=229_12;partial=00;start_type=ATG;rbs_motif=AGGA;rbs_spacer=5-10bp;gc_cont=0.345
GCA_001869765.1_ASM186976v1_genomic	MLPD01000037.1_21	-	lolD.aln	-	2.1e-18	63.6	0.9	3.4e-09	33.5	0.0	3.2	2	1	1	3	3	3	3	# 18112 # 19170 # 1 # ID=110_21;partial=00;start_type=TTG;rbs_motif=None;rbs_spacer=None;gc_cont=0.347
GCA_001869765.1_ASM186976v1_genomic	MLPD01000002.1_15	-	lolD.aln	-	5.1e-18	62.4	0.1	2.9e-17	59.9	0.1	1.8	1	1	0	1	1	1	1	# 13323 # 14015 # -1 # ID=239_15;partial=00;start_type=ATG;rbs_motif=AGGAG;rbs_spacer=5-10bp;gc_cont=0.310
GCA_001869765.1_ASM186976v1_genomic	MLPD01000076.1_13	-	lolD.aln	-	1.1e-16	58.0	0.0	1e-08	31.9	0.0	2.2	2	0	0	2	2	2	2	# 12201 # 13685 # -1 # ID=229_13;partial=00;start_type=ATG;rbs_motif=None;rbs_spacer=None;gc_cont=0.337
GCA_001869765.1_ASM186976v1_genomic	MLPD01000077.1_21	-	lolD.aln	-	1.1e-15	54.7	0.1	1.6e-15	54.2	0.1	1.2	1	0	0	1	1	1	1	# 21161 # 21931 # -1 # ID=221_21;partial=00;start_type=GTG;rbs_motif=GGA/GAG/AGG;rbs_spacer=11-12bp;gc_cont=0.422
GCA_001869765.1_ASM186976v1_genomic	MLPD01000018.1_1	-	lolD.aln	-	3.1e-15	53.3	0.0	4.8e-15	52.6	0.0	1.3	1	1	0	1	1	1	1	# 89 # 796 # 1 # ID=250_1;partial=00;start_type=ATG;rbs_motif=GGA/GAG/AGG;rbs_spacer=11-12bp;gc_cont=0.352
GCA_001869765.1_ASM186976v1_genomic	MLPD01000118.1_11	-	lolD.aln	-	1.7e-14	50.9	0.2	5.2e-07	26.4	0.1	2.1	2	0	0	2	2	2	2	# 10274 # 11170 # -1 # ID=176_11;partial=00;start_type=ATG;rbs_motif=GGAGG;rbs_spacer=5-10bp;gc_cont=0.373
GCA_001869765.1_ASM186976v1_genomic	MLPD01000088.1_9	-	lolD.aln	-	3.3e-14	49.9	0.1	4e-14	49.6	0.1	1.1	1	0	0	1	1	1	1	# 8177 # 8521 # -1 # ID=122_9;partial=00;start_type=TTG;rbs_motif=None;rbs_spacer=None;gc_cont=0.435
GCA_001869765.1_ASM186976v1_genomic	MLPD01000202.1_2	-	lolD.aln	-	1.7e-12	44.3	0.0	1.9e-12	44.2	0.0	1.0	1	0	0	1	1	1	1	# 165 # 482 # 1 # ID=114_2;partial=01;start_type=ATG;rbs_motif=AGGAG;rbs_spacer=5-10bp;gc_cont=0.355
GCA_001869765.1_ASM186976v1_genomic	MLPD01000029.1_8	-	lolD.aln	-	2e-12	44.1	0.0	1.5e-08	31.4	0.0	2.0	1	1	1	2	2	2	2	# 5245 # 5646 # -1 # ID=258_8;partial=00;start_type=ATG;rbs_motif=None;rbs_spacer=None;gc_cont=0.388
GCA_001869765.1_ASM186976v1_genomic	MLPD01000079.1_12	-	lolD.aln	-	6.4e-11	39.2	0.0	6.9e-11	39.0	0.0	1.0	1	0	0	1	1	1	1	# 10945 # 11223 # -1 # ID=253_12;partial=00;start_type=ATG;rbs_motif=AGGAG;rbs_spacer=5-10bp;gc_cont=0.358
GCA_001869765.1_ASM186976v1_genomic	MLPD01000246.1_1	-	lolD.aln	-	6.4e-11	39.2	0.1	7.5e-11	38.9	0.1	1.2	1	0	0	1	1	1	1	# 25 # 447 # -1 # ID=162_1;partial=01;start_type=Edge;rbs_motif=None;rbs_spacer=None;gc_cont=0.414
GCA_001869765.1_ASM186976v1_genomic	MLPD01000007.1_14	-	lolD.aln	-	1.2e-09	35.0	0.0	1.2e-09	35.0	0.0	1.0	1	0	0	1	1	1	1	# 6883 # 7029 # 1 # ID=271_14;partial=00;start_type=ATG;rbs_motif=AGGA/GGAG/GAGG;rbs_spacer=11-12bp;gc_cont=0.374
GCA_001869765.1_ASM186976v1_genomic	MLPD01000079.1_11	-	lolD.aln	-	1.2e-08	31.7	0.0	1.6e-08	31.3	0.0	1.2	1	0	0	1	1	1	1	# 10313 # 10987 # -1 # ID=253_11;partial=00;start_type=TTG;rbs_motif=None;rbs_spacer=None;gc_cont=0.376
GCA_001869765.1_ASM186976v1_genomic	MLPD01000088.1_10	-	lolD.aln	-	8.1e-08	29.0	0.0	1.5e-07	28.1	0.0	1.4	1	0	0	1	1	1	1	# 8491 # 9975 # -1 # ID=122_10;partial=00;start_type=ATG;rbs_motif=AGGAG;rbs_spacer=5-10bp;gc_cont=0.404
GCA_001869765.1_ASM186976v1_genomic	MLPD01000017.1_4	-	lolD.aln	-	3.6e-06	23.6	0.0	3.6e-06	23.6	0.0	1.0	1	0	0	1	1	1	1	# 2171 # 2338 # 1 # ID=18_4;partial=01;start_type=ATG;rbs_motif=GGA/GAG/AGG;rbs_spacer=11-12bp;gc_cont=0.315
GCA_001869765.1_ASM186976v1_genomic	MLPD01000090.1_17	-	lolD.aln	-	0.00045	16.8	0.0	0.021	11.3	0.0	2.3	2	0	0	2	2	2	1	# 13781 # 15421 # -1 # ID=284_17;partial=01;start_type=Edge;rbs_motif=None;rbs_spacer=None;gc_cont=0.283
GCA_002044645.1_ASM204464v1_genomic	MYXM01000003.1_84	-	lolD.aln	-	2e-116	385.4	0.2	2.2e-116	385.2	0.2	1.0	1	0	0	1	1	1	1	# 79109 # 79810 # 1 # ID=33_84;partial=00;start_type=ATG;rbs_motif=GGAG/GAGG;rbs_spacer=5-10bp;gc_cont=0.551
GCA_002044645.1_ASM204464v1_genomic	MYXM01000002.1_159	-	lolD.aln	-	3.3e-79	263.7	0.5	3.8e-79	263.4	0.5	1.0	1	0	0	1	1	1	1	# 174472 # 175158 # -1 # ID=22_159;partial=00;start_type=ATG;rbs_motif=AGGA;rbs_spacer=5-10bp;gc_cont=0.590
GCA_002044645.1_ASM204464v1_genomic	MYXM01000005.1_30	-	lolD.aln	-	1.2e-78	261.8	8.3	8.9e-41	138.0	1.0	2.1	2	0	0	2	2	2	2	# 32330 # 33919 # 1 # ID=55_30;partial=00;start_type=ATG;rbs_motif=AGxAGG/AGGxGG;rbs_spacer=5-10bp;gc_cont=0.566
GCA_002044645.1_ASM204464v1_genomic	MYXM01000012.1_79	-	lolD.aln	-	2.5e-77	257.5	2.3	4.6e-38	129.1	0.0	2.1	2	0	0	2	2	2	2	# 83365 # 85236 # 1 # ID=3_79;partial=00;start_type=GTG;rbs_motif=AGGAG;rbs_spacer=5-10bp;gc_cont=0.575
GCA_002044645.1_ASM204464v1_genomic	MYXM01000043.1_5	-	lolD.aln	-	1.3e-72	242.1	0.1	1.8e-72	241.6	0.1	1.2	1	0	0	1	1	1	1	# 4697 # 6643 # -1 # ID=37_5;partial=00;start_type=ATG;rbs_motif=AGGAG;rbs_spacer=5-10bp;gc_cont=0.546
GCA_002044645.1_ASM204464v1_genomic	MYXM01000001.1_363	-	lolD.aln	-	4.4e-61	204.4	0.5	7.1e-34	115.4	0.1	2.5	2	0	0	2	2	2	2	# 376198 # 379854 # -1 # ID=11_363;partial=00;start_type=ATG;rbs_motif=AGGAGG;rbs_spacer=3-4bp;gc_cont=0.590
GCA_002044645.1_ASM204464v1_genomic	MYXM01000006.1_2	-	lolD.aln	-	1.2e-60	203.0	0.2	1.5e-60	202.6	0.2	1.1	1	0	0	1	1	1	1	# 987 # 2018 # 1 # ID=66_2;partial=00;start_type=ATG;rbs_motif=None;rbs_spacer=None;gc_cont=0.525
GCA_002044645.1_ASM204464v1_genomic	MYXM01000004.1_120	-	lolD.aln	-	1.2e-60	202.9	0.0	1.4e-60	202.7	0.0	1.0	1	0	0	1	1	1	1	# 141944 # 142612 # 1 # ID=44_120;partial=00;start_type=ATG;rbs_motif=GGAG/GAGG;rbs_spacer=5-10bp;gc_cont=0.565
GCA_002044645.1_ASM204464v1_genomic	MYXM01000012.1_59	-	lolD.aln	-	1.1e-59	199.7	0.2	1.3e-59	199.6	0.2	1.0	1	0	0	1	1	1	1	# 62183 # 62905 # -1 # ID=3_59;partial=00;start_type=GTG;rbs_motif=AGGA;rbs_spacer=5-10bp;gc_cont=0.521
GCA_002044645.1_ASM204464v1_genomic	MYXM01000004.1_104	-	lolD.aln	-	7.3e-57	190.6	0.0	5.7e-30	102.6	0.0	2.2	2	0	0	2	2	2	2	# 124976 # 127717 # 1 # ID=44_104;partial=00;start_type=ATG;rbs_motif=GGAG/GAGG;rbs_spacer=5-10bp;gc_cont=0.578
GCA_002044645.1_ASM204464v1_genomic	MYXM01000002.1_154	-	lolD.aln	-	5.3e-53	177.9	0.3	6.7e-53	177.6	0.3	1.1	1	0	0	1	1	1	1	# 168602 # 169618 # -1 # ID=22_154;partial=00;start_type=ATG;rbs_motif=GGAG/GAGG;rbs_spacer=5-10bp;gc_cont=0.560
GCA_002044645.1_ASM204464v1_genomic	MYXM01000013.1_175	-	lolD.aln	-	5.6e-53	177.8	0.1	6.4e-53	177.7	0.1	1.0	1	0	0	1	1	1	1	# 155261 # 156013 # -1 # ID=4_175;partial=00;start_type=ATG;rbs_motif=AGGAG/GGAGG;rbs_spacer=11-12bp;gc_cont=0.550
GCA_002044645.1_ASM204464v1_genomic	MYXM01000027.1_27	-	lolD.aln	-	2e-50	169.5	0.4	3.4e-50	168.8	0.4	1.3	1	0	0	1	1	1	1	# 24692 # 25789 # -1 # ID=19_27;partial=00;start_type=ATG;rbs_motif=AGGAG;rbs_spacer=5-10bp;gc_cont=0.582
GCA_002044645.1_ASM204464v1_genomic	MYXM01000002.1_18	-	lolD.aln	-	6.1e-50	167.9	0.4	6.8e-50	167.8	0.4	1.0	1	0	0	1	1	1	1	# 21931 # 22656 # 1 # ID=22_18;partial=00;start_type=ATG;rbs_motif=AGGA;rbs_spacer=5-10bp;gc_cont=0.529
GCA_002044645.1_ASM204464v1_genomic	MYXM01000022.1_61	-	lolD.aln	-	1.7e-49	166.5	0.5	1e-26	92.0	0.0	3.0	2	1	0	2	2	2	2	# 69378 # 70883 # 1 # ID=14_61;partial=00;start_type=ATG;rbs_motif=GGAG/GAGG;rbs_spacer=5-10bp;gc_cont=0.532
GCA_002044645.1_ASM204464v1_genomic	MYXM01000005.1_149	-	lolD.aln	-	1.8e-49	166.4	1.0	2.3e-49	166.0	1.0	1.1	1	0	0	1	1	1	1	# 164749 # 165522 # -1 # ID=55_149;partial=00;start_type=ATG;rbs_motif=GGA/GAG/AGG;rbs_spacer=5-10bp;gc_cont=0.535
GCA_002044645.1_ASM204464v1_genomic	MYXM01000003.1_92	-	lolD.aln	-	7.9e-47	157.7	0.5	1.3e-46	157.0	0.5	1.3	1	0	0	1	1	1	1	# 87268 # 88404 # -1 # ID=33_92;partial=00;start_type=ATG;rbs_motif=None;rbs_spacer=None;gc_cont=0.494
GCA_002044645.1_ASM204464v1_genomic	MYXM01000012.1_49	-	lolD.aln	-	8.3e-47	157.7	0.0	2.6e-24	84.1	0.0	2.2	2	0	0	2	2	2	2	# 49402 # 51138 # -1 # ID=3_49;partial=00;start_type=ATG;rbs_motif=GGAG/GAGG;rbs_spacer=5-10bp;gc_cont=0.560
GCA_002044645.1_ASM204464v1_genomic	MYXM01000014.1_83	-	lolD.aln	-	1.1e-45	154.1	0.6	6.5e-23	79.5	0.0	2.5	2	1	0	2	2	2	2	# 81919 # 83454 # 1 # ID=5_83;partial=00;start_type=ATG;rbs_motif=GGAGG;rbs_spacer=3-4bp;gc_cont=0.519
GCA_002044645.1_ASM204464v1_genomic	MYXM01000012.1_125	-	lolD.aln	-	1.2e-45	153.9	0.0	1.5e-45	153.6	0.0	1.0	1	0	0	1	1	1	1	# 126277 # 127005 # -1 # ID=3_125;partial=00;start_type=ATG;rbs_motif=GGA/GAG/AGG;rbs_spacer=5-10bp;gc_cont=0.536
GCA_002044645.1_ASM204464v1_genomic	MYXM01000008.1_192	-	lolD.aln	-	1.4e-45	153.7	0.2	2e-23	81.2	0.0	3.0	2	1	0	2	2	2	2	# 203696 # 205216 # -1 # ID=70_192;partial=00;start_type=ATG;rbs_motif=GGA/GAG/AGG;rbs_spacer=5-10bp;gc_cont=0.459
GCA_002044645.1_ASM204464v1_genomic	MYXM01000001.1_325	-	lolD.aln	-	2.2e-45	153.0	1.1	2.2e-45	153.0	1.1	1.4	2	0	0	2	2	1	1	# 340270 # 341472 # -1 # ID=11_325;partial=00;start_type=ATG;rbs_motif=4Base/6BMM;rbs_spacer=13-15bp;gc_cont=0.501
GCA_002044645.1_ASM204464v1_genomic	MYXM01000012.1_113	-	lolD.aln	-	2.5e-43	146.3	0.1	3.4e-43	145.8	0.1	1.2	1	0	0	1	1	1	1	# 114819 # 115952 # 1 # ID=3_113;partial=00;start_type=GTG;rbs_motif=GGAG/GAGG;rbs_spacer=5-10bp;gc_cont=0.540
GCA_002044645.1_ASM204464v1_genomic	MYXM01000004.1_135	-	lolD.aln	-	4.2e-43	145.6	0.1	5.5e-43	145.2	0.1	1.1	1	0	0	1	1	1	1	# 156163 # 157233 # 1 # ID=44_135;partial=00;start_type=ATG;rbs_motif=GGA/GAG/AGG;rbs_spacer=5-10bp;gc_cont=0.587
GCA_002044645.1_ASM204464v1_genomic	MYXM01000010.1_123	-	lolD.aln	-	4.5e-43	145.4	0.1	5.1e-43	145.3	0.1	1.0	1	0	0	1	1	1	1	# 126888 # 127619 # -1 # ID=1_123;partial=00;start_type=ATG;rbs_motif=GGAG/GAGG;rbs_spacer=5-10bp;gc_cont=0.437
GCA_002044645.1_ASM204464v1_genomic	MYXM01000004.1_63	-	lolD.aln	-	5.8e-43	145.1	0.1	7.5e-43	144.7	0.1	1.1	1	0	0	1	1	1	1	# 69326 # 70339 # 1 # ID=44_63;partial=00;start_type=ATG;rbs_motif=GGAGG;rbs_spacer=5-10bp;gc_cont=0.569
GCA_002044645.1_ASM204464v1_genomic	MYXM01000010.1_13	-	lolD.aln	-	2e-42	143.3	0.3	2.4e-42	143.1	0.3	1.0	1	0	0	1	1	1	1	# 15316 # 16323 # 1 # ID=1_13;partial=00;start_type=ATG;rbs_motif=AGGAG;rbs_spacer=5-10bp;gc_cont=0.523
GCA_002044645.1_ASM204464v1_genomic	MYXM01000017.1_75	-	lolD.aln	-	2.6e-42	143.0	0.1	4.2e-12	44.2	0.0	4.3	4	0	0	4	4	4	4	# 82363 # 84030 # 1 # ID=8_75;partial=00;start_type=GTG;rbs_motif=AGGA/GGAG/GAGG;rbs_spacer=11-12bp;gc_cont=0.577
GCA_002044645.1_ASM204464v1_genomic	MYXM01000009.1_47	-	lolD.aln	-	1.1e-41	140.9	0.3	1.6e-41	140.4	0.3	1.2	1	0	0	1	1	1	1	# 48839 # 49948 # 1 # ID=71_47;partial=00;start_type=ATG;rbs_motif=GGAG/GAGG;rbs_spacer=5-10bp;gc_cont=0.578
GCA_002044645.1_ASM204464v1_genomic	MYXM01000012.1_71	-	lolD.aln	-	4.2e-41	139.0	0.6	4.7e-11	40.7	0.0	4.2	3	1	1	4	4	4	4	# 72479 # 74074 # 1 # ID=3_71;partial=00;start_type=GTG;rbs_motif=AGGA;rbs_spacer=5-10bp;gc_cont=0.534
GCA_002044645.1_ASM204464v1_genomic	MYXM01000029.1_40	-	lolD.aln	-	7.9e-41	138.1	0.4	1.7e-12	45.4	0.0	4.3	3	1	0	4	4	4	4	# 38974 # 40881 # -1 # ID=21_40;partial=00;start_type=ATG;rbs_motif=AGGA;rbs_spacer=5-10bp;gc_cont=0.529
GCA_002044645.1_ASM204464v1_genomic	MYXM01000004.1_62	-	lolD.aln	-	4e-40	135.8	0.3	4.8e-40	135.6	0.3	1.1	1	0	0	1	1	1	1	# 68346 # 69329 # 1 # ID=44_62;partial=00;start_type=ATG;rbs_motif=GGAG/GAGG;rbs_spacer=5-10bp;gc_cont=0.567
GCA_002044645.1_ASM204464v1_genomic	MYXM01000032.1_6	-	lolD.aln	-	5.6e-39	132.1	0.0	7e-39	131.7	0.0	1.1	1	0	0	1	1	1	1	# 4134 # 5282 # 1 # ID=25_6;partial=00;start_type=ATG;rbs_motif=GGA/GAG/AGG;rbs_spacer=5-10bp;gc_cont=0.531
GCA_002044645.1_ASM204464v1_genomic	MYXM01000004.1_221	-	lolD.aln	-	6.1e-38	128.7	0.2	8e-17	59.6	0.0	3.7	2	2	1	3	3	3	3	# 261215 # 263122 # -1 # ID=44_221;partial=00;start_type=ATG;rbs_motif=None;rbs_spacer=None;gc_cont=0.573
GCA_002044645.1_ASM204464v1_genomic	MYXM01000002.1_238	-	lolD.aln	-	1.2e-37	127.7	0.1	1.8e-37	127.1	0.1	1.2	1	0	0	1	1	1	1	# 259465 # 260574 # 1 # ID=22_238;partial=00;start_type=ATG;rbs_motif=GGA/GAG/AGG;rbs_spacer=5-10bp;gc_cont=0.585
GCA_002044645.1_ASM204464v1_genomic	MYXM01000010.1_14	-	lolD.aln	-	2.7e-37	126.6	0.0	3.4e-37	126.2	0.0	1.1	1	0	0	1	1	1	1	# 16320 # 17324 # 1 # ID=1_14;partial=00;start_type=ATG;rbs_motif=GGAGG;rbs_spacer=5-10bp;gc_cont=0.543
GCA_002044645.1_ASM204464v1_genomic	MYXM01000007.1_40	-	lolD.aln	-	4.7e-37	125.8	0.0	5.7e-37	125.5	0.0	1.0	1	0	0	1	1	1	1	# 39124 # 39936 # 1 # ID=69_40;partial=00;start_type=ATG;rbs_motif=AGGA;rbs_spacer=5-10bp;gc_cont=0.581
GCA_002044645.1_ASM204464v1_genomic	MYXM01000008.1_167	-	lolD.aln	-	5.8e-36	122.2	0.2	7.4e-36	121.9	0.2	1.1	1	0	0	1	1	1	1	# 176695 # 177642 # -1 # ID=70_167;partial=00;start_type=ATG;rbs_motif=GGAG/GAGG;rbs_spacer=5-10bp;gc_cont=0.580
GCA_002044645.1_ASM204464v1_genomic	MYXM01000006.1_146	-	lolD.aln	-	1.5e-33	114.3	0.0	2.2e-33	113.8	0.0	1.2	1	0	0	1	1	1	1	# 165287 # 165994 # 1 # ID=66_146;partial=00;start_type=ATG;rbs_motif=None;rbs_spacer=None;gc_cont=0.583
GCA_002044645.1_ASM204464v1_genomic	MYXM01000012.1_11	-	lolD.aln	-	1.6e-33	114.2	0.0	8.8e-19	66.0	0.0	3.3	3	0	0	3	3	3	3	# 10343 # 11818 # -1 # ID=3_11;partial=00;start_type=ATG;rbs_motif=GGA/GAG/AGG;rbs_spacer=5-10bp;gc_cont=0.551
GCA_002044645.1_ASM204464v1_genomic	MYXM01000002.1_164	-	lolD.aln	-	3e-33	113.3	0.0	3.8e-33	113.0	0.0	1.1	1	0	0	1	1	1	1	# 178434 # 179111 # -1 # ID=22_164;partial=00;start_type=ATG;rbs_motif=GGA/GAG/AGG;rbs_spacer=5-10bp;gc_cont=0.475
GCA_002044645.1_ASM204464v1_genomic	MYXM01000004.1_128	-	lolD.aln	-	7e-33	112.1	0.7	8.1e-32	108.6	0.7	1.9	1	1	0	1	1	1	1	# 150552 # 151319 # 1 # ID=44_128;partial=00;start_type=ATG;rbs_motif=AGGAG;rbs_spacer=5-10bp;gc_cont=0.577
GCA_002044645.1_ASM204464v1_genomic	MYXM01000010.1_61	-	lolD.aln	-	1.7e-32	110.9	0.1	2.3e-32	110.4	0.1	1.2	1	0	0	1	1	1	1	# 63981 # 64787 # -1 # ID=1_61;partial=00;start_type=ATG;rbs_motif=GGAG/GAGG;rbs_spacer=5-10bp;gc_cont=0.542
GCA_002044645.1_ASM204464v1_genomic	MYXM01000012.1_16	-	lolD.aln	-	2.3e-31	107.2	0.0	3.4e-31	106.6	0.0	1.2	1	0	0	1	1	1	1	# 14585 # 15643 # 1 # ID=3_16;partial=00;start_type=ATG;rbs_motif=3Base/5BMM;rbs_spacer=13-15bp;gc_cont=0.559
GCA_002044645.1_ASM204464v1_genomic	MYXM01000031.1_5	-	lolD.aln	-	4.2e-31	106.3	0.1	6.8e-31	105.6	0.1	1.3	1	0	0	1	1	1	1	# 6245 # 7966 # 1 # ID=24_5;partial=00;start_type=ATG;rbs_motif=AGGAG;rbs_spacer=5-10bp;gc_cont=0.574
GCA_002044645.1_ASM204464v1_genomic	MYXM01000024.1_24	-	lolD.aln	-	5.4e-31	105.9	0.2	8.9e-31	105.2	0.2	1.3	1	0	0	1	1	1	1	# 30701 # 32449 # 1 # ID=16_24;partial=00;start_type=ATG;rbs_motif=None;rbs_spacer=None;gc_cont=0.518
GCA_002044645.1_ASM204464v1_genomic	MYXM01000004.1_129	-	lolD.aln	-	3.7e-30	103.2	0.1	4.3e-30	103.0	0.1	1.1	1	0	0	1	1	1	1	# 151321 # 152034 # 1 # ID=44_129;partial=00;start_type=ATG;rbs_motif=GGAG/GAGG;rbs_spacer=5-10bp;gc_cont=0.598
GCA_002044645.1_ASM204464v1_genomic	MYXM01000010.1_62	-	lolD.aln	-	4.5e-30	102.9	0.1	3.8e-29	99.9	0.1	1.9	1	1	0	1	1	1	1	# 64789 # 65781 # -1 # ID=1_62;partial=00;start_type=ATG;rbs_motif=GGxGG;rbs_spacer=5-10bp;gc_cont=0.522
GCA_002044645.1_ASM204464v1_genomic	MYXM01000007.1_34	-	lolD.aln	-	7.2e-30	102.3	0.0	8.4e-30	102.1	0.0	1.1	1	0	0	1	1	1	1	# 34520 # 35245 # -1 # ID=69_34;partial=00;start_type=ATG;rbs_motif=3Base/5BMM;rbs_spacer=13-15bp;gc_cont=0.551
GCA_002044645.1_ASM204464v1_genomic	MYXM01000006.1_79	-	lolD.aln	-	9.8e-30	101.8	0.0	1.4e-29	101.4	0.0	1.2	1	0	0	1	1	1	1	# 85934 # 86860 # -1 # ID=66_79;partial=00;start_type=ATG;rbs_motif=GGA/GAG/AGG;rbs_spacer=5-10bp;gc_cont=0.498
GCA_002044645.1_ASM204464v1_genomic	MYXM01000013.1_121	-	lolD.aln	-	1.1e-29	101.6	3.2	6.4e-21	73.0	0.3	2.1	2	0	0	2	2	2	2	# 102785 # 103540 # 1 # ID=4_121;partial=00;start_type=ATG;rbs_motif=None;rbs_spacer=None;gc_cont=0.540
GCA_002044645.1_ASM204464v1_genomic	MYXM01000002.1_90	-	lolD.aln	-	2.3e-29	100.6	0.0	3.5e-29	100.0	0.0	1.2	1	0	0	1	1	1	1	# 97664 # 98458 # 1 # ID=22_90;partial=00;start_type=ATG;rbs_motif=AGGAG/GGAGG;rbs_spacer=11-12bp;gc_cont=0.567
GCA_002044645.1_ASM204464v1_genomic	MYXM01000022.1_33	-	lolD.aln	-	3e-29	100.3	0.0	3.8e-29	99.9	0.0	1.1	1	0	0	1	1	1	1	# 38017 # 38790 # -1 # ID=14_33;partial=00;start_type=ATG;rbs_motif=AGGA;rbs_spacer=5-10bp;gc_cont=0.525
GCA_002044645.1_ASM204464v1_genomic	MYXM01000012.1_4	-	lolD.aln	-	6.4e-29	99.2	0.6	9.5e-29	98.6	0.6	1.2	1	0	0	1	1	1	1	# 2940 # 3716 # 1 # ID=3_4;partial=00;start_type=ATG;rbs_motif=GGAG/GAGG;rbs_spacer=5-10bp;gc_cont=0.561
GCA_002044645.1_ASM204464v1_genomic	MYXM01000006.1_59	-	lolD.aln	-	2.4e-28	97.3	0.1	1.1e-16	59.2	0.1	2.0	2	0	0	2	2	2	2	# 62265 # 63062 # -1 # ID=66_59;partial=00;start_type=ATG;rbs_motif=None;rbs_spacer=None;gc_cont=0.594
GCA_002044645.1_ASM204464v1_genomic	MYXM01000001.1_60	-	lolD.aln	-	2.4e-28	97.3	0.0	2.9e-28	97.0	0.0	1.0	1	0	0	1	1	1	1	# 57357 # 58013 # -1 # ID=11_60;partial=00;start_type=ATG;rbs_motif=4Base/6BMM;rbs_spacer=13-15bp;gc_cont=0.580
GCA_002044645.1_ASM204464v1_genomic	MYXM01000044.1_18	-	lolD.aln	-	3.8e-28	96.6	0.0	2.3e-27	94.1	0.0	1.9	1	1	0	1	1	1	1	# 14737 # 16848 # 1 # ID=38_18;partial=00;start_type=ATG;rbs_motif=GGA/GAG/AGG;rbs_spacer=5-10bp;gc_cont=0.484
GCA_002044645.1_ASM204464v1_genomic	MYXM01000009.1_78	-	lolD.aln	-	1.6e-27	94.6	0.0	3.1e-27	93.6	0.0	1.5	1	0	0	1	1	1	1	# 95359 # 97425 # 1 # ID=71_78;partial=00;start_type=ATG;rbs_motif=GGAG/GAGG;rbs_spacer=5-10bp;gc_cont=0.353
GCA_002044645.1_ASM204464v1_genomic	MYXM01000001.1_276	-	lolD.aln	-	6e-27	92.7	0.4	1.2e-26	91.7	0.4	1.5	1	1	0	1	1	1	1	# 289721 # 290542 # -1 # ID=11_276;partial=00;start_type=ATG;rbs_motif=AGGAG;rbs_spacer=5-10bp;gc_cont=0.543
GCA_002044645.1_ASM204464v1_genomic	MYXM01000009.1_71	-	lolD.aln	-	1.9e-26	91.1	3.0	2.4e-10	38.4	0.0	4.2	4	0	0	4	4	4	4	# 71173 # 73998 # -1 # ID=71_71;partial=00;start_type=ATG;rbs_motif=GGA/GAG/AGG;rbs_spacer=5-10bp;gc_cont=0.571
GCA_002044645.1_ASM204464v1_genomic	MYXM01000031.1_4	-	lolD.aln	-	1.7e-24	84.7	0.0	3.5e-24	83.7	0.0	1.4	1	0	0	1	1	1	1	# 4478 # 6244 # 1 # ID=24_4;partial=00;start_type=ATG;rbs_motif=None;rbs_spacer=None;gc_cont=0.565
GCA_002044645.1_ASM204464v1_genomic	MYXM01000002.1_205	-	lolD.aln	-	8.5e-24	82.4	2.3	1.4e-23	81.7	2.3	1.3	1	0	0	1	1	1	1	# 221284 # 223065 # -1 # ID=22_205;partial=00;start_type=ATG;rbs_motif=AGGAG;rbs_spacer=5-10bp;gc_cont=0.577
GCA_002044645.1_ASM204464v1_genomic	MYXM01000008.1_7	-	lolD.aln	-	1.4e-23	81.7	0.0	1.7e-23	81.4	0.0	1.1	1	0	0	1	1	1	1	# 7032 # 7847 # -1 # ID=70_7;partial=00;start_type=ATG;rbs_motif=AGGA;rbs_spacer=5-10bp;gc_cont=0.531
GCA_002044645.1_ASM204464v1_genomic	MYXM01000001.1_369	-	lolD.aln	-	1.9e-23	81.3	0.3	3.4e-23	80.4	0.3	1.4	1	0	0	1	1	1	1	# 386932 # 389112 # -1 # ID=11_369;partial=00;start_type=ATG;rbs_motif=GGAG/GAGG;rbs_spacer=5-10bp;gc_cont=0.566
GCA_002044645.1_ASM204464v1_genomic	MYXM01000005.1_62	-	lolD.aln	-	1.3e-22	78.6	0.1	6.1e-21	73.1	0.1	2.2	1	1	0	1	1	1	1	# 63493 # 65136 # -1 # ID=55_62;partial=00;start_type=ATG;rbs_motif=None;rbs_spacer=None;gc_cont=0.549
GCA_002044645.1_ASM204464v1_genomic	MYXM01000003.1_122	-	lolD.aln	-	2.2e-22	77.8	0.0	3e-12	44.7	0.0	2.0	2	0	0	2	2	2	2	# 118550 # 119140 # 1 # ID=33_122;partial=00;start_type=ATG;rbs_motif=GGAG/GAGG;rbs_spacer=5-10bp;gc_cont=0.570
GCA_002044645.1_ASM204464v1_genomic	MYXM01000003.1_121	-	lolD.aln	-	7.6e-22	76.0	0.0	1.3e-21	75.3	0.0	1.3	1	1	0	1	1	1	1	# 117759 # 118556 # 1 # ID=33_121;partial=00;start_type=ATG;rbs_motif=AGGAG;rbs_spacer=5-10bp;gc_cont=0.553
GCA_002044645.1_ASM204464v1_genomic	MYXM01000002.1_206	-	lolD.aln	-	4.6e-20	70.2	0.1	7.9e-20	69.4	0.1	1.3	1	0	0	1	1	1	1	# 223058 # 224830 # -1 # ID=22_206;partial=00;start_type=GTG;rbs_motif=AGGA;rbs_spacer=5-10bp;gc_cont=0.559
GCA_002044645.1_ASM204464v1_genomic	MYXM01000005.1_52	-	lolD.aln	-	4.9e-19	66.8	0.0	7.1e-11	40.1	0.0	2.0	2	0	0	2	2	2	2	# 55786 # 56403 # -1 # ID=55_52;partial=00;start_type=ATG;rbs_motif=GGA/GAG/AGG;rbs_spacer=5-10bp;gc_cont=0.728
GCA_002044645.1_ASM204464v1_genomic	MYXM01000003.1_230	-	lolD.aln	-	1e-18	65.8	0.1	3e-10	38.1	0.1	2.1	2	0	0	2	2	2	2	# 226832 # 227578 # 1 # ID=33_230;partial=00;start_type=ATG;rbs_motif=AGGA;rbs_spacer=5-10bp;gc_cont=0.527
GCA_002044645.1_ASM204464v1_genomic	MYXM01000001.1_61	-	lolD.aln	-	2.1e-17	61.5	0.0	5.2e-12	43.9	0.0	2.0	2	0	0	2	2	2	2	# 58007 # 58684 # -1 # ID=11_61;partial=00;start_type=ATG;rbs_motif=GGAG/GAGG;rbs_spacer=5-10bp;gc_cont=0.560
GCA_002044645.1_ASM204464v1_genomic	MYXM01000003.1_202	-	lolD.aln	-	2.6e-17	61.2	0.4	5.7e-09	33.9	0.1	2.0	2	0	0	2	2	2	2	# 193829 # 194578 # 1 # ID=33_202;partial=00;start_type=ATG;rbs_motif=None;rbs_spacer=None;gc_cont=0.567
GCA_002044645.1_ASM204464v1_genomic	MYXM01000026.1_25	-	lolD.aln	-	2.8e-17	61.1	0.0	1.1e-10	39.6	0.1	2.1	2	0	0	2	2	2	2	# 26354 # 27064 # -1 # ID=18_25;partial=00;start_type=ATG;rbs_motif=None;rbs_spacer=None;gc_cont=0.397
GCA_002044645.1_ASM204464v1_genomic	MYXM01000022.1_1	-	lolD.aln	-	3.6e-10	37.8	0.0	3.7e-10	37.8	0.0	1.0	1	0	0	1	1	1	1	# 3 # 194 # -1 # ID=14_1;partial=10;start_type=ATG;rbs_motif=None;rbs_spacer=None;gc_cont=0.667
GCA_002044645.1_ASM204464v1_genomic	MYXM01000001.1_38	-	lolD.aln	-	0.016	12.9	0.0	0.031	11.9	0.0	1.4	1	0	0	1	1	1	0	# 32805 # 33785 # 1 # ID=11_38;partial=00;start_type=ATG;rbs_motif=GGAG/GAGG;rbs_spacer=5-10bp;gc_cont=0.573
GCA_002044645.1_ASM204464v1_genomic	MYXM01000003.1_275	-	lolD.aln	-	0.054	11.1	0.0	0.12	10.0	0.0	1.5	1	0	0	1	1	1	0	# 268648 # 269949 # 1 # ID=33_275;partial=00;start_type=ATG;rbs_motif=AGGAG;rbs_spacer=5-10bp;gc_cont=0.512
GCA_002070905.1_ASM207090v1_genomic	MWEF01000005.1_6	-	lolD.aln	-	2.1e-63	209.6	0.0	3.3e-63	209.0	0.0	1.3	1	0	0	1	1	1	1	# 6399 # 8951 # -1 # ID=5_6;partial=00;start_type=ATG;rbs_motif=AGGAG;rbs_spacer=5-10bp;gc_cont=0.370
GCA_002070905.1_ASM207090v1_genomic	MWEF01000001.1_28	-	lolD.aln	-	2.7e-57	189.6	0.1	4e-57	189.1	0.1	1.2	1	0	0	1	1	1	1	# 29553 # 32495 # -1 # ID=1_28;partial=00;start_type=ATG;rbs_motif=AGGAG;rbs_spacer=5-10bp;gc_cont=0.374
GCA_002070905.1_ASM207090v1_genomic	MWEF01000001.1_87	-	lolD.aln	-	9.8e-47	155.1	4.0	2.1e-30	101.7	0.5	3.1	3	0	0	3	3	3	3	# 91391 # 92917 # 1 # ID=1_87;partial=00;start_type=ATG;rbs_motif=GGAG/GAGG;rbs_spacer=5-10bp;gc_cont=0.376
GCA_002070905.1_ASM207090v1_genomic	MWEF01000017.1_9	-	lolD.aln	-	2.6e-42	140.6	0.0	3.8e-42	140.1	0.0	1.2	1	0	0	1	1	1	1	# 10729 # 12138 # 1 # ID=17_9;partial=00;start_type=ATG;rbs_motif=AGGAGG;rbs_spacer=3-4bp;gc_cont=0.434
GCA_002070905.1_ASM207090v1_genomic	MWEF01000008.1_10	-	lolD.aln	-	2e-40	134.4	0.0	2.8e-40	134.0	0.0	1.2	1	0	0	1	1	1	1	# 13346 # 14569 # -1 # ID=8_10;partial=00;start_type=ATG;rbs_motif=AGGAG;rbs_spacer=5-10bp;gc_cont=0.415
GCA_002070905.1_ASM207090v1_genomic	MWEF01000004.1_15	-	lolD.aln	-	5.4e-40	133.0	0.1	7.4e-40	132.6	0.1	1.2	1	0	0	1	1	1	1	# 21382 # 22656 # 1 # ID=4_15;partial=00;start_type=ATG;rbs_motif=AGGAG;rbs_spacer=5-10bp;gc_cont=0.373
GCA_002070905.1_ASM207090v1_genomic	MWEF01000015.1_5	-	lolD.aln	-	7.2e-40	132.6	0.0	1.2e-39	131.9	0.0	1.4	1	0	0	1	1	1	1	# 5500 # 7356 # -1 # ID=15_5;partial=00;start_type=ATG;rbs_motif=GGAGG;rbs_spacer=5-10bp;gc_cont=0.348
GCA_002070905.1_ASM207090v1_genomic	MWEF01000008.1_24	-	lolD.aln	-	1.4e-39	131.7	0.2	7.2e-39	129.4	0.2	1.9	1	1	0	1	1	1	1	# 34946 # 36472 # 1 # ID=8_24;partial=00;start_type=ATG;rbs_motif=AGxAGG/AGGxGG;rbs_spacer=5-10bp;gc_cont=0.374
GCA_002070905.1_ASM207090v1_genomic	MWEF01000004.1_17	-	lolD.aln	-	9.9e-39	128.9	0.0	1.3e-38	128.5	0.0	1.2	1	0	0	1	1	1	1	# 23566 # 24597 # 1 # ID=4_17;partial=00;start_type=ATG;rbs_motif=AGGA;rbs_spacer=5-10bp;gc_cont=0.347
GCA_002070905.1_ASM207090v1_genomic	MWEF01000001.1_59	-	lolD.aln	-	1.5e-38	128.3	0.6	1.5e-22	76.0	0.1	2.3	2	0	0	2	2	2	2	# 61966 # 63519 # 1 # ID=1_59;partial=00;start_type=ATG;rbs_motif=AGGAG;rbs_spacer=5-10bp;gc_cont=0.414
GCA_002070905.1_ASM207090v1_genomic	MWEF01000016.1_17	-	lolD.aln	-	3.2e-38	127.3	0.1	4.5e-38	126.8	0.1	1.1	1	0	0	1	1	1	1	# 18093 # 19085 # 1 # ID=16_17;partial=00;start_type=ATG;rbs_motif=GGAG/GAGG;rbs_spacer=5-10bp;gc_cont=0.359
GCA_002070905.1_ASM207090v1_genomic	MWEF01000007.1_6	-	lolD.aln	-	9.8e-37	122.4	0.1	1.5e-36	121.8	0.1	1.2	1	0	0	1	1	1	1	# 6300 # 9002 # -1 # ID=7_6;partial=00;start_type=ATG;rbs_motif=None;rbs_spacer=None;gc_cont=0.327
GCA_002070905.1_ASM207090v1_genomic	MWEF01000005.1_21	-	lolD.aln	-	2.6e-35	117.7	0.4	1.2e-19	66.5	0.7	2.3	2	0	0	2	2	2	2	# 25307 # 26923 # -1 # ID=5_21;partial=00;start_type=ATG;rbs_motif=AGGAGG;rbs_spacer=5-10bp;gc_cont=0.364
GCA_002070905.1_ASM207090v1_genomic	MWEF01000001.1_60	-	lolD.aln	-	8.3e-34	112.8	0.1	2.1e-23	78.8	0.0	2.6	2	1	0	2	2	2	2	# 63512 # 65287 # 1 # ID=1_60;partial=00;start_type=ATG;rbs_motif=AGGAGG;rbs_spacer=5-10bp;gc_cont=0.383
GCA_002070905.1_ASM207090v1_genomic	MWEF01000016.1_16	-	lolD.aln	-	1.6e-33	111.8	0.1	2.2e-33	111.4	0.1	1.2	1	0	0	1	1	1	1	# 17053 # 18096 # 1 # ID=16_16;partial=00;start_type=ATG;rbs_motif=GGAGG;rbs_spacer=5-10bp;gc_cont=0.365
GCA_002070905.1_ASM207090v1_genomic	MWEF01000006.1_35	-	lolD.aln	-	1.7e-29	98.7	0.3	2.8e-29	98.0	0.3	1.4	1	0	0	1	1	1	1	# 40875 # 42632 # -1 # ID=6_35;partial=00;start_type=ATG;rbs_motif=None;rbs_spacer=None;gc_cont=0.376
GCA_002070905.1_ASM207090v1_genomic	MWEF01000008.1_32	-	lolD.aln	-	1.9e-27	92.0	0.1	4.1e-27	90.9	0.1	1.5	1	1	0	1	1	1	1	# 44903 # 45679 # -1 # ID=8_32;partial=00;start_type=ATG;rbs_motif=AGGAGG;rbs_spacer=3-4bp;gc_cont=0.362
GCA_002070905.1_ASM207090v1_genomic	MWEF01000016.1_5	-	lolD.aln	-	3.7e-27	91.1	0.0	1.4e-24	82.6	0.0	2.1	1	1	0	1	1	1	1	# 2855 # 3562 # -1 # ID=16_5;partial=00;start_type=ATG;rbs_motif=AGGAGG;rbs_spacer=5-10bp;gc_cont=0.369
GCA_002070905.1_ASM207090v1_genomic	MWEF01000014.1_19	-	lolD.aln	-	4.2e-27	90.9	0.4	6.1e-14	47.8	0.0	2.2	2	0	0	2	2	2	2	# 19315 # 20139 # 1 # ID=14_19;partial=00;start_type=ATG;rbs_motif=GGAG/GAGG;rbs_spacer=5-10bp;gc_cont=0.413
GCA_002070905.1_ASM207090v1_genomic	MWEF01000006.1_34	-	lolD.aln	-	6.3e-27	90.3	0.1	1e-26	89.7	0.1	1.2	1	0	0	1	1	1	1	# 39034 # 40878 # -1 # ID=6_34;partial=00;start_type=ATG;rbs_motif=GGAG/GAGG;rbs_spacer=5-10bp;gc_cont=0.388
GCA_002070905.1_ASM207090v1_genomic	MWEF01000001.1_10	-	lolD.aln	-	1.9e-26	88.8	3.6	2.4e-25	85.2	1.0	2.8	2	1	0	2	2	2	1	# 9829 # 11571 # 1 # ID=1_10;partial=00;start_type=ATG;rbs_motif=AGGAG(G)/GGAGG;rbs_spacer=13-15bp;gc_cont=0.347
GCA_002070905.1_ASM207090v1_genomic	MWEF01000005.1_31	-	lolD.aln	-	3.5e-26	87.9	0.0	7.8e-26	86.7	0.0	1.5	1	0	0	1	1	1	1	# 39250 # 41085 # -1 # ID=5_31;partial=00;start_type=ATG;rbs_motif=GGAGG;rbs_spacer=5-10bp;gc_cont=0.368
GCA_002070905.1_ASM207090v1_genomic	MWEF01000001.1_11	-	lolD.aln	-	4.3e-25	84.3	0.0	6.6e-25	83.7	0.0	1.2	1	0	0	1	1	1	1	# 11558 # 13252 # 1 # ID=1_11;partial=00;start_type=ATG;rbs_motif=GGAG/GAGG;rbs_spacer=5-10bp;gc_cont=0.340
GCA_002070905.1_ASM207090v1_genomic	MWEF01000014.1_18	-	lolD.aln	-	8.8e-25	83.3	0.0	7.7e-24	80.2	0.0	1.9	1	1	0	1	1	1	1	# 18489 # 19313 # 1 # ID=14_18;partial=00;start_type=ATG;rbs_motif=AGGAG;rbs_spacer=5-10bp;gc_cont=0.406
GCA_002070905.1_ASM207090v1_genomic	MWEF01000006.1_33	-	lolD.aln	-	1.1e-23	79.7	0.1	2.3e-23	78.6	0.1	1.5	1	0	0	1	1	1	1	# 37052 # 38878 # -1 # ID=6_33;partial=00;start_type=ATG;rbs_motif=GGA/GAG/AGG;rbs_spacer=5-10bp;gc_cont=0.372
GCA_002070905.1_ASM207090v1_genomic	MWEF01000010.1_28	-	lolD.aln	-	1.8e-23	79.0	1.7	6.6e-21	70.6	0.2	3.0	2	1	0	2	2	2	1	# 38398 # 39294 # -1 # ID=10_28;partial=00;start_type=ATG;rbs_motif=GGAG/GAGG;rbs_spacer=5-10bp;gc_cont=0.379
GCA_002070905.1_ASM207090v1_genomic	MWEF01000019.1_13	-	lolD.aln	-	8.7e-23	76.8	1.1	3.4e-08	29.0	0.1	4.2	4	0	0	4	4	4	4	# 11098 # 13938 # -1 # ID=19_13;partial=00;start_type=ATG;rbs_motif=None;rbs_spacer=None;gc_cont=0.391
GCA_002070905.1_ASM207090v1_genomic	MWEF01000006.1_32	-	lolD.aln	-	1.6e-22	75.9	0.0	2.7e-22	75.2	0.0	1.3	1	0	0	1	1	1	1	# 35210 # 37048 # -1 # ID=6_32;partial=00;start_type=ATG;rbs_motif=AGGAG/GGAGG;rbs_spacer=11-12bp;gc_cont=0.371
GCA_002070905.1_ASM207090v1_genomic	MWEF01000005.1_32	-	lolD.aln	-	1.5e-21	72.7	0.0	2.4e-21	72.1	0.0	1.3	1	0	0	1	1	1	1	# 41085 # 42908 # -1 # ID=5_32;partial=00;start_type=ATG;rbs_motif=GGA/GAG/AGG;rbs_spacer=5-10bp;gc_cont=0.367
GCA_002070905.1_ASM207090v1_genomic	MWEF01000021.1_11	-	lolD.aln	-	1.4e-19	66.3	0.0	6e-19	64.2	0.0	2.0	2	1	0	2	2	2	1	# 10668 # 12251 # 1 # ID=21_11;partial=00;start_type=TTG;rbs_motif=GGA/GAG/AGG;rbs_spacer=5-10bp;gc_cont=0.292
GCA_002070905.1_ASM207090v1_genomic	MWEF01000007.1_41	-	lolD.aln	-	2.8e-18	62.0	0.3	1.8e-12	43.0	0.1	2.1	2	0	0	2	2	2	2	# 42287 # 43129 # -1 # ID=7_41;partial=00;start_type=ATG;rbs_motif=GGA/GAG/AGG;rbs_spacer=5-10bp;gc_cont=0.367
GCA_002070905.1_ASM207090v1_genomic	MWEF01000002.1_71	-	lolD.aln	-	0.0055	12.0	0.0	0.008	11.5	0.0	1.2	1	0	0	1	1	1	1	# 84547 # 85407 # -1 # ID=2_71;partial=00;start_type=ATG;rbs_motif=GGAG/GAGG;rbs_spacer=5-10bp;gc_cont=0.348
GCA_002098335.1_ASM209833v1_genomic	MWGN01000084.1_279	-	lolD.aln	-	2e-113	375.1	2.5	2.3e-113	374.9	2.5	1.0	1	0	0	1	1	1	1	# 303304 # 303990 # 1 # ID=32_279;partial=00;start_type=ATG;rbs_motif=GGAG/GAGG;rbs_spacer=5-10bp;gc_cont=0.498
GCA_002098335.1_ASM209833v1_genomic	MWGN01000043.1_9	-	lolD.aln	-	2.5e-86	286.5	1.0	6.9e-44	147.6	0.1	2.1	2	0	0	2	2	2	2	# 12458 # 14173 # 1 # ID=1_9;partial=00;start_type=ATG;rbs_motif=GGAG/GAGG;rbs_spacer=5-10bp;gc_cont=0.503
GCA_002098335.1_ASM209833v1_genomic	MWGN01000044.1_9	-	lolD.aln	-	6.1e-84	278.7	0.7	6.8e-84	278.5	0.7	1.0	1	0	0	1	1	1	1	# 8962 # 9639 # 1 # ID=54_9;partial=00;start_type=ATG;rbs_motif=AGxAG;rbs_spacer=5-10bp;gc_cont=0.506
GCA_002098335.1_ASM209833v1_genomic	MWGN01000024.1_165	-	lolD.aln	-	1.6e-82	274.0	1.0	6.2e-44	147.8	0.1	2.1	2	0	0	2	2	2	2	# 188035 # 189654 # 1 # ID=21_165;partial=00;start_type=ATG;rbs_motif=AGGA;rbs_spacer=5-10bp;gc_cont=0.485
GCA_002098335.1_ASM209833v1_genomic	MWGN01000056.1_208	-	lolD.aln	-	9.3e-80	265.0	0.1	1.1e-79	264.8	0.1	1.0	1	0	0	1	1	1	1	# 254683 # 255384 # -1 # ID=43_208;partial=00;start_type=ATG;rbs_motif=GGA/GAG/AGG;rbs_spacer=5-10bp;gc_cont=0.499
GCA_002098335.1_ASM209833v1_genomic	MWGN01000044.1_185	-	lolD.aln	-	1.1e-79	264.8	1.3	5.6e-41	138.1	0.1	2.1	2	0	0	2	2	2	2	# 209434 # 211026 # 1 # ID=54_185;partial=00;start_type=ATG;rbs_motif=GGAG/GAGG;rbs_spacer=5-10bp;gc_cont=0.506
GCA_002098335.1_ASM209833v1_genomic	MWGN01000024.1_56	-	lolD.aln	-	2.4e-69	230.9	0.6	2.8e-69	230.7	0.6	1.0	1	0	0	1	1	1	1	# 69527 # 70210 # -1 # ID=21_56;partial=00;start_type=ATG;rbs_motif=AGGAGG;rbs_spacer=3-4bp;gc_cont=0.503
GCA_002098335.1_ASM209833v1_genomic	MWGN01000081.1_34	-	lolD.aln	-	5.2e-60	200.4	0.3	8.5e-60	199.7	0.3	1.3	1	0	0	1	1	1	1	# 30438 # 31472 # -1 # ID=9_34;partial=00;start_type=ATG;rbs_motif=GGA/GAG/AGG;rbs_spacer=5-10bp;gc_cont=0.490
GCA_002098335.1_ASM209833v1_genomic	MWGN01000056.1_147	-	lolD.aln	-	5.1e-58	193.9	0.0	5.8e-58	193.7	0.0	1.0	1	0	0	1	1	1	1	# 181932 # 182603 # 1 # ID=43_147;partial=00;start_type=ATG;rbs_motif=GGA/GAG/AGG;rbs_spacer=5-10bp;gc_cont=0.499
GCA_002098335.1_ASM209833v1_genomic	MWGN01000051.1_11	-	lolD.aln	-	3.3e-56	188.0	0.0	3.7e-56	187.8	0.0	1.0	1	0	0	1	1	1	1	# 12115 # 12789 # -1 # ID=5_11;partial=00;start_type=GTG;rbs_motif=GGAG/GAGG;rbs_spacer=5-10bp;gc_cont=0.502
GCA_002098335.1_ASM209833v1_genomic	MWGN01000024.1_277	-	lolD.aln	-	2.1e-55	185.3	10.7	7.8e-26	88.6	1.5	3.0	3	0	0	3	3	3	3	# 319813 # 321195 # 1 # ID=21_277;partial=00;start_type=GTG;rbs_motif=AGGA;rbs_spacer=5-10bp;gc_cont=0.517
GCA_002098335.1_ASM209833v1_genomic	MWGN01000084.1_298	-	lolD.aln	-	6.8e-52	173.8	0.2	9e-52	173.4	0.2	1.1	1	0	0	1	1	1	1	# 327362 # 328132 # 1 # ID=32_298;partial=00;start_type=ATG;rbs_motif=GGAG/GAGG;rbs_spacer=5-10bp;gc_cont=0.471
GCA_002098335.1_ASM209833v1_genomic	MWGN01000044.1_28	-	lolD.aln	-	9.2e-52	173.4	0.6	1.1e-51	173.2	0.6	1.0	1	0	0	1	1	1	1	# 31352 # 32095 # 1 # ID=54_28;partial=00;start_type=ATG;rbs_motif=None;rbs_spacer=None;gc_cont=0.503
GCA_002098335.1_ASM209833v1_genomic	MWGN01000041.1_412	-	lolD.aln	-	1.1e-51	173.1	0.0	1.3e-51	172.9	0.0	1.0	1	0	0	1	1	1	1	# 474273 # 475028 # -1 # ID=11_412;partial=00;start_type=ATG;rbs_motif=AGGA;rbs_spacer=5-10bp;gc_cont=0.447
GCA_002098335.1_ASM209833v1_genomic	MWGN01000031.1_48	-	lolD.aln	-	1.2e-51	173.1	0.6	1.3e-51	172.9	0.6	1.0	1	0	0	1	1	1	1	# 48257 # 48994 # 1 # ID=6_48;partial=00;start_type=ATG;rbs_motif=GGA/GAG/AGG;rbs_spacer=5-10bp;gc_cont=0.493
GCA_002098335.1_ASM209833v1_genomic	MWGN01000024.1_402	-	lolD.aln	-	2.7e-50	168.6	1.4	1.4e-28	97.5	0.0	3.0	2	1	0	2	2	2	2	# 477600 # 479102 # 1 # ID=21_402;partial=00;start_type=ATG;rbs_motif=GGAGG;rbs_spacer=5-10bp;gc_cont=0.499
GCA_002098335.1_ASM209833v1_genomic	MWGN01000024.1_220	-	lolD.aln	-	3.7e-49	164.9	0.1	4.4e-49	164.6	0.1	1.1	1	0	0	1	1	1	1	# 251031 # 251750 # 1 # ID=21_220;partial=00;start_type=ATG;rbs_motif=None;rbs_spacer=None;gc_cont=0.489
GCA_002098335.1_ASM209833v1_genomic	MWGN01000048.1_52	-	lolD.aln	-	1.3e-48	163.1	0.0	1.7e-48	162.7	0.0	1.0	1	0	0	1	1	1	1	# 53961 # 54677 # 1 # ID=65_52;partial=00;start_type=ATG;rbs_motif=AGGAG;rbs_spacer=5-10bp;gc_cont=0.508
GCA_002098335.1_ASM209833v1_genomic	MWGN01000035.1_118	-	lolD.aln	-	6.8e-47	157.5	0.2	9.2e-47	157.1	0.2	1.1	1	0	0	1	1	1	1	# 138525 # 139655 # -1 # ID=87_118;partial=00;start_type=ATG;rbs_motif=AGxAGG/AGGxGG;rbs_spacer=5-10bp;gc_cont=0.507
GCA_002098335.1_ASM209833v1_genomic	MWGN01000041.1_476	-	lolD.aln	-	1.8e-46	156.1	0.5	2.6e-46	155.6	0.5	1.2	1	0	0	1	1	1	1	# 552111 # 553244 # -1 # ID=11_476;partial=00;start_type=GTG;rbs_motif=GGA/GAG/AGG;rbs_spacer=5-10bp;gc_cont=0.449
GCA_002098335.1_ASM209833v1_genomic	MWGN01000044.1_173	-	lolD.aln	-	9.4e-46	153.8	0.1	1.4e-45	153.2	0.1	1.2	1	0	0	1	1	1	1	# 195814 # 196986 # 1 # ID=54_173;partial=00;start_type=ATG;rbs_motif=GGA/GAG/AGG;rbs_spacer=5-10bp;gc_cont=0.495
GCA_002098335.1_ASM209833v1_genomic	MWGN01000044.1_95	-	lolD.aln	-	6e-44	147.9	0.1	7.9e-44	147.5	0.1	1.2	1	0	0	1	1	1	1	# 110048 # 111103 # -1 # ID=54_95;partial=00;start_type=GTG;rbs_motif=AGGAG;rbs_spacer=5-10bp;gc_cont=0.473
GCA_002098335.1_ASM209833v1_genomic	MWGN01000041.1_167	-	lolD.aln	-	2.5e-43	145.8	0.8	2.9e-43	145.6	0.8	1.0	1	0	0	1	1	1	1	# 188633 # 189604 # 1 # ID=11_167;partial=00;start_type=ATG;rbs_motif=AGGA;rbs_spacer=5-10bp;gc_cont=0.500
GCA_002098335.1_ASM209833v1_genomic	MWGN01000067.1_109	-	lolD.aln	-	3.6e-43	145.3	0.2	5.1e-12	43.4	0.0	4.2	4	0	0	4	4	4	4	# 118027 # 119694 # -1 # ID=2_109;partial=00;start_type=ATG;rbs_motif=AGGA;rbs_spacer=5-10bp;gc_cont=0.507
GCA_002098335.1_ASM209833v1_genomic	MWGN01000024.1_138	-	lolD.aln	-	4.2e-43	145.1	0.1	5.7e-43	144.7	0.1	1.2	1	0	0	1	1	1	1	# 161012 # 162133 # 1 # ID=21_138;partial=00;start_type=ATG;rbs_motif=GGAG/GAGG;rbs_spacer=5-10bp;gc_cont=0.502
GCA_002098335.1_ASM209833v1_genomic	MWGN01000041.1_383	-	lolD.aln	-	4.9e-43	144.9	0.1	7.8e-21	72.2	0.0	3.0	3	0	0	3	3	3	3	# 436582 # 438090 # 1 # ID=11_383;partial=00;start_type=ATG;rbs_motif=None;rbs_spacer=None;gc_cont=0.466
GCA_002098335.1_ASM209833v1_genomic	MWGN01000056.1_222	-	lolD.aln	-	1.3e-42	143.4	0.2	2e-42	142.9	0.2	1.2	1	0	0	1	1	1	1	# 270345 # 271526 # -1 # ID=43_222;partial=00;start_type=GTG;rbs_motif=AGGA;rbs_spacer=5-10bp;gc_cont=0.497
GCA_002098335.1_ASM209833v1_genomic	MWGN01000056.1_285	-	lolD.aln	-	4e-42	141.9	0.2	5.6e-18	62.9	0.3	4.3	3	1	0	3	3	3	3	# 342902 # 344821 # 1 # ID=43_285;partial=00;start_type=ATG;rbs_motif=3Base/5BMM;rbs_spacer=13-15bp;gc_cont=0.450
GCA_002098335.1_ASM209833v1_genomic	MWGN01000041.1_168	-	lolD.aln	-	4.3e-40	135.2	0.0	6e-40	134.8	0.0	1.1	1	0	0	1	1	1	1	# 189601 # 190593 # 1 # ID=11_168;partial=00;start_type=ATG;rbs_motif=GGAGG;rbs_spacer=5-10bp;gc_cont=0.482
GCA_002098335.1_ASM209833v1_genomic	MWGN01000035.1_57	-	lolD.aln	-	9e-39	130.9	0.0	1.2e-38	130.6	0.0	1.2	1	0	0	1	1	1	1	# 69727 # 70758 # -1 # ID=87_57;partial=00;start_type=ATG;rbs_motif=AGGA/GGAG/GAGG;rbs_spacer=11-12bp;gc_cont=0.517
GCA_002098335.1_ASM209833v1_genomic	MWGN01000048.1_23	-	lolD.aln	-	2.9e-38	129.3	0.0	3.6e-38	129.0	0.0	1.0	1	0	0	1	1	1	1	# 24770 # 25573 # -1 # ID=65_23;partial=00;start_type=ATG;rbs_motif=None;rbs_spacer=None;gc_cont=0.502
GCA_002098335.1_ASM209833v1_genomic	MWGN01000035.1_51	-	lolD.aln	-	1.4e-37	127.0	0.1	1.9e-37	126.6	0.1	1.1	1	0	0	1	1	1	1	# 59970 # 60965 # 1 # ID=87_51;partial=00;start_type=ATG;rbs_motif=GGAG/GAGG;rbs_spacer=5-10bp;gc_cont=0.493
GCA_002098335.1_ASM209833v1_genomic	MWGN01000056.1_253	-	lolD.aln	-	6e-37	124.9	0.2	1.7e-14	51.5	0.1	4.2	3	1	0	3	3	3	3	# 301405 # 302997 # 1 # ID=43_253;partial=00;start_type=TTG;rbs_motif=GGA/GAG/AGG;rbs_spacer=5-10bp;gc_cont=0.488
GCA_002098335.1_ASM209833v1_genomic	MWGN01000056.1_119	-	lolD.aln	-	1e-36	124.2	0.0	1.3e-36	123.9	0.0	1.1	1	0	0	1	1	1	1	# 144694 # 145620 # -1 # ID=43_119;partial=00;start_type=ATG;rbs_motif=AGGAG;rbs_spacer=5-10bp;gc_cont=0.491
GCA_002098335.1_ASM209833v1_genomic	MWGN01000035.1_50	-	lolD.aln	-	8e-36	121.3	0.0	9.4e-36	121.0	0.0	1.1	1	0	0	1	1	1	1	# 58944 # 59927 # 1 # ID=87_50;partial=00;start_type=ATG;rbs_motif=GGAG/GAGG;rbs_spacer=5-10bp;gc_cont=0.486
GCA_002098335.1_ASM209833v1_genomic	MWGN01000048.1_38	-	lolD.aln	-	1.8e-34	116.9	0.0	2.5e-34	116.4	0.0	1.1	1	0	0	1	1	1	1	# 37638 # 38354 # -1 # ID=65_38;partial=00;start_type=ATG;rbs_motif=GGAG/GAGG;rbs_spacer=5-10bp;gc_cont=0.524
GCA_002098335.1_ASM209833v1_genomic	MWGN01000048.1_106	-	lolD.aln	-	5.2e-34	115.3	2.9	7.9e-15	52.6	0.0	4.4	3	2	0	4	4	3	3	# 95948 # 97864 # 1 # ID=65_106;partial=00;start_type=ATG;rbs_motif=None;rbs_spacer=None;gc_cont=0.519
GCA_002098335.1_ASM209833v1_genomic	MWGN01000044.1_61	-	lolD.aln	-	1.6e-32	110.5	0.0	4.2e-32	109.1	0.0	1.6	2	0	0	2	2	1	1	# 66817 # 67917 # 1 # ID=54_61;partial=00;start_type=ATG;rbs_motif=GGA/GAG/AGG;rbs_spacer=11-12bp;gc_cont=0.540
GCA_002098335.1_ASM209833v1_genomic	MWGN01000045.1_131	-	lolD.aln	-	3.4e-32	109.4	0.0	4.4e-32	109.1	0.0	1.1	1	0	0	1	1	1	1	# 152143 # 152964 # -1 # ID=90_131;partial=00;start_type=ATG;rbs_motif=None;rbs_spacer=None;gc_cont=0.483
GCA_002098335.1_ASM209833v1_genomic	MWGN01000035.1_76	-	lolD.aln	-	3.5e-32	109.4	0.0	4.7e-32	109.0	0.0	1.2	1	0	0	1	1	1	1	# 94569 # 95486 # -1 # ID=87_76;partial=00;start_type=ATG;rbs_motif=GGA/GAG/AGG;rbs_spacer=5-10bp;gc_cont=0.485
GCA_002098335.1_ASM209833v1_genomic	MWGN01000084.1_283	-	lolD.aln	-	9.3e-32	108.0	0.3	1.6e-31	107.2	0.3	1.3	1	0	0	1	1	1	1	# 308163 # 309911 # 1 # ID=32_283;partial=00;start_type=ATG;rbs_motif=None;rbs_spacer=None;gc_cont=0.492
GCA_002098335.1_ASM209833v1_genomic	MWGN01000056.1_94	-	lolD.aln	-	4.2e-31	105.8	0.4	1.5e-30	104.0	0.4	1.7	1	1	0	1	1	1	1	# 118550 # 119338 # -1 # ID=43_94;partial=00;start_type=ATG;rbs_motif=GGAG/GAGG;rbs_spacer=5-10bp;gc_cont=0.497
GCA_002098335.1_ASM209833v1_genomic	MWGN01000024.1_260	-	lolD.aln	-	1.8e-30	103.7	0.0	3.4e-30	102.9	0.0	1.4	1	0	0	1	1	1	1	# 300445 # 302559 # 1 # ID=21_260;partial=00;start_type=ATG;rbs_motif=GGA/GAG/AGG;rbs_spacer=5-10bp;gc_cont=0.490
GCA_002098335.1_ASM209833v1_genomic	MWGN01000043.1_40	-	lolD.aln	-	4.6e-30	102.4	1.7	9.8e-19	65.4	0.1	2.0	2	0	0	2	2	2	2	# 52646 # 53431 # 1 # ID=1_40;partial=00;start_type=ATG;rbs_motif=GGA/GAG/AGG;rbs_spacer=5-10bp;gc_cont=0.532
GCA_002098335.1_ASM209833v1_genomic	MWGN01000048.1_29	-	lolD.aln	-	8.2e-30	101.6	0.2	9.5e-30	101.4	0.2	1.1	1	0	0	1	1	1	1	# 29753 # 30478 # 1 # ID=65_29;partial=00;start_type=ATG;rbs_motif=GGA/GAG/AGG;rbs_spacer=5-10bp;gc_cont=0.512
GCA_002098335.1_ASM209833v1_genomic	MWGN01000056.1_112	-	lolD.aln	-	9e-30	101.5	0.0	1.1e-29	101.1	0.0	1.0	1	0	0	1	1	1	1	# 138660 # 139322 # -1 # ID=43_112;partial=00;start_type=ATG;rbs_motif=None;rbs_spacer=None;gc_cont=0.487
GCA_002098335.1_ASM209833v1_genomic	MWGN01000024.1_111	-	lolD.aln	-	4e-29	99.4	0.3	4.9e-29	99.1	0.3	1.1	1	0	0	1	1	1	1	# 132575 # 133354 # 1 # ID=21_111;partial=00;start_type=ATG;rbs_motif=GGA/GAG/AGG;rbs_spacer=11-12bp;gc_cont=0.518
GCA_002098335.1_ASM209833v1_genomic	MWGN01000024.1_351	-	lolD.aln	-	7.4e-29	98.5	0.0	1e-28	98.1	0.0	1.1	1	0	0	1	1	1	1	# 417654 # 418409 # 1 # ID=21_351;partial=00;start_type=ATG;rbs_motif=GGA/GAG/AGG;rbs_spacer=5-10bp;gc_cont=0.476
GCA_002098335.1_ASM209833v1_genomic	MWGN01000041.1_496	-	lolD.aln	-	7.8e-29	98.4	0.1	1.3e-28	97.7	0.1	1.3	1	0	0	1	1	1	1	# 573083 # 575191 # -1 # ID=11_496;partial=00;start_type=ATG;rbs_motif=None;rbs_spacer=None;gc_cont=0.452
GCA_002098335.1_ASM209833v1_genomic	MWGN01000045.1_83	-	lolD.aln	-	8e-29	98.4	0.4	5.8e-28	95.6	0.4	1.9	1	1	0	1	1	1	1	# 99418 # 100257 # -1 # ID=90_83;partial=00;start_type=ATG;rbs_motif=GGA/GAG/AGG;rbs_spacer=11-12bp;gc_cont=0.508
GCA_002098335.1_ASM209833v1_genomic	MWGN01000084.1_93	-	lolD.aln	-	1.2e-28	97.8	2.9	8.1e-19	65.6	0.2	2.2	1	1	0	2	2	2	2	# 89470 # 90258 # -1 # ID=32_93;partial=00;start_type=ATG;rbs_motif=GGA/GAG/AGG;rbs_spacer=5-10bp;gc_cont=0.465
GCA_002098335.1_ASM209833v1_genomic	MWGN01000056.1_248	-	lolD.aln	-	1.3e-28	97.7	0.0	1.9e-28	97.1	0.0	1.3	1	1	0	1	1	1	1	# 295161 # 295883 # -1 # ID=43_248;partial=00;start_type=ATG;rbs_motif=GGA/GAG/AGG;rbs_spacer=5-10bp;gc_cont=0.490
GCA_002098335.1_ASM209833v1_genomic	MWGN01000043.1_38	-	lolD.aln	-	1.4e-28	97.6	1.5	2.8e-28	96.6	1.5	1.5	1	0	0	1	1	1	1	# 48452 # 50281 # -1 # ID=1_38;partial=00;start_type=ATG;rbs_motif=GGA/GAG/AGG;rbs_spacer=5-10bp;gc_cont=0.507
GCA_002098335.1_ASM209833v1_genomic	MWGN01000041.1_494	-	lolD.aln	-	2.9e-28	96.6	0.0	5.2e-28	95.7	0.0	1.4	1	0	0	1	1	1	1	# 569557 # 571722 # -1 # ID=11_494;partial=00;start_type=ATG;rbs_motif=GGAG/GAGG;rbs_spacer=5-10bp;gc_cont=0.496
GCA_002098335.1_ASM209833v1_genomic	MWGN01000056.1_273	-	lolD.aln	-	1.3e-27	94.4	1.4	4.5e-27	92.7	1.4	1.8	1	1	0	1	1	1	1	# 324279 # 326075 # -1 # ID=43_273;partial=00;start_type=ATG;rbs_motif=4Base/6BMM;rbs_spacer=13-15bp;gc_cont=0.467
GCA_002098335.1_ASM209833v1_genomic	MWGN01000022.1_41	-	lolD.aln	-	1.5e-27	94.2	0.6	1.8e-27	93.9	0.6	1.1	1	0	0	1	1	1	1	# 39886 # 40650 # -1 # ID=7_41;partial=00;start_type=ATG;rbs_motif=None;rbs_spacer=None;gc_cont=0.498
GCA_002098335.1_ASM209833v1_genomic	MWGN01000010.1_101	-	lolD.aln	-	4.4e-27	92.7	5.6	9.4e-10	36.0	0.0	4.3	4	0	0	4	4	4	4	# 108714 # 111536 # 1 # ID=3_101;partial=00;start_type=ATG;rbs_motif=GGA/GAG/AGG;rbs_spacer=5-10bp;gc_cont=0.489
GCA_002098335.1_ASM209833v1_genomic	MWGN01000024.1_183	-	lolD.aln	-	6.2e-27	92.2	1.0	1.1e-26	91.4	1.0	1.3	1	0	0	1	1	1	1	# 212808 # 214667 # 1 # ID=21_183;partial=00;start_type=ATG;rbs_motif=AGGA;rbs_spacer=5-10bp;gc_cont=0.507
GCA_002098335.1_ASM209833v1_genomic	MWGN01000041.1_249	-	lolD.aln	-	1.8e-26	90.7	0.4	9.7e-26	88.3	0.4	2.0	1	1	0	1	1	1	1	# 278317 # 280038 # -1 # ID=11_249;partial=00;start_type=ATG;rbs_motif=GGA/GAG/AGG;rbs_spacer=5-10bp;gc_cont=0.519
GCA_002098335.1_ASM209833v1_genomic	MWGN01000056.1_95	-	lolD.aln	-	2.4e-25	87.0	0.1	3.2e-24	83.3	0.1	2.0	1	1	0	1	1	1	1	# 119335 # 120330 # -1 # ID=43_95;partial=00;start_type=ATG;rbs_motif=GGAG/GAGG;rbs_spacer=5-10bp;gc_cont=0.500
GCA_002098335.1_ASM209833v1_genomic	MWGN01000041.1_176	-	lolD.aln	-	4e-25	86.3	1.3	1.1e-24	84.9	1.3	1.6	1	1	0	1	1	1	1	# 199061 # 199855 # 1 # ID=11_176;partial=00;start_type=ATG;rbs_motif=AGGAG;rbs_spacer=5-10bp;gc_cont=0.504
GCA_002098335.1_ASM209833v1_genomic	MWGN01000041.1_250	-	lolD.aln	-	2.8e-24	83.5	0.1	4.3e-24	82.9	0.1	1.2	1	0	0	1	1	1	1	# 280031 # 281818 # -1 # ID=11_250;partial=00;start_type=ATG;rbs_motif=None;rbs_spacer=None;gc_cont=0.507
GCA_002098335.1_ASM209833v1_genomic	MWGN01000084.1_116	-	lolD.aln	-	6.9e-24	82.2	0.0	9.2e-24	81.8	0.0	1.1	1	0	0	1	1	1	1	# 118505 # 119128 # 1 # ID=32_116;partial=00;start_type=ATG;rbs_motif=AGxAG;rbs_spacer=5-10bp;gc_cont=0.471
GCA_002098335.1_ASM209833v1_genomic	MWGN01000041.1_306	-	lolD.aln	-	5.6e-17	59.6	0.1	9.5e-17	58.9	0.1	1.3	1	1	0	1	1	1	1	# 343231 # 343986 # 1 # ID=11_306;partial=00;start_type=ATG;rbs_motif=GGA/GAG/AGG;rbs_spacer=5-10bp;gc_cont=0.507
GCA_002098335.1_ASM209833v1_genomic	MWGN01000043.1_84	-	lolD.aln	-	6.2e-17	59.5	0.0	7.2e-10	36.4	0.0	2.0	1	1	1	2	2	2	2	# 97640 # 98392 # 1 # ID=1_84;partial=00;start_type=ATG;rbs_motif=None;rbs_spacer=None;gc_cont=0.364
GCA_002098335.1_ASM209833v1_genomic	MWGN01000010.1_33	-	lolD.aln	-	2e-05	21.8	0.0	3.6e-05	21.0	0.0	1.4	1	0	0	1	1	1	1	# 35766 # 36872 # -1 # ID=3_33;partial=00;start_type=ATG;rbs_motif=GGA/GAG/AGG;rbs_spacer=5-10bp;gc_cont=0.508
GCA_002098335.1_ASM209833v1_genomic	MWGN01000013.1_163	-	lolD.aln	-	0.00019	18.7	0.2	0.27	8.4	0.0	2.2	2	0	0	2	2	2	2	# 201960 # 202937 # -1 # ID=76_163;partial=00;start_type=ATG;rbs_motif=GGAG/GAGG;rbs_spacer=5-10bp;gc_cont=0.487
GCA_002098335.1_ASM209833v1_genomic	MWGN01000013.1_91	-	lolD.aln	-	0.001	16.2	0.0	0.0035	14.5	0.0	1.8	2	0	0	2	2	2	1	# 110052 # 111674 # 1 # ID=76_91;partial=00;start_type=ATG;rbs_motif=GGAG/GAGG;rbs_spacer=5-10bp;gc_cont=0.307
GCA_002098335.1_ASM209833v1_genomic	MWGN01000084.1_360	-	lolD.aln	-	0.0089	13.2	0.0	0.017	12.2	0.0	1.4	1	0	0	1	1	1	1	# 387378 # 388487 # 1 # ID=32_360;partial=00;start_type=ATG;rbs_motif=GGAG/GAGG;rbs_spacer=5-10bp;gc_cont=0.447
GCA_002098335.1_ASM209833v1_genomic	MWGN01000084.1_352	-	lolD.aln	-	0.024	11.8	0.2	0.054	10.6	0.2	1.5	1	0	0	1	1	1	0	# 381089 # 382075 # -1 # ID=32_352;partial=00;start_type=ATG;rbs_motif=GGAG/GAGG;rbs_spacer=5-10bp;gc_cont=0.435
GCA_002201815.1_ASM220181v1_genomic	CP021896.1_2391	-	lolD.aln	-	1.6e-115	382.3	0.2	1.8e-115	382.2	0.2	1.0	1	0	0	1	1	1	1	# 2615499 # 2616200 # 1 # ID=1_2391;partial=00;start_type=ATG;rbs_motif=GGAG/GAGG;rbs_spacer=5-10bp;gc_cont=0.588
GCA_002201815.1_ASM220181v1_genomic	CP021896.1_1801	-	lolD.aln	-	1.5e-79	264.7	0.2	1.7e-79	264.5	0.2	1.0	1	0	0	1	1	1	1	# 1976798 # 1977484 # 1 # ID=1_1801;partial=00;start_type=ATG;rbs_motif=AGGA;rbs_spacer=5-10bp;gc_cont=0.608
GCA_002201815.1_ASM220181v1_genomic	CP021896.1_3539	-	lolD.aln	-	2.2e-78	260.8	3.6	8.2e-40	134.7	0.3	2.1	2	0	0	2	2	2	2	# 3871827 # 3873416 # 1 # ID=1_3539;partial=00;start_type=ATG;rbs_motif=AGxAGG/AGGxGG;rbs_spacer=5-10bp;gc_cont=0.591
GCA_002201815.1_ASM220181v1_genomic	CP021896.1_2119	-	lolD.aln	-	2.2e-76	254.3	2.4	2.3e-39	133.2	0.0	2.2	2	0	0	2	2	2	2	# 2321789 # 2323660 # 1 # ID=1_2119;partial=00;start_type=GTG;rbs_motif=AGxAGG/AGGxGG;rbs_spacer=5-10bp;gc_cont=0.600
GCA_002201815.1_ASM220181v1_genomic	CP021896.1_2193	-	lolD.aln	-	1.2e-72	242.1	0.2	1.7e-72	241.6	0.2	1.2	1	0	0	1	1	1	1	# 2398682 # 2400622 # 1 # ID=1_2193;partial=00;start_type=ATG;rbs_motif=GGAG/GAGG;rbs_spacer=5-10bp;gc_cont=0.604
GCA_002201815.1_ASM220181v1_genomic	CP021896.1_481	-	lolD.aln	-	3.1e-62	208.0	0.0	3.4e-62	207.9	0.0	1.0	1	0	0	1	1	1	1	# 507462 # 508127 # -1 # ID=1_481;partial=00;start_type=ATG;rbs_motif=GGAG/GAGG;rbs_spacer=5-10bp;gc_cont=0.592
GCA_002201815.1_ASM220181v1_genomic	CP021896.1_1578	-	lolD.aln	-	8.2e-61	203.4	0.3	1e-60	203.1	0.3	1.1	1	0	0	1	1	1	1	# 1734815 # 1735846 # -1 # ID=1_1578;partial=00;start_type=ATG;rbs_motif=None;rbs_spacer=None;gc_cont=0.545
GCA_002201815.1_ASM220181v1_genomic	CP021896.1_2089	-	lolD.aln	-	2.7e-58	195.2	0.2	3e-58	195.0	0.2	1.0	1	0	0	1	1	1	1	# 2286067 # 2286789 # -1 # ID=1_2089;partial=00;start_type=GTG;rbs_motif=AGGA;rbs_spacer=5-10bp;gc_cont=0.571
GCA_002201815.1_ASM220181v1_genomic	CP021896.1_2536	-	lolD.aln	-	9.9e-58	193.3	0.6	1.3e-57	192.9	0.6	1.1	1	0	0	1	1	1	1	# 2761850 # 2762872 # 1 # ID=1_2536;partial=00;start_type=ATG;rbs_motif=GGA/GAG/AGG;rbs_spacer=11-12bp;gc_cont=0.566
GCA_002201815.1_ASM220181v1_genomic	CP021896.1_3309	-	lolD.aln	-	9e-53	177.1	0.1	1e-52	176.9	0.1	1.0	1	0	0	1	1	1	1	# 3605974 # 3606726 # -1 # ID=1_3309;partial=00;start_type=ATG;rbs_motif=AGGAG/GGAGG;rbs_spacer=11-12bp;gc_cont=0.562
GCA_002201815.1_ASM220181v1_genomic	CP021896.1_1101	-	lolD.aln	-	2.8e-51	172.2	1.6	3e-30	103.4	0.3	2.1	2	0	0	2	2	2	2	# 1214599 # 1216113 # -1 # ID=1_1101;partial=00;start_type=ATG;rbs_motif=AGGAG;rbs_spacer=5-10bp;gc_cont=0.612
GCA_002201815.1_ASM220181v1_genomic	CP021896.1_1965	-	lolD.aln	-	4.7e-51	171.5	0.7	5.3e-51	171.3	0.7	1.0	1	0	0	1	1	1	1	# 2146501 # 2147226 # -1 # ID=1_1965;partial=00;start_type=ATG;rbs_motif=AGGA;rbs_spacer=5-10bp;gc_cont=0.532
GCA_002201815.1_ASM220181v1_genomic	CP021896.1_3797	-	lolD.aln	-	1e-50	170.4	0.5	1.5e-50	169.8	0.5	1.2	1	0	0	1	1	1	1	# 4123442 # 4124536 # -1 # ID=1_3797;partial=00;start_type=ATG;rbs_motif=AGGAG;rbs_spacer=5-10bp;gc_cont=0.603
GCA_002201815.1_ASM220181v1_genomic	CP021896.1_1214	-	lolD.aln	-	1.1e-50	170.3	0.0	3.6e-32	109.7	0.1	2.4	2	1	0	2	2	2	2	# 1334775 # 1336277 # 1 # ID=1_1214;partial=00;start_type=ATG;rbs_motif=GGAG/GAGG;rbs_spacer=5-10bp;gc_cont=0.601
GCA_002201815.1_ASM220181v1_genomic	CP021896.1_3678	-	lolD.aln	-	1.8e-50	169.5	1.5	2.2e-50	169.3	1.5	1.1	1	0	0	1	1	1	1	# 4016095 # 4016871 # -1 # ID=1_3678;partial=00;start_type=ATG;rbs_motif=GGA/GAG/AGG;rbs_spacer=5-10bp;gc_cont=0.552
GCA_002201815.1_ASM220181v1_genomic	CP021896.1_742	-	lolD.aln	-	4.4e-49	165.0	0.6	3.3e-26	90.2	0.0	2.9	2	1	0	2	2	2	2	# 821269 # 822774 # -1 # ID=1_742;partial=00;start_type=ATG;rbs_motif=GGAG/GAGG;rbs_spacer=5-10bp;gc_cont=0.568
GCA_002201815.1_ASM220181v1_genomic	CP021896.1_2073	-	lolD.aln	-	9.5e-49	163.9	0.0	4.1e-24	83.4	0.0	2.2	2	0	0	2	2	2	2	# 2267392 # 2269131 # -1 # ID=1_2073;partial=00;start_type=ATG;rbs_motif=GGA/GAG/AGG;rbs_spacer=5-10bp;gc_cont=0.597
GCA_002201815.1_ASM220181v1_genomic	CP021896.1_1724	-	lolD.aln	-	4.5e-47	158.5	1.4	2.5e-28	97.1	0.2	3.0	3	0	0	3	3	3	3	# 1891275 # 1892774 # -1 # ID=1_1724;partial=00;start_type=ATG;rbs_motif=AGGA;rbs_spacer=5-10bp;gc_cont=0.521
GCA_002201815.1_ASM220181v1_genomic	CP021896.1_2398	-	lolD.aln	-	2.7e-46	155.9	0.8	3.7e-46	155.4	0.8	1.2	1	0	0	1	1	1	1	# 2621941 # 2623026 # -1 # ID=1_2398;partial=00;start_type=GTG;rbs_motif=None;rbs_spacer=None;gc_cont=0.551
GCA_002201815.1_ASM220181v1_genomic	CP021896.1_595	-	lolD.aln	-	7.8e-46	154.4	1.2	8e-27	92.2	0.7	3.0	3	0	0	3	3	3	3	# 642793 # 644334 # 1 # ID=1_595;partial=00;start_type=ATG;rbs_motif=GGAG/GAGG;rbs_spacer=5-10bp;gc_cont=0.563
GCA_002201815.1_ASM220181v1_genomic	CP021896.1_2160	-	lolD.aln	-	8.9e-46	154.2	0.0	1.1e-45	153.9	0.0	1.0	1	0	0	1	1	1	1	# 2362004 # 2362732 # -1 # ID=1_2160;partial=00;start_type=ATG;rbs_motif=3Base/5BMM;rbs_spacer=13-15bp;gc_cont=0.549
GCA_002201815.1_ASM220181v1_genomic	CP021896.1_4028	-	lolD.aln	-	1.1e-45	153.9	0.9	1.7e-45	153.3	0.9	1.2	1	0	0	1	1	1	1	# 4392389 # 4393591 # 1 # ID=1_4028;partial=00;start_type=ATG;rbs_motif=4Base/6BMM;rbs_spacer=13-15bp;gc_cont=0.512
GCA_002201815.1_ASM220181v1_genomic	CP021896.1_3091	-	lolD.aln	-	1.8e-45	153.2	1.3	7.4e-45	151.2	1.3	1.8	1	1	0	1	1	1	1	# 3374806 # 3375594 # -1 # ID=1_3091;partial=00;start_type=ATG;rbs_motif=AGGAG;rbs_spacer=5-10bp;gc_cont=0.611
GCA_002201815.1_ASM220181v1_genomic	CP021896.1_686	-	lolD.aln	-	2.4e-45	152.8	0.1	1.2e-24	85.1	0.0	3.1	3	0	0	3	3	3	3	# 757500 # 759002 # 1 # ID=1_686;partial=00;start_type=ATG;rbs_motif=AGGAG;rbs_spacer=5-10bp;gc_cont=0.583
GCA_002201815.1_ASM220181v1_genomic	CP021896.1_1117	-	lolD.aln	-	3.9e-45	152.1	0.6	5.6e-45	151.6	0.6	1.2	1	0	0	1	1	1	1	# 1229105 # 1229893 # -1 # ID=1_1117;partial=00;start_type=ATG;rbs_motif=GGAG/GAGG;rbs_spacer=5-10bp;gc_cont=0.598
GCA_002201815.1_ASM220181v1_genomic	CP021896.1_3498	-	lolD.aln	-	9.6e-45	150.8	0.1	1.4e-22	78.3	0.0	2.8	2	1	0	2	2	2	2	# 3822493 # 3824013 # -1 # ID=1_3498;partial=00;start_type=ATG;rbs_motif=GGA/GAG/AGG;rbs_spacer=5-10bp;gc_cont=0.472
GCA_002201815.1_ASM220181v1_genomic	CP021896.1_2149	-	lolD.aln	-	2.6e-44	149.4	0.2	3.8e-44	148.9	0.2	1.2	1	0	0	1	1	1	1	# 2352003 # 2353136 # 1 # ID=1_2149;partial=00;start_type=GTG;rbs_motif=GGAG/GAGG;rbs_spacer=5-10bp;gc_cont=0.589
GCA_002201815.1_ASM220181v1_genomic	CP021896.1_2914	-	lolD.aln	-	4.4e-44	148.7	0.0	5.9e-44	148.3	0.0	1.1	1	0	0	1	1	1	1	# 3176276 # 3177049 # -1 # ID=1_2914;partial=00;start_type=ATG;rbs_motif=AGGAG;rbs_spacer=5-10bp;gc_cont=0.552
GCA_002201815.1_ASM220181v1_genomic	CP021896.1_3282	-	lolD.aln	-	4.5e-44	148.6	0.2	4.5e-27	93.0	0.0	3.1	3	0	0	3	3	3	3	# 3580474 # 3581988 # -1 # ID=1_3282;partial=00;start_type=ATG;rbs_motif=GGAG/GAGG;rbs_spacer=5-10bp;gc_cont=0.574
GCA_002201815.1_ASM220181v1_genomic	CP021896.1_155	-	lolD.aln	-	3.7e-43	145.7	1.1	7.3e-23	79.3	0.1	2.7	2	1	0	2	2	2	2	# 167252 # 168739 # -1 # ID=1_155;partial=00;start_type=ATG;rbs_motif=GGAG/GAGG;rbs_spacer=5-10bp;gc_cont=0.618
GCA_002201815.1_ASM220181v1_genomic	CP021896.1_999	-	lolD.aln	-	3.7e-43	145.6	0.1	4.8e-43	145.3	0.1	1.1	1	0	0	1	1	1	1	# 1094916 # 1095914 # 1 # ID=1_999;partial=00;start_type=ATG;rbs_motif=GGAGG;rbs_spacer=5-10bp;gc_cont=0.556
GCA_002201815.1_ASM220181v1_genomic	CP021896.1_467	-	lolD.aln	-	1.2e-42	143.9	0.1	1.6e-42	143.6	0.1	1.1	1	0	0	1	1	1	1	# 492260 # 493330 # -1 # ID=1_467;partial=00;start_type=ATG;rbs_motif=GGA/GAG/AGG;rbs_spacer=5-10bp;gc_cont=0.611
GCA_002201815.1_ASM220181v1_genomic	CP021896.1_2243	-	lolD.aln	-	1.5e-42	143.6	0.1	4.1e-42	142.2	0.1	1.6	1	1	0	1	1	1	1	# 2467306 # 2468076 # -1 # ID=1_2243;partial=00;start_type=ATG;rbs_motif=AGGAG;rbs_spacer=5-10bp;gc_cont=0.599
GCA_002201815.1_ASM220181v1_genomic	CP021896.1_1109	-	lolD.aln	-	2e-42	143.3	0.0	2.3e-42	143.1	0.0	1.0	1	0	0	1	1	1	1	# 1222736 # 1223491 # -1 # ID=1_1109;partial=00;start_type=ATG;rbs_motif=GGAG/GAGG;rbs_spacer=5-10bp;gc_cont=0.632
GCA_002201815.1_ASM220181v1_genomic	CP021896.1_1591	-	lolD.aln	-	2e-42	143.2	1.7	2.5e-42	142.9	1.7	1.1	1	0	0	1	1	1	1	# 1752774 # 1753787 # 1 # ID=1_1591;partial=00;start_type=ATG;rbs_motif=AGGA/GGAG/GAGG;rbs_spacer=11-12bp;gc_cont=0.599
GCA_002201815.1_ASM220181v1_genomic	CP021896.1_1050	-	lolD.aln	-	3e-42	142.7	0.2	4.5e-42	142.1	0.2	1.2	1	0	0	1	1	1	1	# 1160972 # 1162081 # 1 # ID=1_1050;partial=00;start_type=ATG;rbs_motif=GGAG/GAGG;rbs_spacer=5-10bp;gc_cont=0.569
GCA_002201815.1_ASM220181v1_genomic	CP021896.1_2107	-	lolD.aln	-	5.8e-42	141.7	0.4	3e-11	41.3	0.0	4.3	3	2	1	4	4	4	4	# 2305323 # 2306918 # 1 # ID=1_2107;partial=00;start_type=GTG;rbs_motif=AGGA;rbs_spacer=5-10bp;gc_cont=0.560
GCA_002201815.1_ASM220181v1_genomic	CP021896.1_3067	-	lolD.aln	-	6.3e-42	141.6	0.4	7.7e-42	141.3	0.4	1.0	1	0	0	1	1	1	1	# 3339399 # 3340412 # -1 # ID=1_3067;partial=00;start_type=ATG;rbs_motif=AGGAG;rbs_spacer=5-10bp;gc_cont=0.576
GCA_002201815.1_ASM220181v1_genomic	CP021896.1_2989	-	lolD.aln	-	1.8e-41	140.2	0.2	2.4e-41	139.7	0.2	1.1	1	0	0	1	1	1	1	# 3264390 # 3265472 # -1 # ID=1_2989;partial=00;start_type=ATG;rbs_motif=AGGA;rbs_spacer=5-10bp;gc_cont=0.520
GCA_002201815.1_ASM220181v1_genomic	CP021896.1_1394	-	lolD.aln	-	1.8e-41	140.1	0.1	2.4e-12	44.9	0.0	4.2	4	0	0	4	4	4	4	# 1520229 # 1521896 # -1 # ID=1_1394;partial=00;start_type=GTG;rbs_motif=AGGA/GGAG/GAGG;rbs_spacer=11-12bp;gc_cont=0.579
GCA_002201815.1_ASM220181v1_genomic	CP021896.1_1592	-	lolD.aln	-	3.6e-41	139.2	0.0	4.2e-41	138.9	0.0	1.1	1	0	0	1	1	1	1	# 1753784 # 1754866 # 1 # ID=1_1592;partial=00;start_type=ATG;rbs_motif=GGAG/GAGG;rbs_spacer=5-10bp;gc_cont=0.605
GCA_002201815.1_ASM220181v1_genomic	CP021896.1_1108	-	lolD.aln	-	9e-41	137.8	0.0	1.1e-40	137.6	0.0	1.0	1	0	0	1	1	1	1	# 1221899 # 1222579 # -1 # ID=1_1108;partial=00;start_type=ATG;rbs_motif=GGAG/GAGG;rbs_spacer=5-10bp;gc_cont=0.608
GCA_002201815.1_ASM220181v1_genomic	CP021896.1_1913	-	lolD.aln	-	6.9e-40	134.9	0.0	3.6e-22	77.0	0.2	3.1	3	0	0	3	3	3	3	# 2094653 # 2096155 # 1 # ID=1_1913;partial=00;start_type=ATG;rbs_motif=AGGA;rbs_spacer=5-10bp;gc_cont=0.627
GCA_002201815.1_ASM220181v1_genomic	CP021896.1_998	-	lolD.aln	-	7e-40	134.9	0.3	8.4e-40	134.7	0.3	1.1	1	0	0	1	1	1	1	# 1093936 # 1094919 # 1 # ID=1_998;partial=00;start_type=ATG;rbs_motif=GGAG/GAGG;rbs_spacer=5-10bp;gc_cont=0.566
GCA_002201815.1_ASM220181v1_genomic	CP021896.1_388	-	lolD.aln	-	1.1e-39	134.3	0.1	8.2e-18	62.7	0.0	3.5	2	2	1	3	3	3	3	# 400206 # 402110 # 1 # ID=1_388;partial=00;start_type=ATG;rbs_motif=3Base/5BMM;rbs_spacer=13-15bp;gc_cont=0.602
GCA_002201815.1_ASM220181v1_genomic	CP021896.1_2883	-	lolD.aln	-	1.7e-39	133.7	0.0	2.3e-12	44.9	0.0	4.3	4	0	0	4	4	4	4	# 3140966 # 3142675 # 1 # ID=1_2883;partial=00;start_type=ATG;rbs_motif=None;rbs_spacer=None;gc_cont=0.581
GCA_002201815.1_ASM220181v1_genomic	CP021896.1_2252	-	lolD.aln	-	3.4e-39	132.7	1.3	1.2e-17	62.2	0.0	4.8	4	1	0	4	4	4	3	# 2476841 # 2478748 # 1 # ID=1_2252;partial=00;start_type=ATG;rbs_motif=AGGA;rbs_spacer=5-10bp;gc_cont=0.557
GCA_002201815.1_ASM220181v1_genomic	CP021896.1_1660	-	lolD.aln	-	7.8e-39	131.5	0.2	2e-38	130.2	0.2	1.5	1	1	0	1	1	1	1	# 1822529 # 1823296 # 1 # ID=1_1660;partial=00;start_type=ATG;rbs_motif=AGxAGG/AGGxGG;rbs_spacer=5-10bp;gc_cont=0.596
GCA_002201815.1_ASM220181v1_genomic	CP021896.1_2644	-	lolD.aln	-	2.4e-38	129.9	0.0	3e-38	129.6	0.0	1.1	1	0	0	1	1	1	1	# 2872710 # 2873858 # -1 # ID=1_2644;partial=00;start_type=ATG;rbs_motif=GGA/GAG/AGG;rbs_spacer=5-10bp;gc_cont=0.573
GCA_002201815.1_ASM220181v1_genomic	CP021896.1_4179	-	lolD.aln	-	2.1e-37	126.8	0.1	3e-37	126.3	0.1	1.1	1	0	0	1	1	1	1	# 4557780 # 4558907 # 1 # ID=1_4179;partial=00;start_type=ATG;rbs_motif=GGAG/GAGG;rbs_spacer=5-10bp;gc_cont=0.551
GCA_002201815.1_ASM220181v1_genomic	CP021896.1_3066	-	lolD.aln	-	3.1e-37	126.3	0.0	3.8e-37	126.0	0.0	1.1	1	0	0	1	1	1	1	# 3338398 # 3339402 # -1 # ID=1_3066;partial=00;start_type=ATG;rbs_motif=GGAGG;rbs_spacer=5-10bp;gc_cont=0.555
GCA_002201815.1_ASM220181v1_genomic	CP021896.1_251	-	lolD.aln	-	5e-37	125.6	0.0	6.3e-37	125.3	0.0	1.0	1	0	0	1	1	1	1	# 267549 # 268361 # -1 # ID=1_251;partial=00;start_type=ATG;rbs_motif=AGGA;rbs_spacer=5-10bp;gc_cont=0.577
GCA_002201815.1_ASM220181v1_genomic	CP021896.1_2038	-	lolD.aln	-	5e-36	122.3	0.0	4.9e-19	66.7	0.0	3.2	3	0	0	3	3	3	3	# 2231700 # 2233172 # -1 # ID=1_2038;partial=00;start_type=ATG;rbs_motif=GGA/GAG/AGG;rbs_spacer=5-10bp;gc_cont=0.578
GCA_002201815.1_ASM220181v1_genomic	CP021896.1_1446	-	lolD.aln	-	2.4e-35	120.1	0.0	3.2e-35	119.7	0.0	1.1	1	0	0	1	1	1	1	# 1586204 # 1586860 # -1 # ID=1_1446;partial=00;start_type=ATG;rbs_motif=GGA/GAG/AGG;rbs_spacer=5-10bp;gc_cont=0.591
GCA_002201815.1_ASM220181v1_genomic	CP021896.1_1796	-	lolD.aln	-	1e-34	118.1	0.0	1.2e-34	117.8	0.0	1.1	1	0	0	1	1	1	1	# 1972996 # 1973667 # 1 # ID=1_1796;partial=00;start_type=ATG;rbs_motif=GGA/GAG/AGG;rbs_spacer=5-10bp;gc_cont=0.534
GCA_002201815.1_ASM220181v1_genomic	CP021896.1_2872	-	lolD.aln	-	1.8e-34	117.2	3.4	7.4e-32	108.7	3.4	2.1	1	1	0	1	1	1	1	# 3132773 # 3133699 # 1 # ID=1_2872;partial=00;start_type=ATG;rbs_motif=AGGAG;rbs_spacer=5-10bp;gc_cont=0.607
GCA_002201815.1_ASM220181v1_genomic	CP021896.1_3481	-	lolD.aln	-	2.4e-34	116.8	0.1	2.8e-34	116.6	0.1	1.1	1	0	0	1	1	1	1	# 3804045 # 3804995 # -1 # ID=1_3481;partial=00;start_type=ATG;rbs_motif=AGGAG;rbs_spacer=5-10bp;gc_cont=0.625
GCA_002201815.1_ASM220181v1_genomic	CP021896.1_3008	-	lolD.aln	-	9.9e-33	111.5	0.1	1.3e-32	111.1	0.1	1.2	1	0	0	1	1	1	1	# 3283535 # 3284341 # 1 # ID=1_3008;partial=00;start_type=ATG;rbs_motif=GGAG/GAGG;rbs_spacer=5-10bp;gc_cont=0.571
GCA_002201815.1_ASM220181v1_genomic	CP021896.1_2871	-	lolD.aln	-	1.6e-32	110.9	0.3	2.1e-32	110.5	0.3	1.1	1	0	0	1	1	1	1	# 3131794 # 3132780 # 1 # ID=1_2871;partial=00;start_type=ATG;rbs_motif=AGGAG;rbs_spacer=5-10bp;gc_cont=0.606
GCA_002201815.1_ASM220181v1_genomic	CP021896.1_472	-	lolD.aln	-	4.4e-32	109.4	1.6	4.4e-31	106.1	1.6	1.9	1	1	0	1	1	1	1	# 497469 # 498236 # -1 # ID=1_472;partial=00;start_type=ATG;rbs_motif=AGGAG;rbs_spacer=5-10bp;gc_cont=0.598
GCA_002201815.1_ASM220181v1_genomic	CP021896.1_2749	-	lolD.aln	-	1.3e-31	107.9	0.6	2.4e-31	107.0	0.6	1.4	1	0	0	1	1	1	1	# 3000555 # 3002720 # 1 # ID=1_2749;partial=00;start_type=ATG;rbs_motif=AGGA;rbs_spacer=5-10bp;gc_cont=0.603
GCA_002201815.1_ASM220181v1_genomic	CP021896.1_2043	-	lolD.aln	-	2.1e-31	107.2	0.0	3.1e-31	106.7	0.0	1.2	1	0	0	1	1	1	1	# 2235952 # 2237010 # 1 # ID=1_2043;partial=00;start_type=ATG;rbs_motif=GGA/GAG/AGG;rbs_spacer=5-10bp;gc_cont=0.575
GCA_002201815.1_ASM220181v1_genomic	CP021896.1_979	-	lolD.aln	-	2.6e-31	106.9	0.7	1e-09	36.2	0.0	4.2	3	1	1	4	4	4	4	# 1072369 # 1073988 # 1 # ID=1_979;partial=00;start_type=ATG;rbs_motif=AGGAG;rbs_spacer=5-10bp;gc_cont=0.587
GCA_002201815.1_ASM220181v1_genomic	CP021896.1_2274	-	lolD.aln	-	2.6e-31	106.9	0.5	3.4e-31	106.5	0.5	1.1	1	0	0	1	1	1	1	# 2500300 # 2501136 # -1 # ID=1_2274;partial=00;start_type=ATG;rbs_motif=AGGAG;rbs_spacer=5-10bp;gc_cont=0.582
GCA_002201815.1_ASM220181v1_genomic	CP021896.1_2224	-	lolD.aln	-	4e-31	106.3	0.2	6.7e-31	105.5	0.2	1.3	1	0	0	1	1	1	1	# 2440983 # 2442731 # 1 # ID=1_2224;partial=00;start_type=ATG;rbs_motif=None;rbs_spacer=None;gc_cont=0.535
GCA_002201815.1_ASM220181v1_genomic	CP021896.1_2200	-	lolD.aln	-	4.4e-31	106.1	0.2	7.2e-31	105.4	0.2	1.3	1	0	0	1	1	1	1	# 2406474 # 2408195 # -1 # ID=1_2200;partial=00;start_type=ATG;rbs_motif=AGGAG;rbs_spacer=5-10bp;gc_cont=0.588
GCA_002201815.1_ASM220181v1_genomic	CP021896.1_2447	-	lolD.aln	-	5.2e-31	105.9	0.0	7.1e-31	105.5	0.0	1.1	1	0	0	1	1	1	1	# 2669842 # 2670462 # -1 # ID=1_2447;partial=00;start_type=ATG;rbs_motif=AGGA;rbs_spacer=5-10bp;gc_cont=0.622
GCA_002201815.1_ASM220181v1_genomic	CP021896.1_1509	-	lolD.aln	-	1.6e-30	104.3	0.0	2.3e-30	103.8	0.0	1.2	1	0	0	1	1	1	1	# 1659736 # 1660662 # 1 # ID=1_1509;partial=00;start_type=ATG;rbs_motif=GGA/GAG/AGG;rbs_spacer=11-12bp;gc_cont=0.548
GCA_002201815.1_ASM220181v1_genomic	CP021896.1_3299	-	lolD.aln	-	1.1e-29	101.6	1.2	2.6e-29	100.4	1.2	1.5	1	1	0	1	1	1	1	# 3597590 # 3598294 # 1 # ID=1_3299;partial=00;start_type=ATG;rbs_motif=GGA/GAG/AGG;rbs_spacer=5-10bp;gc_cont=0.572
GCA_002201815.1_ASM220181v1_genomic	CP021896.1_471	-	lolD.aln	-	1.1e-29	101.6	0.0	1.3e-29	101.4	0.0	1.1	1	0	0	1	1	1	1	# 496754 # 497467 # -1 # ID=1_471;partial=00;start_type=ATG;rbs_motif=GGAG/GAGG;rbs_spacer=5-10bp;gc_cont=0.612
GCA_002201815.1_ASM220181v1_genomic	CP021896.1_257	-	lolD.aln	-	1.6e-29	101.1	0.0	1.8e-29	100.9	0.0	1.1	1	0	0	1	1	1	1	# 272249 # 272974 # 1 # ID=1_257;partial=00;start_type=ATG;rbs_motif=3Base/5BMM;rbs_spacer=13-15bp;gc_cont=0.574
GCA_002201815.1_ASM220181v1_genomic	CP021896.1_767	-	lolD.aln	-	2.9e-29	100.2	0.0	3.7e-29	99.9	0.0	1.1	1	0	0	1	1	1	1	# 848457 # 849230 # 1 # ID=1_767;partial=00;start_type=ATG;rbs_motif=GGAG/GAGG;rbs_spacer=5-10bp;gc_cont=0.537
GCA_002201815.1_ASM220181v1_genomic	CP021896.1_1892	-	lolD.aln	-	2.9e-29	100.2	0.1	6e-29	99.2	0.1	1.4	1	1	0	1	1	1	1	# 2075226 # 2076020 # -1 # ID=1_1892;partial=00;start_type=ATG;rbs_motif=AGGAG/GGAGG;rbs_spacer=11-12bp;gc_cont=0.623
GCA_002201815.1_ASM220181v1_genomic	CP021896.1_102	-	lolD.aln	-	3.6e-29	99.9	0.0	4.6e-29	99.6	0.0	1.1	1	0	0	1	1	1	1	# 109860 # 110672 # -1 # ID=1_102;partial=00;start_type=GTG;rbs_motif=None;rbs_spacer=None;gc_cont=0.595
GCA_002201815.1_ASM220181v1_genomic	CP021896.1_3007	-	lolD.aln	-	5.4e-29	99.3	0.1	7.4e-28	95.6	0.1	2.0	1	1	0	1	1	1	1	# 3282541 # 3283533 # 1 # ID=1_3007;partial=00;start_type=ATG;rbs_motif=GGxGG;rbs_spacer=5-10bp;gc_cont=0.561
GCA_002201815.1_ASM220181v1_genomic	CP021896.1_3237	-	lolD.aln	-	6e-29	99.2	3.0	3.7e-20	70.4	0.5	2.1	1	1	0	2	2	2	2	# 3534955 # 3535710 # 1 # ID=1_3237;partial=00;start_type=ATG;rbs_motif=None;rbs_spacer=None;gc_cont=0.566
GCA_002201815.1_ASM220181v1_genomic	CP021896.1_1532	-	lolD.aln	-	9.2e-29	98.6	0.0	8.9e-17	59.3	0.1	2.0	2	0	0	2	2	2	2	# 1685352 # 1686149 # 1 # ID=1_1532;partial=00;start_type=ATG;rbs_motif=None;rbs_spacer=None;gc_cont=0.600
GCA_002201815.1_ASM220181v1_genomic	CP021896.1_49	-	lolD.aln	-	5e-27	92.9	0.1	7.4e-27	92.3	0.1	1.2	1	0	0	1	1	1	1	# 54194 # 54961 # 1 # ID=1_49;partial=00;start_type=ATG;rbs_motif=GGA/GAG/AGG;rbs_spacer=5-10bp;gc_cont=0.562
GCA_002201815.1_ASM220181v1_genomic	CP021896.1_2789	-	lolD.aln	-	1.4e-26	91.5	0.0	1.5e-26	91.3	0.0	1.0	1	0	0	1	1	1	1	# 3042772 # 3043470 # 1 # ID=1_2789;partial=00;start_type=ATG;rbs_motif=AGGAG;rbs_spacer=5-10bp;gc_cont=0.607
GCA_002201815.1_ASM220181v1_genomic	CP021896.1_1074	-	lolD.aln	-	1.4e-26	91.4	2.4	2.2e-10	38.4	0.0	4.2	4	0	0	4	4	4	4	# 1184135 # 1186957 # -1 # ID=1_1074;partial=00;start_type=ATG;rbs_motif=GGA/GAG/AGG;rbs_spacer=5-10bp;gc_cont=0.593
GCA_002201815.1_ASM220181v1_genomic	CP021896.1_851	-	lolD.aln	-	1.5e-25	88.0	0.3	5.1e-25	86.3	0.3	1.8	1	1	0	1	1	1	1	# 936449 # 938545 # 1 # ID=1_851;partial=00;start_type=ATG;rbs_motif=GGA/GAG/AGG;rbs_spacer=5-10bp;gc_cont=0.564
GCA_002201815.1_ASM220181v1_genomic	CP021896.1_2495	-	lolD.aln	-	2.8e-25	87.2	0.0	4.4e-24	83.3	0.0	2.0	1	1	0	1	1	1	1	# 2715082 # 2715861 # -1 # ID=1_2495;partial=00;start_type=ATG;rbs_motif=GGAG/GAGG;rbs_spacer=5-10bp;gc_cont=0.621
GCA_002201815.1_ASM220181v1_genomic	CP021896.1_4050	-	lolD.aln	-	3e-25	87.1	0.4	4.7e-23	79.9	0.4	2.0	1	1	0	1	1	1	1	# 4414098 # 4414751 # -1 # ID=1_4050;partial=00;start_type=ATG;rbs_motif=GGxGG;rbs_spacer=5-10bp;gc_cont=0.621
GCA_002201815.1_ASM220181v1_genomic	CP021896.1_3298	-	lolD.aln	-	2.3e-24	84.2	0.2	1.7e-14	51.9	0.0	2.3	2	1	0	2	2	2	2	# 3596706 # 3597581 # 1 # ID=1_3298;partial=00;start_type=ATG;rbs_motif=AGGAG;rbs_spacer=5-10bp;gc_cont=0.568
GCA_002201815.1_ASM220181v1_genomic	CP021896.1_1884	-	lolD.aln	-	2.6e-24	84.0	0.8	1.3e-23	81.7	0.8	1.8	1	1	0	1	1	1	1	# 2063839 # 2064645 # 1 # ID=1_1884;partial=00;start_type=ATG;rbs_motif=AGGAG;rbs_spacer=5-10bp;gc_cont=0.627
GCA_002201815.1_ASM220181v1_genomic	CP021896.1_4001	-	lolD.aln	-	3.5e-24	83.6	0.1	9.4e-24	82.2	0.1	1.7	2	0	0	2	2	1	1	# 4367020 # 4369212 # 1 # ID=1_4001;partial=00;start_type=ATG;rbs_motif=GGAG/GAGG;rbs_spacer=5-10bp;gc_cont=0.622
GCA_002201815.1_ASM220181v1_genomic	CP021896.1_2814	-	lolD.aln	-	7.1e-24	82.6	0.0	1.5e-23	81.5	0.0	1.5	1	0	0	1	1	1	1	# 3065620 # 3067827 # 1 # ID=1_2814;partial=00;start_type=ATG;rbs_motif=AGGA;rbs_spacer=5-10bp;gc_cont=0.506
GCA_002201815.1_ASM220181v1_genomic	CP021896.1_3604	-	lolD.aln	-	8.1e-24	82.4	0.1	6.3e-22	76.2	0.1	2.2	1	1	0	1	1	1	1	# 3930387 # 3932030 # -1 # ID=1_3604;partial=00;start_type=ATG;rbs_motif=GGA/GAG/AGG;rbs_spacer=5-10bp;gc_cont=0.592
GCA_002201815.1_ASM220181v1_genomic	CP021896.1_2201	-	lolD.aln	-	9e-24	82.2	0.1	2.1e-23	81.0	0.1	1.6	1	1	0	1	1	1	1	# 2408195 # 2409961 # -1 # ID=1_2201;partial=00;start_type=ATG;rbs_motif=None;rbs_spacer=None;gc_cont=0.592
GCA_002201815.1_ASM220181v1_genomic	CP021896.1_1750	-	lolD.aln	-	4.9e-23	79.8	1.4	1.2e-22	78.6	1.4	1.6	1	1	0	1	1	1	1	# 1921791 # 1923572 # 1 # ID=1_1750;partial=00;start_type=ATG;rbs_motif=AGGAG;rbs_spacer=5-10bp;gc_cont=0.599
GCA_002201815.1_ASM220181v1_genomic	CP021896.1_2788	-	lolD.aln	-	4.5e-21	73.4	0.2	5.7e-21	73.1	0.2	1.1	1	0	0	1	1	1	1	# 3041965 # 3042762 # 1 # ID=1_2788;partial=00;start_type=ATG;rbs_motif=GGAG/GAGG;rbs_spacer=5-10bp;gc_cont=0.588
GCA_002201815.1_ASM220181v1_genomic	CP021896.1_1749	-	lolD.aln	-	1.3e-20	71.9	0.0	2.1e-20	71.2	0.0	1.3	1	0	0	1	1	1	1	# 1920044 # 1921798 # 1 # ID=1_1749;partial=00;start_type=GTG;rbs_motif=AGGA;rbs_spacer=5-10bp;gc_cont=0.593
GCA_002201815.1_ASM220181v1_genomic	CP021896.1_2491	-	lolD.aln	-	4.3e-19	66.9	1.8	2.6e-17	61.1	1.8	2.1	1	1	0	1	1	1	1	# 2711283 # 2712038 # 1 # ID=1_2491;partial=00;start_type=ATG;rbs_motif=None;rbs_spacer=None;gc_cont=0.606
GCA_002201815.1_ASM220181v1_genomic	CP021896.1_2527	-	lolD.aln	-	6.2e-19	66.4	0.0	8.1e-11	39.9	0.0	2.0	2	0	0	2	2	2	2	# 2751761 # 2752507 # 1 # ID=1_2527;partial=00;start_type=ATG;rbs_motif=AGGA;rbs_spacer=5-10bp;gc_cont=0.521
GCA_002201815.1_ASM220181v1_genomic	CP021896.1_2058	-	lolD.aln	-	1e-18	65.7	0.0	1.3e-18	65.3	0.0	1.0	1	0	0	1	1	1	1	# 2252376 # 2253098 # -1 # ID=1_2058;partial=00;start_type=ATG;rbs_motif=AGGAG;rbs_spacer=5-10bp;gc_cont=0.578
GCA_002201815.1_ASM220181v1_genomic	CP021897.1_107	-	lolD.aln	-	1.2e-14	52.3	0.8	1.1e-07	29.6	0.1	2.1	1	1	0	2	2	2	2	# 84021 # 84659 # 1 # ID=2_107;partial=00;start_type=ATG;rbs_motif=GGAG/GAGG;rbs_spacer=5-10bp;gc_cont=0.556
GCA_002201815.1_ASM220181v1_genomic	CP021896.1_4303	-	lolD.aln	-	2.4e-05	22.0	0.0	4.4e-05	21.1	0.0	1.3	1	0	0	1	1	1	1	# 4678962 # 4679942 # -1 # ID=1_4303;partial=00;start_type=ATG;rbs_motif=AGGAG;rbs_spacer=5-10bp;gc_cont=0.620
GCA_002201815.1_ASM220181v1_genomic	CP021896.1_544	-	lolD.aln	-	0.0075	13.8	0.1	0.019	12.4	0.1	1.6	2	0	0	2	2	1	1	# 570591 # 572039 # -1 # ID=1_544;partial=00;start_type=ATG;rbs_motif=GGAG/GAGG;rbs_spacer=5-10bp;gc_cont=0.402
GCA_002201815.1_ASM220181v1_genomic	CP021898.1_65	-	lolD.aln	-	0.0098	13.4	0.0	0.014	13.0	0.0	1.2	1	0	0	1	1	1	1	# 52062 # 52631 # -1 # ID=3_65;partial=00;start_type=ATG;rbs_motif=AGGA;rbs_spacer=5-10bp;gc_cont=0.549
GCA_002220885.1_ASM222088v1_genomic	NHNF01000001.1_353	-	lolD.aln	-	2.1e-78	260.2	0.3	2.6e-78	259.9	0.3	1.0	1	0	0	1	1	1	1	# 363794 # 364474 # 1 # ID=13_353;partial=00;start_type=ATG;rbs_motif=GGAGG;rbs_spacer=5-10bp;gc_cont=0.330
GCA_002220885.1_ASM222088v1_genomic	NHNF01000001.1_7	-	lolD.aln	-	4.5e-71	236.3	0.2	4.2e-36	121.9	0.0	2.2	2	0	0	2	2	2	2	# 8709 # 10415 # 1 # ID=13_7;partial=00;start_type=ATG;rbs_motif=GGAG/GAGG;rbs_spacer=5-10bp;gc_cont=0.378
GCA_002220885.1_ASM222088v1_genomic	NHNF01000003.1_85	-	lolD.aln	-	4.9e-71	236.1	0.2	6e-71	235.8	0.2	1.0	1	0	0	1	1	1	1	# 97266 # 97976 # 1 # ID=22_85;partial=00;start_type=ATG;rbs_motif=AGGAGG;rbs_spacer=5-10bp;gc_cont=0.366
GCA_002220885.1_ASM222088v1_genomic	NHNF01000001.1_42	-	lolD.aln	-	3.9e-68	226.6	0.4	4.6e-68	226.4	0.4	1.0	1	0	0	1	1	1	1	# 52506 # 53255 # 1 # ID=13_42;partial=00;start_type=ATG;rbs_motif=AGGAG;rbs_spacer=5-10bp;gc_cont=0.349
GCA_002220885.1_ASM222088v1_genomic	NHNF01000004.1_264	-	lolD.aln	-	2.6e-67	224.0	0.0	3e-67	223.8	0.0	1.0	1	0	0	1	1	1	1	# 294191 # 294865 # 1 # ID=23_264;partial=00;start_type=ATG;rbs_motif=GGA/GAG/AGG;rbs_spacer=5-10bp;gc_cont=0.372
GCA_002220885.1_ASM222088v1_genomic	NHNF01000001.1_622	-	lolD.aln	-	1.4e-63	211.7	0.1	1.6e-63	211.5	0.1	1.0	1	0	0	1	1	1	1	# 661767 # 662468 # -1 # ID=13_622;partial=00;start_type=ATG;rbs_motif=GGA/GAG/AGG;rbs_spacer=5-10bp;gc_cont=0.406
GCA_002220885.1_ASM222088v1_genomic	NHNF01000001.1_601	-	lolD.aln	-	3.7e-63	210.4	0.1	9.6e-63	209.0	0.0	1.7	2	0	0	2	2	1	1	# 636546 # 638885 # 1 # ID=13_601;partial=00;start_type=ATG;rbs_motif=AGxAGG/AGGxGG;rbs_spacer=11-12bp;gc_cont=0.380
GCA_002220885.1_ASM222088v1_genomic	NHNF01000002.1_272	-	lolD.aln	-	3.3e-62	207.3	0.2	4.4e-62	206.8	0.2	1.2	1	0	0	1	1	1	1	# 280028 # 281065 # -1 # ID=21_272;partial=00;start_type=ATG;rbs_motif=AGGAG;rbs_spacer=5-10bp;gc_cont=0.385
GCA_002220885.1_ASM222088v1_genomic	NHNF01000003.1_322	-	lolD.aln	-	2.5e-61	204.4	0.1	2.8e-61	204.2	0.1	1.0	1	0	0	1	1	1	1	# 356658 # 357326 # 1 # ID=22_322;partial=00;start_type=ATG;rbs_motif=GGAGG;rbs_spacer=5-10bp;gc_cont=0.372
GCA_002220885.1_ASM222088v1_genomic	NHNF01000003.1_143	-	lolD.aln	-	7.5e-61	202.8	0.0	8.2e-61	202.7	0.0	1.0	1	0	0	1	1	1	1	# 157286 # 157951 # 1 # ID=22_143;partial=00;start_type=ATG;rbs_motif=AGGA;rbs_spacer=5-10bp;gc_cont=0.318
GCA_002220885.1_ASM222088v1_genomic	NHNF01000002.1_470	-	lolD.aln	-	1.9e-59	198.2	0.0	2.2e-59	198.0	0.0	1.0	1	0	0	1	1	1	1	# 492219 # 492986 # -1 # ID=21_470;partial=00;start_type=ATG;rbs_motif=GGAG/GAGG;rbs_spacer=5-10bp;gc_cont=0.384
GCA_002220885.1_ASM222088v1_genomic	NHNF01000001.1_15	-	lolD.aln	-	8.3e-57	189.6	2.3	8.5e-57	189.6	1.4	1.4	2	0	0	2	2	1	1	# 19852 # 20922 # 1 # ID=13_15;partial=00;start_type=ATG;rbs_motif=AGxAGG/AGGxGG;rbs_spacer=5-10bp;gc_cont=0.356
GCA_002220885.1_ASM222088v1_genomic	NHNF01000001.1_265	-	lolD.aln	-	5.5e-56	186.9	0.1	6.2e-56	186.7	0.1	1.0	1	0	0	1	1	1	1	# 275862 # 276548 # 1 # ID=13_265;partial=00;start_type=ATG;rbs_motif=GGAG/GAGG;rbs_spacer=5-10bp;gc_cont=0.396
GCA_002220885.1_ASM222088v1_genomic	NHNF01000006.1_48	-	lolD.aln	-	7.7e-56	186.4	0.5	8.7e-56	186.3	0.5	1.0	1	0	0	1	1	1	1	# 58515 # 59237 # -1 # ID=25_48;partial=00;start_type=GTG;rbs_motif=AGGAG/GGAGG;rbs_spacer=11-12bp;gc_cont=0.378
GCA_002220885.1_ASM222088v1_genomic	NHNF01000004.1_72	-	lolD.aln	-	1.5e-55	185.5	0.5	1.7e-55	185.3	0.5	1.0	1	0	0	1	1	1	1	# 82894 # 83616 # 1 # ID=23_72;partial=00;start_type=ATG;rbs_motif=AGGAGG;rbs_spacer=5-10bp;gc_cont=0.389
GCA_002220885.1_ASM222088v1_genomic	NHNF01000003.1_290	-	lolD.aln	-	1.3e-54	182.4	0.1	1.7e-54	182.0	0.1	1.0	1	0	0	1	1	1	1	# 317615 # 318352 # -1 # ID=22_290;partial=00;start_type=ATG;rbs_motif=AGxAGG/AGGxGG;rbs_spacer=5-10bp;gc_cont=0.379
GCA_002220885.1_ASM222088v1_genomic	NHNF01000005.1_21	-	lolD.aln	-	3.7e-52	174.4	0.4	4.2e-52	174.2	0.4	1.0	1	0	0	1	1	1	1	# 25574 # 26314 # 1 # ID=24_21;partial=00;start_type=ATG;rbs_motif=AGGAGG;rbs_spacer=5-10bp;gc_cont=0.364
GCA_002220885.1_ASM222088v1_genomic	NHNF01000007.1_47	-	lolD.aln	-	3.6e-50	167.9	0.1	4.9e-50	167.4	0.1	1.2	1	0	0	1	1	1	1	# 49021 # 50091 # 1 # ID=26_47;partial=00;start_type=ATG;rbs_motif=GGAGG;rbs_spacer=5-10bp;gc_cont=0.374
GCA_002220885.1_ASM222088v1_genomic	NHNF01000001.1_824	-	lolD.aln	-	9.1e-50	166.6	0.4	1e-49	166.4	0.4	1.0	1	0	0	1	1	1	1	# 862698 # 863429 # 1 # ID=13_824;partial=00;start_type=ATG;rbs_motif=AGGAG;rbs_spacer=5-10bp;gc_cont=0.398
GCA_002220885.1_ASM222088v1_genomic	NHNF01000005.1_82	-	lolD.aln	-	1.7e-49	165.7	2.7	3.2e-30	102.6	0.2	2.2	2	0	0	2	2	2	2	# 71011 # 72579 # -1 # ID=24_82;partial=00;start_type=TTG;rbs_motif=AGGA/GGAG/GAGG;rbs_spacer=11-12bp;gc_cont=0.398
GCA_002220885.1_ASM222088v1_genomic	NHNF01000003.1_334	-	lolD.aln	-	5.3e-47	157.5	0.2	6.3e-47	157.3	0.2	1.0	1	0	0	1	1	1	1	# 371552 # 372187 # -1 # ID=22_334;partial=00;start_type=ATG;rbs_motif=AGGAGG;rbs_spacer=5-10bp;gc_cont=0.406
GCA_002220885.1_ASM222088v1_genomic	NHNF01000002.1_377	-	lolD.aln	-	7.8e-47	157.0	0.0	1.1e-46	156.5	0.0	1.2	1	0	0	1	1	1	1	# 394630 # 395715 # -1 # ID=21_377;partial=00;start_type=GTG;rbs_motif=GGAGG;rbs_spacer=5-10bp;gc_cont=0.384
GCA_002220885.1_ASM222088v1_genomic	NHNF01000001.1_719	-	lolD.aln	-	9e-46	153.5	0.1	1.2e-45	153.1	0.1	1.1	1	0	0	1	1	1	1	# 762204 # 763244 # -1 # ID=13_719;partial=00;start_type=TTG;rbs_motif=AGGAG;rbs_spacer=5-10bp;gc_cont=0.373
GCA_002220885.1_ASM222088v1_genomic	NHNF01000002.1_366	-	lolD.aln	-	2.1e-45	152.3	0.2	4.1e-45	151.4	0.2	1.4	1	0	0	1	1	1	1	# 382284 # 383474 # 1 # ID=21_366;partial=00;start_type=TTG;rbs_motif=AGGAGG;rbs_spacer=5-10bp;gc_cont=0.379
GCA_002220885.1_ASM222088v1_genomic	NHNF01000003.1_245	-	lolD.aln	-	2.9e-43	145.3	0.3	4.1e-43	144.8	0.3	1.2	1	0	0	1	1	1	1	# 267055 # 267672 # 1 # ID=22_245;partial=00;start_type=ATG;rbs_motif=AGGAG;rbs_spacer=5-10bp;gc_cont=0.304
GCA_002220885.1_ASM222088v1_genomic	NHNF01000003.1_192	-	lolD.aln	-	4.4e-43	144.7	0.1	5.6e-43	144.4	0.1	1.1	1	0	0	1	1	1	1	# 205600 # 206553 # 1 # ID=22_192;partial=00;start_type=ATG;rbs_motif=None;rbs_spacer=None;gc_cont=0.394
GCA_002220885.1_ASM222088v1_genomic	NHNF01000006.1_24	-	lolD.aln	-	5.2e-43	144.5	0.5	3e-42	142.0	0.1	2.0	2	0	0	2	2	2	1	# 25064 # 26248 # -1 # ID=25_24;partial=00;start_type=TTG;rbs_motif=GGAG/GAGG;rbs_spacer=5-10bp;gc_cont=0.376
GCA_002220885.1_ASM222088v1_genomic	NHNF01000005.1_28	-	lolD.aln	-	1.9e-42	142.6	0.1	2.4e-42	142.3	0.1	1.1	1	0	0	1	1	1	1	# 31111 # 31980 # -1 # ID=24_28;partial=00;start_type=ATG;rbs_motif=GGxGG;rbs_spacer=5-10bp;gc_cont=0.400
GCA_002220885.1_ASM222088v1_genomic	NHNF01000006.1_65	-	lolD.aln	-	2e-42	142.6	0.4	2.4e-42	142.3	0.4	1.1	1	0	0	1	1	1	1	# 77586 # 78644 # 1 # ID=25_65;partial=00;start_type=ATG;rbs_motif=GGA/GAG/AGG;rbs_spacer=5-10bp;gc_cont=0.386
GCA_002220885.1_ASM222088v1_genomic	NHNF01000001.1_443	-	lolD.aln	-	4.6e-42	141.4	0.2	5.8e-16	56.0	0.0	4.2	4	0	0	4	4	4	4	# 461925 # 463820 # -1 # ID=13_443;partial=00;start_type=GTG;rbs_motif=AGGAG;rbs_spacer=5-10bp;gc_cont=0.379
GCA_002220885.1_ASM222088v1_genomic	NHNF01000002.1_475	-	lolD.aln	-	8.1e-42	140.6	0.0	9.3e-42	140.4	0.0	1.0	1	0	0	1	1	1	1	# 498235 # 498897 # -1 # ID=21_475;partial=00;start_type=ATG;rbs_motif=AGGAG;rbs_spacer=5-10bp;gc_cont=0.383
GCA_002220885.1_ASM222088v1_genomic	NHNF01000006.1_91	-	lolD.aln	-	1.5e-41	139.7	0.1	2e-41	139.3	0.1	1.1	1	0	0	1	1	1	1	# 102005 # 103108 # -1 # ID=25_91;partial=00;start_type=ATG;rbs_motif=GGA/GAG/AGG;rbs_spacer=11-12bp;gc_cont=0.381
GCA_002220885.1_ASM222088v1_genomic	NHNF01000006.1_66	-	lolD.aln	-	3.3e-41	138.6	0.0	4.2e-41	138.2	0.0	1.1	1	0	0	1	1	1	1	# 78644 # 79600 # 1 # ID=25_66;partial=00;start_type=ATG;rbs_motif=AGGAGG;rbs_spacer=5-10bp;gc_cont=0.394
GCA_002220885.1_ASM222088v1_genomic	NHNF01000004.1_156	-	lolD.aln	-	1.1e-40	136.9	0.1	1.3e-40	136.6	0.1	1.1	1	0	0	1	1	1	1	# 173970 # 174977 # 1 # ID=23_156;partial=00;start_type=ATG;rbs_motif=GGA/GAG/AGG;rbs_spacer=11-12bp;gc_cont=0.399
GCA_002220885.1_ASM222088v1_genomic	NHNF01000001.1_887	-	lolD.aln	-	1.3e-40	136.6	0.3	2.6e-40	135.7	0.3	1.4	1	1	0	1	1	1	1	# 932465 # 933274 # 1 # ID=13_887;partial=00;start_type=GTG;rbs_motif=AGGAG;rbs_spacer=5-10bp;gc_cont=0.341
GCA_002220885.1_ASM222088v1_genomic	NHNF01000002.1_485	-	lolD.aln	-	1.2e-39	133.5	0.7	4.4e-25	85.8	0.1	3.0	2	1	0	2	2	2	2	# 505430 # 506788 # -1 # ID=21_485;partial=00;start_type=ATG;rbs_motif=GGA/GAG/AGG;rbs_spacer=3-4bp;gc_cont=0.393
GCA_002220885.1_ASM222088v1_genomic	NHNF01000005.1_29	-	lolD.aln	-	3.7e-39	131.9	0.0	4.4e-39	131.6	0.0	1.1	1	0	0	1	1	1	1	# 31956 # 32795 # -1 # ID=24_29;partial=00;start_type=ATG;rbs_motif=GGAG/GAGG;rbs_spacer=5-10bp;gc_cont=0.410
GCA_002220885.1_ASM222088v1_genomic	NHNF01000002.1_364	-	lolD.aln	-	4.3e-38	128.4	0.0	3.2e-11	40.5	0.0	4.4	4	0	0	4	4	4	4	# 379491 # 381437 # 1 # ID=21_364;partial=00;start_type=ATG;rbs_motif=GGAG/GAGG;rbs_spacer=5-10bp;gc_cont=0.379
GCA_002220885.1_ASM222088v1_genomic	NHNF01000004.1_157	-	lolD.aln	-	2.3e-37	126.0	0.0	3.1e-37	125.6	0.0	1.1	1	0	0	1	1	1	1	# 174977 # 175921 # 1 # ID=23_157;partial=00;start_type=ATG;rbs_motif=GGA/GAG/AGG;rbs_spacer=5-10bp;gc_cont=0.378
GCA_002220885.1_ASM222088v1_genomic	NHNF01000009.1_37	-	lolD.aln	-	2.1e-36	122.9	0.0	3.6e-12	43.6	0.0	4.2	4	0	0	4	4	4	4	# 42182 # 44095 # 1 # ID=5_37;partial=00;start_type=ATG;rbs_motif=AGGAGG;rbs_spacer=5-10bp;gc_cont=0.330
GCA_002220885.1_ASM222088v1_genomic	NHNF01000001.1_19	-	lolD.aln	-	3.1e-34	115.8	0.6	2.2e-12	44.3	0.0	4.2	4	0	0	4	4	4	4	# 24052 # 25590 # 1 # ID=13_19;partial=00;start_type=ATG;rbs_motif=AGxAG;rbs_spacer=5-10bp;gc_cont=0.371
GCA_002220885.1_ASM222088v1_genomic	NHNF01000001.1_275	-	lolD.aln	-	9.9e-34	114.1	0.0	1.2e-33	113.9	0.0	1.0	1	0	0	1	1	1	1	# 288955 # 289713 # 1 # ID=13_275;partial=00;start_type=ATG;rbs_motif=AGGAGG;rbs_spacer=5-10bp;gc_cont=0.344
GCA_002220885.1_ASM222088v1_genomic	NHNF01000001.1_532	-	lolD.aln	-	3.1e-33	112.5	1.5	1.4e-10	38.4	0.0	5.0	4	1	1	5	5	5	4	# 555279 # 556727 # -1 # ID=13_532;partial=00;start_type=ATG;rbs_motif=GGAG/GAGG;rbs_spacer=5-10bp;gc_cont=0.332
GCA_002220885.1_ASM222088v1_genomic	NHNF01000002.1_402	-	lolD.aln	-	6.6e-33	111.4	0.2	9.3e-33	110.9	0.2	1.2	1	0	0	1	1	1	1	# 420159 # 421874 # -1 # ID=21_402;partial=00;start_type=ATG;rbs_motif=GGA/GAG/AGG;rbs_spacer=5-10bp;gc_cont=0.361
GCA_002220885.1_ASM222088v1_genomic	NHNF01000005.1_74	-	lolD.aln	-	4.5e-32	108.7	0.1	8.6e-32	107.8	0.1	1.4	1	1	0	1	1	1	1	# 63023 # 63823 # -1 # ID=24_74;partial=00;start_type=ATG;rbs_motif=GGAG/GAGG;rbs_spacer=5-10bp;gc_cont=0.398
GCA_002220885.1_ASM222088v1_genomic	NHNF01000005.1_182	-	lolD.aln	-	1.2e-31	107.3	0.5	1.5e-10	38.3	0.0	4.5	4	1	0	4	4	4	4	# 187813 # 189444 # 1 # ID=24_182;partial=00;start_type=TTG;rbs_motif=GGAG/GAGG;rbs_spacer=5-10bp;gc_cont=0.368
GCA_002220885.1_ASM222088v1_genomic	NHNF01000004.1_63	-	lolD.aln	-	6.1e-31	105.0	0.1	1.2e-30	104.0	0.0	1.5	2	0	0	2	2	1	1	# 75636 # 76571 # 1 # ID=23_63;partial=00;start_type=ATG;rbs_motif=AGGAG;rbs_spacer=5-10bp;gc_cont=0.432
GCA_002220885.1_ASM222088v1_genomic	NHNF01000003.1_206	-	lolD.aln	-	7.5e-31	104.7	0.0	9.6e-31	104.3	0.0	1.1	1	0	0	1	1	1	1	# 221966 # 222703 # 1 # ID=22_206;partial=00;start_type=ATG;rbs_motif=GGAGG;rbs_spacer=5-10bp;gc_cont=0.366
GCA_002220885.1_ASM222088v1_genomic	NHNF01000001.1_386	-	lolD.aln	-	4.5e-30	102.1	0.1	5.6e-30	101.8	0.1	1.1	1	0	0	1	1	1	1	# 398104 # 398871 # 1 # ID=13_386;partial=00;start_type=ATG;rbs_motif=GGA/GAG/AGG;rbs_spacer=11-12bp;gc_cont=0.361
GCA_002220885.1_ASM222088v1_genomic	NHNF01000001.1_545	-	lolD.aln	-	5e-30	102.0	0.4	9.1e-30	101.1	0.4	1.4	1	1	0	1	1	1	1	# 571622 # 572626 # -1 # ID=13_545;partial=00;start_type=ATG;rbs_motif=GGAG/GAGG;rbs_spacer=5-10bp;gc_cont=0.379
GCA_002220885.1_ASM222088v1_genomic	NHNF01000005.1_147	-	lolD.aln	-	1.8e-29	100.1	0.1	2.3e-20	70.4	0.1	2.0	2	0	0	2	2	2	2	# 150206 # 150898 # -1 # ID=24_147;partial=00;start_type=ATG;rbs_motif=AGGAG;rbs_spacer=5-10bp;gc_cont=0.388
GCA_002220885.1_ASM222088v1_genomic	NHNF01000004.1_179	-	lolD.aln	-	2.2e-29	99.9	0.2	4e-29	99.0	0.2	1.4	1	1	0	1	1	1	1	# 199502 # 200257 # 1 # ID=23_179;partial=00;start_type=ATG;rbs_motif=AGGA;rbs_spacer=5-10bp;gc_cont=0.380
GCA_002220885.1_ASM222088v1_genomic	NHNF01000001.1_196	-	lolD.aln	-	2.7e-29	99.6	0.0	3.5e-29	99.2	0.0	1.0	1	0	0	1	1	1	1	# 195638 # 196351 # 1 # ID=13_196;partial=00;start_type=ATG;rbs_motif=GGAGG;rbs_spacer=5-10bp;gc_cont=0.345
GCA_002220885.1_ASM222088v1_genomic	NHNF01000002.1_437	-	lolD.aln	-	1.8e-28	96.9	0.3	5.7e-08	29.9	0.0	4.2	3	1	0	4	4	4	4	# 460461 # 461957 # -1 # ID=21_437;partial=00;start_type=ATG;rbs_motif=GGAGG;rbs_spacer=5-10bp;gc_cont=0.378
GCA_002220885.1_ASM222088v1_genomic	NHNF01000003.1_318	-	lolD.aln	-	3e-28	96.2	0.5	4.8e-28	95.5	0.5	1.3	1	0	0	1	1	1	1	# 352651 # 354420 # 1 # ID=22_318;partial=00;start_type=ATG;rbs_motif=AGGAGG;rbs_spacer=5-10bp;gc_cont=0.371
GCA_002220885.1_ASM222088v1_genomic	NHNF01000001.1_428	-	lolD.aln	-	5.7e-28	95.3	0.0	8.6e-28	94.7	0.0	1.2	1	0	0	1	1	1	1	# 446024 # 447772 # -1 # ID=13_428;partial=00;start_type=ATG;rbs_motif=AGxAGG/AGGxGG;rbs_spacer=5-10bp;gc_cont=0.380
GCA_002220885.1_ASM222088v1_genomic	NHNF01000001.1_686	-	lolD.aln	-	7.8e-28	94.8	1.1	1.1e-27	94.4	1.1	1.2	1	0	0	1	1	1	1	# 725382 # 726149 # -1 # ID=13_686;partial=00;start_type=ATG;rbs_motif=AGGAGG;rbs_spacer=5-10bp;gc_cont=0.378
GCA_002220885.1_ASM222088v1_genomic	NHNF01000001.1_36	-	lolD.aln	-	7.1e-27	91.7	0.1	1.3e-26	90.8	0.1	1.4	1	1	0	1	1	1	1	# 43729 # 45492 # 1 # ID=13_36;partial=00;start_type=ATG;rbs_motif=AGGAGG;rbs_spacer=5-10bp;gc_cont=0.395
GCA_002220885.1_ASM222088v1_genomic	NHNF01000001.1_611	-	lolD.aln	-	1.7e-26	90.5	0.0	2.5e-26	89.9	0.0	1.2	1	0	0	1	1	1	1	# 646495 # 647439 # -1 # ID=13_611;partial=00;start_type=TTG;rbs_motif=AGGAGG;rbs_spacer=5-10bp;gc_cont=0.325
GCA_002220885.1_ASM222088v1_genomic	NHNF01000001.1_274	-	lolD.aln	-	1.9e-26	90.3	0.0	2.5e-26	89.9	0.0	1.1	1	0	0	1	1	1	1	# 288135 # 288944 # 1 # ID=13_274;partial=00;start_type=ATG;rbs_motif=GGA/GAG/AGG;rbs_spacer=5-10bp;gc_cont=0.383
GCA_002220885.1_ASM222088v1_genomic	NHNF01000003.1_317	-	lolD.aln	-	5e-26	88.9	0.1	1.1e-25	87.9	0.1	1.5	1	0	0	1	1	1	1	# 350936 # 352651 # 1 # ID=22_317;partial=00;start_type=ATG;rbs_motif=AGxAGG/AGGxGG;rbs_spacer=5-10bp;gc_cont=0.393
GCA_002220885.1_ASM222088v1_genomic	NHNF01000006.1_241	-	lolD.aln	-	1.6e-25	87.3	1.1	1.4e-08	31.8	0.0	4.2	4	0	0	4	4	4	4	# 234429 # 236666 # -1 # ID=25_241;partial=00;start_type=ATG;rbs_motif=GGAGG;rbs_spacer=5-10bp;gc_cont=0.382
GCA_002220885.1_ASM222088v1_genomic	NHNF01000002.1_326	-	lolD.aln	-	1.6e-25	87.3	0.1	2.8e-25	86.5	0.1	1.3	1	0	0	1	1	1	1	# 343116 # 344843 # -1 # ID=21_326;partial=00;start_type=TTG;rbs_motif=AGGAGG;rbs_spacer=5-10bp;gc_cont=0.380
GCA_002220885.1_ASM222088v1_genomic	NHNF01000003.1_293	-	lolD.aln	-	1.8e-25	87.1	4.0	1.9e-07	28.1	0.0	4.2	4	0	0	4	4	4	4	# 322916 # 325735 # 1 # ID=22_293;partial=00;start_type=ATG;rbs_motif=AGGAG;rbs_spacer=5-10bp;gc_cont=0.400
GCA_002220885.1_ASM222088v1_genomic	NHNF01000001.1_22	-	lolD.aln	-	3.4e-25	86.2	1.0	1.8e-24	83.8	1.0	1.8	1	1	0	1	1	1	1	# 27424 # 28173 # -1 # ID=13_22;partial=00;start_type=ATG;rbs_motif=AGGAGG;rbs_spacer=5-10bp;gc_cont=0.385
GCA_002220885.1_ASM222088v1_genomic	NHNF01000007.1_34	-	lolD.aln	-	5.1e-25	85.6	0.0	8.6e-25	84.9	0.0	1.3	1	0	0	1	1	1	1	# 35446 # 37173 # 1 # ID=26_34;partial=00;start_type=TTG;rbs_motif=AGGAG;rbs_spacer=5-10bp;gc_cont=0.381
GCA_002220885.1_ASM222088v1_genomic	NHNF01000002.1_125	-	lolD.aln	-	6.3e-25	85.3	0.1	1.3e-24	84.2	0.1	1.5	1	0	0	1	1	1	1	# 115159 # 116892 # 1 # ID=21_125;partial=00;start_type=ATG;rbs_motif=None;rbs_spacer=None;gc_cont=0.356
GCA_002220885.1_ASM222088v1_genomic	NHNF01000001.1_427	-	lolD.aln	-	9.7e-25	84.7	0.0	1.7e-24	83.9	0.0	1.3	1	0	0	1	1	1	1	# 444253 # 446031 # -1 # ID=13_427;partial=00;start_type=GTG;rbs_motif=GGA/GAG/AGG;rbs_spacer=5-10bp;gc_cont=0.358
GCA_002220885.1_ASM222088v1_genomic	NHNF01000001.1_296	-	lolD.aln	-	1.2e-24	84.4	0.2	2e-24	83.7	0.2	1.3	1	0	0	1	1	1	1	# 308395 # 310146 # 1 # ID=13_296;partial=00;start_type=ATG;rbs_motif=AGGAGG;rbs_spacer=5-10bp;gc_cont=0.389
GCA_002220885.1_ASM222088v1_genomic	NHNF01000001.1_35	-	lolD.aln	-	3.7e-24	82.8	0.7	3.3e-23	79.7	0.7	2.2	1	1	0	1	1	1	1	# 41996 # 43729 # 1 # ID=13_35;partial=00;start_type=ATG;rbs_motif=AGGA/GGAG/GAGG;rbs_spacer=11-12bp;gc_cont=0.375
GCA_002220885.1_ASM222088v1_genomic	NHNF01000002.1_325	-	lolD.aln	-	1.1e-23	81.3	0.2	3.9e-23	79.5	0.2	1.8	1	1	0	1	1	1	1	# 341251 # 343119 # -1 # ID=21_325;partial=00;start_type=ATG;rbs_motif=AGGAGG;rbs_spacer=5-10bp;gc_cont=0.388
GCA_002220885.1_ASM222088v1_genomic	NHNF01000002.1_124	-	lolD.aln	-	3e-23	79.8	0.0	5.1e-23	79.1	0.0	1.2	1	0	0	1	1	1	1	# 113334 # 115061 # 1 # ID=21_124;partial=00;start_type=ATG;rbs_motif=AGGAGG;rbs_spacer=5-10bp;gc_cont=0.376
GCA_002220885.1_ASM222088v1_genomic	NHNF01000006.1_94	-	lolD.aln	-	6.2e-23	78.8	0.6	9.8e-23	78.1	0.1	1.6	2	0	0	2	2	1	1	# 104581 # 106347 # -1 # ID=25_94;partial=00;start_type=ATG;rbs_motif=AGGAGG;rbs_spacer=5-10bp;gc_cont=0.394
GCA_002220885.1_ASM222088v1_genomic	NHNF01000004.1_147	-	lolD.aln	-	2.9e-22	76.6	0.0	8.3e-22	75.1	0.0	1.6	1	1	0	1	1	1	1	# 163306 # 164196 # 1 # ID=23_147;partial=00;start_type=ATG;rbs_motif=AGGAGG;rbs_spacer=5-10bp;gc_cont=0.328
GCA_002220885.1_ASM222088v1_genomic	NHNF01000001.1_297	-	lolD.aln	-	8.9e-22	75.0	0.0	1.4e-21	74.4	0.0	1.2	1	0	0	1	1	1	1	# 310146 # 311930 # 1 # ID=13_297;partial=00;start_type=ATG;rbs_motif=GGA/GAG/AGG;rbs_spacer=5-10bp;gc_cont=0.360
GCA_002220885.1_ASM222088v1_genomic	NHNF01000007.1_35	-	lolD.aln	-	2.2e-21	73.7	0.0	4.5e-21	72.7	0.0	1.5	1	0	0	1	1	1	1	# 37170 # 38939 # 1 # ID=26_35;partial=00;start_type=ATG;rbs_motif=AGGAGG;rbs_spacer=5-10bp;gc_cont=0.386
GCA_002220885.1_ASM222088v1_genomic	NHNF01000001.1_842	-	lolD.aln	-	1e-20	71.6	0.2	4.2e-20	69.5	0.2	1.9	1	1	0	1	1	1	1	# 885207 # 886802 # -1 # ID=13_842;partial=00;start_type=ATG;rbs_motif=AGGAGG;rbs_spacer=5-10bp;gc_cont=0.325
GCA_002220885.1_ASM222088v1_genomic	NHNF01000002.1_23	-	lolD.aln	-	1.7e-20	70.8	0.0	3.5e-11	40.4	0.3	2.3	2	0	0	2	2	2	2	# 30079 # 31296 # -1 # ID=21_23;partial=00;start_type=ATG;rbs_motif=AGGAG;rbs_spacer=5-10bp;gc_cont=0.371
GCA_002220885.1_ASM222088v1_genomic	NHNF01000001.1_537	-	lolD.aln	-	2e-20	70.6	0.0	4.3e-20	69.5	0.0	1.5	1	1	0	1	1	1	1	# 561348 # 562247 # -1 # ID=13_537;partial=00;start_type=GTG;rbs_motif=AGxAGG/AGGxGG;rbs_spacer=5-10bp;gc_cont=0.348
GCA_002220885.1_ASM222088v1_genomic	NHNF01000003.1_311	-	lolD.aln	-	9.1e-20	68.4	0.0	8.4e-11	39.1	0.0	2.0	1	1	1	2	2	2	2	# 344741 # 345436 # 1 # ID=22_311;partial=00;start_type=ATG;rbs_motif=AGGAGG;rbs_spacer=5-10bp;gc_cont=0.309
GCA_002220885.1_ASM222088v1_genomic	NHNF01000006.1_95	-	lolD.aln	-	7.1e-19	65.5	0.0	1.7e-10	38.1	0.1	2.5	2	0	0	2	2	2	2	# 106337 # 108064 # -1 # ID=25_95;partial=00;start_type=ATG;rbs_motif=GGAGG;rbs_spacer=5-10bp;gc_cont=0.394
GCA_002220885.1_ASM222088v1_genomic	NHNF01000002.1_261	-	lolD.aln	-	1.3e-17	61.3	0.1	4.9e-10	36.6	0.1	2.2	2	0	0	2	2	2	2	# 265345 # 266688 # -1 # ID=21_261;partial=00;start_type=ATG;rbs_motif=GGAGG;rbs_spacer=5-10bp;gc_cont=0.351
GCA_002220885.1_ASM222088v1_genomic	NHNF01000004.1_162	-	lolD.aln	-	9e-17	58.6	0.0	5.1e-10	36.5	0.1	2.1	2	0	0	2	2	2	2	# 180239 # 181021 # 1 # ID=23_162;partial=00;start_type=TTG;rbs_motif=None;rbs_spacer=None;gc_cont=0.286
GCA_002220885.1_ASM222088v1_genomic	NHNF01000002.1_178	-	lolD.aln	-	2.7e-16	57.1	0.1	4.8e-16	56.2	0.1	1.3	1	1	0	1	1	1	1	# 183633 # 184403 # -1 # ID=21_178;partial=00;start_type=ATG;rbs_motif=GGAGG;rbs_spacer=5-10bp;gc_cont=0.371
GCA_002220885.1_ASM222088v1_genomic	NHNF01000015.1_2	-	lolD.aln	-	1.3e-15	54.9	0.1	1.6e-08	31.7	0.1	2.1	2	0	0	2	2	2	2	# 2160 # 3041 # -1 # ID=9_2;partial=00;start_type=ATG;rbs_motif=GGAG/GAGG;rbs_spacer=5-10bp;gc_cont=0.397
GCA_002220885.1_ASM222088v1_genomic	NHNF01000001.1_351	-	lolD.aln	-	3.3e-15	53.5	0.0	2.5e-08	31.0	0.1	2.1	2	0	0	2	2	2	2	# 362003 # 362857 # 1 # ID=13_351;partial=00;start_type=ATG;rbs_motif=GGAG/GAGG;rbs_spacer=5-10bp;gc_cont=0.356
GCA_002220885.1_ASM222088v1_genomic	NHNF01000001.1_609	-	lolD.aln	-	1.1e-14	51.8	0.1	4.2e-07	27.0	0.0	2.1	2	0	0	2	2	2	2	# 645037 # 645750 # -1 # ID=13_609;partial=00;start_type=ATG;rbs_motif=GGA/GAG/AGG;rbs_spacer=11-12bp;gc_cont=0.301
GCA_002220885.1_ASM222088v1_genomic	NHNF01000001.1_729	-	lolD.aln	-	3.8e-10	37.0	0.0	5e-10	36.6	0.0	1.2	1	0	0	1	1	1	1	# 772157 # 772681 # -1 # ID=13_729;partial=00;start_type=ATG;rbs_motif=None;rbs_spacer=None;gc_cont=0.333
GCA_002220885.1_ASM222088v1_genomic	NHNF01000001.1_730	-	lolD.aln	-	1.1e-08	32.2	0.3	1.1e-08	32.2	0.3	1.0	1	0	0	1	1	1	1	# 772814 # 772990 # -1 # ID=13_730;partial=00;start_type=ATG;rbs_motif=AGGAG;rbs_spacer=5-10bp;gc_cont=0.288
GCA_002220885.1_ASM222088v1_genomic	NHNF01000006.1_117	-	lolD.aln	-	7.5e-07	26.2	0.0	3.1e-05	20.9	0.0	2.1	2	0	0	2	2	2	1	# 127886 # 128518 # -1 # ID=25_117;partial=00;start_type=TTG;rbs_motif=GGAG/GAGG;rbs_spacer=5-10bp;gc_cont=0.267
GCA_002220885.1_ASM222088v1_genomic	NHNF01000005.1_160	-	lolD.aln	-	0.014	12.3	0.3	0.034	10.9	0.1	1.7	2	0	0	2	2	1	0	# 161337 # 162707 # -1 # ID=24_160;partial=00;start_type=ATG;rbs_motif=AGGAG;rbs_spacer=5-10bp;gc_cont=0.418
GCA_002247505.1_ASM224750v1_genomic	NQBI01000145.1_6	-	lolD.aln	-	1.3e-116	386.0	0.4	1.5e-116	385.8	0.4	1.0	1	0	0	1	1	1	1	# 7629 # 8330 # 1 # ID=116_6;partial=00;start_type=ATG;rbs_motif=GGAG/GAGG;rbs_spacer=5-10bp;gc_cont=0.554
GCA_002247505.1_ASM224750v1_genomic	NQBI01000152.1_38	-	lolD.aln	-	3e-81	270.3	0.6	3.4e-81	270.2	0.6	1.0	1	0	0	1	1	1	1	# 45064 # 45750 # -1 # ID=35_38;partial=00;start_type=ATG;rbs_motif=AGGA;rbs_spacer=5-10bp;gc_cont=0.566
GCA_002247505.1_ASM224750v1_genomic	NQBI01000003.1_42	-	lolD.aln	-	5.4e-80	266.2	9.5	4.3e-41	139.0	1.7	2.1	2	0	0	2	2	2	2	# 47108 # 48697 # 1 # ID=144_42;partial=00;start_type=ATG;rbs_motif=AGxAGG/AGGxGG;rbs_spacer=5-10bp;gc_cont=0.511
GCA_002247505.1_ASM224750v1_genomic	NQBI01000093.1_71	-	lolD.aln	-	1.4e-77	258.3	3.4	4e-38	129.3	0.0	2.1	2	0	0	2	2	2	2	# 79079 # 80950 # -1 # ID=111_71;partial=00;start_type=TTG;rbs_motif=GGA/GAG/AGG;rbs_spacer=5-10bp;gc_cont=0.541
GCA_002247505.1_ASM224750v1_genomic	NQBI01000093.1_18	-	lolD.aln	-	6.7e-72	239.7	0.3	9.2e-72	239.3	0.3	1.2	1	0	0	1	1	1	1	# 22977 # 24923 # -1 # ID=111_18;partial=00;start_type=ATG;rbs_motif=AGGAG;rbs_spacer=5-10bp;gc_cont=0.543
GCA_002247505.1_ASM224750v1_genomic	NQBI01000009.1_93	-	lolD.aln	-	8.2e-62	206.8	0.0	9e-62	206.6	0.0	1.0	1	0	0	1	1	1	1	# 104783 # 105451 # -1 # ID=57_93;partial=00;start_type=ATG;rbs_motif=GGAG/GAGG;rbs_spacer=5-10bp;gc_cont=0.558
GCA_002247505.1_ASM224750v1_genomic	NQBI01000036.1_63	-	lolD.aln	-	8.7e-61	203.4	0.2	1.1e-60	203.0	0.2	1.1	1	0	0	1	1	1	1	# 68539 # 69570 # -1 # ID=81_63;partial=00;start_type=ATG;rbs_motif=None;rbs_spacer=None;gc_cont=0.522
GCA_002247505.1_ASM224750v1_genomic	NQBI01000093.1_94	-	lolD.aln	-	6.7e-59	197.2	0.2	7.5e-59	197.1	0.2	1.0	1	0	0	1	1	1	1	# 107003 # 107725 # 1 # ID=111_94;partial=00;start_type=GTG;rbs_motif=AGGA;rbs_spacer=5-10bp;gc_cont=0.538
GCA_002247505.1_ASM224750v1_genomic	NQBI01000118.1_407	-	lolD.aln	-	5.3e-54	181.2	0.2	6.1e-54	181.0	0.2	1.0	1	0	0	1	1	1	1	# 427526 # 428278 # -1 # ID=1_407;partial=00;start_type=ATG;rbs_motif=AGGAG/GGAGG;rbs_spacer=11-12bp;gc_cont=0.544
GCA_002247505.1_ASM224750v1_genomic	NQBI01000151.1_44	-	lolD.aln	-	1.3e-53	179.9	0.0	3.7e-28	96.7	0.0	2.2	2	0	0	2	2	2	2	# 45814 # 48549 # 1 # ID=84_44;partial=00;start_type=ATG;rbs_motif=GGAG/GAGG;rbs_spacer=5-10bp;gc_cont=0.563
GCA_002247505.1_ASM224750v1_genomic	NQBI01000071.1_22	-	lolD.aln	-	6.4e-52	174.4	0.0	4.9e-32	109.4	0.1	2.2	2	1	0	2	2	2	2	# 23395 # 24897 # 1 # ID=78_22;partial=00;start_type=ATG;rbs_motif=GGxGG;rbs_spacer=5-10bp;gc_cont=0.556
GCA_002247505.1_ASM224750v1_genomic	NQBI01000117.1_160	-	lolD.aln	-	3.2e-51	172.1	0.5	6.7e-51	171.0	0.4	1.5	2	0	0	2	2	1	1	# 177803 # 178900 # 1 # ID=100_160;partial=00;start_type=ATG;rbs_motif=AGGAG;rbs_spacer=5-10bp;gc_cont=0.588
GCA_002247505.1_ASM224750v1_genomic	NQBI01000146.1_35	-	lolD.aln	-	1e-50	170.4	0.3	1.2e-50	170.3	0.3	1.0	1	0	0	1	1	1	1	# 41484 # 42209 # 1 # ID=83_35;partial=00;start_type=ATG;rbs_motif=AGGA;rbs_spacer=5-10bp;gc_cont=0.522
GCA_002247505.1_ASM224750v1_genomic	NQBI01000117.1_254	-	lolD.aln	-	2e-50	169.5	1.4	2.4e-50	169.2	1.4	1.1	1	0	0	1	1	1	1	# 284560 # 285333 # 1 # ID=100_254;partial=00;start_type=ATG;rbs_motif=GGA/GAG/AGG;rbs_spacer=5-10bp;gc_cont=0.516
GCA_002247505.1_ASM224750v1_genomic	NQBI01000117.1_42	-	lolD.aln	-	2.4e-50	169.2	1.7	4.5e-28	96.4	0.1	3.0	2	1	0	2	2	2	2	# 47525 # 49036 # 1 # ID=100_42;partial=00;start_type=ATG;rbs_motif=GGAG/GAGG;rbs_spacer=5-10bp;gc_cont=0.560
GCA_002247505.1_ASM224750v1_genomic	NQBI01000093.1_110	-	lolD.aln	-	6.2e-50	167.9	0.0	8.2e-26	89.0	0.0	2.1	2	0	0	2	2	2	2	# 124467 # 126203 # 1 # ID=111_110;partial=00;start_type=ATG;rbs_motif=GGAG/GAGG;rbs_spacer=5-10bp;gc_cont=0.554
GCA_002247505.1_ASM224750v1_genomic	NQBI01000114.1_7	-	lolD.aln	-	5.5e-49	164.8	0.7	3.8e-26	90.1	0.0	2.9	2	1	0	2	2	2	2	# 6456 # 7961 # -1 # ID=82_7;partial=00;start_type=ATG;rbs_motif=GGAG/GAGG;rbs_spacer=5-10bp;gc_cont=0.510
GCA_002247505.1_ASM224750v1_genomic	NQBI01000078.1_28	-	lolD.aln	-	9.8e-49	164.0	1.1	4.5e-29	99.6	0.4	3.0	3	0	0	3	3	3	3	# 30033 # 31574 # -1 # ID=90_28;partial=00;start_type=ATG;rbs_motif=GGAG/GAGG;rbs_spacer=5-10bp;gc_cont=0.473
GCA_002247505.1_ASM224750v1_genomic	NQBI01000057.1_2	-	lolD.aln	-	6.4e-48	161.3	0.0	8e-48	161.0	0.0	1.0	1	0	0	1	1	1	1	# 546 # 1304 # -1 # ID=89_2;partial=00;start_type=ATG;rbs_motif=GGAG/GAGG;rbs_spacer=5-10bp;gc_cont=0.469
GCA_002247505.1_ASM224750v1_genomic	NQBI01000104.1_79	-	lolD.aln	-	2e-47	159.7	1.1	2.4e-26	90.7	0.2	2.6	2	1	0	2	2	2	2	# 88437 # 89921 # 1 # ID=133_79;partial=00;start_type=ATG;rbs_motif=GGA/GAG/AGG;rbs_spacer=5-10bp;gc_cont=0.516
GCA_002247505.1_ASM224750v1_genomic	NQBI01000101.1_3	-	lolD.aln	-	6.4e-47	158.0	0.2	1e-46	157.4	0.2	1.3	1	0	0	1	1	1	1	# 1228 # 2364 # -1 # ID=107_3;partial=00;start_type=ATG;rbs_motif=None;rbs_spacer=None;gc_cont=0.509
GCA_002247505.1_ASM224750v1_genomic	NQBI01000012.1_25	-	lolD.aln	-	9.8e-46	154.2	1.0	1.5e-45	153.6	1.0	1.2	1	0	0	1	1	1	1	# 27370 # 28572 # 1 # ID=91_25;partial=00;start_type=ATG;rbs_motif=4Base/6BMM;rbs_spacer=13-15bp;gc_cont=0.494
GCA_002247505.1_ASM224750v1_genomic	NQBI01000087.1_19	-	lolD.aln	-	1.2e-45	153.9	0.0	1.8e-45	153.3	0.0	1.2	1	0	0	1	1	1	1	# 19007 # 20020 # 1 # ID=103_19;partial=00;start_type=ATG;rbs_motif=None;rbs_spacer=None;gc_cont=0.546
GCA_002247505.1_ASM224750v1_genomic	NQBI01000003.1_10	-	lolD.aln	-	1.6e-45	153.4	0.1	2e-23	81.2	0.0	3.0	2	1	0	2	2	2	2	# 8643 # 10163 # -1 # ID=144_10;partial=00;start_type=ATG;rbs_motif=GGA/GAG/AGG;rbs_spacer=5-10bp;gc_cont=0.452
GCA_002247505.1_ASM224750v1_genomic	NQBI01000093.1_34	-	lolD.aln	-	3.3e-45	152.5	0.0	4.1e-45	152.1	0.0	1.0	1	0	0	1	1	1	1	# 44027 # 44755 # 1 # ID=111_34;partial=00;start_type=ATG;rbs_motif=GGA/GAG/AGG;rbs_spacer=5-10bp;gc_cont=0.528
GCA_002247505.1_ASM224750v1_genomic	NQBI01000009.1_110	-	lolD.aln	-	3.4e-45	152.4	1.0	4.2e-45	152.1	1.0	1.1	1	0	0	1	1	1	1	# 120484 # 121290 # 1 # ID=57_110;partial=00;start_type=ATG;rbs_motif=GGAG/GAGG;rbs_spacer=5-10bp;gc_cont=0.560
GCA_002247505.1_ASM224750v1_genomic	NQBI01000022.1_14	-	lolD.aln	-	5.6e-45	151.7	0.1	2.3e-26	90.8	0.0	3.0	2	1	0	2	2	2	2	# 15809 # 17326 # -1 # ID=85_14;partial=00;start_type=ATG;rbs_motif=AGGA;rbs_spacer=5-10bp;gc_cont=0.416
GCA_002247505.1_ASM224750v1_genomic	NQBI01000031.1_96	-	lolD.aln	-	1.9e-44	149.9	1.1	2.8e-44	149.4	1.1	1.2	1	0	0	1	1	1	1	# 110936 # 111724 # -1 # ID=2_96;partial=00;start_type=ATG;rbs_motif=GGAGG;rbs_spacer=5-10bp;gc_cont=0.587
GCA_002247505.1_ASM224750v1_genomic	NQBI01000118.1_33	-	lolD.aln	-	2.4e-44	149.6	3.1	3.3e-23	80.5	0.1	2.6	2	1	0	2	2	2	2	# 43615 # 45150 # 1 # ID=1_33;partial=00;start_type=ATG;rbs_motif=GGxGG;rbs_spacer=3-4bp;gc_cont=0.529
GCA_002247505.1_ASM224750v1_genomic	NQBI01000093.1_43	-	lolD.aln	-	3.7e-44	149.0	0.2	5.4e-44	148.5	0.2	1.2	1	0	0	1	1	1	1	# 51393 # 52526 # -1 # ID=111_43;partial=00;start_type=GTG;rbs_motif=GGAG/GAGG;rbs_spacer=5-10bp;gc_cont=0.547
GCA_002247505.1_ASM224750v1_genomic	NQBI01000103.1_10	-	lolD.aln	-	4e-44	148.9	0.2	1.3e-43	147.2	0.2	1.7	1	1	0	1	1	1	1	# 12502 # 13269 # -1 # ID=122_10;partial=00;start_type=ATG;rbs_motif=AGGAG;rbs_spacer=5-10bp;gc_cont=0.562
GCA_002247505.1_ASM224750v1_genomic	NQBI01000118.1_389	-	lolD.aln	-	8.7e-44	147.8	0.1	4.1e-28	96.5	0.0	3.1	3	0	0	3	3	3	3	# 409888 # 411402 # -1 # ID=1_389;partial=00;start_type=ATG;rbs_motif=GGAG/GAGG;rbs_spacer=5-10bp;gc_cont=0.518
GCA_002247505.1_ASM224750v1_genomic	NQBI01000037.1_26	-	lolD.aln	-	2.3e-43	146.4	0.1	3e-43	146.0	0.1	1.1	1	0	0	1	1	1	1	# 35111 # 36115 # -1 # ID=86_26;partial=00;start_type=ATG;rbs_motif=GGAGG;rbs_spacer=5-10bp;gc_cont=0.555
GCA_002247505.1_ASM224750v1_genomic	NQBI01000009.1_79	-	lolD.aln	-	5e-43	145.3	0.1	6.7e-43	144.9	0.1	1.1	1	0	0	1	1	1	1	# 89898 # 90968 # -1 # ID=57_79;partial=00;start_type=ATG;rbs_motif=GGA/GAG/AGG;rbs_spacer=5-10bp;gc_cont=0.574
GCA_002247505.1_ASM224750v1_genomic	NQBI01000031.1_88	-	lolD.aln	-	1e-42	144.3	0.0	1.2e-42	144.1	0.0	1.0	1	0	0	1	1	1	1	# 104618 # 105376 # -1 # ID=2_88;partial=00;start_type=ATG;rbs_motif=GGAG/GAGG;rbs_spacer=5-10bp;gc_cont=0.607
GCA_002247505.1_ASM224750v1_genomic	NQBI01000040.1_13	-	lolD.aln	-	1.4e-42	143.9	0.5	1.7e-42	143.6	0.5	1.0	1	0	0	1	1	1	1	# 10477 # 11490 # -1 # ID=88_13;partial=00;start_type=ATG;rbs_motif=AGGAG;rbs_spacer=5-10bp;gc_cont=0.518
GCA_002247505.1_ASM224750v1_genomic	NQBI01000031.1_30	-	lolD.aln	-	5.7e-42	141.8	0.3	8.3e-42	141.3	0.3	1.2	1	0	0	1	1	1	1	# 40647 # 41762 # 1 # ID=2_30;partial=00;start_type=ATG;rbs_motif=GGAG/GAGG;rbs_spacer=5-10bp;gc_cont=0.550
GCA_002247505.1_ASM224750v1_genomic	NQBI01000093.1_83	-	lolD.aln	-	6.9e-42	141.6	1.3	1.9e-11	42.0	0.0	4.3	3	2	1	4	4	4	4	# 95909 # 97504 # -1 # ID=111_83;partial=00;start_type=GTG;rbs_motif=AGGA;rbs_spacer=5-10bp;gc_cont=0.524
GCA_002247505.1_ASM224750v1_genomic	NQBI01000071.1_169	-	lolD.aln	-	7.9e-42	141.4	0.1	2.4e-12	45.0	0.0	4.2	4	0	0	4	4	4	4	# 190505 # 192172 # -1 # ID=78_169;partial=00;start_type=GTG;rbs_motif=AGGA/GGAG/GAGG;rbs_spacer=11-12bp;gc_cont=0.551
GCA_002247505.1_ASM224750v1_genomic	NQBI01000031.1_87	-	lolD.aln	-	3.8e-41	139.1	0.0	4.4e-41	138.9	0.0	1.0	1	0	0	1	1	1	1	# 103827 # 104507 # -1 # ID=2_87;partial=00;start_type=ATG;rbs_motif=GGAG/GAGG;rbs_spacer=5-10bp;gc_cont=0.606
GCA_002247505.1_ASM224750v1_genomic	NQBI01000103.1_26	-	lolD.aln	-	4.4e-40	135.7	0.3	3.8e-12	44.3	0.0	4.2	3	1	1	4	4	4	4	# 29190 # 31097 # 1 # ID=122_26;partial=00;start_type=ATG;rbs_motif=AGGA;rbs_spacer=5-10bp;gc_cont=0.527
GCA_002247505.1_ASM224750v1_genomic	NQBI01000037.1_27	-	lolD.aln	-	6.4e-40	135.1	0.3	7.7e-40	134.9	0.3	1.1	1	0	0	1	1	1	1	# 36112 # 37095 # -1 # ID=86_27;partial=00;start_type=ATG;rbs_motif=GGAG/GAGG;rbs_spacer=5-10bp;gc_cont=0.564
GCA_002247505.1_ASM224750v1_genomic	NQBI01000104.1_118	-	lolD.aln	-	2.6e-38	129.9	0.1	7.1e-38	128.4	0.1	1.6	1	1	0	1	1	1	1	# 132607 # 133374 # 1 # ID=133_118;partial=00;start_type=ATG;rbs_motif=AGGAG;rbs_spacer=5-10bp;gc_cont=0.566
GCA_002247505.1_ASM224750v1_genomic	NQBI01000041.1_17	-	lolD.aln	-	7.6e-38	128.4	0.5	2.6e-16	57.9	0.0	4.0	2	2	1	3	3	3	3	# 16292 # 18211 # -1 # ID=101_17;partial=00;start_type=ATG;rbs_motif=None;rbs_spacer=None;gc_cont=0.556
GCA_002247505.1_ASM224750v1_genomic	NQBI01000040.1_12	-	lolD.aln	-	1.6e-37	127.3	0.0	2e-37	127.0	0.0	1.1	1	0	0	1	1	1	1	# 9476 # 10480 # -1 # ID=88_12;partial=00;start_type=ATG;rbs_motif=GGAGG;rbs_spacer=5-10bp;gc_cont=0.524
GCA_002247505.1_ASM224750v1_genomic	NQBI01000057.1_71	-	lolD.aln	-	2e-37	127.0	0.0	2.6e-37	126.6	0.0	1.0	1	0	0	1	1	1	1	# 76354 # 77163 # 1 # ID=89_71;partial=00;start_type=ATG;rbs_motif=GGA/GAG/AGG;rbs_spacer=5-10bp;gc_cont=0.542
GCA_002247505.1_ASM224750v1_genomic	NQBI01000033.1_11	-	lolD.aln	-	3.8e-35	119.5	2.0	7.8e-33	112.0	2.0	2.1	1	1	0	1	1	1	1	# 12693 # 13619 # 1 # ID=114_11;partial=00;start_type=GTG;rbs_motif=AGGAG;rbs_spacer=5-10bp;gc_cont=0.533
GCA_002247505.1_ASM224750v1_genomic	NQBI01000152.1_43	-	lolD.aln	-	6.4e-35	118.8	0.0	7.4e-35	118.6	0.0	1.1	1	0	0	1	1	1	1	# 48887 # 49564 # -1 # ID=35_43;partial=00;start_type=ATG;rbs_motif=GGA/GAG/AGG;rbs_spacer=5-10bp;gc_cont=0.459
GCA_002247505.1_ASM224750v1_genomic	NQBI01000023.1_123	-	lolD.aln	-	7.1e-35	118.6	0.2	9.4e-35	118.2	0.2	1.1	1	0	0	1	1	1	1	# 139137 # 140063 # -1 # ID=155_123;partial=00;start_type=ATG;rbs_motif=GGA/GAG/AGG;rbs_spacer=5-10bp;gc_cont=0.559
GCA_002247505.1_ASM224750v1_genomic	NQBI01000071.1_249	-	lolD.aln	-	9.8e-35	118.2	0.2	1.4e-34	117.7	0.2	1.1	1	0	0	1	1	1	1	# 280040 # 280738 # -1 # ID=78_249;partial=00;start_type=ATG;rbs_motif=None;rbs_spacer=None;gc_cont=0.569
GCA_002247505.1_ASM224750v1_genomic	NQBI01000093.1_11	-	lolD.aln	-	1.5e-34	117.6	0.4	2.4e-34	116.9	0.4	1.3	1	0	0	1	1	1	1	# 15957 # 17678 # 1 # ID=111_11;partial=00;start_type=ATG;rbs_motif=AGGAG;rbs_spacer=5-10bp;gc_cont=0.537
GCA_002247505.1_ASM224750v1_genomic	NQBI01000033.1_10	-	lolD.aln	-	1.4e-33	114.4	0.2	1.7e-33	114.1	0.2	1.1	1	0	0	1	1	1	1	# 11714 # 12700 # 1 # ID=114_10;partial=00;start_type=ATG;rbs_motif=AGGAG;rbs_spacer=5-10bp;gc_cont=0.541
GCA_002247505.1_ASM224750v1_genomic	NQBI01000093.1_144	-	lolD.aln	-	3.1e-33	113.3	0.0	9.5e-19	65.9	0.0	3.3	3	0	0	3	3	3	3	# 159133 # 160605 # 1 # ID=111_144;partial=00;start_type=ATG;rbs_motif=GGA/GAG/AGG;rbs_spacer=5-10bp;gc_cont=0.526
GCA_002247505.1_ASM224750v1_genomic	NQBI01000015.1_46	-	lolD.aln	-	4.8e-33	112.7	0.1	6.7e-33	112.2	0.1	1.2	1	0	0	1	1	1	1	# 46765 # 47571 # -1 # ID=24_46;partial=00;start_type=ATG;rbs_motif=GGAG/GAGG;rbs_spacer=5-10bp;gc_cont=0.518
GCA_002247505.1_ASM224750v1_genomic	NQBI01000009.1_85	-	lolD.aln	-	7.8e-33	112.0	0.7	7.7e-32	108.7	0.7	1.9	1	1	0	1	1	1	1	# 96131 # 96898 # -1 # ID=57_85;partial=00;start_type=ATG;rbs_motif=AGGAG;rbs_spacer=5-10bp;gc_cont=0.556
GCA_002247505.1_ASM224750v1_genomic	NQBI01000048.1_103	-	lolD.aln	-	1e-31	108.3	0.0	1.2e-31	108.1	0.0	1.0	1	0	0	1	1	1	1	# 106055 # 106732 # 1 # ID=13_103;partial=00;start_type=ATG;rbs_motif=4Base/6BMM;rbs_spacer=13-15bp;gc_cont=0.525
GCA_002247505.1_ASM224750v1_genomic	NQBI01000008.1_23	-	lolD.aln	-	1.7e-31	107.6	0.1	2.3e-31	107.2	0.1	1.1	1	0	0	1	1	1	1	# 25880 # 26638 # 1 # ID=102_23;partial=00;start_type=GTG;rbs_motif=GGAGG;rbs_spacer=5-10bp;gc_cont=0.540
GCA_002247505.1_ASM224750v1_genomic	NQBI01000140.1_17	-	lolD.aln	-	1.8e-31	107.5	0.3	2.9e-31	106.8	0.3	1.3	1	0	0	1	1	1	1	# 20457 # 22205 # 1 # ID=97_17;partial=00;start_type=ATG;rbs_motif=None;rbs_spacer=None;gc_cont=0.509
GCA_002247505.1_ASM224750v1_genomic	NQBI01000093.1_139	-	lolD.aln	-	2.3e-31	107.2	0.0	3.5e-31	106.5	0.0	1.2	1	0	0	1	1	1	1	# 155309 # 156367 # -1 # ID=111_139;partial=00;start_type=ATG;rbs_motif=GGxGG;rbs_spacer=5-10bp;gc_cont=0.534
GCA_002247505.1_ASM224750v1_genomic	NQBI01000015.1_47	-	lolD.aln	-	5.2e-31	106.0	0.1	4.4e-30	103.0	0.1	1.9	1	1	0	1	1	1	1	# 47573 # 48565 # -1 # ID=24_47;partial=00;start_type=ATG;rbs_motif=GGxGG;rbs_spacer=5-10bp;gc_cont=0.511
GCA_002247505.1_ASM224750v1_genomic	NQBI01000138.1_41	-	lolD.aln	-	9.8e-31	105.1	0.0	1.5e-30	104.4	0.0	1.2	1	0	0	1	1	1	1	# 39616 # 40431 # 1 # ID=79_41;partial=00;start_type=ATG;rbs_motif=AGGAG/GGAGG;rbs_spacer=11-12bp;gc_cont=0.540
GCA_002247505.1_ASM224750v1_genomic	NQBI01000151.1_13	-	lolD.aln	-	1.5e-30	104.5	0.0	2e-30	104.1	0.0	1.1	1	0	0	1	1	1	1	# 11039 # 11809 # -1 # ID=84_13;partial=00;start_type=ATG;rbs_motif=GGAGG;rbs_spacer=5-10bp;gc_cont=0.492
GCA_002247505.1_ASM224750v1_genomic	NQBI01000009.1_84	-	lolD.aln	-	8e-30	102.1	0.1	9.4e-30	101.9	0.1	1.1	1	0	0	1	1	1	1	# 95416 # 96129 # -1 # ID=57_84;partial=00;start_type=ATG;rbs_motif=GGAG/GAGG;rbs_spacer=5-10bp;gc_cont=0.567
GCA_002247505.1_ASM224750v1_genomic	NQBI01000071.1_308	-	lolD.aln	-	1.7e-29	101.1	0.0	2.3e-29	100.6	0.0	1.2	1	0	0	1	1	1	1	# 350127 # 351053 # 1 # ID=78_308;partial=00;start_type=ATG;rbs_motif=3Base/5BMM;rbs_spacer=13-15bp;gc_cont=0.493
GCA_002247505.1_ASM224750v1_genomic	NQBI01000114.1_31	-	lolD.aln	-	2.1e-29	100.7	0.0	2.7e-29	100.4	0.0	1.1	1	0	0	1	1	1	1	# 33281 # 34054 # 1 # ID=82_31;partial=00;start_type=ATG;rbs_motif=AGGA;rbs_spacer=5-10bp;gc_cont=0.526
GCA_002247505.1_ASM224750v1_genomic	NQBI01000057.1_65	-	lolD.aln	-	2.2e-29	100.7	0.0	2.6e-29	100.4	0.0	1.1	1	0	0	1	1	1	1	# 71750 # 72475 # -1 # ID=89_65;partial=00;start_type=ATG;rbs_motif=4Base/6BMM;rbs_spacer=13-15bp;gc_cont=0.541
GCA_002247505.1_ASM224750v1_genomic	NQBI01000118.1_350	-	lolD.aln	-	2.7e-29	100.4	3.3	2.8e-20	70.9	0.2	2.1	2	0	0	2	2	2	2	# 370631 # 371386 # 1 # ID=1_350;partial=00;start_type=ATG;rbs_motif=None;rbs_spacer=None;gc_cont=0.488
GCA_002247505.1_ASM224750v1_genomic	NQBI01000036.1_15	-	lolD.aln	-	6.7e-29	99.1	0.0	7.8e-17	59.6	0.1	2.1	2	0	0	2	2	2	2	# 17748 # 18545 # 1 # ID=81_15;partial=00;start_type=ATG;rbs_motif=None;rbs_spacer=None;gc_cont=0.563
GCA_002247505.1_ASM224750v1_genomic	NQBI01000118.1_246	-	lolD.aln	-	1.7e-28	97.8	0.0	2.2e-28	97.4	0.0	1.0	1	0	0	1	1	1	1	# 265941 # 266594 # 1 # ID=1_246;partial=00;start_type=ATG;rbs_motif=AGGA;rbs_spacer=5-10bp;gc_cont=0.518
GCA_002247505.1_ASM224750v1_genomic	NQBI01000118.1_464	-	lolD.aln	-	5.7e-28	96.1	0.2	1.2e-27	95.0	0.0	1.6	2	0	0	2	2	1	1	# 478632 # 480434 # -1 # ID=1_464;partial=00;start_type=ATG;rbs_motif=GGAG/GAGG;rbs_spacer=5-10bp;gc_cont=0.584
GCA_002247505.1_ASM224750v1_genomic	NQBI01000057.1_224	-	lolD.aln	-	1.2e-27	95.0	0.0	1.6e-27	94.6	0.0	1.1	1	0	0	1	1	1	1	# 239662 # 240471 # 1 # ID=89_224;partial=00;start_type=GTG;rbs_motif=None;rbs_spacer=None;gc_cont=0.491
GCA_002247505.1_ASM224750v1_genomic	NQBI01000118.1_465	-	lolD.aln	-	1.6e-26	91.3	0.1	2.6e-26	90.6	0.1	1.3	1	0	0	1	1	1	1	# 480421 # 482223 # -1 # ID=1_465;partial=00;start_type=ATG;rbs_motif=4Base/6BMM;rbs_spacer=13-15bp;gc_cont=0.573
GCA_002247505.1_ASM224750v1_genomic	NQBI01000031.1_53	-	lolD.aln	-	3.6e-26	90.2	2.9	3.1e-10	38.0	0.0	4.2	4	0	0	4	4	4	4	# 64817 # 67639 # -1 # ID=2_53;partial=00;start_type=ATG;rbs_motif=GGA/GAG/AGG;rbs_spacer=5-10bp;gc_cont=0.555
GCA_002247505.1_ASM224750v1_genomic	NQBI01000102.1_7	-	lolD.aln	-	1.1e-25	88.5	0.2	2e-25	87.7	0.2	1.3	1	1	0	1	1	1	1	# 4366 # 5193 # -1 # ID=141_7;partial=00;start_type=ATG;rbs_motif=GGAG/GAGG;rbs_spacer=5-10bp;gc_cont=0.517
GCA_002247505.1_ASM224750v1_genomic	NQBI01000152.1_52	-	lolD.aln	-	2.1e-25	87.7	0.3	3.7e-25	86.9	0.3	1.3	1	0	0	1	1	1	1	# 55268 # 57430 # -1 # ID=35_52;partial=00;start_type=ATG;rbs_motif=GGxGG;rbs_spacer=5-10bp;gc_cont=0.566
GCA_002247505.1_ASM224750v1_genomic	NQBI01000152.1_91	-	lolD.aln	-	5.1e-25	86.4	1.0	8e-25	85.8	1.0	1.3	1	0	0	1	1	1	1	# 120805 # 122586 # -1 # ID=35_91;partial=00;start_type=ATG;rbs_motif=AGGAG;rbs_spacer=5-10bp;gc_cont=0.557
GCA_002247505.1_ASM224750v1_genomic	NQBI01000009.1_109	-	lolD.aln	-	1.5e-23	81.6	1.7	1.6e-16	58.6	0.2	2.0	2	0	0	2	2	2	2	# 119723 # 120487 # 1 # ID=57_109;partial=00;start_type=ATG;rbs_motif=AGGA/GGAG/GAGG;rbs_spacer=11-12bp;gc_cont=0.597
GCA_002247505.1_ASM224750v1_genomic	NQBI01000003.1_60	-	lolD.aln	-	2.2e-22	77.8	0.1	1.3e-21	75.3	0.1	1.8	1	1	0	1	1	1	1	# 66455 # 67072 # -1 # ID=144_60;partial=00;start_type=ATG;rbs_motif=3Base/5BMM;rbs_spacer=13-15bp;gc_cont=0.552
GCA_002247505.1_ASM224750v1_genomic	NQBI01000003.1_71	-	lolD.aln	-	2.8e-22	77.4	0.0	5.3e-21	73.2	0.0	2.1	1	1	0	1	1	1	1	# 75839 # 77482 # -1 # ID=144_71;partial=00;start_type=ATG;rbs_motif=None;rbs_spacer=None;gc_cont=0.535
GCA_002247505.1_ASM224750v1_genomic	NQBI01000093.1_10	-	lolD.aln	-	4.9e-22	76.6	0.1	9.8e-22	75.7	0.1	1.4	1	1	0	1	1	1	1	# 14190 # 15956 # 1 # ID=111_10;partial=00;start_type=ATG;rbs_motif=None;rbs_spacer=None;gc_cont=0.530
GCA_002247505.1_ASM224750v1_genomic	NQBI01000152.1_92	-	lolD.aln	-	2.6e-21	74.3	0.1	4.3e-21	73.6	0.1	1.3	1	0	0	1	1	1	1	# 122579 # 124351 # -1 # ID=35_92;partial=00;start_type=GTG;rbs_motif=AGGA;rbs_spacer=5-10bp;gc_cont=0.539
GCA_002247505.1_ASM224750v1_genomic	NQBI01000118.1_200	-	lolD.aln	-	5.5e-18	63.4	0.8	6.6e-09	33.7	0.1	2.1	2	0	0	2	2	2	2	# 220366 # 221115 # -1 # ID=1_200;partial=00;start_type=ATG;rbs_motif=None;rbs_spacer=None;gc_cont=0.547
GCA_002247505.1_ASM224750v1_genomic	NQBI01000057.1_297	-	lolD.aln	-	5.5e-18	63.4	0.0	7.7e-14	49.8	0.0	2.0	2	0	0	2	2	2	2	# 311247 # 311915 # 1 # ID=89_297;partial=00;start_type=ATG;rbs_motif=4Base/6BMM;rbs_spacer=13-15bp;gc_cont=0.404
GCA_002247505.1_ASM224750v1_genomic	NQBI01000118.1_172	-	lolD.aln	-	1.4e-17	62.1	0.1	1.9e-09	35.5	0.1	2.1	2	0	0	2	2	2	2	# 189322 # 190068 # -1 # ID=1_172;partial=00;start_type=ATG;rbs_motif=AGGA;rbs_spacer=5-10bp;gc_cont=0.503
GCA_002247505.1_ASM224750v1_genomic	NQBI01000118.1_4	-	lolD.aln	-	3e-16	57.7	0.0	1.3e-10	39.3	0.0	2.3	2	0	0	2	2	2	2	# 5974 # 7659 # -1 # ID=1_4;partial=00;start_type=ATG;rbs_motif=None;rbs_spacer=None;gc_cont=0.434
GCA_002247505.1_ASM224750v1_genomic	NQBI01000048.1_102	-	lolD.aln	-	2e-15	55.0	0.0	5.3e-15	53.6	0.0	1.6	1	1	0	1	1	1	1	# 105384 # 106061 # 1 # ID=13_102;partial=00;start_type=ATG;rbs_motif=GGAG/GAGG;rbs_spacer=5-10bp;gc_cont=0.552
GCA_002247505.1_ASM224750v1_genomic	NQBI01000129.1_16	-	lolD.aln	-	1.3e-05	22.9	0.3	0.0014	16.3	0.0	2.4	3	0	0	3	3	2	1	# 12902 # 14458 # 1 # ID=115_16;partial=00;start_type=ATG;rbs_motif=AGGA;rbs_spacer=5-10bp;gc_cont=0.351
GCA_002247505.1_ASM224750v1_genomic	NQBI01000048.1_125	-	lolD.aln	-	0.00028	18.6	0.0	0.00068	17.3	0.0	1.6	1	0	0	1	1	1	1	# 128243 # 129223 # -1 # ID=13_125;partial=00;start_type=ATG;rbs_motif=GGAG/GAGG;rbs_spacer=5-10bp;gc_cont=0.547
GCA_002247505.1_ASM224750v1_genomic	NQBI01000057.1_271	-	lolD.aln	-	0.027	12.1	0.0	0.041	11.5	0.0	1.2	1	0	0	1	1	1	0	# 283972 # 284670 # 1 # ID=89_271;partial=00;start_type=ATG;rbs_motif=None;rbs_spacer=None;gc_cont=0.499
GCA_002247505.1_ASM224750v1_genomic	NQBI01000116.1_16	-	lolD.aln	-	0.031	11.9	0.0	0.058	11.0	0.0	1.4	1	0	0	1	1	1	0	# 12218 # 13201 # 1 # ID=95_16;partial=00;start_type=ATG;rbs_motif=AGGA;rbs_spacer=5-10bp;gc_cont=0.613
GCA_002247505.1_ASM224750v1_genomic	NQBI01000057.1_270	-	lolD.aln	-	0.041	11.5	0.0	0.073	10.6	0.0	1.3	1	0	0	1	1	1	0	# 283090 # 283782 # -1 # ID=89_270;partial=00;start_type=ATG;rbs_motif=AGGA;rbs_spacer=5-10bp;gc_cont=0.478
GCA_002247505.1_ASM224750v1_genomic	NQBI01000165.1_1	-	lolD.aln	-	0.052	11.1	0.0	0.068	10.8	0.0	1.2	1	0	0	1	1	1	0	# 3 # 515 # -1 # ID=69_1;partial=10;start_type=ATG;rbs_motif=GGA/GAG/AGG;rbs_spacer=5-10bp;gc_cont=0.567
GCA_002247505.1_ASM224750v1_genomic	NQBI01000011.1_8	-	lolD.aln	-	0.057	11.0	0.0	0.093	10.3	0.0	1.2	1	0	0	1	1	1	0	# 3867 # 4751 # -1 # ID=105_8;partial=00;start_type=ATG;rbs_motif=AGGA;rbs_spacer=5-10bp;gc_cont=0.533
GCA_002291925.1_ASM229192v1_genomic	DBAY01000030.1_60	-	lolD.aln	-	7.8e-85	280.9	0.7	8.6e-85	280.7	0.7	1.0	1	0	0	1	1	1	1	# 57503 # 58174 # 1 # ID=59_60;partial=00;start_type=ATG;rbs_motif=GGAG/GAGG;rbs_spacer=5-10bp;gc_cont=0.610
GCA_002291925.1_ASM229192v1_genomic	DBAY01000037.1_12	-	lolD.aln	-	8e-80	264.5	5.5	9.8e-40	133.3	0.1	2.1	2	0	0	2	2	2	2	# 10032 # 11624 # 1 # ID=32_12;partial=00;start_type=ATG;rbs_motif=GGA/GAG/AGG;rbs_spacer=5-10bp;gc_cont=0.661
GCA_002291925.1_ASM229192v1_genomic	DBAY01000003.1_12	-	lolD.aln	-	8.7e-68	225.1	0.0	9.8e-68	224.9	0.0	1.0	1	0	0	1	1	1	1	# 10803 # 11504 # 1 # ID=21_12;partial=00;start_type=ATG;rbs_motif=None;rbs_spacer=None;gc_cont=0.651
GCA_002291925.1_ASM229192v1_genomic	DBAY01000054.1_8	-	lolD.aln	-	1.2e-67	224.7	0.1	1.3e-67	224.5	0.1	1.0	1	0	0	1	1	1	1	# 8758 # 9348 # -1 # ID=14_8;partial=00;start_type=ATG;rbs_motif=None;rbs_spacer=None;gc_cont=0.670
GCA_002291925.1_ASM229192v1_genomic	DBAY01000036.1_33	-	lolD.aln	-	5.8e-49	163.5	0.0	6.6e-49	163.4	0.0	1.0	1	0	0	1	1	1	1	# 27798 # 28469 # 1 # ID=17_33;partial=00;start_type=ATG;rbs_motif=None;rbs_spacer=None;gc_cont=0.606
GCA_002291925.1_ASM229192v1_genomic	DBAY01000009.1_12	-	lolD.aln	-	2e-42	142.1	0.0	2.5e-42	141.8	0.0	1.0	1	0	0	1	1	1	1	# 11122 # 11871 # -1 # ID=8_12;partial=00;start_type=ATG;rbs_motif=GGA/GAG/AGG;rbs_spacer=5-10bp;gc_cont=0.616
GCA_002291925.1_ASM229192v1_genomic	DBAY01000032.1_32	-	lolD.aln	-	9.8e-42	139.9	2.5	2.3e-12	43.8	0.0	4.2	3	1	1	4	4	4	4	# 35864 # 37726 # -1 # ID=70_32;partial=00;start_type=ATG;rbs_motif=None;rbs_spacer=None;gc_cont=0.636
GCA_002291925.1_ASM229192v1_genomic	DBAY01000069.1_3	-	lolD.aln	-	9.1e-40	133.4	0.0	1.3e-39	133.0	0.0	1.1	1	0	0	1	1	1	1	# 2835 # 3785 # 1 # ID=71_3;partial=00;start_type=ATG;rbs_motif=None;rbs_spacer=None;gc_cont=0.648
GCA_002291925.1_ASM229192v1_genomic	DBAY01000040.1_7	-	lolD.aln	-	6.5e-34	114.3	0.0	7.9e-34	114.0	0.0	1.0	1	0	0	1	1	1	1	# 7628 # 8398 # 1 # ID=48_7;partial=00;start_type=ATG;rbs_motif=None;rbs_spacer=None;gc_cont=0.646
GCA_002291925.1_ASM229192v1_genomic	DBAY01000067.1_7	-	lolD.aln	-	4.1e-33	111.7	0.0	6.6e-33	111.0	0.0	1.3	1	0	0	1	1	1	1	# 5073 # 6032 # -1 # ID=60_7;partial=00;start_type=ATG;rbs_motif=None;rbs_spacer=None;gc_cont=0.621
GCA_002291925.1_ASM229192v1_genomic	DBAY01000071.1_42	-	lolD.aln	-	6.2e-33	111.1	0.0	4.4e-14	49.4	0.0	3.1	3	0	0	3	3	3	3	# 37287 # 38483 # -1 # ID=25_42;partial=01;start_type=Edge;rbs_motif=None;rbs_spacer=None;gc_cont=0.622
GCA_002291925.1_ASM229192v1_genomic	DBAY01000057.1_47	-	lolD.aln	-	7e-32	107.7	0.8	2.7e-21	73.0	0.3	2.1	2	0	0	2	2	2	2	# 44500 # 45270 # 1 # ID=45_47;partial=00;start_type=ATG;rbs_motif=None;rbs_spacer=None;gc_cont=0.642
GCA_002291925.1_ASM229192v1_genomic	DBAY01000058.1_21	-	lolD.aln	-	1.5e-30	103.3	0.0	2.6e-30	102.5	0.0	1.3	1	0	0	1	1	1	1	# 23354 # 25150 # -1 # ID=37_21;partial=00;start_type=ATG;rbs_motif=None;rbs_spacer=None;gc_cont=0.604
GCA_002291925.1_ASM229192v1_genomic	DBAY01000032.1_1	-	lolD.aln	-	6.1e-30	101.3	2.1	1e-11	41.7	0.0	3.6	2	1	1	3	3	3	3	# 3 # 1985 # 1 # ID=70_1;partial=10;start_type=Edge;rbs_motif=None;rbs_spacer=None;gc_cont=0.649
GCA_002291925.1_ASM229192v1_genomic	DBAY01000027.1_1	-	lolD.aln	-	4.1e-29	98.6	0.1	7.3e-29	97.8	0.1	1.3	1	0	0	1	1	1	1	# 131 # 1933 # 1 # ID=64_1;partial=00;start_type=ATG;rbs_motif=None;rbs_spacer=None;gc_cont=0.663
GCA_002291925.1_ASM229192v1_genomic	DBAY01000030.1_8	-	lolD.aln	-	4.5e-28	95.2	0.0	5.5e-28	94.9	0.0	1.0	1	0	0	1	1	1	1	# 4829 # 5608 # 1 # ID=59_8;partial=00;start_type=ATG;rbs_motif=AGGAG;rbs_spacer=5-10bp;gc_cont=0.638
GCA_002291925.1_ASM229192v1_genomic	DBAY01000023.1_29	-	lolD.aln	-	6e-27	91.5	0.0	1e-26	90.8	0.0	1.3	1	0	0	1	1	1	1	# 29426 # 31081 # 1 # ID=66_29;partial=00;start_type=ATG;rbs_motif=None;rbs_spacer=None;gc_cont=0.603
GCA_002291925.1_ASM229192v1_genomic	DBAY01000026.1_15	-	lolD.aln	-	2.5e-25	86.2	0.0	3.7e-25	85.7	0.0	1.2	1	0	0	1	1	1	1	# 13216 # 13980 # -1 # ID=49_15;partial=00;start_type=ATG;rbs_motif=None;rbs_spacer=None;gc_cont=0.626
GCA_002291925.1_ASM229192v1_genomic	DBAY01000029.1_61	-	lolD.aln	-	3.7e-25	85.7	2.0	3.8e-24	82.4	2.0	2.1	1	1	0	1	1	1	1	# 53858 # 55624 # 1 # ID=3_61;partial=00;start_type=ATG;rbs_motif=None;rbs_spacer=None;gc_cont=0.640
GCA_002291925.1_ASM229192v1_genomic	DBAY01000065.1_20	-	lolD.aln	-	2.5e-23	79.7	0.8	7.7e-09	32.3	0.0	4.2	4	0	0	4	4	4	4	# 21508 # 24435 # -1 # ID=57_20;partial=00;start_type=ATG;rbs_motif=AGGA;rbs_spacer=5-10bp;gc_cont=0.628
GCA_002291925.1_ASM229192v1_genomic	DBAY01000069.1_44	-	lolD.aln	-	1.5e-22	77.2	0.1	3.2e-22	76.1	0.1	1.5	1	1	0	1	1	1	1	# 44597 # 45556 # -1 # ID=71_44;partial=00;start_type=ATG;rbs_motif=None;rbs_spacer=None;gc_cont=0.651
GCA_002291925.1_ASM229192v1_genomic	DBAY01000008.1_47	-	lolD.aln	-	2.3e-16	56.9	0.0	1.4e-09	34.7	0.0	2.0	2	0	0	2	2	2	2	# 49682 # 50431 # -1 # ID=77_47;partial=00;start_type=ATG;rbs_motif=GGA/GAG/AGG;rbs_spacer=5-10bp;gc_cont=0.585
GCA_002291925.1_ASM229192v1_genomic	DBAY01000001.1_24	-	lolD.aln	-	1e-13	48.3	0.3	1.5e-12	44.4	0.3	2.1	1	1	0	1	1	1	1	# 21696 # 22436 # 1 # ID=16_24;partial=00;start_type=ATG;rbs_motif=AGGAG;rbs_spacer=5-10bp;gc_cont=0.617
GCA_002291925.1_ASM229192v1_genomic	DBAY01000053.1_8	-	lolD.aln	-	9e-13	45.2	0.0	1.2e-11	41.5	0.0	2.0	1	1	0	1	1	1	1	# 8052 # 8765 # 1 # ID=20_8;partial=00;start_type=ATG;rbs_motif=GGA/GAG/AGG;rbs_spacer=5-10bp;gc_cont=0.473
GCA_002291925.1_ASM229192v1_genomic	DBAY01000063.1_20	-	lolD.aln	-	0.0005	16.5	0.0	0.00096	15.6	0.0	1.4	1	0	0	1	1	1	1	# 20292 # 21428 # 1 # ID=26_20;partial=00;start_type=ATG;rbs_motif=GGAG/GAGG;rbs_spacer=5-10bp;gc_cont=0.514
GCA_002291925.1_ASM229192v1_genomic	DBAY01000029.1_40	-	lolD.aln	-	0.016	11.7	0.7	0.037	10.4	0.2	1.8	1	1	1	2	2	2	0	# 32097 # 33686 # -1 # ID=3_40;partial=00;start_type=ATG;rbs_motif=GGAG/GAGG;rbs_spacer=5-10bp;gc_cont=0.572
GCA_002326875.1_ASM232687v1_genomic	NTET01000018.1_86	-	lolD.aln	-	1.6e-116	385.5	0.3	1.8e-116	385.4	0.3	1.0	1	0	0	1	1	1	1	# 81064 # 81765 # 1 # ID=28_86;partial=00;start_type=ATG;rbs_motif=GGAG/GAGG;rbs_spacer=5-10bp;gc_cont=0.551
GCA_002326875.1_ASM232687v1_genomic	NTET01000009.1_161	-	lolD.aln	-	2.7e-81	270.3	0.6	3.1e-81	270.2	0.6	1.0	1	0	0	1	1	1	1	# 173981 # 174667 # 1 # ID=86_161;partial=00;start_type=ATG;rbs_motif=AGGA;rbs_spacer=5-10bp;gc_cont=0.566
GCA_002326875.1_ASM232687v1_genomic	NTET01000032.1_127	-	lolD.aln	-	1.4e-79	264.7	9.5	9.8e-41	137.7	1.8	2.1	2	0	0	2	2	2	2	# 154243 # 155832 # 1 # ID=75_127;partial=00;start_type=ATG;rbs_motif=AGxAGG/AGGxGG;rbs_spacer=5-10bp;gc_cont=0.513
GCA_002326875.1_ASM232687v1_genomic	NTET01000015.1_42	-	lolD.aln	-	3.4e-77	256.9	3.2	1.8e-37	127.0	0.0	2.1	2	0	0	2	2	2	2	# 46384 # 48255 # 1 # ID=11_42;partial=00;start_type=TTG;rbs_motif=GGA/GAG/AGG;rbs_spacer=5-10bp;gc_cont=0.540
GCA_002326875.1_ASM232687v1_genomic	NTET01000015.1_113	-	lolD.aln	-	3.4e-72	240.6	0.2	4.6e-72	240.1	0.2	1.2	1	0	0	1	1	1	1	# 114655 # 116601 # 1 # ID=11_113;partial=00;start_type=ATG;rbs_motif=AGGAG;rbs_spacer=5-10bp;gc_cont=0.539
GCA_002326875.1_ASM232687v1_genomic	NTET01000046.1_122	-	lolD.aln	-	7.4e-62	206.8	0.0	8.1e-62	206.6	0.0	1.0	1	0	0	1	1	1	1	# 130236 # 130904 # -1 # ID=119_122;partial=00;start_type=ATG;rbs_motif=GGAG/GAGG;rbs_spacer=5-10bp;gc_cont=0.565
GCA_002326875.1_ASM232687v1_genomic	NTET01000002.1_66	-	lolD.aln	-	7.4e-61	203.5	0.2	9.3e-61	203.1	0.2	1.1	1	0	0	1	1	1	1	# 71515 # 72546 # -1 # ID=37_66;partial=00;start_type=ATG;rbs_motif=None;rbs_spacer=None;gc_cont=0.529
GCA_002326875.1_ASM232687v1_genomic	NTET01000015.1_22	-	lolD.aln	-	6.1e-59	197.2	0.2	6.8e-59	197.1	0.2	1.0	1	0	0	1	1	1	1	# 24605 # 25327 # -1 # ID=11_22;partial=00;start_type=GTG;rbs_motif=AGGA;rbs_spacer=5-10bp;gc_cont=0.539
GCA_002326875.1_ASM232687v1_genomic	NTET01000062.1_33	-	lolD.aln	-	6.4e-55	184.1	0.3	6.1e-33	112.2	0.4	2.8	2	1	0	2	2	2	2	# 36797 # 38329 # -1 # ID=64_33;partial=00;start_type=ATG;rbs_motif=GGAG/GAGG;rbs_spacer=5-10bp;gc_cont=0.477
GCA_002326875.1_ASM232687v1_genomic	NTET01000029.1_181	-	lolD.aln	-	4.8e-54	181.2	0.2	5.5e-54	181.0	0.2	1.0	1	0	0	1	1	1	1	# 183170 # 183922 # -1 # ID=53_181;partial=00;start_type=ATG;rbs_motif=AGGAG/GGAGG;rbs_spacer=11-12bp;gc_cont=0.546
GCA_002326875.1_ASM232687v1_genomic	NTET01000047.1_2	-	lolD.aln	-	1e-53	180.1	0.0	3.8e-28	96.5	0.0	2.2	2	0	0	2	2	2	2	# 1453 # 4188 # -1 # ID=45_2;partial=00;start_type=ATG;rbs_motif=GGAG/GAGG;rbs_spacer=5-10bp;gc_cont=0.568
GCA_002326875.1_ASM232687v1_genomic	NTET01000062.1_177	-	lolD.aln	-	3.5e-52	175.1	0.0	8.9e-33	111.6	0.1	2.3	2	1	0	2	2	2	2	# 185017 # 186519 # 1 # ID=64_177;partial=00;start_type=ATG;rbs_motif=GGxGG;rbs_spacer=5-10bp;gc_cont=0.552
GCA_002326875.1_ASM232687v1_genomic	NTET01000012.1_73	-	lolD.aln	-	9.3e-51	170.4	0.3	1e-50	170.3	0.3	1.0	1	0	0	1	1	1	1	# 75306 # 76031 # -1 # ID=27_73;partial=00;start_type=ATG;rbs_motif=AGGA;rbs_spacer=5-10bp;gc_cont=0.523
GCA_002326875.1_ASM232687v1_genomic	NTET01000036.1_123	-	lolD.aln	-	1.5e-50	169.7	0.5	2.7e-50	168.9	0.4	1.4	2	0	0	2	2	1	1	# 113131 # 114228 # -1 # ID=31_123;partial=00;start_type=ATG;rbs_motif=AGGAG;rbs_spacer=5-10bp;gc_cont=0.585
GCA_002326875.1_ASM232687v1_genomic	NTET01000036.1_261	-	lolD.aln	-	2.2e-50	169.2	1.5	4.1e-28	96.4	0.1	3.0	2	1	0	2	2	2	2	# 261573 # 263084 # -1 # ID=31_261;partial=00;start_type=ATG;rbs_motif=GGAG/GAGG;rbs_spacer=5-10bp;gc_cont=0.561
GCA_002326875.1_ASM232687v1_genomic	NTET01000035.1_51	-	lolD.aln	-	2.8e-50	168.9	1.4	3.2e-50	168.7	1.4	1.1	1	0	0	1	1	1	1	# 53746 # 54519 # -1 # ID=32_51;partial=00;start_type=ATG;rbs_motif=GGA/GAG/AGG;rbs_spacer=5-10bp;gc_cont=0.522
GCA_002326875.1_ASM232687v1_genomic	NTET01000015.1_7	-	lolD.aln	-	7.8e-50	167.4	0.0	7.5e-26	89.0	0.0	2.1	2	0	0	2	2	2	2	# 6109 # 7845 # -1 # ID=11_7;partial=00;start_type=ATG;rbs_motif=GGAG/GAGG;rbs_spacer=5-10bp;gc_cont=0.557
GCA_002326875.1_ASM232687v1_genomic	NTET01000055.1_30	-	lolD.aln	-	5e-49	164.8	0.7	3.5e-26	90.1	0.0	2.9	2	1	0	2	2	2	2	# 33359 # 34864 # 1 # ID=44_30;partial=00;start_type=ATG;rbs_motif=GGAG/GAGG;rbs_spacer=5-10bp;gc_cont=0.512
GCA_002326875.1_ASM232687v1_genomic	NTET01000050.1_6	-	lolD.aln	-	3.7e-48	162.0	0.9	1.8e-28	97.5	0.3	3.0	3	0	0	3	3	3	3	# 5124 # 6665 # 1 # ID=49_6;partial=00;start_type=ATG;rbs_motif=GGAG/GAGG;rbs_spacer=5-10bp;gc_cont=0.471
GCA_002326875.1_ASM232687v1_genomic	NTET01000044.1_271	-	lolD.aln	-	6.1e-48	161.2	0.0	7.7e-48	160.9	0.0	1.0	1	0	0	1	1	1	1	# 285757 # 286515 # 1 # ID=42_271;partial=00;start_type=ATG;rbs_motif=GGAG/GAGG;rbs_spacer=5-10bp;gc_cont=0.470
GCA_002326875.1_ASM232687v1_genomic	NTET01000018.1_95	-	lolD.aln	-	5.8e-47	158.0	0.2	9.1e-47	157.4	0.2	1.3	1	0	0	1	1	1	1	# 88903 # 90039 # -1 # ID=28_95;partial=00;start_type=ATG;rbs_motif=None;rbs_spacer=None;gc_cont=0.508
GCA_002326875.1_ASM232687v1_genomic	NTET01000025.1_15	-	lolD.aln	-	8.6e-46	154.2	0.0	1.4e-45	153.5	0.0	1.3	1	0	0	1	1	1	1	# 13295 # 14308 # -1 # ID=39_15;partial=00;start_type=ATG;rbs_motif=None;rbs_spacer=None;gc_cont=0.542
GCA_002326875.1_ASM232687v1_genomic	NTET01000037.1_51	-	lolD.aln	-	8.9e-46	154.2	1.0	1.3e-45	153.6	1.0	1.2	1	0	0	1	1	1	1	# 51445 # 52647 # 1 # ID=24_51;partial=00;start_type=ATG;rbs_motif=4Base/6BMM;rbs_spacer=13-15bp;gc_cont=0.490
GCA_002326875.1_ASM232687v1_genomic	NTET01000032.1_95	-	lolD.aln	-	1.3e-45	153.6	0.1	1.8e-23	81.2	0.0	3.0	2	1	0	2	2	2	2	# 115711 # 117231 # -1 # ID=75_95;partial=00;start_type=ATG;rbs_motif=GGA/GAG/AGG;rbs_spacer=5-10bp;gc_cont=0.454
GCA_002326875.1_ASM232687v1_genomic	NTET01000015.1_98	-	lolD.aln	-	2.9e-45	152.5	0.0	3.7e-45	152.1	0.0	1.0	1	0	0	1	1	1	1	# 97314 # 98042 # -1 # ID=11_98;partial=00;start_type=ATG;rbs_motif=GGA/GAG/AGG;rbs_spacer=5-10bp;gc_cont=0.527
GCA_002326875.1_ASM232687v1_genomic	NTET01000021.1_58	-	lolD.aln	-	7.8e-45	151.1	3.5	2.2e-23	80.9	0.1	2.6	2	1	0	2	2	2	2	# 47628 # 49163 # -1 # ID=41_58;partial=00;start_type=ATG;rbs_motif=GGxGG;rbs_spacer=3-4bp;gc_cont=0.533
GCA_002326875.1_ASM232687v1_genomic	NTET01000046.1_139	-	lolD.aln	-	8.9e-45	150.9	0.9	1.1e-44	150.6	0.9	1.1	1	0	0	1	1	1	1	# 145933 # 146739 # 1 # ID=119_139;partial=00;start_type=ATG;rbs_motif=GGAG/GAGG;rbs_spacer=5-10bp;gc_cont=0.563
GCA_002326875.1_ASM232687v1_genomic	NTET01000015.1_89	-	lolD.aln	-	3.4e-44	149.0	0.2	4.9e-44	148.5	0.2	1.2	1	0	0	1	1	1	1	# 89299 # 90432 # 1 # ID=11_89;partial=00;start_type=GTG;rbs_motif=GGAG/GAGG;rbs_spacer=5-10bp;gc_cont=0.553
GCA_002326875.1_ASM232687v1_genomic	NTET01000062.1_51	-	lolD.aln	-	4.4e-44	148.6	0.9	6.6e-44	148.0	0.9	1.2	1	0	0	1	1	1	1	# 51726 # 52514 # -1 # ID=64_51;partial=00;start_type=ATG;rbs_motif=GGAGG;rbs_spacer=5-10bp;gc_cont=0.584
GCA_002326875.1_ASM232687v1_genomic	NTET01000016.1_34	-	lolD.aln	-	6.9e-44	148.0	0.2	2.2e-43	146.3	0.2	1.7	1	1	0	1	1	1	1	# 43865 # 44632 # -1 # ID=25_34;partial=00;start_type=ATG;rbs_motif=AGGAG;rbs_spacer=5-10bp;gc_cont=0.555
GCA_002326875.1_ASM232687v1_genomic	NTET01000029.1_167	-	lolD.aln	-	7.8e-44	147.8	0.1	3.7e-28	96.5	0.0	3.1	3	0	0	3	3	3	3	# 169664 # 171178 # -1 # ID=53_167;partial=00;start_type=ATG;rbs_motif=GGAG/GAGG;rbs_spacer=5-10bp;gc_cont=0.521
GCA_002326875.1_ASM232687v1_genomic	NTET01000046.1_109	-	lolD.aln	-	1e-43	147.4	0.1	1.4e-43	147.0	0.1	1.1	1	0	0	1	1	1	1	# 116267 # 117337 # -1 # ID=119_109;partial=00;start_type=ATG;rbs_motif=GGA/GAG/AGG;rbs_spacer=5-10bp;gc_cont=0.578
GCA_002326875.1_ASM232687v1_genomic	NTET01000048.1_26	-	lolD.aln	-	2.8e-43	146.0	0.1	3.6e-43	145.6	0.1	1.1	1	0	0	1	1	1	1	# 34654 # 35658 # -1 # ID=40_26;partial=00;start_type=ATG;rbs_motif=GGAGG;rbs_spacer=5-10bp;gc_cont=0.561
GCA_002326875.1_ASM232687v1_genomic	NTET01000062.1_43	-	lolD.aln	-	4.7e-43	145.3	0.0	5.4e-43	145.1	0.0	1.0	1	0	0	1	1	1	1	# 45355 # 46113 # -1 # ID=64_43;partial=00;start_type=ATG;rbs_motif=GGAG/GAGG;rbs_spacer=5-10bp;gc_cont=0.615
GCA_002326875.1_ASM232687v1_genomic	NTET01000027.1_30	-	lolD.aln	-	1e-42	144.1	0.6	1.4e-42	143.7	0.6	1.2	1	0	0	1	1	1	1	# 30910 # 31992 # -1 # ID=34_30;partial=00;start_type=ATG;rbs_motif=AGGA;rbs_spacer=5-10bp;gc_cont=0.490
GCA_002326875.1_ASM232687v1_genomic	NTET01000020.1_82	-	lolD.aln	-	1.2e-42	143.9	0.5	1.5e-42	143.6	0.5	1.0	1	0	0	1	1	1	1	# 83018 # 84031 # 1 # ID=26_82;partial=00;start_type=ATG;rbs_motif=AGGAG;rbs_spacer=5-10bp;gc_cont=0.519
GCA_002326875.1_ASM232687v1_genomic	NTET01000060.1_26	-	lolD.aln	-	5.2e-42	141.8	0.3	7.5e-42	141.3	0.3	1.2	1	0	0	1	1	1	1	# 33959 # 35074 # 1 # ID=46_26;partial=00;start_type=ATG;rbs_motif=GGAG/GAGG;rbs_spacer=5-10bp;gc_cont=0.548
GCA_002326875.1_ASM232687v1_genomic	NTET01000015.1_33	-	lolD.aln	-	6.2e-42	141.6	1.3	1.7e-11	42.0	0.0	4.3	3	2	1	4	4	4	4	# 34827 # 36419 # 1 # ID=11_33;partial=00;start_type=GTG;rbs_motif=AGGA;rbs_spacer=5-10bp;gc_cont=0.528
GCA_002326875.1_ASM232687v1_genomic	NTET01000001.1_33	-	lolD.aln	-	9.3e-42	141.0	0.1	2.2e-12	45.0	0.0	4.2	4	0	0	4	4	4	4	# 33261 # 34928 # -1 # ID=97_33;partial=00;start_type=GTG;rbs_motif=AGGA/GGAG/GAGG;rbs_spacer=11-12bp;gc_cont=0.552
GCA_002326875.1_ASM232687v1_genomic	NTET01000062.1_42	-	lolD.aln	-	5.8e-41	138.4	0.0	6.7e-41	138.2	0.0	1.0	1	0	0	1	1	1	1	# 44564 # 45244 # -1 # ID=64_42;partial=00;start_type=ATG;rbs_motif=GGAG/GAGG;rbs_spacer=5-10bp;gc_cont=0.601
GCA_002326875.1_ASM232687v1_genomic	NTET01000016.1_50	-	lolD.aln	-	3.7e-40	135.8	0.4	3.4e-12	44.3	0.0	4.2	3	1	0	4	4	4	4	# 60552 # 62459 # 1 # ID=25_50;partial=00;start_type=ATG;rbs_motif=AGGA;rbs_spacer=5-10bp;gc_cont=0.524
GCA_002326875.1_ASM232687v1_genomic	NTET01000048.1_27	-	lolD.aln	-	5.8e-40	135.1	0.3	7e-40	134.9	0.3	1.1	1	0	0	1	1	1	1	# 35655 # 36638 # -1 # ID=40_27;partial=00;start_type=ATG;rbs_motif=GGAG/GAGG;rbs_spacer=5-10bp;gc_cont=0.568
GCA_002326875.1_ASM232687v1_genomic	NTET01000009.1_37	-	lolD.aln	-	3.8e-39	132.5	0.1	9.3e-39	131.2	0.1	1.5	1	1	0	1	1	1	1	# 41901 # 42668 # 1 # ID=86_37;partial=00;start_type=ATG;rbs_motif=AGGAG;rbs_spacer=5-10bp;gc_cont=0.560
GCA_002326875.1_ASM232687v1_genomic	NTET01000046.1_15	-	lolD.aln	-	7.2e-38	128.3	0.4	2.3e-16	57.9	0.0	4.0	2	2	1	3	3	3	3	# 10222 # 12135 # 1 # ID=119_15;partial=00;start_type=ATG;rbs_motif=None;rbs_spacer=None;gc_cont=0.553
GCA_002326875.1_ASM232687v1_genomic	NTET01000020.1_83	-	lolD.aln	-	1.5e-37	127.3	0.0	1.8e-37	127.0	0.0	1.1	1	0	0	1	1	1	1	# 84028 # 85032 # 1 # ID=26_83;partial=00;start_type=ATG;rbs_motif=GGAGG;rbs_spacer=5-10bp;gc_cont=0.516
GCA_002326875.1_ASM232687v1_genomic	NTET01000044.1_196	-	lolD.aln	-	1.8e-37	127.0	0.0	2.3e-37	126.6	0.0	1.0	1	0	0	1	1	1	1	# 203775 # 204584 # -1 # ID=42_196;partial=00;start_type=ATG;rbs_motif=GGA/GAG/AGG;rbs_spacer=5-10bp;gc_cont=0.544
GCA_002326875.1_ASM232687v1_genomic	NTET01000032.1_76	-	lolD.aln	-	8.3e-36	121.5	0.2	1.1e-35	121.2	0.2	1.1	1	0	0	1	1	1	1	# 94422 # 95348 # -1 # ID=75_76;partial=00;start_type=ATG;rbs_motif=GGA/GAG/AGG;rbs_spacer=5-10bp;gc_cont=0.549
GCA_002326875.1_ASM232687v1_genomic	NTET01000009.1_156	-	lolD.aln	-	9.3e-35	118.1	0.0	1.1e-34	117.9	0.0	1.1	1	0	0	1	1	1	1	# 170167 # 170844 # 1 # ID=86_156;partial=00;start_type=ATG;rbs_motif=GGA/GAG/AGG;rbs_spacer=5-10bp;gc_cont=0.454
GCA_002326875.1_ASM232687v1_genomic	NTET01000023.1_11	-	lolD.aln	-	1.7e-34	117.2	1.7	3.6e-32	109.6	1.7	2.1	1	1	0	1	1	1	1	# 12759 # 13685 # 1 # ID=57_11;partial=00;start_type=GTG;rbs_motif=AGGAG;rbs_spacer=5-10bp;gc_cont=0.546
GCA_002326875.1_ASM232687v1_genomic	NTET01000015.1_119	-	lolD.aln	-	2.2e-34	116.9	0.3	3.6e-34	116.2	0.3	1.3	1	0	0	1	1	1	1	# 121782 # 123503 # -1 # ID=11_119;partial=00;start_type=ATG;rbs_motif=AGGAG;rbs_spacer=5-10bp;gc_cont=0.537
GCA_002326875.1_ASM232687v1_genomic	NTET01000001.1_109	-	lolD.aln	-	2.3e-34	116.8	0.2	3.2e-34	116.4	0.2	1.1	1	0	0	1	1	1	1	# 122654 # 123352 # -1 # ID=97_109;partial=00;start_type=ATG;rbs_motif=None;rbs_spacer=None;gc_cont=0.568
GCA_002326875.1_ASM232687v1_genomic	NTET01000023.1_10	-	lolD.aln	-	7.5e-34	115.2	0.2	9.3e-34	114.8	0.2	1.1	1	0	0	1	1	1	1	# 11780 # 12766 # 1 # ID=57_10;partial=00;start_type=ATG;rbs_motif=AGGAG;rbs_spacer=5-10bp;gc_cont=0.540
GCA_002326875.1_ASM232687v1_genomic	NTET01000014.1_53	-	lolD.aln	-	3.6e-33	112.9	0.0	1.1e-18	65.5	0.0	3.2	3	0	0	3	3	3	3	# 57788 # 59260 # -1 # ID=30_53;partial=00;start_type=ATG;rbs_motif=GGA/GAG/AGG;rbs_spacer=5-10bp;gc_cont=0.527
GCA_002326875.1_ASM232687v1_genomic	NTET01000027.1_58	-	lolD.aln	-	4.3e-33	112.7	0.1	6.1e-33	112.2	0.1	1.2	1	0	0	1	1	1	1	# 60179 # 60985 # 1 # ID=34_58;partial=00;start_type=ATG;rbs_motif=GGAG/GAGG;rbs_spacer=5-10bp;gc_cont=0.512
GCA_002326875.1_ASM232687v1_genomic	NTET01000046.1_114	-	lolD.aln	-	7.1e-33	112.0	0.7	6.9e-32	108.7	0.7	1.9	1	1	0	1	1	1	1	# 121596 # 122363 # -1 # ID=119_114;partial=00;start_type=ATG;rbs_motif=AGGAG;rbs_spacer=5-10bp;gc_cont=0.553
GCA_002326875.1_ASM232687v1_genomic	NTET01000016.1_15	-	lolD.aln	-	1.6e-31	107.5	0.3	2.6e-31	106.8	0.3	1.3	1	0	0	1	1	1	1	# 17209 # 18957 # 1 # ID=25_15;partial=00;start_type=ATG;rbs_motif=None;rbs_spacer=None;gc_cont=0.509
GCA_002326875.1_ASM232687v1_genomic	NTET01000014.1_58	-	lolD.aln	-	2.1e-31	107.2	0.0	3.2e-31	106.5	0.0	1.2	1	0	0	1	1	1	1	# 62026 # 63084 # 1 # ID=30_58;partial=00;start_type=ATG;rbs_motif=GGxGG;rbs_spacer=5-10bp;gc_cont=0.535
GCA_002326875.1_ASM232687v1_genomic	NTET01000027.1_57	-	lolD.aln	-	4.7e-31	106.0	0.1	4e-30	103.0	0.1	1.9	1	1	0	1	1	1	1	# 59185 # 60177 # 1 # ID=34_57;partial=00;start_type=ATG;rbs_motif=GGxGG;rbs_spacer=5-10bp;gc_cont=0.514
GCA_002326875.1_ASM232687v1_genomic	NTET01000012.1_7	-	lolD.aln	-	8.8e-31	105.1	0.0	1.4e-30	104.4	0.0	1.2	1	0	0	1	1	1	1	# 10161 # 10976 # -1 # ID=27_7;partial=00;start_type=ATG;rbs_motif=AGGAG/GGAGG;rbs_spacer=11-12bp;gc_cont=0.538
GCA_002326875.1_ASM232687v1_genomic	NTET01000063.1_5	-	lolD.aln	-	1.5e-30	104.3	0.2	1.9e-30	104.0	0.2	1.1	1	0	0	1	1	1	1	# 2046 # 2813 # -1 # ID=38_5;partial=00;start_type=ATG;rbs_motif=GGA/GAG/AGG;rbs_spacer=5-10bp;gc_cont=0.538
GCA_002326875.1_ASM232687v1_genomic	NTET01000046.1_113	-	lolD.aln	-	9.3e-30	101.8	0.1	1.1e-29	101.5	0.1	1.1	1	0	0	1	1	1	1	# 120881 # 121594 # -1 # ID=119_113;partial=00;start_type=ATG;rbs_motif=GGAG/GAGG;rbs_spacer=5-10bp;gc_cont=0.566
GCA_002326875.1_ASM232687v1_genomic	NTET01000029.1_26	-	lolD.aln	-	1e-29	101.6	0.0	1.4e-29	101.2	0.0	1.0	1	0	0	1	1	1	1	# 25636 # 26289 # 1 # ID=53_26;partial=00;start_type=ATG;rbs_motif=AGGA;rbs_spacer=5-10bp;gc_cont=0.511
GCA_002326875.1_ASM232687v1_genomic	NTET01000001.1_167	-	lolD.aln	-	1.5e-29	101.1	0.0	2.1e-29	100.6	0.0	1.2	1	0	0	1	1	1	1	# 193204 # 194130 # 1 # ID=97_167;partial=00;start_type=ATG;rbs_motif=3Base/5BMM;rbs_spacer=13-15bp;gc_cont=0.496
GCA_002326875.1_ASM232687v1_genomic	NTET01000055.1_6	-	lolD.aln	-	1.9e-29	100.7	0.0	2.4e-29	100.4	0.0	1.1	1	0	0	1	1	1	1	# 7175 # 7948 # -1 # ID=44_6;partial=00;start_type=ATG;rbs_motif=AGGA;rbs_spacer=5-10bp;gc_cont=0.523
GCA_002326875.1_ASM232687v1_genomic	NTET01000044.1_202	-	lolD.aln	-	2e-29	100.7	0.0	2.4e-29	100.4	0.0	1.1	1	0	0	1	1	1	1	# 208463 # 209188 # 1 # ID=42_202;partial=00;start_type=ATG;rbs_motif=4Base/6BMM;rbs_spacer=13-15bp;gc_cont=0.544
GCA_002326875.1_ASM232687v1_genomic	NTET01000029.1_128	-	lolD.aln	-	4.4e-29	99.5	3.4	4.5e-20	70.1	0.2	2.1	2	0	0	2	2	2	2	# 129548 # 130303 # 1 # ID=53_128;partial=00;start_type=ATG;rbs_motif=None;rbs_spacer=None;gc_cont=0.491
GCA_002326875.1_ASM232687v1_genomic	NTET01000002.1_17	-	lolD.aln	-	5.7e-29	99.2	0.0	6.5e-17	59.7	0.1	2.1	2	0	0	2	2	2	2	# 19679 # 20476 # 1 # ID=37_17;partial=00;start_type=ATG;rbs_motif=None;rbs_spacer=None;gc_cont=0.569
GCA_002326875.1_ASM232687v1_genomic	NTET01000029.1_237	-	lolD.aln	-	5.2e-28	96.1	0.2	1.1e-27	95.0	0.0	1.6	2	0	0	2	2	1	1	# 234044 # 235846 # -1 # ID=53_237;partial=00;start_type=ATG;rbs_motif=GGAG/GAGG;rbs_spacer=5-10bp;gc_cont=0.585
GCA_002326875.1_ASM232687v1_genomic	NTET01000029.1_238	-	lolD.aln	-	1.3e-26	91.5	0.1	2.1e-26	90.8	0.1	1.3	1	0	0	1	1	1	1	# 235833 # 237545 # -1 # ID=53_238;partial=00;start_type=ATG;rbs_motif=GGA/GAG/AGG;rbs_spacer=11-12bp;gc_cont=0.580
GCA_002326875.1_ASM232687v1_genomic	NTET01000061.1_22	-	lolD.aln	-	3.3e-26	90.2	2.9	2.8e-10	38.0	0.0	4.2	4	0	0	4	4	4	4	# 19428 # 22250 # -1 # ID=51_22;partial=00;start_type=ATG;rbs_motif=GGA/GAG/AGG;rbs_spacer=5-10bp;gc_cont=0.561
GCA_002326875.1_ASM232687v1_genomic	NTET01000075.1_2	-	lolD.aln	-	1e-25	88.5	0.2	1.8e-25	87.7	0.2	1.3	1	1	0	1	1	1	1	# 1342 # 2169 # 1 # ID=63_2;partial=00;start_type=ATG;rbs_motif=GGAG/GAGG;rbs_spacer=5-10bp;gc_cont=0.518
GCA_002326875.1_ASM232687v1_genomic	NTET01000009.1_116	-	lolD.aln	-	4.6e-25	86.4	1.0	7.3e-25	85.8	1.0	1.3	1	0	0	1	1	1	1	# 124985 # 126766 # 1 # ID=86_116;partial=00;start_type=ATG;rbs_motif=AGGAG;rbs_spacer=5-10bp;gc_cont=0.563
GCA_002326875.1_ASM232687v1_genomic	NTET01000046.1_138	-	lolD.aln	-	2.8e-24	83.8	1.5	4.2e-17	60.4	0.2	2.0	2	0	0	2	2	2	2	# 145172 # 145936 # 1 # ID=119_138;partial=00;start_type=ATG;rbs_motif=AGGA/GGAG/GAGG;rbs_spacer=11-12bp;gc_cont=0.593
GCA_002326875.1_ASM232687v1_genomic	NTET01000032.1_156	-	lolD.aln	-	4.3e-23	80.0	0.1	2.1e-21	74.4	0.1	2.2	1	1	0	1	1	1	1	# 183604 # 185247 # -1 # ID=75_156;partial=00;start_type=ATG;rbs_motif=None;rbs_spacer=None;gc_cont=0.535
GCA_002326875.1_ASM232687v1_genomic	NTET01000032.1_145	-	lolD.aln	-	1.3e-22	78.4	0.1	7.5e-22	75.9	0.1	1.8	1	1	0	1	1	1	1	# 173764 # 174381 # -1 # ID=75_145;partial=00;start_type=ATG;rbs_motif=3Base/5BMM;rbs_spacer=13-15bp;gc_cont=0.558
GCA_002326875.1_ASM232687v1_genomic	NTET01000015.1_120	-	lolD.aln	-	5.1e-22	76.5	0.0	9.1e-22	75.6	0.0	1.4	1	0	0	1	1	1	1	# 123504 # 125270 # -1 # ID=11_120;partial=00;start_type=ATG;rbs_motif=None;rbs_spacer=None;gc_cont=0.536
GCA_002326875.1_ASM232687v1_genomic	NTET01000009.1_115	-	lolD.aln	-	2.9e-21	74.0	0.1	4.8e-21	73.3	0.1	1.3	1	0	0	1	1	1	1	# 123220 # 124992 # 1 # ID=86_115;partial=00;start_type=GTG;rbs_motif=AGGA;rbs_spacer=5-10bp;gc_cont=0.540
GCA_002326875.1_ASM232687v1_genomic	NTET01000031.1_10	-	lolD.aln	-	3.9e-18	63.7	0.4	5.5e-11	40.4	0.4	2.0	2	0	0	2	2	2	2	# 8896 # 9648 # -1 # ID=61_10;partial=00;start_type=ATG;rbs_motif=None;rbs_spacer=None;gc_cont=0.394
GCA_002326875.1_ASM232687v1_genomic	NTET01000028.1_137	-	lolD.aln	-	4.9e-18	63.4	0.8	5.9e-09	33.7	0.1	2.1	2	0	0	2	2	2	2	# 145189 # 145938 # -1 # ID=108_137;partial=00;start_type=ATG;rbs_motif=None;rbs_spacer=None;gc_cont=0.549
GCA_002326875.1_ASM232687v1_genomic	NTET01000028.1_110	-	lolD.aln	-	9.6e-18	62.5	0.1	1.3e-09	35.9	0.1	2.1	2	0	0	2	2	2	2	# 114146 # 114892 # -1 # ID=108_110;partial=00;start_type=ATG;rbs_motif=AGGA;rbs_spacer=5-10bp;gc_cont=0.505
GCA_002326875.1_ASM232687v1_genomic	NTET01000022.1_14	-	lolD.aln	-	3.4e-16	57.4	0.0	1.5e-10	38.9	0.0	2.3	2	0	0	2	2	2	2	# 18007 # 19692 # 1 # ID=56_14;partial=00;start_type=ATG;rbs_motif=None;rbs_spacer=None;gc_cont=0.437
GCA_002326875.1_ASM232687v1_genomic	NTET01000077.1_1	-	lolD.aln	-	0.0001	19.9	0.0	0.00012	19.6	0.0	1.1	1	0	0	1	1	1	1	# 3 # 401 # -1 # ID=62_1;partial=10;start_type=ATG;rbs_motif=AGGA;rbs_spacer=5-10bp;gc_cont=0.358
GCA_002326875.1_ASM232687v1_genomic	NTET01000042.1_102	-	lolD.aln	-	0.00026	18.5	0.0	0.00057	17.4	0.0	1.5	1	0	0	1	1	1	1	# 109876 # 110856 # -1 # ID=22_102;partial=00;start_type=ATG;rbs_motif=GGAG/GAGG;rbs_spacer=5-10bp;gc_cont=0.555
GCA_002326875.1_ASM232687v1_genomic	NTET01000077.1_4	-	lolD.aln	-	0.00078	17.0	0.0	0.0018	15.8	0.0	1.6	1	0	0	1	1	1	1	# 1865 # 4003 # 1 # ID=62_4;partial=00;start_type=ATG;rbs_motif=AGGA;rbs_spacer=5-10bp;gc_cont=0.500
GCA_002342325.1_ASM234232v1_genomic	DDPT01000036.1_20	-	lolD.aln	-	1.6e-84	279.4	0.5	1.8e-84	279.3	0.5	1.0	1	0	0	1	1	1	1	# 24014 # 24688 # -1 # ID=43_20;partial=00;start_type=ATG;rbs_motif=AATAA;rbs_spacer=12bp;gc_cont=0.384
GCA_002342325.1_ASM234232v1_genomic	DDPT01000018.1_2	-	lolD.aln	-	3.5e-78	258.7	6.3	1.7e-42	142.0	1.3	2.1	2	0	0	2	2	2	2	# 1245 # 2753 # 1 # ID=29_2;partial=00;start_type=ATG;rbs_motif=TAAA;rbs_spacer=9bp;gc_cont=0.359
GCA_002342325.1_ASM234232v1_genomic	DDPT01000010.1_1	-	lolD.aln	-	4.1e-72	238.9	0.3	6.2e-72	238.3	0.3	1.3	1	0	0	1	1	1	1	# 106 # 2055 # -1 # ID=46_1;partial=00;start_type=ATG;rbs_motif=AAAA;rbs_spacer=12bp;gc_cont=0.403
GCA_002342325.1_ASM234232v1_genomic	DDPT01000011.1_6	-	lolD.aln	-	1.1e-50	168.8	0.1	3.5e-25	85.4	0.0	2.1	2	0	0	2	2	2	2	# 4755 # 6476 # 1 # ID=47_6;partial=00;start_type=ATG;rbs_motif=AATAA;rbs_spacer=3bp;gc_cont=0.357
GCA_002342325.1_ASM234232v1_genomic	DDPT01000008.1_64	-	lolD.aln	-	3.8e-43	144.1	0.1	4.9e-43	143.8	0.1	1.0	1	0	0	1	1	1	1	# 58252 # 59010 # -1 # ID=49_64;partial=00;start_type=GTG;rbs_motif=AATAA;rbs_spacer=4bp;gc_cont=0.373
GCA_002342325.1_ASM234232v1_genomic	DDPT01000036.1_62	-	lolD.aln	-	1.1e-40	136.1	0.1	2.8e-16	56.3	0.0	4.3	3	1	0	3	3	3	3	# 70191 # 72020 # -1 # ID=43_62;partial=00;start_type=ATG;rbs_motif=TAA;rbs_spacer=11bp;gc_cont=0.368
GCA_002342325.1_ASM234232v1_genomic	DDPT01000014.1_27	-	lolD.aln	-	1.5e-37	125.8	0.0	1.9e-11	40.4	0.0	4.3	3	1	1	4	4	4	4	# 24270 # 25760 # 1 # ID=11_27;partial=00;start_type=GTG;rbs_motif=TAAA;rbs_spacer=12bp;gc_cont=0.368
GCA_002342325.1_ASM234232v1_genomic	DDPT01000004.1_17	-	lolD.aln	-	4.2e-32	108.0	0.0	4.8e-32	107.8	0.0	1.0	1	0	0	1	1	1	1	# 17465 # 18190 # -1 # ID=10_17;partial=00;start_type=ATG;rbs_motif=TAAAAA;rbs_spacer=13bp;gc_cont=0.348
GCA_002342325.1_ASM234232v1_genomic	DDPT01000031.1_36	-	lolD.aln	-	7.9e-32	107.1	0.1	1.7e-31	106.0	0.1	1.5	1	1	0	1	1	1	1	# 39194 # 40132 # -1 # ID=34_36;partial=00;start_type=ATG;rbs_motif=TAA;rbs_spacer=3bp;gc_cont=0.366
GCA_002342325.1_ASM234232v1_genomic	DDPT01000024.1_16	-	lolD.aln	-	7.9e-29	97.3	1.3	3.8e-28	95.1	1.3	1.9	1	1	0	1	1	1	1	# 14767 # 16551 # -1 # ID=25_16;partial=00;start_type=TTG;rbs_motif=TAA;rbs_spacer=12bp;gc_cont=0.350
GCA_002342325.1_ASM234232v1_genomic	DDPT01000014.1_28	-	lolD.aln	-	2e-28	96.0	0.0	6.2e-28	94.3	0.0	1.9	2	0	0	2	2	2	1	# 25764 # 27521 # -1 # ID=11_28;partial=00;start_type=ATG;rbs_motif=None;rbs_spacer=None;gc_cont=0.338
GCA_002342325.1_ASM234232v1_genomic	DDPT01000007.1_30	-	lolD.aln	-	9.3e-28	93.8	0.0	1.2e-27	93.4	0.0	1.1	1	0	0	1	1	1	1	# 31523 # 32335 # 1 # ID=14_30;partial=00;start_type=ATG;rbs_motif=AAA;rbs_spacer=15bp;gc_cont=0.373
GCA_002342325.1_ASM234232v1_genomic	DDPT01000029.1_14	-	lolD.aln	-	3.6e-27	91.8	0.0	9.7e-27	90.5	0.0	1.6	1	1	0	1	1	1	1	# 14548 # 16248 # -1 # ID=37_14;partial=00;start_type=ATG;rbs_motif=None;rbs_spacer=None;gc_cont=0.387
GCA_002342325.1_ASM234232v1_genomic	DDPT01000037.1_13	-	lolD.aln	-	2.3e-25	85.9	0.0	6.3e-25	84.5	0.0	1.7	1	1	0	1	1	1	1	# 8934 # 9860 # -1 # ID=20_13;partial=00;start_type=ATG;rbs_motif=None;rbs_spacer=None;gc_cont=0.408
GCA_002342325.1_ASM234232v1_genomic	DDPT01000048.1_37	-	lolD.aln	-	5.2e-25	84.8	0.7	2.4e-18	63.0	0.0	2.3	2	0	0	2	2	2	2	# 40716 # 41423 # 1 # ID=16_37;partial=00;start_type=ATG;rbs_motif=AATAA;rbs_spacer=7bp;gc_cont=0.340
GCA_002342325.1_ASM234232v1_genomic	DDPT01000014.1_60	-	lolD.aln	-	9.4e-24	80.7	3.3	2.6e-08	30.2	0.0	4.2	4	0	0	4	4	4	4	# 54046 # 56907 # 1 # ID=11_60;partial=00;start_type=ATG;rbs_motif=TAAA;rbs_spacer=12bp;gc_cont=0.379
GCA_002342325.1_ASM234232v1_genomic	DDPT01000006.1_10	-	lolD.aln	-	8.2e-17	58.0	0.0	1.4e-16	57.2	0.0	1.3	1	1	0	1	1	1	1	# 7359 # 7964 # 1 # ID=15_10;partial=00;start_type=ATG;rbs_motif=None;rbs_spacer=None;gc_cont=0.386
GCA_002342325.1_ASM234232v1_genomic	DDPT01000048.1_32	-	lolD.aln	-	7.7e-11	38.4	0.0	2.2e-06	23.8	0.0	2.2	2	1	0	2	2	2	2	# 35713 # 36429 # -1 # ID=16_32;partial=00;start_type=ATG;rbs_motif=TAA;rbs_spacer=12bp;gc_cont=0.326
GCA_002342325.1_ASM234232v1_genomic	DDPT01000046.1_3	-	lolD.aln	-	4.6e-07	26.1	0.1	0.00031	16.8	0.0	2.7	2	0	0	2	2	2	2	# 760 # 2445 # 1 # ID=28_3;partial=00;start_type=GTG;rbs_motif=AAAA;rbs_spacer=12bp;gc_cont=0.345
GCA_002342325.1_ASM234232v1_genomic	DDPT01000036.1_4	-	lolD.aln	-	0.00047	16.3	0.1	0.0011	15.1	0.1	1.6	1	0	0	1	1	1	1	# 8468 # 9520 # 1 # ID=43_4;partial=00;start_type=ATG;rbs_motif=None;rbs_spacer=None;gc_cont=0.371
GCA_002342325.1_ASM234232v1_genomic	DDPT01000015.1_6	-	lolD.aln	-	0.0025	13.9	0.0	0.22	7.5	0.0	2.5	2	0	0	2	2	2	1	# 6985 # 8436 # -1 # ID=32_6;partial=00;start_type=TTG;rbs_motif=AACAA;rbs_spacer=13bp;gc_cont=0.397
GCA_002464245.1_ASM246424v1_genomic	NTPF01000002.1_179	-	lolD.aln	-	1.4e-116	386.0	0.4	1.5e-116	385.8	0.4	1.0	1	0	0	1	1	1	1	# 179954 # 180655 # -1 # ID=55_179;partial=00;start_type=ATG;rbs_motif=GGAG/GAGG;rbs_spacer=5-10bp;gc_cont=0.553
GCA_002464245.1_ASM246424v1_genomic	NTPF01000010.1_152	-	lolD.aln	-	3.1e-81	270.3	0.6	3.5e-81	270.2	0.6	1.0	1	0	0	1	1	1	1	# 162679 # 163365 # 1 # ID=11_152;partial=00;start_type=ATG;rbs_motif=AGGA;rbs_spacer=5-10bp;gc_cont=0.566
GCA_002464245.1_ASM246424v1_genomic	NTPF01000024.1_26	-	lolD.aln	-	3.5e-80	266.9	9.4	2.9e-41	139.6	1.6	2.1	2	0	0	2	2	2	2	# 29695 # 31284 # 1 # ID=49_26;partial=00;start_type=ATG;rbs_motif=AGxAGG/AGGxGG;rbs_spacer=5-10bp;gc_cont=0.514
GCA_002464245.1_ASM246424v1_genomic	NTPF01000003.1_205	-	lolD.aln	-	4.1e-77	256.9	3.1	2.1e-37	127.0	0.0	2.1	2	0	0	2	2	2	2	# 219766 # 221637 # -1 # ID=66_205;partial=00;start_type=TTG;rbs_motif=GGA/GAG/AGG;rbs_spacer=5-10bp;gc_cont=0.541
GCA_002464245.1_ASM246424v1_genomic	NTPF01000031.1_35	-	lolD.aln	-	1.5e-72	241.9	0.1	2.1e-72	241.4	0.1	1.2	1	0	0	1	1	1	1	# 38598 # 40538 # -1 # ID=57_35;partial=00;start_type=GTG;rbs_motif=AGGA;rbs_spacer=5-10bp;gc_cont=0.483
GCA_002464245.1_ASM246424v1_genomic	NTPF01000003.1_155	-	lolD.aln	-	2.6e-71	237.9	0.2	3.6e-71	237.4	0.2	1.2	1	0	0	1	1	1	1	# 166887 # 168833 # -1 # ID=66_155;partial=00;start_type=ATG;rbs_motif=AGGAG;rbs_spacer=5-10bp;gc_cont=0.539
GCA_002464245.1_ASM246424v1_genomic	NTPF01000005.1_128	-	lolD.aln	-	8.5e-62	206.8	0.0	9.3e-62	206.6	0.0	1.0	1	0	0	1	1	1	1	# 136774 # 137442 # -1 # ID=88_128;partial=00;start_type=ATG;rbs_motif=GGAG/GAGG;rbs_spacer=5-10bp;gc_cont=0.562
GCA_002464245.1_ASM246424v1_genomic	NTPF01000011.1_2	-	lolD.aln	-	9.1e-61	203.4	0.2	1.1e-60	203.0	0.2	1.1	1	0	0	1	1	1	1	# 1105 # 2136 # 1 # ID=22_2;partial=00;start_type=ATG;rbs_motif=None;rbs_spacer=None;gc_cont=0.527
GCA_002464245.1_ASM246424v1_genomic	NTPF01000056.1_12	-	lolD.aln	-	7e-59	197.2	0.2	7.8e-59	197.1	0.2	1.0	1	0	0	1	1	1	1	# 13405 # 14127 # -1 # ID=84_12;partial=00;start_type=GTG;rbs_motif=AGGA;rbs_spacer=5-10bp;gc_cont=0.538
GCA_002464245.1_ASM246424v1_genomic	NTPF01000031.1_21	-	lolD.aln	-	1.5e-58	196.2	0.8	5.7e-32	109.2	0.0	3.1	3	0	0	3	3	3	2	# 20511 # 24170 # -1 # ID=57_21;partial=00;start_type=ATG;rbs_motif=AGGAGG;rbs_spacer=3-4bp;gc_cont=0.579
GCA_002464245.1_ASM246424v1_genomic	NTPF01000009.1_120	-	lolD.aln	-	5.5e-54	181.2	0.2	6.3e-54	181.0	0.2	1.0	1	0	0	1	1	1	1	# 117132 # 117884 # -1 # ID=132_120;partial=00;start_type=ATG;rbs_motif=AGGAG/GGAGG;rbs_spacer=11-12bp;gc_cont=0.543
GCA_002464245.1_ASM246424v1_genomic	NTPF01000005.1_149	-	lolD.aln	-	1.1e-53	180.2	0.0	3.8e-28	96.7	0.0	2.2	2	0	0	2	2	2	2	# 155621 # 158356 # -1 # ID=88_149;partial=00;start_type=ATG;rbs_motif=GGAG/GAGG;rbs_spacer=5-10bp;gc_cont=0.565
GCA_002464245.1_ASM246424v1_genomic	NTPF01000006.1_9	-	lolD.aln	-	2.8e-51	172.3	0.0	5.6e-32	109.2	0.1	2.3	2	1	0	2	2	2	2	# 9763 # 11265 # 1 # ID=99_9;partial=00;start_type=ATG;rbs_motif=GGxGG;rbs_spacer=5-10bp;gc_cont=0.556
GCA_002464245.1_ASM246424v1_genomic	NTPF01000004.1_163	-	lolD.aln	-	4e-51	171.8	0.5	7e-51	171.0	0.4	1.4	2	0	0	2	2	1	1	# 178349 # 179446 # 1 # ID=77_163;partial=00;start_type=ATG;rbs_motif=AGGAG;rbs_spacer=5-10bp;gc_cont=0.587
GCA_002464245.1_ASM246424v1_genomic	NTPF01000012.1_86	-	lolD.aln	-	1.1e-50	170.4	0.3	1.2e-50	170.3	0.3	1.0	1	0	0	1	1	1	1	# 90994 # 91719 # -1 # ID=33_86;partial=00;start_type=ATG;rbs_motif=AGGA;rbs_spacer=5-10bp;gc_cont=0.519
GCA_002464245.1_ASM246424v1_genomic	NTPF01000015.1_78	-	lolD.aln	-	2.1e-50	169.5	1.4	2.5e-50	169.2	1.4	1.1	1	0	0	1	1	1	1	# 92214 # 92987 # -1 # ID=39_78;partial=00;start_type=ATG;rbs_motif=GGA/GAG/AGG;rbs_spacer=5-10bp;gc_cont=0.522
GCA_002464245.1_ASM246424v1_genomic	NTPF01000004.1_41	-	lolD.aln	-	2.5e-50	169.2	1.5	4.7e-28	96.4	0.1	3.0	2	1	0	2	2	2	2	# 47743 # 49254 # 1 # ID=77_41;partial=00;start_type=ATG;rbs_motif=GGAG/GAGG;rbs_spacer=5-10bp;gc_cont=0.557
GCA_002464245.1_ASM246424v1_genomic	NTPF01000064.1_4	-	lolD.aln	-	8.9e-50	167.4	0.0	8.5e-26	89.0	0.0	2.1	2	0	0	2	2	2	2	# 3532 # 5268 # 1 # ID=93_4;partial=00;start_type=ATG;rbs_motif=GGAG/GAGG;rbs_spacer=5-10bp;gc_cont=0.548
GCA_002464245.1_ASM246424v1_genomic	NTPF01000007.1_163	-	lolD.aln	-	6.1e-49	164.7	0.6	4e-26	90.1	0.0	3.0	2	1	0	2	2	2	2	# 178011 # 179516 # 1 # ID=110_163;partial=00;start_type=ATG;rbs_motif=GGAG/GAGG;rbs_spacer=5-10bp;gc_cont=0.511
GCA_002464245.1_ASM246424v1_genomic	NTPF01000019.1_27	-	lolD.aln	-	3.7e-48	162.1	0.9	2.1e-28	97.5	0.3	3.0	3	0	0	3	3	3	3	# 28486 # 30027 # -1 # ID=43_27;partial=00;start_type=ATG;rbs_motif=GGAG/GAGG;rbs_spacer=5-10bp;gc_cont=0.470
GCA_002464245.1_ASM246424v1_genomic	NTPF01000014.1_111	-	lolD.aln	-	4.4e-48	161.9	0.0	5.5e-48	161.6	0.0	1.0	1	0	0	1	1	1	1	# 119519 # 120277 # 1 # ID=35_111;partial=00;start_type=ATG;rbs_motif=GGAG/GAGG;rbs_spacer=5-10bp;gc_cont=0.474
GCA_002464245.1_ASM246424v1_genomic	NTPF01000062.1_13	-	lolD.aln	-	5.2e-47	158.4	1.1	2.5e-26	90.7	0.2	2.7	2	1	0	2	2	2	2	# 13690 # 15174 # -1 # ID=91_13;partial=00;start_type=ATG;rbs_motif=GGA/GAG/AGG;rbs_spacer=5-10bp;gc_cont=0.512
GCA_002464245.1_ASM246424v1_genomic	NTPF01000002.1_170	-	lolD.aln	-	1.4e-46	156.9	0.2	2.3e-46	156.3	0.2	1.3	1	0	0	1	1	1	1	# 171679 # 172815 # 1 # ID=55_170;partial=00;start_type=ATG;rbs_motif=None;rbs_spacer=None;gc_cont=0.505
GCA_002464245.1_ASM246424v1_genomic	NTPF01000030.1_21	-	lolD.aln	-	1e-45	154.2	1.0	1.5e-45	153.6	1.0	1.2	1	0	0	1	1	1	1	# 17475 # 18677 # 1 # ID=56_21;partial=00;start_type=ATG;rbs_motif=4Base/6BMM;rbs_spacer=13-15bp;gc_cont=0.490
GCA_002464245.1_ASM246424v1_genomic	NTPF01000058.1_16	-	lolD.aln	-	1.1e-45	154.1	0.0	1.6e-45	153.5	0.0	1.2	1	0	0	1	1	1	1	# 14263 # 15276 # -1 # ID=86_16;partial=00;start_type=ATG;rbs_motif=None;rbs_spacer=None;gc_cont=0.544
GCA_002464245.1_ASM246424v1_genomic	NTPF01000008.1_167	-	lolD.aln	-	1.5e-45	153.6	0.2	2.1e-23	81.2	0.0	2.9	2	1	0	2	2	2	2	# 175946 # 177466 # -1 # ID=121_167;partial=00;start_type=ATG;rbs_motif=GGA/GAG/AGG;rbs_spacer=5-10bp;gc_cont=0.454
GCA_002464245.1_ASM246424v1_genomic	NTPF01000003.1_170	-	lolD.aln	-	3.4e-45	152.5	0.0	4.2e-45	152.1	0.0	1.0	1	0	0	1	1	1	1	# 185447 # 186175 # 1 # ID=66_170;partial=00;start_type=ATG;rbs_motif=GGA/GAG/AGG;rbs_spacer=5-10bp;gc_cont=0.527
GCA_002464245.1_ASM246424v1_genomic	NTPF01000005.1_145	-	lolD.aln	-	6.6e-45	151.5	0.7	8.2e-45	151.2	0.7	1.1	1	0	0	1	1	1	1	# 152474 # 153280 # 1 # ID=88_145;partial=00;start_type=ATG;rbs_motif=GGAG/GAGG;rbs_spacer=5-10bp;gc_cont=0.570
GCA_002464245.1_ASM246424v1_genomic	NTPF01000027.1_40	-	lolD.aln	-	3.6e-44	149.1	0.8	5.4e-44	148.5	0.8	1.2	1	0	0	1	1	1	1	# 47761 # 48549 # 1 # ID=52_40;partial=00;start_type=ATG;rbs_motif=GGAGG;rbs_spacer=5-10bp;gc_cont=0.591
GCA_002464245.1_ASM246424v1_genomic	NTPF01000003.1_179	-	lolD.aln	-	4.3e-44	148.8	0.2	6.2e-44	148.3	0.2	1.2	1	0	0	1	1	1	1	# 193034 # 194167 # -1 # ID=66_179;partial=00;start_type=GTG;rbs_motif=GGAG/GAGG;rbs_spacer=5-10bp;gc_cont=0.552
GCA_002464245.1_ASM246424v1_genomic	NTPF01000009.1_106	-	lolD.aln	-	5.3e-44	148.5	0.1	4.3e-28	96.5	0.0	3.1	3	0	0	3	3	3	3	# 103629 # 105143 # -1 # ID=132_106;partial=00;start_type=ATG;rbs_motif=GGAG/GAGG;rbs_spacer=5-10bp;gc_cont=0.520
GCA_002464245.1_ASM246424v1_genomic	NTPF01000034.1_41	-	lolD.aln	-	5.9e-44	148.4	3.3	3.8e-23	80.3	0.1	2.6	2	1	0	2	2	2	2	# 37686 # 39221 # -1 # ID=60_41;partial=00;start_type=ATG;rbs_motif=GGxGG;rbs_spacer=3-4bp;gc_cont=0.529
GCA_002464245.1_ASM246424v1_genomic	NTPF01000003.1_61	-	lolD.aln	-	9e-44	147.8	0.2	2.8e-43	146.2	0.2	1.7	1	1	0	1	1	1	1	# 63383 # 64150 # 1 # ID=66_61;partial=00;start_type=ATG;rbs_motif=AGGAG;rbs_spacer=5-10bp;gc_cont=0.560
GCA_002464245.1_ASM246424v1_genomic	NTPF01000005.1_115	-	lolD.aln	-	1.2e-43	147.4	0.1	1.6e-43	147.0	0.1	1.1	1	0	0	1	1	1	1	# 122796 # 123866 # -1 # ID=88_115;partial=00;start_type=ATG;rbs_motif=GGA/GAG/AGG;rbs_spacer=5-10bp;gc_cont=0.583
GCA_002464245.1_ASM246424v1_genomic	NTPF01000019.1_53	-	lolD.aln	-	1.4e-43	147.1	0.1	1.8e-43	146.8	0.1	1.1	1	0	0	1	1	1	1	# 57635 # 58639 # 1 # ID=43_53;partial=00;start_type=ATG;rbs_motif=GGAGG;rbs_spacer=5-10bp;gc_cont=0.559
GCA_002464245.1_ASM246424v1_genomic	NTPF01000014.1_91	-	lolD.aln	-	5.3e-43	145.3	4.3	2.1e-26	90.9	0.2	2.7	2	1	0	2	2	2	2	# 98885 # 100384 # -1 # ID=35_91;partial=00;start_type=ATG;rbs_motif=GGAG/GAGG;rbs_spacer=5-10bp;gc_cont=0.447
GCA_002464245.1_ASM246424v1_genomic	NTPF01000027.1_48	-	lolD.aln	-	7.9e-43	144.7	0.0	9.1e-43	144.5	0.0	1.0	1	0	0	1	1	1	1	# 54110 # 54868 # 1 # ID=52_48;partial=00;start_type=ATG;rbs_motif=GGAG/GAGG;rbs_spacer=5-10bp;gc_cont=0.615
GCA_002464245.1_ASM246424v1_genomic	NTPF01000060.1_16	-	lolD.aln	-	1.2e-42	144.1	0.6	1.6e-42	143.7	0.6	1.2	1	0	0	1	1	1	1	# 16218 # 17300 # -1 # ID=89_16;partial=00;start_type=ATG;rbs_motif=AGGA;rbs_spacer=5-10bp;gc_cont=0.498
GCA_002464245.1_ASM246424v1_genomic	NTPF01000002.1_70	-	lolD.aln	-	1.4e-42	143.9	0.5	1.7e-42	143.6	0.5	1.0	1	0	0	1	1	1	1	# 68270 # 69283 # -1 # ID=55_70;partial=00;start_type=ATG;rbs_motif=AGGAG;rbs_spacer=5-10bp;gc_cont=0.516
GCA_002464245.1_ASM246424v1_genomic	NTPF01000041.1_6	-	lolD.aln	-	5.9e-42	141.8	0.3	8.6e-42	141.3	0.3	1.2	1	0	0	1	1	1	1	# 3622 # 4737 # -1 # ID=68_6;partial=00;start_type=ATG;rbs_motif=GGAG/GAGG;rbs_spacer=5-10bp;gc_cont=0.552
GCA_002464245.1_ASM246424v1_genomic	NTPF01000056.1_23	-	lolD.aln	-	7.1e-42	141.6	1.3	2e-11	42.0	0.0	4.3	3	2	1	4	4	4	4	# 23627 # 25219 # 1 # ID=84_23;partial=00;start_type=GTG;rbs_motif=AGGA;rbs_spacer=5-10bp;gc_cont=0.527
GCA_002464245.1_ASM246424v1_genomic	NTPF01000006.1_154	-	lolD.aln	-	1.1e-41	141.0	0.1	2.5e-12	45.0	0.0	4.2	4	0	0	4	4	4	4	# 172402 # 174069 # -1 # ID=99_154;partial=00;start_type=GTG;rbs_motif=AGGA/GGAG/GAGG;rbs_spacer=11-12bp;gc_cont=0.552
GCA_002464245.1_ASM246424v1_genomic	NTPF01000027.1_49	-	lolD.aln	-	6.7e-41	138.4	0.0	7.7e-41	138.2	0.0	1.0	1	0	0	1	1	1	1	# 55045 # 55725 # 1 # ID=52_49;partial=00;start_type=ATG;rbs_motif=GGAG/GAGG;rbs_spacer=5-10bp;gc_cont=0.602
GCA_002464245.1_ASM246424v1_genomic	NTPF01000003.1_45	-	lolD.aln	-	4.5e-40	135.7	0.3	3.9e-12	44.3	0.0	4.2	3	1	1	4	4	4	4	# 45554 # 47461 # -1 # ID=66_45;partial=00;start_type=ATG;rbs_motif=AGGA;rbs_spacer=5-10bp;gc_cont=0.526
GCA_002464245.1_ASM246424v1_genomic	NTPF01000019.1_52	-	lolD.aln	-	6.7e-40	135.1	0.3	8e-40	134.9	0.3	1.1	1	0	0	1	1	1	1	# 56655 # 57638 # 1 # ID=43_52;partial=00;start_type=ATG;rbs_motif=GGAG/GAGG;rbs_spacer=5-10bp;gc_cont=0.565
GCA_002464245.1_ASM246424v1_genomic	NTPF01000010.1_26	-	lolD.aln	-	7.3e-40	135.0	0.1	1.8e-39	133.7	0.1	1.5	1	1	0	1	1	1	1	# 28735 # 29502 # 1 # ID=11_26;partial=00;start_type=ATG;rbs_motif=AGGAG;rbs_spacer=5-10bp;gc_cont=0.561
GCA_002464245.1_ASM246424v1_genomic	NTPF01000005.1_15	-	lolD.aln	-	8.3e-38	128.3	0.5	2.7e-16	57.9	0.0	4.0	2	2	1	3	3	3	3	# 10297 # 12210 # 1 # ID=88_15;partial=00;start_type=ATG;rbs_motif=None;rbs_spacer=None;gc_cont=0.556
GCA_002464245.1_ASM246424v1_genomic	NTPF01000002.1_69	-	lolD.aln	-	1.7e-37	127.3	0.0	2.1e-37	127.0	0.0	1.1	1	0	0	1	1	1	1	# 67269 # 68273 # -1 # ID=55_69;partial=00;start_type=ATG;rbs_motif=GGAGG;rbs_spacer=5-10bp;gc_cont=0.521
GCA_002464245.1_ASM246424v1_genomic	NTPF01000014.1_33	-	lolD.aln	-	2.1e-37	127.0	0.0	2.7e-37	126.6	0.0	1.0	1	0	0	1	1	1	1	# 34800 # 35609 # -1 # ID=35_33;partial=00;start_type=ATG;rbs_motif=GGA/GAG/AGG;rbs_spacer=5-10bp;gc_cont=0.542
GCA_002464245.1_ASM246424v1_genomic	NTPF01000008.1_148	-	lolD.aln	-	4.2e-35	119.4	0.2	5.6e-35	119.0	0.2	1.1	1	0	0	1	1	1	1	# 154686 # 155612 # -1 # ID=121_148;partial=00;start_type=ATG;rbs_motif=GGA/GAG/AGG;rbs_spacer=5-10bp;gc_cont=0.553
GCA_002464245.1_ASM246424v1_genomic	NTPF01000010.1_147	-	lolD.aln	-	6.6e-35	118.8	0.0	7.7e-35	118.6	0.0	1.1	1	0	0	1	1	1	1	# 158865 # 159542 # 1 # ID=11_147;partial=00;start_type=ATG;rbs_motif=GGA/GAG/AGG;rbs_spacer=5-10bp;gc_cont=0.457
GCA_002464245.1_ASM246424v1_genomic	NTPF01000038.1_31	-	lolD.aln	-	7.1e-35	118.7	1.7	1.5e-32	111.1	1.7	2.1	1	1	0	1	1	1	1	# 31165 # 32091 # -1 # ID=64_31;partial=00;start_type=GTG;rbs_motif=AGGAG;rbs_spacer=5-10bp;gc_cont=0.542
GCA_002464245.1_ASM246424v1_genomic	NTPF01000003.1_149	-	lolD.aln	-	1.5e-34	117.6	0.3	2.5e-34	116.9	0.3	1.3	1	0	0	1	1	1	1	# 159926 # 161647 # 1 # ID=66_149;partial=00;start_type=ATG;rbs_motif=AGGAG;rbs_spacer=5-10bp;gc_cont=0.539
GCA_002464245.1_ASM246424v1_genomic	NTPF01000011.1_132	-	lolD.aln	-	2.6e-34	116.8	0.2	3.7e-34	116.4	0.2	1.2	1	0	0	1	1	1	1	# 149618 # 150316 # 1 # ID=22_132;partial=00;start_type=ATG;rbs_motif=None;rbs_spacer=None;gc_cont=0.578
GCA_002464245.1_ASM246424v1_genomic	NTPF01000038.1_32	-	lolD.aln	-	1.5e-33	114.4	0.2	1.8e-33	114.1	0.2	1.1	1	0	0	1	1	1	1	# 32084 # 33070 # -1 # ID=64_32;partial=00;start_type=ATG;rbs_motif=AGGAG;rbs_spacer=5-10bp;gc_cont=0.539
GCA_002464245.1_ASM246424v1_genomic	NTPF01000029.1_2	-	lolD.aln	-	4.5e-33	112.8	0.0	1.5e-18	65.3	0.0	3.2	3	0	0	3	3	3	3	# 888 # 2360 # 1 # ID=54_2;partial=00;start_type=ATG;rbs_motif=GGA/GAG/AGG;rbs_spacer=5-10bp;gc_cont=0.526
GCA_002464245.1_ASM246424v1_genomic	NTPF01000002.1_24	-	lolD.aln	-	4.9e-33	112.7	0.1	7e-33	112.2	0.1	1.2	1	0	0	1	1	1	1	# 23441 # 24247 # 1 # ID=55_24;partial=00;start_type=ATG;rbs_motif=GGAG/GAGG;rbs_spacer=5-10bp;gc_cont=0.512
GCA_002464245.1_ASM246424v1_genomic	NTPF01000005.1_120	-	lolD.aln	-	1e-32	111.6	0.8	1e-31	108.4	0.8	1.9	1	1	0	1	1	1	1	# 128122 # 128889 # -1 # ID=88_120;partial=00;start_type=ATG;rbs_motif=AGGAG;rbs_spacer=5-10bp;gc_cont=0.546
GCA_002464245.1_ASM246424v1_genomic	NTPF01000055.1_13	-	lolD.aln	-	2.7e-32	110.2	0.9	1.8e-31	107.5	0.9	1.9	1	1	0	1	1	1	1	# 10553 # 11314 # 1 # ID=83_13;partial=00;start_type=ATG;rbs_motif=AGGA;rbs_spacer=5-10bp;gc_cont=0.602
GCA_002464245.1_ASM246424v1_genomic	NTPF01000003.1_80	-	lolD.aln	-	1.9e-31	107.5	0.3	3e-31	106.8	0.3	1.3	1	0	0	1	1	1	1	# 89221 # 90969 # -1 # ID=66_80;partial=00;start_type=ATG;rbs_motif=None;rbs_spacer=None;gc_cont=0.510
GCA_002464245.1_ASM246424v1_genomic	NTPF01000061.1_4	-	lolD.aln	-	2.3e-31	107.2	0.0	3.6e-31	106.6	0.0	1.2	1	0	0	1	1	1	1	# 1896 # 2954 # 1 # ID=90_4;partial=00;start_type=ATG;rbs_motif=GGxGG;rbs_spacer=5-10bp;gc_cont=0.531
GCA_002464245.1_ASM246424v1_genomic	NTPF01000002.1_23	-	lolD.aln	-	5.4e-31	106.0	0.1	4.6e-30	103.0	0.1	1.9	1	1	0	1	1	1	1	# 22447 # 23439 # 1 # ID=55_23;partial=00;start_type=ATG;rbs_motif=GGxGG;rbs_spacer=5-10bp;gc_cont=0.513
GCA_002464245.1_ASM246424v1_genomic	NTPF01000001.1_232	-	lolD.aln	-	7.1e-31	105.6	0.0	8.2e-31	105.4	0.0	1.0	1	0	0	1	1	1	1	# 246309 # 246986 # 1 # ID=44_232;partial=00;start_type=ATG;rbs_motif=4Base/6BMM;rbs_spacer=13-15bp;gc_cont=0.531
GCA_002464245.1_ASM246424v1_genomic	NTPF01000012.1_22	-	lolD.aln	-	1e-30	105.1	0.0	1.6e-30	104.4	0.0	1.2	1	0	0	1	1	1	1	# 25921 # 26736 # -1 # ID=33_22;partial=00;start_type=ATG;rbs_motif=AGGAG/GGAGG;rbs_spacer=11-12bp;gc_cont=0.538
GCA_002464245.1_ASM246424v1_genomic	NTPF01000026.1_24	-	lolD.aln	-	3.1e-30	103.5	0.0	4e-30	103.2	0.0	1.0	1	0	0	1	1	1	1	# 22698 # 23351 # 1 # ID=51_24;partial=00;start_type=ATG;rbs_motif=AGGA;rbs_spacer=5-10bp;gc_cont=0.523
GCA_002464245.1_ASM246424v1_genomic	NTPF01000005.1_119	-	lolD.aln	-	8.3e-30	102.1	0.1	9.7e-30	101.9	0.1	1.1	1	0	0	1	1	1	1	# 127407 # 128120 # -1 # ID=88_119;partial=00;start_type=ATG;rbs_motif=GGAG/GAGG;rbs_spacer=5-10bp;gc_cont=0.574
GCA_002464245.1_ASM246424v1_genomic	NTPF01000011.1_74	-	lolD.aln	-	1.7e-29	101.1	0.0	2.4e-29	100.6	0.0	1.2	1	0	0	1	1	1	1	# 79208 # 80134 # -1 # ID=22_74;partial=00;start_type=ATG;rbs_motif=3Base/5BMM;rbs_spacer=13-15bp;gc_cont=0.490
GCA_002464245.1_ASM246424v1_genomic	NTPF01000007.1_135	-	lolD.aln	-	2.2e-29	100.7	0.0	2.8e-29	100.4	0.0	1.1	1	0	0	1	1	1	1	# 146702 # 147475 # -1 # ID=110_135;partial=00;start_type=ATG;rbs_motif=AGGA;rbs_spacer=5-10bp;gc_cont=0.525
GCA_002464245.1_ASM246424v1_genomic	NTPF01000014.1_39	-	lolD.aln	-	2.3e-29	100.7	0.0	2.7e-29	100.4	0.0	1.1	1	0	0	1	1	1	1	# 39488 # 40213 # 1 # ID=35_39;partial=00;start_type=ATG;rbs_motif=4Base/6BMM;rbs_spacer=13-15bp;gc_cont=0.541
GCA_002464245.1_ASM246424v1_genomic	NTPF01000009.1_67	-	lolD.aln	-	2.8e-29	100.4	3.3	2.9e-20	70.9	0.2	2.1	2	0	0	2	2	2	2	# 63637 # 64392 # 1 # ID=132_67;partial=00;start_type=ATG;rbs_motif=None;rbs_spacer=None;gc_cont=0.489
GCA_002464245.1_ASM246424v1_genomic	NTPF01000011.1_50	-	lolD.aln	-	7e-29	99.1	0.0	8.1e-17	59.6	0.1	2.1	2	0	0	2	2	2	2	# 52290 # 53087 # -1 # ID=22_50;partial=00;start_type=ATG;rbs_motif=None;rbs_spacer=None;gc_cont=0.566
GCA_002464245.1_ASM246424v1_genomic	NTPF01000032.1_22	-	lolD.aln	-	3.7e-26	90.2	2.9	3.2e-10	38.0	0.0	4.2	4	0	0	4	4	4	4	# 19843 # 22665 # -1 # ID=58_22;partial=00;start_type=ATG;rbs_motif=GGA/GAG/AGG;rbs_spacer=5-10bp;gc_cont=0.560
GCA_002464245.1_ASM246424v1_genomic	NTPF01000084.1_3	-	lolD.aln	-	5e-26	89.8	0.2	8.8e-26	88.9	0.2	1.3	1	1	0	1	1	1	1	# 1199 # 2026 # -1 # ID=115_3;partial=00;start_type=ATG;rbs_motif=GGAG/GAGG;rbs_spacer=5-10bp;gc_cont=0.516
GCA_002464245.1_ASM246424v1_genomic	NTPF01000031.1_12	-	lolD.aln	-	7.8e-25	85.8	0.0	6.4e-24	82.9	0.0	2.0	1	1	0	1	1	1	1	# 8648 # 10744 # -1 # ID=57_12;partial=00;start_type=ATG;rbs_motif=AGGA;rbs_spacer=5-10bp;gc_cont=0.439
GCA_002464245.1_ASM246424v1_genomic	NTPF01000010.1_107	-	lolD.aln	-	8.3e-25	85.7	1.0	1.3e-24	85.1	1.0	1.3	1	0	0	1	1	1	1	# 114069 # 115850 # 1 # ID=11_107;partial=00;start_type=ATG;rbs_motif=AGGAG;rbs_spacer=5-10bp;gc_cont=0.557
GCA_002464245.1_ASM246424v1_genomic	NTPF01000005.1_144	-	lolD.aln	-	8e-24	82.5	1.6	1.1e-16	59.2	0.2	2.0	2	0	0	2	2	2	2	# 151713 # 152477 # 1 # ID=88_144;partial=00;start_type=ATG;rbs_motif=AGGA/GGAG/GAGG;rbs_spacer=11-12bp;gc_cont=0.593
GCA_002464245.1_ASM246424v1_genomic	NTPF01000024.1_55	-	lolD.aln	-	4.9e-23	80.0	0.1	2.5e-21	74.4	0.1	2.2	1	1	0	1	1	1	1	# 58429 # 60072 # -1 # ID=49_55;partial=00;start_type=ATG;rbs_motif=None;rbs_spacer=None;gc_cont=0.533
GCA_002464245.1_ASM246424v1_genomic	NTPF01000024.1_44	-	lolD.aln	-	1.5e-22	78.4	0.1	8.6e-22	75.9	0.1	1.8	1	1	0	1	1	1	1	# 49043 # 49660 # -1 # ID=49_44;partial=00;start_type=ATG;rbs_motif=3Base/5BMM;rbs_spacer=13-15bp;gc_cont=0.560
GCA_002464245.1_ASM246424v1_genomic	NTPF01000003.1_148	-	lolD.aln	-	4.5e-22	76.8	0.0	8.3e-22	75.9	0.0	1.4	1	0	0	1	1	1	1	# 158159 # 159925 # 1 # ID=66_148;partial=00;start_type=ATG;rbs_motif=None;rbs_spacer=None;gc_cont=0.537
GCA_002464245.1_ASM246424v1_genomic	NTPF01000010.1_106	-	lolD.aln	-	3.3e-21	74.0	0.1	5.5e-21	73.3	0.1	1.3	1	0	0	1	1	1	1	# 112304 # 114076 # 1 # ID=11_106;partial=00;start_type=GTG;rbs_motif=AGGA;rbs_spacer=5-10bp;gc_cont=0.539
GCA_002464245.1_ASM246424v1_genomic	NTPF01000018.1_27	-	lolD.aln	-	5.7e-18	63.4	0.8	6.8e-09	33.7	0.1	2.1	2	0	0	2	2	2	2	# 22968 # 23717 # 1 # ID=42_27;partial=00;start_type=ATG;rbs_motif=None;rbs_spacer=None;gc_cont=0.549
GCA_002464245.1_ASM246424v1_genomic	NTPF01000018.1_55	-	lolD.aln	-	1.8e-17	61.8	0.1	2.4e-09	35.2	0.1	2.1	2	0	0	2	2	2	2	# 54016 # 54762 # 1 # ID=42_55;partial=00;start_type=ATG;rbs_motif=AGGA;rbs_spacer=5-10bp;gc_cont=0.502
GCA_002464245.1_ASM246424v1_genomic	NTPF01000059.1_13	-	lolD.aln	-	2.6e-16	58.0	0.0	1.2e-10	39.5	0.0	2.3	2	0	0	2	2	2	2	# 14861 # 16519 # 1 # ID=87_13;partial=00;start_type=ATG;rbs_motif=None;rbs_spacer=None;gc_cont=0.433
GCA_002464245.1_ASM246424v1_genomic	NTPF01000001.1_231	-	lolD.aln	-	1.4e-15	55.6	0.0	4.6e-15	53.9	0.0	1.7	1	1	0	1	1	1	1	# 245638 # 246315 # 1 # ID=44_231;partial=00;start_type=ATG;rbs_motif=GGAG/GAGG;rbs_spacer=5-10bp;gc_cont=0.540
GCA_002464245.1_ASM246424v1_genomic	NTPF01000091.1_2	-	lolD.aln	-	1.2e-09	36.2	0.0	2.2e-09	35.3	0.0	1.4	1	0	0	1	1	1	1	# 995 # 2116 # -1 # ID=123_2;partial=01;start_type=Edge;rbs_motif=None;rbs_spacer=None;gc_cont=0.518
GCA_002464245.1_ASM246424v1_genomic	NTPF01000001.1_260	-	lolD.aln	-	0.00051	17.8	0.0	0.0012	16.6	0.0	1.5	1	0	0	1	1	1	1	# 275386 # 276366 # -1 # ID=44_260;partial=00;start_type=ATG;rbs_motif=GGAG/GAGG;rbs_spacer=5-10bp;gc_cont=0.547
GCA_002464245.1_ASM246424v1_genomic	NTPF01000022.1_5	-	lolD.aln	-	0.0082	13.8	0.1	0.021	12.4	0.1	1.6	2	0	0	2	2	1	1	# 4145 # 5593 # 1 # ID=47_5;partial=00;start_type=ATG;rbs_motif=GGAG/GAGG;rbs_spacer=5-10bp;gc_cont=0.403
GCA_002464245.1_ASM246424v1_genomic	NTPF01000033.1_45	-	lolD.aln	-	0.029	12.0	0.0	0.045	11.4	0.0	1.2	1	0	0	1	1	1	0	# 45808 # 46506 # -1 # ID=59_45;partial=00;start_type=ATG;rbs_motif=None;rbs_spacer=None;gc_cont=0.504
GCA_002464245.1_ASM246424v1_genomic	NTPF01000073.1_3	-	lolD.aln	-	0.031	11.9	0.0	0.05	11.3	0.0	1.2	1	0	0	1	1	1	0	# 889 # 1773 # -1 # ID=103_3;partial=00;start_type=ATG;rbs_motif=AGGA;rbs_spacer=5-10bp;gc_cont=0.536
GCA_002464245.1_ASM246424v1_genomic	NTPF01000004.1_133	-	lolD.aln	-	0.033	11.8	0.0	0.1	10.3	0.0	1.7	2	0	0	2	2	2	0	# 150911 # 151390 # 1 # ID=77_133;partial=00;start_type=ATG;rbs_motif=GGAG/GAGG;rbs_spacer=5-10bp;gc_cont=0.498
GCA_002464245.1_ASM246424v1_genomic	NTPF01000033.1_46	-	lolD.aln	-	0.039	11.6	0.1	0.068	10.8	0.1	1.3	1	0	0	1	1	1	0	# 46695 # 47387 # 1 # ID=59_46;partial=00;start_type=ATG;rbs_motif=AGGA;rbs_spacer=5-10bp;gc_cont=0.478
GCA_002703345.1_ASM270334v1_genomic	NZTM01000047.1_23	-	lolD.aln	-	5.5e-82	270.9	3.6	1e-41	139.2	0.4	2.1	2	0	0	2	2	2	2	# 23007 # 24587 # 1 # ID=44_23;partial=00;start_type=ATG;rbs_motif=AGGA;rbs_spacer=5-10bp;gc_cont=0.402
GCA_002703345.1_ASM270334v1_genomic	NZTM01000020.1_6	-	lolD.aln	-	1.4e-80	266.3	0.1	1.6e-80	266.1	0.1	1.0	1	0	0	1	1	1	1	# 5910 # 6587 # 1 # ID=17_6;partial=00;start_type=ATG;rbs_motif=GGA/GAG/AGG;rbs_spacer=11-12bp;gc_cont=0.383
GCA_002703345.1_ASM270334v1_genomic	NZTM01000007.1_5	-	lolD.aln	-	8.1e-79	260.5	3.2	1.4e-40	135.5	0.3	2.1	2	0	0	2	2	2	2	# 3438 # 5267 # -1 # ID=4_5;partial=00;start_type=ATG;rbs_motif=AGGAG;rbs_spacer=5-10bp;gc_cont=0.434
GCA_002703345.1_ASM270334v1_genomic	NZTM01000017.1_35	-	lolD.aln	-	1.9e-75	249.5	0.9	1.5e-37	125.6	0.0	2.2	2	0	0	2	2	2	2	# 37548 # 39131 # -1 # ID=14_35;partial=00;start_type=ATG;rbs_motif=AGGA/GGAG/GAGG;rbs_spacer=11-12bp;gc_cont=0.374
GCA_002703345.1_ASM270334v1_genomic	NZTM01000016.1_11	-	lolD.aln	-	3.6e-75	248.6	0.1	3.9e-75	248.5	0.1	1.0	1	0	0	1	1	1	1	# 10793 # 11461 # -1 # ID=13_11;partial=00;start_type=ATG;rbs_motif=GGA/GAG/AGG;rbs_spacer=5-10bp;gc_cont=0.393
GCA_002703345.1_ASM270334v1_genomic	NZTM01000034.1_53	-	lolD.aln	-	3.8e-51	170.0	0.0	4.5e-51	169.7	0.0	1.0	1	0	0	1	1	1	1	# 45548 # 46315 # 1 # ID=31_53;partial=00;start_type=ATG;rbs_motif=AGGA;rbs_spacer=5-10bp;gc_cont=0.397
GCA_002703345.1_ASM270334v1_genomic	NZTM01000010.1_17	-	lolD.aln	-	5.6e-49	162.9	0.0	7.8e-49	162.4	0.0	1.2	1	0	0	1	1	1	1	# 18996 # 20018 # 1 # ID=7_17;partial=00;start_type=ATG;rbs_motif=None;rbs_spacer=None;gc_cont=0.412
GCA_002703345.1_ASM270334v1_genomic	NZTM01000012.1_8	-	lolD.aln	-	8.5e-49	162.3	0.0	9.5e-49	162.2	0.0	1.0	1	0	0	1	1	1	1	# 9439 # 10116 # -1 # ID=9_8;partial=00;start_type=TTG;rbs_motif=GGA/GAG/AGG;rbs_spacer=5-10bp;gc_cont=0.392
GCA_002703345.1_ASM270334v1_genomic	NZTM01000051.1_9	-	lolD.aln	-	2.6e-44	147.6	0.1	2.3e-24	82.4	0.0	2.1	2	0	0	2	2	2	2	# 6785 # 8323 # -1 # ID=49_9;partial=00;start_type=ATG;rbs_motif=GGA/GAG/AGG;rbs_spacer=5-10bp;gc_cont=0.418
GCA_002703345.1_ASM270334v1_genomic	NZTM01000003.1_13	-	lolD.aln	-	6.6e-44	146.3	0.1	8.6e-44	145.9	0.1	1.1	1	0	0	1	1	1	1	# 12738 # 13838 # 1 # ID=58_13;partial=00;start_type=TTG;rbs_motif=AGGA;rbs_spacer=5-10bp;gc_cont=0.445
GCA_002703345.1_ASM270334v1_genomic	NZTM01000019.1_14	-	lolD.aln	-	8.3e-43	142.7	0.0	1.1e-42	142.3	0.0	1.1	1	0	0	1	1	1	1	# 11048 # 12130 # -1 # ID=16_14;partial=00;start_type=TTG;rbs_motif=GGAG/GAGG;rbs_spacer=5-10bp;gc_cont=0.417
GCA_002703345.1_ASM270334v1_genomic	NZTM01000058.1_5	-	lolD.aln	-	2.1e-41	138.1	4.9	7.7e-22	74.1	0.3	3.0	3	0	0	3	3	3	3	# 4039 # 5556 # 1 # ID=59_5;partial=00;start_type=ATG;rbs_motif=None;rbs_spacer=None;gc_cont=0.410
GCA_002703345.1_ASM270334v1_genomic	NZTM01000005.1_8	-	lolD.aln	-	2.7e-41	137.8	0.1	3.8e-41	137.3	0.1	1.1	1	0	0	1	1	1	1	# 7070 # 8182 # 1 # ID=2_8;partial=00;start_type=ATG;rbs_motif=GGAG/GAGG;rbs_spacer=5-10bp;gc_cont=0.426
GCA_002703345.1_ASM270334v1_genomic	NZTM01000033.1_4	-	lolD.aln	-	1.8e-40	135.1	0.2	8.9e-13	44.5	0.0	4.2	4	0	0	4	4	4	4	# 6768 # 8423 # -1 # ID=30_4;partial=00;start_type=ATG;rbs_motif=GGAG/GAGG;rbs_spacer=5-10bp;gc_cont=0.414
GCA_002703345.1_ASM270334v1_genomic	NZTM01000027.1_6	-	lolD.aln	-	4.5e-40	133.8	1.3	4.2e-38	127.3	1.3	2.2	1	1	0	1	1	1	1	# 5596 # 6738 # 1 # ID=24_6;partial=00;start_type=TTG;rbs_motif=GGAG/GAGG;rbs_spacer=5-10bp;gc_cont=0.412
GCA_002703345.1_ASM270334v1_genomic	NZTM01000043.1_11	-	lolD.aln	-	6.1e-40	133.3	4.1	4.3e-16	55.3	0.3	4.1	3	1	0	3	3	3	3	# 6915 # 8723 # 1 # ID=40_11;partial=00;start_type=ATG;rbs_motif=None;rbs_spacer=None;gc_cont=0.383
GCA_002703345.1_ASM270334v1_genomic	NZTM01000019.1_2	-	lolD.aln	-	1.1e-39	132.5	0.1	1.6e-39	132.0	0.1	1.1	1	0	0	1	1	1	1	# 760 # 1503 # 1 # ID=16_2;partial=00;start_type=ATG;rbs_motif=4Base/6BMM;rbs_spacer=13-15bp;gc_cont=0.386
GCA_002703345.1_ASM270334v1_genomic	NZTM01000055.1_2	-	lolD.aln	-	1.2e-39	132.4	0.1	1.5e-39	132.1	0.1	1.1	1	0	0	1	1	1	1	# 85 # 1152 # -1 # ID=55_2;partial=00;start_type=ATG;rbs_motif=AGxAGG/AGGxGG;rbs_spacer=5-10bp;gc_cont=0.422
GCA_002703345.1_ASM270334v1_genomic	NZTM01000009.1_1	-	lolD.aln	-	1.4e-33	112.5	0.0	2e-33	112.0	0.0	1.1	1	0	0	1	1	1	1	# 1 # 795 # 1 # ID=6_1;partial=10;start_type=Edge;rbs_motif=None;rbs_spacer=None;gc_cont=0.411
GCA_002703345.1_ASM270334v1_genomic	NZTM01000012.1_19	-	lolD.aln	-	2e-33	112.0	0.1	2.6e-33	111.7	0.1	1.1	1	0	0	1	1	1	1	# 22691 # 23755 # 1 # ID=9_19;partial=00;start_type=ATG;rbs_motif=AGGAG;rbs_spacer=5-10bp;gc_cont=0.449
GCA_002703345.1_ASM270334v1_genomic	NZTM01000009.1_27	-	lolD.aln	-	2.8e-33	111.5	0.2	3.5e-33	111.2	0.2	1.1	1	0	0	1	1	1	1	# 27445 # 28344 # -1 # ID=6_27;partial=01;start_type=Edge;rbs_motif=None;rbs_spacer=None;gc_cont=0.431
GCA_002703345.1_ASM270334v1_genomic	NZTM01000014.1_31	-	lolD.aln	-	3.9e-32	107.8	0.0	5.2e-32	107.4	0.0	1.1	1	0	0	1	1	1	1	# 34456 # 35208 # -1 # ID=11_31;partial=00;start_type=ATG;rbs_motif=AGxAGG/AGGxGG;rbs_spacer=5-10bp;gc_cont=0.402
GCA_002703345.1_ASM270334v1_genomic	NZTM01000012.1_13	-	lolD.aln	-	8.1e-31	103.5	0.0	1.9e-30	102.3	0.0	1.5	2	0	0	2	2	1	1	# 14435 # 16186 # -1 # ID=9_13;partial=00;start_type=ATG;rbs_motif=GGA/GAG/AGG;rbs_spacer=5-10bp;gc_cont=0.396
GCA_002703345.1_ASM270334v1_genomic	NZTM01000014.1_8	-	lolD.aln	-	9.2e-31	103.3	0.0	1.3e-30	102.8	0.0	1.2	1	0	0	1	1	1	1	# 6089 # 7171 # -1 # ID=11_8;partial=00;start_type=ATG;rbs_motif=GGA/GAG/AGG;rbs_spacer=5-10bp;gc_cont=0.377
GCA_002703345.1_ASM270334v1_genomic	NZTM01000036.1_6	-	lolD.aln	-	3e-29	98.4	0.0	5.5e-29	97.5	0.0	1.4	1	0	0	1	1	1	1	# 6650 # 8440 # -1 # ID=33_6;partial=00;start_type=ATG;rbs_motif=GGAG/GAGG;rbs_spacer=5-10bp;gc_cont=0.429
GCA_002703345.1_ASM270334v1_genomic	NZTM01000004.1_5	-	lolD.aln	-	6.2e-29	97.3	0.1	9.9e-29	96.7	0.1	1.3	1	1	0	1	1	1	1	# 4338 # 5195 # -1 # ID=63_5;partial=00;start_type=ATG;rbs_motif=4Base/6BMM;rbs_spacer=13-15bp;gc_cont=0.413
GCA_002703345.1_ASM270334v1_genomic	NZTM01000017.1_25	-	lolD.aln	-	3.4e-27	91.6	0.1	1.1e-26	90.0	0.1	1.8	1	1	0	1	1	1	1	# 27679 # 28608 # 1 # ID=14_25;partial=00;start_type=ATG;rbs_motif=None;rbs_spacer=None;gc_cont=0.399
GCA_002703345.1_ASM270334v1_genomic	NZTM01000050.1_15	-	lolD.aln	-	2.5e-26	88.8	0.2	6.9e-26	87.4	0.2	1.7	1	1	0	1	1	1	1	# 14330 # 16168 # 1 # ID=47_15;partial=00;start_type=ATG;rbs_motif=None;rbs_spacer=None;gc_cont=0.400
GCA_002703345.1_ASM270334v1_genomic	NZTM01000050.1_14	-	lolD.aln	-	9.5e-25	83.7	0.2	1.6e-24	82.9	0.2	1.3	1	0	0	1	1	1	1	# 12498 # 14333 # 1 # ID=47_14;partial=00;start_type=ATG;rbs_motif=GGA/GAG/AGG;rbs_spacer=5-10bp;gc_cont=0.396
GCA_002703345.1_ASM270334v1_genomic	NZTM01000009.1_16	-	lolD.aln	-	1.7e-24	82.8	2.5	3.8e-09	32.6	0.0	4.2	4	0	0	4	4	4	4	# 14341 # 17202 # 1 # ID=6_16;partial=00;start_type=ATG;rbs_motif=GGAG/GAGG;rbs_spacer=5-10bp;gc_cont=0.415
GCA_002703345.1_ASM270334v1_genomic	NZTM01000024.1_1	-	lolD.aln	-	3.4e-23	78.6	0.1	7.1e-23	77.5	0.1	1.5	1	1	0	1	1	1	1	# 1 # 1587 # -1 # ID=21_1;partial=10;start_type=ATG;rbs_motif=None;rbs_spacer=None;gc_cont=0.406
GCA_002703345.1_ASM270334v1_genomic	NZTM01000014.1_20	-	lolD.aln	-	5.7e-22	74.6	0.3	9e-22	73.9	0.3	1.3	1	1	0	1	1	1	1	# 21260 # 22003 # 1 # ID=11_20;partial=00;start_type=GTG;rbs_motif=GGA/GAG/AGG;rbs_spacer=5-10bp;gc_cont=0.367
GCA_002703345.1_ASM270334v1_genomic	NZTM01000014.1_1	-	lolD.aln	-	1.3e-19	66.8	0.1	3e-19	65.7	0.1	1.5	1	1	0	1	1	1	1	# 3 # 887 # 1 # ID=11_1;partial=10;start_type=Edge;rbs_motif=None;rbs_spacer=None;gc_cont=0.399
GCA_002703345.1_ASM270334v1_genomic	NZTM01000026.1_13	-	lolD.aln	-	5.2e-18	61.6	0.3	1.9e-17	59.8	0.3	1.7	1	1	0	1	1	1	1	# 11445 # 12200 # -1 # ID=23_13;partial=00;start_type=ATG;rbs_motif=None;rbs_spacer=None;gc_cont=0.426
GCA_002703345.1_ASM270334v1_genomic	NZTM01000050.1_19	-	lolD.aln	-	1.5e-17	60.1	0.0	2.7e-17	59.3	0.0	1.3	1	1	0	1	1	1	1	# 18039 # 18728 # 1 # ID=47_19;partial=00;start_type=ATG;rbs_motif=None;rbs_spacer=None;gc_cont=0.346
GCA_002703345.1_ASM270334v1_genomic	NZTM01000052.1_1	-	lolD.aln	-	2.9e-17	59.1	0.1	1.7e-12	43.6	0.0	2.3	2	0	0	2	2	2	2	# 3 # 1007 # -1 # ID=51_1;partial=10;start_type=ATG;rbs_motif=None;rbs_spacer=None;gc_cont=0.410
GCA_002703345.1_ASM270334v1_genomic	NZTM01000014.1_21	-	lolD.aln	-	3.3e-16	55.7	0.0	4e-16	55.4	0.0	1.1	1	0	0	1	1	1	1	# 22003 # 22704 # 1 # ID=11_21;partial=00;start_type=ATG;rbs_motif=GGA/GAG/AGG;rbs_spacer=5-10bp;gc_cont=0.377
GCA_002703345.1_ASM270334v1_genomic	NZTM01000040.1_1	-	lolD.aln	-	7.5e-10	34.9	0.1	8.7e-10	34.7	0.1	1.1	1	0	0	1	1	1	1	# 2 # 286 # 1 # ID=37_1;partial=10;start_type=Edge;rbs_motif=None;rbs_spacer=None;gc_cont=0.418
GCA_002703345.1_ASM270334v1_genomic	NZTM01000017.1_17	-	lolD.aln	-	2e-09	33.5	0.0	2e-07	27.0	0.0	2.6	2	0	0	2	2	2	1	# 18123 # 21578 # 1 # ID=14_17;partial=00;start_type=TTG;rbs_motif=None;rbs_spacer=None;gc_cont=0.442
GCA_002703345.1_ASM270334v1_genomic	NZTM01000032.1_3	-	lolD.aln	-	0.00069	15.4	0.0	0.0012	14.6	0.0	1.3	1	0	0	1	1	1	1	# 1579 # 2862 # 1 # ID=29_3;partial=00;start_type=TTG;rbs_motif=GGA/GAG/AGG;rbs_spacer=5-10bp;gc_cont=0.401
GCA_002732975.1_ASM273297v1_genomic	NVTP01000007.1_27	-	lolD.aln	-	6.2e-61	202.4	0.2	7.1e-61	202.3	0.2	1.0	1	0	0	1	1	1	1	# 21027 # 21671 # 1 # ID=10_27;partial=00;start_type=ATG;rbs_motif=None;rbs_spacer=None;gc_cont=0.312
GCA_002732975.1_ASM273297v1_genomic	NVTP01000040.1_6	-	lolD.aln	-	3.6e-55	183.6	0.0	3.8e-55	183.5	0.0	1.0	1	0	0	1	1	1	1	# 5562 # 6233 # 1 # ID=48_6;partial=00;start_type=ATG;rbs_motif=GGAG/GAGG;rbs_spacer=5-10bp;gc_cont=0.333
GCA_002732975.1_ASM273297v1_genomic	NVTP01000041.1_9	-	lolD.aln	-	6.9e-43	143.4	0.3	5.3e-13	45.6	0.0	4.2	4	0	0	4	4	4	4	# 3912 # 5861 # 1 # ID=50_9;partial=00;start_type=ATG;rbs_motif=None;rbs_spacer=None;gc_cont=0.350
GCA_002732975.1_ASM273297v1_genomic	NVTP01000003.1_68	-	lolD.aln	-	1.4e-40	135.9	2.4	4.1e-10	36.2	0.0	4.7	3	2	2	5	5	5	4	# 64878 # 66710 # -1 # ID=59_68;partial=00;start_type=ATG;rbs_motif=None;rbs_spacer=None;gc_cont=0.342
GCA_002732975.1_ASM273297v1_genomic	NVTP01000007.1_51	-	lolD.aln	-	1.6e-30	103.0	0.1	2.5e-30	102.4	0.1	1.2	1	0	0	1	1	1	1	# 45275 # 46123 # 1 # ID=10_51;partial=00;start_type=ATG;rbs_motif=GGA/GAG/AGG;rbs_spacer=11-12bp;gc_cont=0.357
GCA_002732975.1_ASM273297v1_genomic	NVTP01000044.1_4	-	lolD.aln	-	7.2e-28	94.3	0.0	1.2e-27	93.5	0.0	1.3	1	0	0	1	1	1	1	# 7366 # 9465 # 1 # ID=53_4;partial=00;start_type=ATG;rbs_motif=GGAG/GAGG;rbs_spacer=5-10bp;gc_cont=0.364
GCA_002732975.1_ASM273297v1_genomic	NVTP01000031.1_2	-	lolD.aln	-	1.2e-27	93.6	0.4	2e-27	92.8	0.4	1.4	1	0	0	1	1	1	1	# 1040 # 2749 # -1 # ID=39_2;partial=00;start_type=TTG;rbs_motif=GGA/GAG/AGG;rbs_spacer=5-10bp;gc_cont=0.332
GCA_002732975.1_ASM273297v1_genomic	NVTP01000001.1_74	-	lolD.aln	-	1.3e-25	86.9	0.1	4.4e-13	45.9	0.1	2.5	2	0	0	2	2	2	2	# 69325 # 72813 # 1 # ID=49_74;partial=00;start_type=ATG;rbs_motif=GGA/GAG/AGG;rbs_spacer=5-10bp;gc_cont=0.349
GCA_002732975.1_ASM273297v1_genomic	NVTP01000011.1_14	-	lolD.aln	-	2.1e-25	86.2	0.3	3.5e-25	85.5	0.3	1.3	1	0	0	1	1	1	1	# 12672 # 14441 # 1 # ID=19_14;partial=00;start_type=ATG;rbs_motif=None;rbs_spacer=None;gc_cont=0.349
GCA_002732975.1_ASM273297v1_genomic	NVTP01000051.1_3	-	lolD.aln	-	2.7e-25	85.9	0.0	5.3e-25	84.9	0.0	1.4	1	0	0	1	1	1	1	# 4202 # 6370 # 1 # ID=4_3;partial=00;start_type=ATG;rbs_motif=GGA/GAG/AGG;rbs_spacer=5-10bp;gc_cont=0.353
GCA_002732975.1_ASM273297v1_genomic	NVTP01000055.1_5	-	lolD.aln	-	3.2e-24	82.4	0.0	4.7e-24	81.8	0.0	1.2	1	0	0	1	1	1	1	# 4238 # 5008 # 1 # ID=11_5;partial=00;start_type=TTG;rbs_motif=GGAG/GAGG;rbs_spacer=5-10bp;gc_cont=0.376
GCA_002732975.1_ASM273297v1_genomic	NVTP01000045.1_4	-	lolD.aln	-	3.7e-24	82.2	0.1	7.6e-07	25.5	0.0	4.2	4	0	0	4	4	4	4	# 3246 # 6074 # -1 # ID=54_4;partial=00;start_type=ATG;rbs_motif=GGAG/GAGG;rbs_spacer=5-10bp;gc_cont=0.355
GCA_002732975.1_ASM273297v1_genomic	NVTP01000019.1_16	-	lolD.aln	-	8.5e-24	81.0	0.3	1.7e-16	57.1	0.0	2.0	2	0	0	2	2	2	2	# 16426 # 16995 # 1 # ID=27_16;partial=00;start_type=TTG;rbs_motif=GGA/GAG/AGG;rbs_spacer=5-10bp;gc_cont=0.367
GCA_002732975.1_ASM273297v1_genomic	NVTP01000004.1_50	-	lolD.aln	-	1.6e-23	80.1	0.1	3.2e-06	23.5	0.0	4.2	4	0	0	4	4	4	4	# 46934 # 49765 # 1 # ID=3_50;partial=00;start_type=ATG;rbs_motif=GGAG/GAGG;rbs_spacer=5-10bp;gc_cont=0.352
GCA_002732975.1_ASM273297v1_genomic	NVTP01000054.1_2	-	lolD.aln	-	5.7e-06	22.7	0.1	5.7e-06	22.7	0.1	1.0	1	0	0	1	1	1	1	# 296 # 484 # -1 # ID=9_2;partial=00;start_type=ATG;rbs_motif=GGA/GAG/AGG;rbs_spacer=5-10bp;gc_cont=0.344
GCA_002732975.1_ASM273297v1_genomic	NVTP01000003.1_35	-	lolD.aln	-	0.0058	12.8	0.1	0.85	5.7	0.0	2.2	2	0	0	2	2	2	1	# 33260 # 34465 # 1 # ID=59_35;partial=00;start_type=ATG;rbs_motif=GGAG/GAGG;rbs_spacer=5-10bp;gc_cont=0.309
GCA_002753015.1_ASM275301v1_genomic	CP024504.1_3028	-	lolD.aln	-	9.9e-116	383.3	0.3	1.1e-115	383.1	0.3	1.0	1	0	0	1	1	1	1	# 3226879 # 3227580 # -1 # ID=1_3028;partial=00;start_type=ATG;rbs_motif=GGAG/GAGG;rbs_spacer=5-10bp;gc_cont=0.618
GCA_002753015.1_ASM275301v1_genomic	CP024504.1_2243	-	lolD.aln	-	4e-86	286.5	4.9	3.6e-44	149.2	0.5	2.1	2	0	0	2	2	2	2	# 2412629 # 2414245 # -1 # ID=1_2243;partial=00;start_type=ATG;rbs_motif=GGAG/GAGG;rbs_spacer=5-10bp;gc_cont=0.641
GCA_002753015.1_ASM275301v1_genomic	CP024504.1_1478	-	lolD.aln	-	1.1e-77	258.9	6.3	7.8e-41	138.3	0.5	2.0	2	0	0	2	2	2	2	# 1581808 # 1583397 # -1 # ID=1_1478;partial=00;start_type=ATG;rbs_motif=GGA/GAG/AGG;rbs_spacer=5-10bp;gc_cont=0.636
GCA_002753015.1_ASM275301v1_genomic	CP024504.1_3280	-	lolD.aln	-	9e-77	255.9	2.0	7.3e-39	131.9	0.0	2.1	2	0	0	2	2	2	2	# 3504837 # 3506696 # -1 # ID=1_3280;partial=00;start_type=GTG;rbs_motif=GGAG/GAGG;rbs_spacer=5-10bp;gc_cont=0.642
GCA_002753015.1_ASM275301v1_genomic	CP024508.1_82	-	lolD.aln	-	5.3e-74	246.8	3.1	7.4e-37	125.3	1.0	2.1	2	0	0	2	2	2	2	# 83474 # 85207 # -1 # ID=3_82;partial=00;start_type=ATG;rbs_motif=AGGA;rbs_spacer=5-10bp;gc_cont=0.606
GCA_002753015.1_ASM275301v1_genomic	CP024504.1_3228	-	lolD.aln	-	4.7e-72	240.4	0.2	6.8e-72	239.9	0.2	1.2	1	0	0	1	1	1	1	# 3448698 # 3450638 # -1 # ID=1_3228;partial=00;start_type=ATG;rbs_motif=GGA/GAG/AGG;rbs_spacer=11-12bp;gc_cont=0.603
GCA_002753015.1_ASM275301v1_genomic	CP024504.1_3914	-	lolD.aln	-	1.9e-61	205.7	0.3	2.5e-61	205.4	0.3	1.1	1	0	0	1	1	1	1	# 4205625 # 4206656 # 1 # ID=1_3914;partial=00;start_type=ATG;rbs_motif=None;rbs_spacer=None;gc_cont=0.561
GCA_002753015.1_ASM275301v1_genomic	CP024504.1_278	-	lolD.aln	-	5.6e-61	204.2	0.0	6.2e-61	204.1	0.0	1.0	1	0	0	1	1	1	1	# 307817 # 308485 # 1 # ID=1_278;partial=00;start_type=ATG;rbs_motif=GGAG/GAGG;rbs_spacer=5-10bp;gc_cont=0.593
GCA_002753015.1_ASM275301v1_genomic	CP024504.1_3305	-	lolD.aln	-	5e-59	197.8	0.3	5.5e-59	197.7	0.3	1.0	1	0	0	1	1	1	1	# 3535385 # 3536107 # 1 # ID=1_3305;partial=00;start_type=GTG;rbs_motif=AGGA;rbs_spacer=5-10bp;gc_cont=0.573
GCA_002753015.1_ASM275301v1_genomic	CP024504.1_2654	-	lolD.aln	-	6.9e-57	190.8	0.2	1.2e-56	190.0	0.2	1.4	1	0	0	1	1	1	1	# 2842396 # 2843421 # -1 # ID=1_2654;partial=00;start_type=ATG;rbs_motif=None;rbs_spacer=None;gc_cont=0.549
GCA_002753015.1_ASM275301v1_genomic	CP024504.1_3836	-	lolD.aln	-	6.2e-56	187.7	0.5	8.3e-56	187.3	0.5	1.0	1	0	0	1	1	1	1	# 4116020 # 4116838 # 1 # ID=1_3836;partial=00;start_type=ATG;rbs_motif=AGxAG;rbs_spacer=5-10bp;gc_cont=0.637
GCA_002753015.1_ASM275301v1_genomic	CP024504.1_2347	-	lolD.aln	-	3.9e-55	185.1	0.1	4.5e-55	184.9	0.1	1.0	1	0	0	1	1	1	1	# 2522118 # 2522855 # 1 # ID=1_2347;partial=00;start_type=ATG;rbs_motif=GGAG/GAGG;rbs_spacer=5-10bp;gc_cont=0.596
GCA_002753015.1_ASM275301v1_genomic	CP024504.1_4224	-	lolD.aln	-	7.7e-55	184.1	0.0	7e-29	99.2	0.0	2.2	2	0	0	2	2	2	2	# 4558768 # 4561512 # 1 # ID=1_4224;partial=00;start_type=ATG;rbs_motif=GGAG/GAGG;rbs_spacer=5-10bp;gc_cont=0.619
GCA_002753015.1_ASM275301v1_genomic	CP024504.1_1693	-	lolD.aln	-	5.9e-53	178.0	0.2	7.4e-53	177.6	0.2	1.0	1	0	0	1	1	1	1	# 1826909 # 1827661 # 1 # ID=1_1693;partial=00;start_type=ATG;rbs_motif=AGGAG/GGAGG;rbs_spacer=11-12bp;gc_cont=0.584
GCA_002753015.1_ASM275301v1_genomic	CP024504.1_956	-	lolD.aln	-	8.5e-53	177.4	0.0	1e-52	177.2	0.0	1.1	1	0	0	1	1	1	1	# 1003374 # 1004396 # 1 # ID=1_956;partial=00;start_type=ATG;rbs_motif=AGGAG;rbs_spacer=5-10bp;gc_cont=0.673
GCA_002753015.1_ASM275301v1_genomic	CP024504.1_2008	-	lolD.aln	-	2.9e-52	175.7	0.1	3.2e-52	175.5	0.1	1.0	1	0	0	1	1	1	1	# 2176160 # 2176882 # 1 # ID=1_2008;partial=00;start_type=GTG;rbs_motif=GGAG/GAGG;rbs_spacer=5-10bp;gc_cont=0.617
GCA_002753015.1_ASM275301v1_genomic	CP024504.1_2439	-	lolD.aln	-	2e-51	173.0	0.2	2.2e-51	172.8	0.2	1.0	1	0	0	1	1	1	1	# 2619850 # 2620641 # 1 # ID=1_2439;partial=00;start_type=ATG;rbs_motif=GGxGG;rbs_spacer=5-10bp;gc_cont=0.628
GCA_002753015.1_ASM275301v1_genomic	CP024504.1_4333	-	lolD.aln	-	2.2e-51	172.8	0.0	8.2e-32	108.8	0.1	2.3	2	1	0	2	2	2	2	# 4693384 # 4694886 # -1 # ID=1_4333;partial=00;start_type=ATG;rbs_motif=GGA/GAG/AGG;rbs_spacer=11-12bp;gc_cont=0.613
GCA_002753015.1_ASM275301v1_genomic	CP024504.1_3556	-	lolD.aln	-	4.3e-51	171.8	0.9	5.4e-51	171.5	0.9	1.0	1	0	0	1	1	1	1	# 3812549 # 3813310 # -1 # ID=1_3556;partial=00;start_type=ATG;rbs_motif=GGAG/GAGG;rbs_spacer=5-10bp;gc_cont=0.591
GCA_002753015.1_ASM275301v1_genomic	CP024504.1_1330	-	lolD.aln	-	5.7e-51	171.4	0.5	8.2e-51	170.9	0.5	1.2	1	0	0	1	1	1	1	# 1413471 # 1414565 # 1 # ID=1_1330;partial=00;start_type=ATG;rbs_motif=AGGAG;rbs_spacer=5-10bp;gc_cont=0.622
GCA_002753015.1_ASM275301v1_genomic	CP024504.1_2019	-	lolD.aln	-	1.7e-50	169.9	0.0	2.2e-50	169.5	0.0	1.1	1	0	0	1	1	1	1	# 2190074 # 2191144 # 1 # ID=1_2019;partial=00;start_type=ATG;rbs_motif=GGAG/GAGG;rbs_spacer=5-10bp;gc_cont=0.638
GCA_002753015.1_ASM275301v1_genomic	CP024504.1_3450	-	lolD.aln	-	2.6e-50	169.3	0.6	2.9e-50	169.1	0.6	1.0	1	0	0	1	1	1	1	# 3692776 # 3693501 # 1 # ID=1_3450;partial=00;start_type=ATG;rbs_motif=AGGA;rbs_spacer=5-10bp;gc_cont=0.544
GCA_002753015.1_ASM275301v1_genomic	CP024504.1_4463	-	lolD.aln	-	3.2e-50	169.0	1.4	9.7e-30	102.0	0.2	2.1	2	0	0	2	2	2	2	# 4828132 # 4829652 # 1 # ID=1_4463;partial=00;start_type=ATG;rbs_motif=AGGAG;rbs_spacer=5-10bp;gc_cont=0.636
GCA_002753015.1_ASM275301v1_genomic	CP024504.1_3631	-	lolD.aln	-	4.5e-50	168.5	1.0	2.2e-24	84.5	0.0	2.6	2	1	0	2	2	2	2	# 3897318 # 3898802 # -1 # ID=1_3631;partial=00;start_type=ATG;rbs_motif=GGAGG;rbs_spacer=5-10bp;gc_cont=0.565
GCA_002753015.1_ASM275301v1_genomic	CP024504.1_1397	-	lolD.aln	-	4.7e-50	168.5	1.3	5.5e-50	168.2	1.3	1.1	1	0	0	1	1	1	1	# 1486001 # 1486774 # 1 # ID=1_1397;partial=00;start_type=ATG;rbs_motif=GGA/GAG/AGG;rbs_spacer=5-10bp;gc_cont=0.544
GCA_002753015.1_ASM275301v1_genomic	CP024507.1_129	-	lolD.aln	-	1.7e-49	166.6	0.0	2.2e-49	166.3	0.0	1.1	1	0	0	1	1	1	1	# 131716 # 132534 # -1 # ID=2_129;partial=00;start_type=ATG;rbs_motif=GGAG/GAGG;rbs_spacer=5-10bp;gc_cont=0.532
GCA_002753015.1_ASM275301v1_genomic	CP024504.1_4766	-	lolD.aln	-	7.2e-49	164.6	1.4	4.8e-26	89.9	0.0	2.9	2	1	0	2	2	2	2	# 5184939 # 5186444 # -1 # ID=1_4766;partial=00;start_type=ATG;rbs_motif=GGAG/GAGG;rbs_spacer=5-10bp;gc_cont=0.576
GCA_002753015.1_ASM275301v1_genomic	CP024504.1_1121	-	lolD.aln	-	8.1e-49	164.4	0.2	1.2e-48	163.9	0.2	1.2	1	0	0	1	1	1	1	# 1179076 # 1180596 # -1 # ID=1_1121;partial=00;start_type=ATG;rbs_motif=AGGAG;rbs_spacer=5-10bp;gc_cont=0.616
GCA_002753015.1_ASM275301v1_genomic	CP024504.1_3322	-	lolD.aln	-	1.5e-48	163.6	0.0	1.6e-25	88.3	0.0	2.1	2	0	0	2	2	2	2	# 3553339 # 3555078 # 1 # ID=1_3322;partial=00;start_type=ATG;rbs_motif=GGA/GAG/AGG;rbs_spacer=5-10bp;gc_cont=0.612
GCA_002753015.1_ASM275301v1_genomic	CP024504.1_3532	-	lolD.aln	-	1.5e-47	160.2	1.8	9.1e-27	92.3	0.5	3.0	3	0	0	3	3	3	3	# 3783956 # 3785482 # 1 # ID=1_3532;partial=00;start_type=ATG;rbs_motif=AGGAG;rbs_spacer=5-10bp;gc_cont=0.560
GCA_002753015.1_ASM275301v1_genomic	CP024504.1_4277	-	lolD.aln	-	2.3e-47	159.7	0.1	2.8e-47	159.4	0.1	1.1	1	0	0	1	1	1	1	# 4627896 # 4628966 # 1 # ID=1_4277;partial=00;start_type=ATG;rbs_motif=GGA/GAG/AGG;rbs_spacer=11-12bp;gc_cont=0.623
GCA_002753015.1_ASM275301v1_genomic	CP024504.1_4220	-	lolD.aln	-	2.4e-47	159.6	0.3	7.3e-24	82.8	0.0	2.4	2	1	0	2	2	2	2	# 4553367 # 4554851 # -1 # ID=1_4220;partial=00;start_type=ATG;rbs_motif=GGA/GAG/AGG;rbs_spacer=5-10bp;gc_cont=0.576
GCA_002753015.1_ASM275301v1_genomic	CP024504.1_3009	-	lolD.aln	-	3.2e-47	159.2	0.7	4.4e-47	158.7	0.7	1.2	1	0	0	1	1	1	1	# 3206159 # 3207295 # 1 # ID=1_3009;partial=00;start_type=ATG;rbs_motif=None;rbs_spacer=None;gc_cont=0.558
GCA_002753015.1_ASM275301v1_genomic	CP024504.1_178	-	lolD.aln	-	3.4e-47	159.1	1.1	9e-28	95.6	0.6	3.0	3	0	0	3	3	3	3	# 185303 # 186844 # -1 # ID=1_178;partial=00;start_type=ATG;rbs_motif=GGAG/GAGG;rbs_spacer=5-10bp;gc_cont=0.575
GCA_002753015.1_ASM275301v1_genomic	CP024504.1_2171	-	lolD.aln	-	1.7e-46	156.8	0.0	2.3e-46	156.4	0.0	1.2	1	0	0	1	1	1	1	# 2338464 # 2339477 # 1 # ID=1_2171;partial=00;start_type=ATG;rbs_motif=GGAGG;rbs_spacer=5-10bp;gc_cont=0.638
GCA_002753015.1_ASM275301v1_genomic	CP024504.1_1557	-	lolD.aln	-	5.3e-46	155.2	0.1	6.6e-46	154.9	0.1	1.1	1	0	0	1	1	1	1	# 1673783 # 1674571 # 1 # ID=1_1557;partial=00;start_type=ATG;rbs_motif=AGGAG;rbs_spacer=5-10bp;gc_cont=0.587
GCA_002753015.1_ASM275301v1_genomic	CP024504.1_1088	-	lolD.aln	-	6.2e-46	155.0	0.8	9.2e-46	154.4	0.8	1.2	1	0	0	1	1	1	1	# 1145496 # 1146698 # -1 # ID=1_1088;partial=00;start_type=ATG;rbs_motif=4Base/6BMM;rbs_spacer=13-15bp;gc_cont=0.541
GCA_002753015.1_ASM275301v1_genomic	CP024504.1_1505	-	lolD.aln	-	6.6e-46	154.9	0.1	3.3e-23	80.6	0.0	2.9	2	1	0	2	2	2	2	# 1614221 # 1615741 # 1 # ID=1_1505;partial=00;start_type=ATG;rbs_motif=GGA/GAG/AGG;rbs_spacer=5-10bp;gc_cont=0.508
GCA_002753015.1_ASM275301v1_genomic	CP024504.1_3244	-	lolD.aln	-	2.8e-45	152.8	0.0	3.5e-45	152.5	0.0	1.0	1	0	0	1	1	1	1	# 3468185 # 3468913 # 1 # ID=1_3244;partial=00;start_type=ATG;rbs_motif=None;rbs_spacer=None;gc_cont=0.593
GCA_002753015.1_ASM275301v1_genomic	CP024504.1_2214	-	lolD.aln	-	4.5e-45	152.2	0.0	5.6e-45	151.9	0.0	1.1	1	0	0	1	1	1	1	# 2378966 # 2379667 # 1 # ID=1_2214;partial=00;start_type=ATG;rbs_motif=GGAGG;rbs_spacer=5-10bp;gc_cont=0.655
GCA_002753015.1_ASM275301v1_genomic	CP024504.1_1884	-	lolD.aln	-	5.8e-45	151.8	1.4	2.5e-44	149.7	1.4	1.9	1	1	0	1	1	1	1	# 2034719 # 2035507 # 1 # ID=1_1884;partial=00;start_type=ATG;rbs_motif=AGGAG;rbs_spacer=5-10bp;gc_cont=0.619
GCA_002753015.1_ASM275301v1_genomic	CP024504.1_2201	-	lolD.aln	-	8.1e-45	151.3	0.0	1.1e-44	151.0	0.0	1.1	1	0	0	1	1	1	1	# 2368328 # 2369107 # 1 # ID=1_2201;partial=00;start_type=ATG;rbs_motif=AGGAG;rbs_spacer=5-10bp;gc_cont=0.603
GCA_002753015.1_ASM275301v1_genomic	CP024504.1_3255	-	lolD.aln	-	3.1e-44	149.4	0.2	4.5e-44	148.9	0.2	1.2	1	0	0	1	1	1	1	# 3477843 # 3479009 # -1 # ID=1_3255;partial=00;start_type=ATG;rbs_motif=GGA/GAG/AGG;rbs_spacer=3-4bp;gc_cont=0.592
GCA_002753015.1_ASM275301v1_genomic	CP024504.1_4713	-	lolD.aln	-	6.4e-44	148.4	0.0	4.5e-23	80.2	0.0	3.1	3	0	0	3	3	3	3	# 5127214 # 5128725 # 1 # ID=1_4713;partial=00;start_type=ATG;rbs_motif=GGAG/GAGG;rbs_spacer=5-10bp;gc_cont=0.600
GCA_002753015.1_ASM275301v1_genomic	CP024504.1_587	-	lolD.aln	-	1.5e-43	147.2	0.6	1.5e-22	78.5	0.1	2.8	2	1	0	2	2	2	2	# 615588 # 617075 # 1 # ID=1_587;partial=00;start_type=ATG;rbs_motif=GGAG/GAGG;rbs_spacer=5-10bp;gc_cont=0.633
GCA_002753015.1_ASM275301v1_genomic	CP024504.1_4456	-	lolD.aln	-	3e-43	146.2	0.1	3.4e-43	146.0	0.1	1.0	1	0	0	1	1	1	1	# 4821205 # 4821963 # 1 # ID=1_4456;partial=00;start_type=ATG;rbs_motif=GGAG/GAGG;rbs_spacer=5-10bp;gc_cont=0.635
GCA_002753015.1_ASM275301v1_genomic	CP024504.1_1710	-	lolD.aln	-	6.4e-43	145.1	0.2	6.6e-27	92.7	0.0	3.1	3	0	0	3	3	3	3	# 1844270 # 1845784 # 1 # ID=1_1710;partial=00;start_type=ATG;rbs_motif=GGAG/GAGG;rbs_spacer=5-10bp;gc_cont=0.583
GCA_002753015.1_ASM275301v1_genomic	CP024504.1_3291	-	lolD.aln	-	9.3e-43	144.6	0.4	3.1e-11	41.5	0.0	4.2	3	1	1	4	4	4	4	# 3520975 # 3522567 # -1 # ID=1_3291;partial=00;start_type=GTG;rbs_motif=AGGA;rbs_spacer=5-10bp;gc_cont=0.571
GCA_002753015.1_ASM275301v1_genomic	CP024504.1_211	-	lolD.aln	-	1.4e-42	144.0	0.0	1.8e-42	143.7	0.0	1.1	1	0	0	1	1	1	1	# 223761 # 224774 # 1 # ID=1_211;partial=00;start_type=ATG;rbs_motif=GGAGG;rbs_spacer=5-10bp;gc_cont=0.598
GCA_002753015.1_ASM275301v1_genomic	CP024504.1_3553	-	lolD.aln	-	1.6e-42	143.8	0.2	1.9e-42	143.6	0.2	1.0	1	0	0	1	1	1	1	# 3808767 # 3809471 # 1 # ID=1_3553;partial=00;start_type=ATG;rbs_motif=GGAG/GAGG;rbs_spacer=5-10bp;gc_cont=0.633
GCA_002753015.1_ASM275301v1_genomic	CP024504.1_1786	-	lolD.aln	-	2.3e-42	143.3	0.1	3.9e-42	142.5	0.1	1.3	1	0	0	1	1	1	1	# 1923909 # 1925003 # 1 # ID=1_1786;partial=00;start_type=ATG;rbs_motif=AGGAG;rbs_spacer=5-10bp;gc_cont=0.588
GCA_002753015.1_ASM275301v1_genomic	CP024504.1_3707	-	lolD.aln	-	3.5e-42	142.7	0.6	4.9e-42	142.2	0.6	1.2	1	0	0	1	1	1	1	# 3984909 # 3986018 # 1 # ID=1_3707;partial=00;start_type=ATG;rbs_motif=GGA/GAG/AGG;rbs_spacer=5-10bp;gc_cont=0.579
GCA_002753015.1_ASM275301v1_genomic	CP024504.1_3174	-	lolD.aln	-	4.1e-42	142.5	0.3	1.3e-41	140.9	0.3	1.6	1	1	0	1	1	1	1	# 3376127 # 3376900 # 1 # ID=1_3174;partial=00;start_type=ATG;rbs_motif=AGGAG;rbs_spacer=5-10bp;gc_cont=0.637
GCA_002753015.1_ASM275301v1_genomic	CP024504.1_1909	-	lolD.aln	-	5.9e-42	142.0	0.5	7.2e-42	141.7	0.5	1.0	1	0	0	1	1	1	1	# 2071966 # 2072979 # 1 # ID=1_1909;partial=00;start_type=ATG;rbs_motif=AGGAG;rbs_spacer=5-10bp;gc_cont=0.584
GCA_002753015.1_ASM275301v1_genomic	CP024504.1_4126	-	lolD.aln	-	6.7e-42	141.8	0.1	2.8e-12	44.9	0.0	4.3	4	0	0	4	4	4	4	# 4452926 # 4454593 # 1 # ID=1_4126;partial=00;start_type=GTG;rbs_motif=AGGA/GGAG/GAGG;rbs_spacer=11-12bp;gc_cont=0.583
GCA_002753015.1_ASM275301v1_genomic	CP024504.1_296	-	lolD.aln	-	7.2e-42	141.7	0.1	9.5e-42	141.3	0.1	1.1	1	0	0	1	1	1	1	# 326846 # 327916 # 1 # ID=1_296;partial=00;start_type=ATG;rbs_motif=GGA/GAG/AGG;rbs_spacer=5-10bp;gc_cont=0.611
GCA_002753015.1_ASM275301v1_genomic	CP024504.1_3565	-	lolD.aln	-	9.5e-42	141.3	0.1	1.1e-41	141.1	0.1	1.1	1	0	0	1	1	1	1	# 3822062 # 3823099 # -1 # ID=1_3565;partial=00;start_type=ATG;rbs_motif=AGGAG;rbs_spacer=5-10bp;gc_cont=0.649
GCA_002753015.1_ASM275301v1_genomic	CP024504.1_4528	-	lolD.aln	-	1.1e-41	141.1	0.2	1.5e-41	140.6	0.2	1.2	1	0	0	1	1	1	1	# 4901161 # 4902270 # -1 # ID=1_4528;partial=00;start_type=ATG;rbs_motif=GGAG/GAGG;rbs_spacer=5-10bp;gc_cont=0.573
GCA_002753015.1_ASM275301v1_genomic	CP024504.1_253	-	lolD.aln	-	1.3e-41	140.9	0.2	1.5e-41	140.6	0.2	1.1	1	0	0	1	1	1	1	# 283072 # 283863 # -1 # ID=1_253;partial=00;start_type=ATG;rbs_motif=GGAG/GAGG;rbs_spacer=5-10bp;gc_cont=0.646
GCA_002753015.1_ASM275301v1_genomic	CP024504.1_4495	-	lolD.aln	-	2.1e-41	140.2	0.2	2.7e-41	139.8	0.2	1.1	1	0	0	1	1	1	1	# 4863465 # 4864526 # -1 # ID=1_4495;partial=00;start_type=ATG;rbs_motif=None;rbs_spacer=None;gc_cont=0.561
GCA_002753015.1_ASM275301v1_genomic	CP024504.1_3845	-	lolD.aln	-	3.8e-41	139.3	0.1	5.1e-41	138.9	0.1	1.1	1	0	0	1	1	1	1	# 4125913 # 4126755 # 1 # ID=1_3845;partial=00;start_type=ATG;rbs_motif=GGA/GAG/AGG;rbs_spacer=5-10bp;gc_cont=0.606
GCA_002753015.1_ASM275301v1_genomic	CP024504.1_210	-	lolD.aln	-	5.2e-40	135.6	0.3	6.2e-40	135.4	0.3	1.0	1	0	0	1	1	1	1	# 222781 # 223764 # 1 # ID=1_210;partial=00;start_type=ATG;rbs_motif=GGAG/GAGG;rbs_spacer=5-10bp;gc_cont=0.600
GCA_002753015.1_ASM275301v1_genomic	CP024504.1_3822	-	lolD.aln	-	5.4e-40	135.6	0.3	1.5e-39	134.1	0.3	1.5	1	1	0	1	1	1	1	# 4101347 # 4102114 # -1 # ID=1_3822;partial=00;start_type=ATG;rbs_motif=AGGAG;rbs_spacer=5-10bp;gc_cont=0.629
GCA_002753015.1_ASM275301v1_genomic	CP024504.1_4457	-	lolD.aln	-	1e-39	134.6	0.0	1.2e-39	134.4	0.0	1.0	1	0	0	1	1	1	1	# 4822071 # 4822751 # 1 # ID=1_4457;partial=00;start_type=ATG;rbs_motif=GGA/GAG/AGG;rbs_spacer=5-10bp;gc_cont=0.630
GCA_002753015.1_ASM275301v1_genomic	CP024504.1_1999	-	lolD.aln	-	3.1e-39	133.1	0.0	4.4e-38	129.3	0.0	1.9	1	1	0	1	1	1	1	# 2165911 # 2166684 # 1 # ID=1_1999;partial=00;start_type=ATG;rbs_motif=AGGAG;rbs_spacer=5-10bp;gc_cont=0.655
GCA_002753015.1_ASM275301v1_genomic	CP024504.1_3165	-	lolD.aln	-	3.7e-39	132.8	0.1	4.6e-11	40.9	0.0	4.2	3	1	1	4	4	4	4	# 3365453 # 3367360 # -1 # ID=1_3165;partial=00;start_type=ATG;rbs_motif=AGGA;rbs_spacer=5-10bp;gc_cont=0.577
GCA_002753015.1_ASM275301v1_genomic	CP024504.1_3489	-	lolD.aln	-	7.1e-39	131.9	0.0	1.1e-21	75.7	0.0	2.2	2	0	0	2	2	2	2	# 3733261 # 3734811 # 1 # ID=1_3489;partial=00;start_type=GTG;rbs_motif=GGA/GAG/AGG;rbs_spacer=5-10bp;gc_cont=0.658
GCA_002753015.1_ASM275301v1_genomic	CP024504.1_2054	-	lolD.aln	-	7.8e-39	131.8	0.0	1.2e-38	131.2	0.0	1.2	1	0	0	1	1	1	1	# 2223926 # 2224756 # -1 # ID=1_2054;partial=00;start_type=ATG;rbs_motif=GGAG/GAGG;rbs_spacer=5-10bp;gc_cont=0.638
GCA_002753015.1_ASM275301v1_genomic	CP024504.1_1910	-	lolD.aln	-	3.6e-38	129.6	0.0	4.5e-38	129.3	0.0	1.1	1	0	0	1	1	1	1	# 2072976 # 2073980 # 1 # ID=1_1910;partial=00;start_type=ATG;rbs_motif=GGA/GAG/AGG;rbs_spacer=5-10bp;gc_cont=0.573
GCA_002753015.1_ASM275301v1_genomic	CP024504.1_369	-	lolD.aln	-	8.3e-38	128.4	1.0	1.6e-15	55.5	0.0	4.2	2	2	1	3	3	3	3	# 410584 # 412488 # -1 # ID=1_369;partial=00;start_type=ATG;rbs_motif=None;rbs_spacer=None;gc_cont=0.596
GCA_002753015.1_ASM275301v1_genomic	CP024504.1_2075	-	lolD.aln	-	8.3e-38	128.4	0.3	1e-37	128.1	0.3	1.1	1	0	0	1	1	1	1	# 2246433 # 2247413 # -1 # ID=1_2075;partial=00;start_type=ATG;rbs_motif=GGAG/GAGG;rbs_spacer=5-10bp;gc_cont=0.661
GCA_002753015.1_ASM275301v1_genomic	CP024504.1_2250	-	lolD.aln	-	1.4e-37	127.7	1.0	7.7e-22	76.2	0.5	4.3	3	1	0	3	3	3	3	# 2420868 # 2422583 # -1 # ID=1_2250;partial=00;start_type=ATG;rbs_motif=GGA/GAG/AGG;rbs_spacer=5-10bp;gc_cont=0.644
GCA_002753015.1_ASM275301v1_genomic	CP024504.1_47	-	lolD.aln	-	2.2e-37	127.0	0.1	3.3e-37	126.5	0.1	1.2	1	0	0	1	1	1	1	# 47077 # 48189 # 1 # ID=1_47;partial=00;start_type=ATG;rbs_motif=GGA/GAG/AGG;rbs_spacer=5-10bp;gc_cont=0.615
GCA_002753015.1_ASM275301v1_genomic	CP024504.1_859	-	lolD.aln	-	3.1e-37	126.5	0.1	4.4e-37	126.0	0.1	1.1	1	0	0	1	1	1	1	# 900722 # 901849 # -1 # ID=1_859;partial=00;start_type=ATG;rbs_motif=GGAG/GAGG;rbs_spacer=5-10bp;gc_cont=0.557
GCA_002753015.1_ASM275301v1_genomic	CP024504.1_488	-	lolD.aln	-	1.6e-36	124.2	0.0	2.1e-36	123.8	0.0	1.0	1	0	0	1	1	1	1	# 521609 # 522421 # 1 # ID=1_488;partial=00;start_type=ATG;rbs_motif=AGGA;rbs_spacer=5-10bp;gc_cont=0.572
GCA_002753015.1_ASM275301v1_genomic	CP024504.1_3508	-	lolD.aln	-	2.3e-36	123.7	0.1	1.7e-21	75.0	0.5	3.1	3	0	0	3	3	3	3	# 3755934 # 3757436 # -1 # ID=1_3508;partial=00;start_type=ATG;rbs_motif=GGAG/GAGG;rbs_spacer=5-10bp;gc_cont=0.627
GCA_002753015.1_ASM275301v1_genomic	CP024504.1_1525	-	lolD.aln	-	1.3e-35	121.3	0.0	1.7e-35	120.8	0.0	1.1	1	0	0	1	1	1	1	# 1638838 # 1639785 # 1 # ID=1_1525;partial=00;start_type=ATG;rbs_motif=AGGAG;rbs_spacer=5-10bp;gc_cont=0.659
GCA_002753015.1_ASM275301v1_genomic	CP024504.1_3564	-	lolD.aln	-	9.1e-35	118.5	0.1	1.1e-34	118.1	0.1	1.1	1	0	0	1	1	1	1	# 3821062 # 3822072 # -1 # ID=1_3564;partial=00;start_type=ATG;rbs_motif=AGGAG;rbs_spacer=5-10bp;gc_cont=0.673
GCA_002753015.1_ASM275301v1_genomic	CP024504.1_3665	-	lolD.aln	-	2.7e-34	116.9	0.0	3.7e-34	116.5	0.0	1.1	1	0	0	1	1	1	1	# 3937662 # 3938339 # -1 # ID=1_3665;partial=00;start_type=ATG;rbs_motif=AGGA;rbs_spacer=5-10bp;gc_cont=0.525
GCA_002753015.1_ASM275301v1_genomic	CP024504.1_1556	-	lolD.aln	-	8.4e-34	115.3	0.1	1.1e-33	114.9	0.1	1.1	1	0	0	1	1	1	1	# 1672909 # 1673772 # 1 # ID=1_1556;partial=00;start_type=GTG;rbs_motif=AGGAG;rbs_spacer=5-10bp;gc_cont=0.600
GCA_002753015.1_ASM275301v1_genomic	CP024504.1_696	-	lolD.aln	-	1e-33	115.0	0.2	1.3e-33	114.7	0.2	1.1	1	0	0	1	1	1	1	# 729316 # 730125 # -1 # ID=1_696;partial=00;start_type=ATG;rbs_motif=GGAG/GAGG;rbs_spacer=5-10bp;gc_cont=0.607
GCA_002753015.1_ASM275301v1_genomic	CP024504.1_3376	-	lolD.aln	-	2.4e-33	113.8	0.0	5.8e-17	60.2	0.0	3.3	3	0	0	3	3	3	3	# 3610544 # 3612016 # 1 # ID=1_3376;partial=00;start_type=ATG;rbs_motif=GGA/GAG/AGG;rbs_spacer=5-10bp;gc_cont=0.616
GCA_002753015.1_ASM275301v1_genomic	CP024504.1_4062	-	lolD.aln	-	2.6e-33	113.7	0.1	3.7e-33	113.2	0.1	1.1	1	0	0	1	1	1	1	# 4377416 # 4378117 # 1 # ID=1_4062;partial=00;start_type=ATG;rbs_motif=None;rbs_spacer=None;gc_cont=0.648
GCA_002753015.1_ASM275301v1_genomic	CP024504.1_3832	-	lolD.aln	-	3.2e-33	113.4	1.2	2.4e-32	110.5	1.2	1.9	1	1	0	1	1	1	1	# 4113117 # 4113899 # 1 # ID=1_3832;partial=00;start_type=ATG;rbs_motif=AGGAG;rbs_spacer=5-10bp;gc_cont=0.602
GCA_002753015.1_ASM275301v1_genomic	CP024504.1_289	-	lolD.aln	-	4e-33	113.1	1.0	4.1e-32	109.8	1.0	1.9	1	1	0	1	1	1	1	# 321187 # 321954 # 1 # ID=1_289;partial=00;start_type=ATG;rbs_motif=AGGAG;rbs_spacer=5-10bp;gc_cont=0.608
GCA_002753015.1_ASM275301v1_genomic	CP024504.1_1952	-	lolD.aln	-	4.8e-33	112.8	0.6	7.7e-33	112.1	0.6	1.2	1	1	0	1	1	1	1	# 2116723 # 2117484 # -1 # ID=1_1952;partial=00;start_type=ATG;rbs_motif=AGGA;rbs_spacer=5-10bp;gc_cont=0.601
GCA_002753015.1_ASM275301v1_genomic	CP024504.1_2805	-	lolD.aln	-	1.6e-32	111.1	0.1	2.2e-32	110.6	0.1	1.2	1	0	0	1	1	1	1	# 2998512 # 2999321 # 1 # ID=1_2805;partial=00;start_type=ATG;rbs_motif=GGAG/GAGG;rbs_spacer=5-10bp;gc_cont=0.599
GCA_002753015.1_ASM275301v1_genomic	CP024504.1_2074	-	lolD.aln	-	5e-32	109.5	0.0	6.1e-32	109.2	0.0	1.1	1	0	0	1	1	1	1	# 2245465 # 2246436 # -1 # ID=1_2074;partial=00;start_type=ATG;rbs_motif=GGAGG;rbs_spacer=5-10bp;gc_cont=0.626
GCA_002753015.1_ASM275301v1_genomic	CP024504.1_3222	-	lolD.aln	-	1.6e-31	107.8	0.3	2.6e-31	107.1	0.3	1.3	1	0	0	1	1	1	1	# 3442277 # 3443998 # 1 # ID=1_3222;partial=00;start_type=ATG;rbs_motif=AGGAG;rbs_spacer=5-10bp;gc_cont=0.624
GCA_002753015.1_ASM275301v1_genomic	CP024504.1_122	-	lolD.aln	-	1.6e-31	107.8	0.0	2.2e-31	107.4	0.0	1.2	1	0	0	1	1	1	1	# 128619 # 129536 # 1 # ID=1_122;partial=00;start_type=ATG;rbs_motif=GGAG/GAGG;rbs_spacer=5-10bp;gc_cont=0.466
GCA_002753015.1_ASM275301v1_genomic	CP024504.1_3552	-	lolD.aln	-	2.6e-31	107.2	0.6	3.4e-31	106.8	0.6	1.1	1	0	0	1	1	1	1	# 3807944 # 3808780 # 1 # ID=1_3552;partial=00;start_type=ATG;rbs_motif=GGAG/GAGG;rbs_spacer=5-10bp;gc_cont=0.671
GCA_002753015.1_ASM275301v1_genomic	CP024504.1_3199	-	lolD.aln	-	3.2e-31	106.8	0.3	5.4e-31	106.1	0.3	1.3	1	0	0	1	1	1	1	# 3407748 # 3409496 # -1 # ID=1_3199;partial=00;start_type=ATG;rbs_motif=None;rbs_spacer=None;gc_cont=0.568
GCA_002753015.1_ASM275301v1_genomic	CP024504.1_3371	-	lolD.aln	-	4.1e-31	106.5	0.0	5.8e-31	106.0	0.0	1.2	1	0	0	1	1	1	1	# 3606721 # 3607779 # -1 # ID=1_3371;partial=00;start_type=ATG;rbs_motif=GGAGG;rbs_spacer=5-10bp;gc_cont=0.635
GCA_002753015.1_ASM275301v1_genomic	CP024504.1_2308	-	lolD.aln	-	1.5e-30	104.6	0.8	3.4e-29	100.2	0.8	2.0	1	1	0	1	1	1	1	# 2482695 # 2483423 # -1 # ID=1_2308;partial=00;start_type=GTG;rbs_motif=GGAG/GAGG;rbs_spacer=5-10bp;gc_cont=0.690
GCA_002753015.1_ASM275301v1_genomic	CP024504.1_1828	-	lolD.aln	-	3e-30	103.7	0.6	5.9e-30	102.7	0.6	1.4	1	1	0	1	1	1	1	# 1972436 # 1973155 # 1 # ID=1_1828;partial=00;start_type=ATG;rbs_motif=AGGAG;rbs_spacer=5-10bp;gc_cont=0.642
GCA_002753015.1_ASM275301v1_genomic	CP024504.1_3992	-	lolD.aln	-	3.5e-30	103.5	0.0	4.8e-30	103.0	0.0	1.2	1	0	0	1	1	1	1	# 4291743 # 4292669 # -1 # ID=1_3992;partial=00;start_type=ATG;rbs_motif=GGA/GAG/AGG;rbs_spacer=5-10bp;gc_cont=0.560
GCA_002753015.1_ASM275301v1_genomic	CP024504.1_189	-	lolD.aln	-	4.9e-30	103.0	0.1	1.2e-08	33.0	0.0	4.3	4	0	0	4	4	4	4	# 197685 # 199304 # 1 # ID=1_189;partial=00;start_type=ATG;rbs_motif=AGGAG;rbs_spacer=5-10bp;gc_cont=0.637
GCA_002753015.1_ASM275301v1_genomic	CP024504.1_290	-	lolD.aln	-	5.6e-30	102.8	0.1	6.6e-30	102.5	0.1	1.1	1	0	0	1	1	1	1	# 321956 # 322669 # 1 # ID=1_290;partial=00;start_type=ATG;rbs_motif=GGAG/GAGG;rbs_spacer=5-10bp;gc_cont=0.619
GCA_002753015.1_ASM275301v1_genomic	CP024504.1_1732	-	lolD.aln	-	1.8e-29	101.2	2.7	7.8e-21	72.9	0.3	2.1	2	0	0	2	2	2	2	# 1866159 # 1866911 # -1 # ID=1_1732;partial=00;start_type=ATG;rbs_motif=None;rbs_spacer=None;gc_cont=0.614
GCA_002753015.1_ASM275301v1_genomic	CP024504.1_482	-	lolD.aln	-	1.9e-29	101.0	0.0	2.2e-29	100.8	0.0	1.1	1	0	0	1	1	1	1	# 517022 # 517747 # -1 # ID=1_482;partial=00;start_type=ATG;rbs_motif=3Base/5BMM;rbs_spacer=13-15bp;gc_cont=0.574
GCA_002753015.1_ASM275301v1_genomic	CP024504.1_3524	-	lolD.aln	-	2.3e-29	100.8	0.0	3.4e-29	100.2	0.0	1.2	1	1	0	1	1	1	1	# 3772874 # 3773668 # 1 # ID=1_3524;partial=00;start_type=ATG;rbs_motif=AGGAG/GGAGG;rbs_spacer=11-12bp;gc_cont=0.645
GCA_002753015.1_ASM275301v1_genomic	CP024504.1_4790	-	lolD.aln	-	3.9e-29	100.0	0.0	5.1e-29	99.7	0.0	1.1	1	0	0	1	1	1	1	# 5212224 # 5212997 # 1 # ID=1_4790;partial=00;start_type=ATG;rbs_motif=AGGA;rbs_spacer=5-10bp;gc_cont=0.537
GCA_002753015.1_ASM275301v1_genomic	CP024504.1_2804	-	lolD.aln	-	5.3e-29	99.6	0.0	1.5e-19	68.7	0.0	2.0	2	0	0	2	2	2	2	# 2997518 # 2998510 # 1 # ID=1_2804;partial=00;start_type=ATG;rbs_motif=None;rbs_spacer=None;gc_cont=0.600
GCA_002753015.1_ASM275301v1_genomic	CP024504.1_3961	-	lolD.aln	-	6.2e-29	99.4	0.2	1.1e-16	59.4	0.2	2.0	2	0	0	2	2	2	2	# 4256608 # 4257405 # -1 # ID=1_3961;partial=00;start_type=ATG;rbs_motif=GGA/GAG/AGG;rbs_spacer=5-10bp;gc_cont=0.635
GCA_002753015.1_ASM275301v1_genomic	CP024504.1_2473	-	lolD.aln	-	6.6e-28	96.0	0.0	7.5e-28	95.8	0.0	1.0	1	0	0	1	1	1	1	# 2647471 # 2648169 # -1 # ID=1_2473;partial=00;start_type=ATG;rbs_motif=AGGAG;rbs_spacer=5-10bp;gc_cont=0.639
GCA_002753015.1_ASM275301v1_genomic	CP024504.1_2878	-	lolD.aln	-	1.1e-27	95.3	0.0	1.3e-27	95.0	0.0	1.0	1	0	0	1	1	1	1	# 3074539 # 3075171 # 1 # ID=1_2878;partial=00;start_type=GTG;rbs_motif=GGAG/GAGG;rbs_spacer=5-10bp;gc_cont=0.670
GCA_002753015.1_ASM275301v1_genomic	CP024504.1_2001	-	lolD.aln	-	3.5e-27	93.6	0.1	9.2e-27	92.3	0.1	1.5	1	1	0	1	1	1	1	# 2169727 # 2170548 # 1 # ID=1_2001;partial=00;start_type=ATG;rbs_motif=AGGAG;rbs_spacer=5-10bp;gc_cont=0.620
GCA_002753015.1_ASM275301v1_genomic	CP024508.1_97	-	lolD.aln	-	6.1e-27	92.9	0.1	8.9e-27	92.3	0.1	1.2	1	0	0	1	1	1	1	# 99645 # 100412 # 1 # ID=3_97;partial=00;start_type=ATG;rbs_motif=GGA/GAG/AGG;rbs_spacer=5-10bp;gc_cont=0.564
GCA_002753015.1_ASM275301v1_genomic	CP024504.1_1020	-	lolD.aln	-	6.4e-27	92.8	0.0	1.3e-26	91.8	0.0	1.4	1	1	0	1	1	1	1	# 1076140 # 1076961 # -1 # ID=1_1020;partial=00;start_type=ATG;rbs_motif=GGAG/GAGG;rbs_spacer=5-10bp;gc_cont=0.642
GCA_002753015.1_ASM275301v1_genomic	CP024504.1_3620	-	lolD.aln	-	9.6e-27	92.2	1.0	1.9e-26	91.2	1.0	1.4	1	1	0	1	1	1	1	# 3885581 # 3886378 # 1 # ID=1_3620;partial=00;start_type=ATG;rbs_motif=GGxGG;rbs_spacer=5-10bp;gc_cont=0.654
GCA_002753015.1_ASM275301v1_genomic	CP024504.1_4507	-	lolD.aln	-	3.7e-26	90.3	3.3	3e-10	38.2	0.0	4.2	4	0	0	4	4	4	4	# 4878958 # 4881783 # 1 # ID=1_4507;partial=00;start_type=ATG;rbs_motif=GGA/GAG/AGG;rbs_spacer=5-10bp;gc_cont=0.603
GCA_002753015.1_ASM275301v1_genomic	CP024504.1_3721	-	lolD.aln	-	1.6e-25	88.2	1.3	2.5e-25	87.6	1.3	1.3	1	0	0	1	1	1	1	# 3996942 # 3998720 # -1 # ID=1_3721;partial=00;start_type=ATG;rbs_motif=AGGAG;rbs_spacer=5-10bp;gc_cont=0.629
GCA_002753015.1_ASM275301v1_genomic	CP024504.1_1008	-	lolD.aln	-	3.1e-25	87.3	0.0	5.3e-25	86.5	0.0	1.3	1	1	0	1	1	1	1	# 1063616 # 1064395 # -1 # ID=1_1008;partial=00;start_type=ATG;rbs_motif=GGAG/GAGG;rbs_spacer=5-10bp;gc_cont=0.674
GCA_002753015.1_ASM275301v1_genomic	CP024508.1_70	-	lolD.aln	-	3.7e-24	83.8	0.1	5.2e-24	83.3	0.1	1.2	1	0	0	1	1	1	1	# 68959 # 69648 # -1 # ID=3_70;partial=00;start_type=ATG;rbs_motif=AGGAG;rbs_spacer=5-10bp;gc_cont=0.452
GCA_002753015.1_ASM275301v1_genomic	CP024504.1_1827	-	lolD.aln	-	4.2e-24	83.6	0.5	1.6e-14	52.2	0.0	2.3	2	1	0	2	2	2	2	# 1971564 # 1972439 # 1 # ID=1_1827;partial=00;start_type=ATG;rbs_motif=AGGAG;rbs_spacer=5-10bp;gc_cont=0.614
GCA_002753015.1_ASM275301v1_genomic	CP024504.1_4420	-	lolD.aln	-	5.8e-24	83.1	0.6	4.2e-11	41.1	0.0	2.5	3	0	0	3	3	2	2	# 4780382 # 4782391 # 1 # ID=1_4420;partial=00;start_type=ATG;rbs_motif=3Base/5BMM;rbs_spacer=13-15bp;gc_cont=0.435
GCA_002753015.1_ASM275301v1_genomic	CP024504.1_1979	-	lolD.aln	-	8e-24	82.7	0.1	1.5e-16	58.8	0.2	2.1	2	0	0	2	2	2	2	# 2145110 # 2145859 # -1 # ID=1_1979;partial=00;start_type=ATG;rbs_motif=GGAG/GAGG;rbs_spacer=5-10bp;gc_cont=0.687
GCA_002753015.1_ASM275301v1_genomic	CP024504.1_254	-	lolD.aln	-	1.1e-23	82.2	2.1	1.4e-22	78.6	2.1	2.0	1	1	0	1	1	1	1	# 283860 # 284624 # -1 # ID=1_254;partial=00;start_type=ATG;rbs_motif=AGGA/GGAG/GAGG;rbs_spacer=11-12bp;gc_cont=0.658
GCA_002753015.1_ASM275301v1_genomic	CP024504.1_3833	-	lolD.aln	-	2.2e-23	81.2	0.3	2.7e-23	81.0	0.3	1.1	1	0	0	1	1	1	1	# 4113892 # 4114587 # 1 # ID=1_3833;partial=00;start_type=ATG;rbs_motif=GGAG/GAGG;rbs_spacer=5-10bp;gc_cont=0.616
GCA_002753015.1_ASM275301v1_genomic	CP024504.1_932	-	lolD.aln	-	6.1e-23	79.8	0.0	7.4e-23	79.5	0.0	1.1	1	0	0	1	1	1	1	# 976318 # 977142 # 1 # ID=1_932;partial=00;start_type=ATG;rbs_motif=AGGA;rbs_spacer=5-10bp;gc_cont=0.623
GCA_002753015.1_ASM275301v1_genomic	CP024504.1_1066	-	lolD.aln	-	1e-22	79.0	0.1	7.1e-15	53.4	0.1	2.1	2	0	0	2	2	2	2	# 1122572 # 1123249 # 1 # ID=1_1066;partial=00;start_type=ATG;rbs_motif=GGxGG;rbs_spacer=5-10bp;gc_cont=0.655
GCA_002753015.1_ASM275301v1_genomic	CP024504.1_3221	-	lolD.aln	-	1.7e-22	78.3	0.1	3.6e-22	77.2	0.1	1.5	1	1	0	1	1	1	1	# 3440510 # 3442276 # 1 # ID=1_3221;partial=00;start_type=ATG;rbs_motif=None;rbs_spacer=None;gc_cont=0.616
GCA_002753015.1_ASM275301v1_genomic	CP024504.1_1460	-	lolD.aln	-	2.3e-22	77.9	0.2	2.1e-20	71.5	0.2	2.2	1	1	0	1	1	1	1	# 1561349 # 1562992 # 1 # ID=1_1460;partial=00;start_type=ATG;rbs_motif=GGA/GAG/AGG;rbs_spacer=5-10bp;gc_cont=0.622
GCA_002753015.1_ASM275301v1_genomic	CP024504.1_1600	-	lolD.aln	-	2.6e-22	77.7	0.1	1.4e-20	72.1	0.1	2.1	1	1	0	1	1	1	1	# 1735107 # 1736402 # 1 # ID=1_1600;partial=00;start_type=ATG;rbs_motif=GGA/GAG/AGG;rbs_spacer=5-10bp;gc_cont=0.519
GCA_002753015.1_ASM275301v1_genomic	CP024504.1_2474	-	lolD.aln	-	2.7e-20	71.1	0.3	3.4e-20	70.8	0.3	1.1	1	0	0	1	1	1	1	# 2648179 # 2648976 # -1 # ID=1_2474;partial=00;start_type=ATG;rbs_motif=AGGAG;rbs_spacer=5-10bp;gc_cont=0.625
GCA_002753015.1_ASM275301v1_genomic	CP024504.1_779	-	lolD.aln	-	2.9e-20	71.0	0.1	5e-20	70.2	0.1	1.3	1	1	0	1	1	1	1	# 820786 # 821592 # -1 # ID=1_779;partial=00;start_type=ATG;rbs_motif=AGGA;rbs_spacer=5-10bp;gc_cont=0.543
GCA_002753015.1_ASM275301v1_genomic	CP024508.1_71	-	lolD.aln	-	1.2e-19	69.0	0.1	1.8e-19	68.4	0.1	1.2	1	0	0	1	1	1	1	# 69659 # 70408 # -1 # ID=3_71;partial=00;start_type=ATG;rbs_motif=GGAG/GAGG;rbs_spacer=5-10bp;gc_cont=0.453
GCA_002753015.1_ASM275301v1_genomic	CP024504.1_2024	-	lolD.aln	-	2.2e-18	64.9	0.0	5.2e-09	34.2	0.0	2.0	2	0	0	2	2	2	2	# 2196002 # 2196625 # 1 # ID=1_2024;partial=00;start_type=ATG;rbs_motif=AGGAG;rbs_spacer=5-10bp;gc_cont=0.689
GCA_002753015.1_ASM275301v1_genomic	CP024504.1_3722	-	lolD.aln	-	3.8e-18	64.1	0.1	6.9e-18	63.2	0.1	1.4	1	0	0	1	1	1	1	# 3998713 # 4000485 # -1 # ID=1_3722;partial=00;start_type=TTG;rbs_motif=AGGA;rbs_spacer=5-10bp;gc_cont=0.615
GCA_002753015.1_ASM275301v1_genomic	CP024504.1_778	-	lolD.aln	-	6.1e-18	63.4	0.0	3.8e-12	44.5	0.0	2.0	2	0	0	2	2	2	2	# 820193 # 820786 # -1 # ID=1_778;partial=00;start_type=ATG;rbs_motif=GGxGG;rbs_spacer=5-10bp;gc_cont=0.549
GCA_002753015.1_ASM275301v1_genomic	CP024504.1_1937	-	lolD.aln	-	1e-17	62.7	0.1	3.4e-17	61.0	0.1	1.7	1	1	0	1	1	1	1	# 2098777 # 2099526 # 1 # ID=1_1937;partial=00;start_type=ATG;rbs_motif=4Base/6BMM;rbs_spacer=13-15bp;gc_cont=0.640
GCA_002753015.1_ASM275301v1_genomic	CP024504.1_1966	-	lolD.aln	-	1.8e-17	61.8	0.1	2e-16	58.5	0.1	2.0	1	1	0	1	1	1	1	# 2131977 # 2132723 # 1 # ID=1_1966;partial=00;start_type=ATG;rbs_motif=AGGA;rbs_spacer=5-10bp;gc_cont=0.552
GCA_002753015.1_ASM275301v1_genomic	CP024504.1_3341	-	lolD.aln	-	5.9e-17	60.2	0.0	7.6e-17	59.8	0.0	1.1	1	0	0	1	1	1	1	# 3572888 # 3573610 # 1 # ID=1_3341;partial=00;start_type=ATG;rbs_motif=AGGAG;rbs_spacer=5-10bp;gc_cont=0.614
GCA_002753015.1_ASM275301v1_genomic	CP024504.1_703	-	lolD.aln	-	0.00016	19.5	0.1	0.00036	18.4	0.1	1.5	1	0	0	1	1	1	1	# 734854 # 735834 # 1 # ID=1_703;partial=00;start_type=ATG;rbs_motif=GGAG/GAGG;rbs_spacer=5-10bp;gc_cont=0.606
GCA_002753015.1_ASM275301v1_genomic	CP024507.1_112	-	lolD.aln	-	0.0031	15.3	0.0	0.0052	14.6	0.0	1.3	1	0	0	1	1	1	1	# 114907 # 115536 # 1 # ID=2_112;partial=00;start_type=ATG;rbs_motif=3Base/5BMM;rbs_spacer=13-15bp;gc_cont=0.565
GCA_002753015.1_ASM275301v1_genomic	CP024504.1_1305	-	lolD.aln	-	0.016	13.0	0.0	0.023	12.5	0.0	1.2	1	0	0	1	1	1	0	# 1391068 # 1391547 # 1 # ID=1_1305;partial=00;start_type=ATG;rbs_motif=GGA/GAG/AGG;rbs_spacer=5-10bp;gc_cont=0.554
GCA_002753015.1_ASM275301v1_genomic	CP024504.1_2194	-	lolD.aln	-	0.023	12.4	0.0	0.032	12.0	0.0	1.2	1	0	0	1	1	1	0	# 2361838 # 2362389 # 1 # ID=1_2194;partial=00;start_type=ATG;rbs_motif=GGAG/GAGG;rbs_spacer=5-10bp;gc_cont=0.641
GCA_000351625.1_Esch_coli_KTE66_V1_genomic	KB732762.1_1947	-	lolF.aln	-	0.034	10.8	0.1	0.17	8.5	0.1	1.9	2	0	0	2	2	2	0	# 2131127 # 2132416 # 1 # ID=7_1947;partial=00;start_type=ATG;rbs_motif=GGAG/GAGG;rbs_spacer=5-10bp;gc_cont=0.552
GCA_000351625.1_Esch_coli_KTE66_V1_genomic	KB732762.1_366	-	lolF.aln	-	0.042	10.5	0.0	0.067	9.9	0.0	1.2	1	0	0	1	1	1	0	# 401523 # 402947 # 1 # ID=7_366;partial=00;start_type=ATG;rbs_motif=GGAG/GAGG;rbs_spacer=5-10bp;gc_cont=0.528
GCA_000408385.1_Esch_coli_KTE68_V1_genomic	KE137049.1_441	-	lolF.aln	-	0.039	10.8	0.1	0.19	8.5	0.1	1.8	2	0	0	2	2	2	0	# 476813 # 478102 # 1 # ID=15_441;partial=00;start_type=ATG;rbs_motif=GGAG/GAGG;rbs_spacer=5-10bp;gc_cont=0.543
GCA_000408385.1_Esch_coli_KTE68_V1_genomic	KE137040.1_280	-	lolF.aln	-	0.046	10.5	0.0	0.074	9.9	0.0	1.2	1	0	0	1	1	1	0	# 313880 # 315304 # 1 # ID=6_280;partial=00;start_type=ATG;rbs_motif=GGAG/GAGG;rbs_spacer=5-10bp;gc_cont=0.528
GCA_000413415.1_Myro_odor_CCUG_12700_V1_genomic	KE340319.1_1713	-	lolF.aln	-	1.3e-07	28.3	0.0	1.1e-06	25.2	0.0	1.9	2	0	0	2	2	2	1	# 2010854 # 2011942 # -1 # ID=1_1713;partial=00;start_type=ATG;rbs_motif=TAAA;rbs_spacer=11bp;gc_cont=0.358
GCA_000413415.1_Myro_odor_CCUG_12700_V1_genomic	KE340320.1_127	-	lolF.aln	-	0.0004	16.8	0.2	0.0033	13.7	0.0	2.0	2	0	0	2	2	2	1	# 130701 # 131951 # 1 # ID=2_127;partial=00;start_type=ATG;rbs_motif=AACAA;rbs_spacer=14bp;gc_cont=0.373
GCA_000413415.1_Myro_odor_CCUG_12700_V1_genomic	KE340319.1_477	-	lolF.aln	-	0.0081	12.5	0.1	0.01	12.1	0.1	1.1	1	0	0	1	1	1	1	# 569341 # 569889 # 1 # ID=1_477;partial=00;start_type=ATG;rbs_motif=None;rbs_spacer=None;gc_cont=0.357
GCA_000413415.1_Myro_odor_CCUG_12700_V1_genomic	KE340321.1_65	-	lolF.aln	-	0.01	12.1	0.0	0.015	11.6	0.0	1.2	1	0	0	1	1	1	0	# 67151 # 69151 # 1 # ID=3_65;partial=00;start_type=ATG;rbs_motif=TAA;rbs_spacer=11bp;gc_cont=0.386
GCA_000413415.1_Myro_odor_CCUG_12700_V1_genomic	KE340319.1_998	-	lolF.aln	-	0.011	12.1	0.0	0.017	11.4	0.0	1.3	1	0	0	1	1	1	0	# 1167845 # 1169248 # -1 # ID=1_998;partial=00;start_type=ATG;rbs_motif=AATAA;rbs_spacer=11bp;gc_cont=0.374
GCA_000413415.1_Myro_odor_CCUG_12700_V1_genomic	KE340319.1_1962	-	lolF.aln	-	0.02	11.2	0.0	0.037	10.3	0.0	1.4	1	0	0	1	1	1	0	# 2276542 # 2277933 # 1 # ID=1_1962;partial=00;start_type=ATG;rbs_motif=AAA;rbs_spacer=11bp;gc_cont=0.394
GCA_000635255.1_De_novo_assembly_of_single-cell_genomes_genomic	JFOD01000138.1_6	-	lolF.aln	-	0.0097	11.3	0.0	0.014	10.8	0.0	1.2	1	0	0	1	1	1	1	# 3272 # 4417 # -1 # ID=138_6;partial=00;start_type=ATG;rbs_motif=None;rbs_spacer=None;gc_cont=0.299
GCA_000656455.1_Myco_tube_UT0014_V1_genomic	KK323085.1_62	-	lolF.aln	-	2.3e-44	149.8	0.0	6.7e-28	95.5	0.0	2.0	2	0	0	2	2	2	2	# 64401 # 65930 # 1 # ID=24_62;partial=00;start_type=ATG;rbs_motif=None;rbs_spacer=None;gc_cont=0.588
GCA_000656455.1_Myco_tube_UT0014_V1_genomic	KK323071.1_28	-	lolF.aln	-	3.1e-44	149.4	0.0	8.5e-28	95.1	0.0	2.0	1	1	1	2	2	2	2	# 27429 # 29003 # -1 # ID=10_28;partial=00;start_type=GTG;rbs_motif=4Base/6BMM;rbs_spacer=13-15bp;gc_cont=0.640
GCA_000656455.1_Myco_tube_UT0014_V1_genomic	KK323077.1_75	-	lolF.aln	-	4.8e-41	138.9	0.0	3.2e-31	106.4	0.0	2.0	2	0	0	2	2	2	2	# 85771 # 87249 # -1 # ID=16_75;partial=00;start_type=ATG;rbs_motif=GGAGG;rbs_spacer=5-10bp;gc_cont=0.642
GCA_000656455.1_Myco_tube_UT0014_V1_genomic	KK323084.1_54	-	lolF.aln	-	4.5e-18	63.1	0.0	7.7e-18	62.3	0.0	1.3	1	0	0	1	1	1	1	# 48839 # 50299 # -1 # ID=23_54;partial=00;start_type=ATG;rbs_motif=GGAG/GAGG;rbs_spacer=5-10bp;gc_cont=0.626
GCA_000656455.1_Myco_tube_UT0014_V1_genomic	KK323071.1_62	-	lolF.aln	-	1.2e-15	55.0	0.0	1.5e-13	48.1	0.0	2.2	2	0	0	2	2	2	2	# 66478 # 67965 # 1 # ID=10_62;partial=00;start_type=ATG;rbs_motif=None;rbs_spacer=None;gc_cont=0.652
GCA_000656455.1_Myco_tube_UT0014_V1_genomic	KK323074.1_52	-	lolF.aln	-	1.4e-14	51.5	0.0	1.1e-11	42.0	0.0	2.1	2	0	0	2	2	2	2	# 55230 # 56270 # -1 # ID=13_52;partial=00;start_type=GTG;rbs_motif=None;rbs_spacer=None;gc_cont=0.679
GCA_000656455.1_Myco_tube_UT0014_V1_genomic	KK323076.1_13	-	lolF.aln	-	1.4e-12	44.9	0.0	9.4e-11	38.9	0.0	2.1	2	0	0	2	2	2	1	# 7138 # 8607 # -1 # ID=15_13;partial=00;start_type=ATG;rbs_motif=None;rbs_spacer=None;gc_cont=0.622
GCA_000656455.1_Myco_tube_UT0014_V1_genomic	KK323063.1_55	-	lolF.aln	-	0.00021	18.0	0.3	0.00032	17.3	0.3	1.2	1	0	0	1	1	1	1	# 54407 # 55771 # 1 # ID=2_55;partial=00;start_type=ATG;rbs_motif=GGA/GAG/AGG;rbs_spacer=5-10bp;gc_cont=0.682
GCA_000656455.1_Myco_tube_UT0014_V1_genomic	KK323088.1_12	-	lolF.aln	-	0.0013	15.4	0.2	0.0017	15.0	0.2	1.1	1	0	0	1	1	1	1	# 18268 # 19467 # -1 # ID=27_12;partial=00;start_type=ATG;rbs_motif=GGA/GAG/AGG;rbs_spacer=11-12bp;gc_cont=0.623
GCA_000656455.1_Myco_tube_UT0014_V1_genomic	KK323076.1_18	-	lolF.aln	-	0.0013	15.4	0.2	0.003	14.1	0.0	1.5	2	0	0	2	2	2	1	# 11173 # 12639 # -1 # ID=15_18;partial=00;start_type=ATG;rbs_motif=GGxGG;rbs_spacer=5-10bp;gc_cont=0.653
GCA_000656455.1_Myco_tube_UT0014_V1_genomic	KK323074.1_4	-	lolF.aln	-	0.0037	13.8	0.3	0.0054	13.3	0.3	1.1	1	0	0	1	1	1	1	# 3341 # 4948 # -1 # ID=13_4;partial=00;start_type=ATG;rbs_motif=None;rbs_spacer=None;gc_cont=0.682
GCA_000656455.1_Myco_tube_UT0014_V1_genomic	KK323066.1_12	-	lolF.aln	-	0.0071	12.9	0.0	0.0095	12.5	0.0	1.1	1	0	0	1	1	1	1	# 9021 # 10379 # -1 # ID=5_12;partial=00;start_type=ATG;rbs_motif=None;rbs_spacer=None;gc_cont=0.723
GCA_000656455.1_Myco_tube_UT0014_V1_genomic	KK323093.1_37	-	lolF.aln	-	0.045	10.2	0.0	0.063	9.7	0.0	1.2	1	0	0	1	1	1	0	# 36898 # 38319 # 1 # ID=32_37;partial=00;start_type=ATG;rbs_motif=None;rbs_spacer=None;gc_cont=0.700
GCA_000656455.1_Myco_tube_UT0014_V1_genomic	KK323066.1_48	-	lolF.aln	-	0.054	10.0	0.1	0.25	7.8	0.0	1.9	2	0	0	2	2	2	0	# 41819 # 43234 # 1 # ID=5_48;partial=00;start_type=ATG;rbs_motif=None;rbs_spacer=None;gc_cont=0.636
GCA_000789835.1_AZPAE14851_genomic	JTUK01000038.1_122	-	lolF.aln	-	8.9e-50	168.3	0.0	4.2e-31	106.6	0.0	2.0	2	0	0	2	2	2	2	# 114567 # 116042 # -1 # ID=68_122;partial=00;start_type=ATG;rbs_motif=GGAG/GAGG;rbs_spacer=5-10bp;gc_cont=0.673
GCA_000789835.1_AZPAE14851_genomic	JTUK01000046.1_51	-	lolF.aln	-	3.2e-32	110.3	0.0	1.1e-20	72.3	0.0	2.0	2	0	0	2	2	2	2	# 50075 # 51619 # 1 # ID=77_51;partial=00;start_type=ATG;rbs_motif=AGGAG;rbs_spacer=5-10bp;gc_cont=0.649
GCA_000789835.1_AZPAE14851_genomic	JTUK01000014.1_18	-	lolF.aln	-	5.5e-20	69.9	0.1	2.2e-19	68.0	0.0	1.7	2	0	0	2	2	2	1	# 17865 # 19391 # -1 # ID=40_18;partial=00;start_type=ATG;rbs_motif=AGGAGG;rbs_spacer=3-4bp;gc_cont=0.601
GCA_000789835.1_AZPAE14851_genomic	JTUK01000023.1_47	-	lolF.aln	-	1.7e-12	45.2	0.0	6.1e-11	40.1	0.0	2.1	2	0	0	2	2	2	1	# 47494 # 48993 # 1 # ID=52_47;partial=00;start_type=ATG;rbs_motif=GGAG/GAGG;rbs_spacer=5-10bp;gc_cont=0.670
GCA_000789835.1_AZPAE14851_genomic	JTUK01000002.1_44	-	lolF.aln	-	0.00091	16.4	0.1	0.0036	14.4	0.0	1.8	2	0	0	2	2	2	1	# 41423 # 42823 # -1 # ID=48_44;partial=00;start_type=ATG;rbs_motif=AGGAG;rbs_spacer=5-10bp;gc_cont=0.693
GCA_000789835.1_AZPAE14851_genomic	JTUK01000072.1_24	-	lolF.aln	-	0.0087	13.2	0.0	0.018	12.1	0.0	1.5	2	0	0	2	2	2	1	# 26054 # 27292 # 1 # ID=106_24;partial=00;start_type=ATG;rbs_motif=GGAG/GAGG;rbs_spacer=5-10bp;gc_cont=0.722
GCA_000789835.1_AZPAE14851_genomic	JTUK01000063.1_8	-	lolF.aln	-	0.016	12.3	0.0	0.025	11.7	0.0	1.2	1	0	0	1	1	1	0	# 10146 # 11636 # -1 # ID=96_8;partial=00;start_type=ATG;rbs_motif=GGAG/GAGG;rbs_spacer=5-10bp;gc_cont=0.669
GCA_000789835.1_AZPAE14851_genomic	JTUK01000044.1_24	-	lolF.aln	-	0.043	10.9	0.0	0.076	10.1	0.0	1.4	1	1	0	1	1	1	0	# 22709 # 24061 # 1 # ID=75_24;partial=00;start_type=ATG;rbs_motif=GGAG/GAGG;rbs_spacer=5-10bp;gc_cont=0.695
GCA_000789835.1_AZPAE14851_genomic	JTUK01000014.1_21	-	lolF.aln	-	0.051	10.6	0.2	0.075	10.1	0.2	1.1	1	0	0	1	1	1	0	# 21754 # 23121 # 1 # ID=40_21;partial=00;start_type=ATG;rbs_motif=GGAG/GAGG;rbs_spacer=5-10bp;gc_cont=0.613
GCA_000789835.1_AZPAE14851_genomic	JTUK01000030.1_14	-	lolF.aln	-	0.068	10.2	0.0	0.088	9.9	0.0	1.1	1	0	0	1	1	1	0	# 24462 # 25556 # -1 # ID=60_14;partial=00;start_type=GTG;rbs_motif=GGAGG;rbs_spacer=5-10bp;gc_cont=0.681
GCA_000795605.1_AZPAE14710_genomic	JTWW01000023.1_117	-	lolF.aln	-	6e-49	165.5	0.0	2e-30	104.4	0.0	2.0	2	0	0	2	2	2	2	# 120113 # 121588 # -1 # ID=64_117;partial=00;start_type=ATG;rbs_motif=GGAG/GAGG;rbs_spacer=5-10bp;gc_cont=0.680
GCA_000795605.1_AZPAE14710_genomic	JTWW01000016.1_7	-	lolF.aln	-	3.3e-32	110.3	0.0	1.1e-20	72.3	0.0	2.0	2	0	0	2	2	2	2	# 4488 # 6032 # -1 # ID=56_7;partial=00;start_type=ATG;rbs_motif=AGGAG;rbs_spacer=5-10bp;gc_cont=0.651
GCA_000795605.1_AZPAE14710_genomic	JTWW01000050.1_13	-	lolF.aln	-	9.3e-20	69.2	0.1	3.7e-19	67.2	0.0	1.7	2	0	0	2	2	2	1	# 12028 # 13554 # -1 # ID=94_13;partial=00;start_type=ATG;rbs_motif=AGGAGG;rbs_spacer=3-4bp;gc_cont=0.602
GCA_000795605.1_AZPAE14710_genomic	JTWW01000004.1_55	-	lolF.aln	-	1.7e-12	45.2	0.0	6.1e-11	40.1	0.0	2.1	2	0	0	2	2	2	1	# 59557 # 61056 # 1 # ID=82_55;partial=00;start_type=ATG;rbs_motif=GGAG/GAGG;rbs_spacer=5-10bp;gc_cont=0.671
GCA_000795605.1_AZPAE14710_genomic	JTWW01000010.1_35	-	lolF.aln	-	0.00092	16.4	0.1	0.0037	14.4	0.0	1.8	2	0	0	2	2	2	1	# 36315 # 37715 # -1 # ID=2_35;partial=00;start_type=ATG;rbs_motif=AGGAG;rbs_spacer=5-10bp;gc_cont=0.695
GCA_000795605.1_AZPAE14710_genomic	JTWW01000052.1_24	-	lolF.aln	-	0.0087	13.2	0.0	0.018	12.1	0.0	1.5	2	0	0	2	2	2	1	# 25869 # 27107 # 1 # ID=96_24;partial=00;start_type=ATG;rbs_motif=GGAG/GAGG;rbs_spacer=5-10bp;gc_cont=0.715
GCA_000795605.1_AZPAE14710_genomic	JTWW01000001.1_31	-	lolF.aln	-	0.017	12.3	0.0	0.026	11.6	0.0	1.2	1	0	0	1	1	1	0	# 34650 # 36140 # 1 # ID=1_31;partial=00;start_type=ATG;rbs_motif=GGAG/GAGG;rbs_spacer=5-10bp;gc_cont=0.672
GCA_000795605.1_AZPAE14710_genomic	JTWW01000067.1_24	-	lolF.aln	-	0.044	10.9	0.0	0.077	10.1	0.0	1.4	1	1	0	1	1	1	0	# 22817 # 24169 # 1 # ID=112_24;partial=00;start_type=ATG;rbs_motif=GGAG/GAGG;rbs_spacer=5-10bp;gc_cont=0.696
GCA_000795605.1_AZPAE14710_genomic	JTWW01000050.1_16	-	lolF.aln	-	0.05	10.7	0.2	0.075	10.1	0.2	1.1	1	0	0	1	1	1	0	# 15899 # 17266 # 1 # ID=94_16;partial=00;start_type=ATG;rbs_motif=GGAG/GAGG;rbs_spacer=5-10bp;gc_cont=0.615
GCA_000795605.1_AZPAE14710_genomic	JTWW01000009.1_69	-	lolF.aln	-	0.068	10.2	0.0	0.088	9.9	0.0	1.1	1	0	0	1	1	1	0	# 85261 # 86355 # -1 # ID=137_69;partial=00;start_type=GTG;rbs_motif=GGAGG;rbs_spacer=5-10bp;gc_cont=0.686
GCA_000797395.1_AZPAE13756_genomic	JTZQ01000012.1_130	-	lolF.aln	-	9.8e-50	168.3	0.0	4.7e-31	106.6	0.0	2.0	2	0	0	2	2	2	2	# 131790 # 133265 # -1 # ID=19_130;partial=00;start_type=ATG;rbs_motif=GGAG/GAGG;rbs_spacer=5-10bp;gc_cont=0.674
GCA_000797395.1_AZPAE13756_genomic	JTZQ01000050.1_18	-	lolF.aln	-	3.6e-32	110.3	0.0	1.2e-20	72.3	0.0	2.0	2	0	0	2	2	2	2	# 15662 # 17206 # 1 # ID=61_18;partial=00;start_type=ATG;rbs_motif=AGGAG;rbs_spacer=5-10bp;gc_cont=0.648
GCA_000797395.1_AZPAE13756_genomic	JTZQ01000080.1_17	-	lolF.aln	-	6.2e-20	69.9	0.1	2.4e-19	68.0	0.0	1.7	2	0	0	2	2	2	1	# 17717 # 19243 # -1 # ID=94_17;partial=00;start_type=ATG;rbs_motif=AGGAGG;rbs_spacer=3-4bp;gc_cont=0.604
GCA_000797395.1_AZPAE13756_genomic	JTZQ01000013.1_259	-	lolF.aln	-	1.8e-12	45.2	0.0	6.8e-11	40.1	0.0	2.1	2	0	0	2	2	2	1	# 254663 # 256162 # -1 # ID=20_259;partial=00;start_type=ATG;rbs_motif=GGAG/GAGG;rbs_spacer=5-10bp;gc_cont=0.669
GCA_000797395.1_AZPAE13756_genomic	JTZQ01000001.1_129	-	lolF.aln	-	0.001	16.4	0.1	0.004	14.4	0.0	1.8	2	0	0	2	2	2	1	# 136967 # 138367 # -1 # ID=1_129;partial=00;start_type=ATG;rbs_motif=AGGAG;rbs_spacer=5-10bp;gc_cont=0.692
GCA_000797395.1_AZPAE13756_genomic	JTZQ01000013.1_24	-	lolF.aln	-	0.012	12.9	0.0	0.02	12.1	0.0	1.3	1	0	0	1	1	1	0	# 25837 # 27075 # 1 # ID=20_24;partial=00;start_type=ATG;rbs_motif=GGAG/GAGG;rbs_spacer=5-10bp;gc_cont=0.718
GCA_000797395.1_AZPAE13756_genomic	JTZQ01000008.1_132	-	lolF.aln	-	0.017	12.3	0.0	0.027	11.7	0.0	1.2	1	0	0	1	1	1	0	# 134912 # 136402 # 1 # ID=93_132;partial=00;start_type=ATG;rbs_motif=GGAG/GAGG;rbs_spacer=5-10bp;gc_cont=0.673
GCA_000797395.1_AZPAE13756_genomic	JTZQ01000080.1_20	-	lolF.aln	-	0.058	10.6	0.2	0.083	10.1	0.2	1.1	1	0	0	1	1	1	0	# 21606 # 22973 # 1 # ID=94_20;partial=00;start_type=ATG;rbs_motif=GGAG/GAGG;rbs_spacer=5-10bp;gc_cont=0.612
GCA_000797395.1_AZPAE13756_genomic	JTZQ01000018.1_24	-	lolF.aln	-	0.061	10.5	0.0	0.11	9.6	0.0	1.4	1	1	0	1	1	1	0	# 25018 # 26370 # -1 # ID=25_24;partial=00;start_type=ATG;rbs_motif=GGAG/GAGG;rbs_spacer=5-10bp;gc_cont=0.696
GCA_000797395.1_AZPAE13756_genomic	JTZQ01000010.1_80	-	lolF.aln	-	0.075	10.2	0.0	0.097	9.9	0.0	1.1	1	0	0	1	1	1	0	# 89913 # 91007 # 1 # ID=2_80;partial=00;start_type=GTG;rbs_motif=GGAGG;rbs_spacer=5-10bp;gc_cont=0.681
GCA_000811165.3_ASM81116v3_genomic	JWWA03000046.1_112	-	lolF.aln	-	5.6e-33	112.1	1.1	2.3e-17	60.6	0.3	2.0	1	1	0	2	2	2	2	# 115196 # 116506 # 1 # ID=63_112;partial=00;start_type=ATG;rbs_motif=None;rbs_spacer=None;gc_cont=0.356
GCA_000811165.3_ASM81116v3_genomic	JWWA03000082.1_14	-	lolF.aln	-	9.8e-19	65.1	0.1	6.1e-16	55.9	0.0	2.1	2	0	0	2	2	2	2	# 14597 # 16087 # -1 # ID=103_14;partial=00;start_type=ATG;rbs_motif=None;rbs_spacer=None;gc_cont=0.383
GCA_000811165.3_ASM81116v3_genomic	JWWA03000036.1_7	-	lolF.aln	-	4.9e-16	56.2	0.0	8.7e-16	55.4	0.0	1.4	1	0	0	1	1	1	1	# 7810 # 9351 # 1 # ID=52_7;partial=00;start_type=ATG;rbs_motif=GGA/GAG/AGG;rbs_spacer=5-10bp;gc_cont=0.386
GCA_000811165.3_ASM81116v3_genomic	JWWA03000036.1_6	-	lolF.aln	-	0.0034	13.8	0.5	0.0064	12.9	0.1	1.6	2	0	0	2	2	2	1	# 6497 # 7804 # 1 # ID=52_6;partial=00;start_type=ATG;rbs_motif=GGAG/GAGG;rbs_spacer=5-10bp;gc_cont=0.414
GCA_000811165.3_ASM81116v3_genomic	JWWA03000027.1_86	-	lolF.aln	-	0.0089	12.4	0.0	0.014	11.8	0.0	1.2	1	0	0	1	1	1	1	# 89810 # 91105 # 1 # ID=42_86;partial=00;start_type=ATG;rbs_motif=AGGA;rbs_spacer=5-10bp;gc_cont=0.410
GCA_000811165.3_ASM81116v3_genomic	JWWA03000028.1_24	-	lolF.aln	-	0.019	11.4	0.0	0.028	10.8	0.0	1.2	1	0	0	1	1	1	0	# 23840 # 24994 # 1 # ID=43_24;partial=00;start_type=ATG;rbs_motif=GGA/GAG/AGG;rbs_spacer=5-10bp;gc_cont=0.414
GCA_000811165.3_ASM81116v3_genomic	JWWA03000003.1_32	-	lolF.aln	-	0.027	10.8	0.0	0.038	10.3	0.0	1.2	1	0	0	1	1	1	0	# 32420 # 33664 # 1 # ID=45_32;partial=00;start_type=ATG;rbs_motif=AGGAG;rbs_spacer=5-10bp;gc_cont=0.398
GCA_000828305.1_ASM82830v1_genomic	JXMR01000003.1_138	-	lolF.aln	-	0.00019	17.8	0.0	0.00028	17.2	0.0	1.2	1	0	0	1	1	1	1	# 90269 # 91540 # -1 # ID=3_138;partial=00;start_type=TTG;rbs_motif=AGxAGG/AGGxGG;rbs_spacer=5-10bp;gc_cont=0.318
GCA_000828305.1_ASM82830v1_genomic	JXMR01000001.1_1833	-	lolF.aln	-	0.038	10.2	0.0	0.064	9.4	0.0	1.4	1	0	0	1	1	1	0	# 2116998 # 2118470 # 1 # ID=1_1833;partial=00;start_type=GTG;rbs_motif=AGxAGG/AGGxGG;rbs_spacer=5-10bp;gc_cont=0.316
GCA_001198735.1_6755_2_17_genomic	CRMC01000006.1_45	-	lolF.aln	-	6e-05	18.8	0.0	6e-05	18.8	0.0	1.0	1	0	0	1	1	1	1	# 57773 # 58174 # -1 # ID=6_45;partial=00;start_type=ATG;rbs_motif=GGA/GAG/AGG;rbs_spacer=11-12bp;gc_cont=0.358
GCA_001201675.1_6753_3_17_genomic	CRKA01000035.1_14	-	lolF.aln	-	0.0016	14.1	0.0	0.002	13.7	0.0	1.1	1	0	0	1	1	1	1	# 13306 # 14406 # 1 # ID=35_14;partial=00;start_type=ATG;rbs_motif=GGAG/GAGG;rbs_spacer=5-10bp;gc_cont=0.392
GCA_001270235.1_ASM127023v1_genomic	LFZF01000039.1_32	-	lolF.aln	-	0.015	12.0	0.0	0.021	11.5	0.0	1.1	1	0	0	1	1	1	0	# 25043 # 26320 # 1 # ID=45_32;partial=00;start_type=ATG;rbs_motif=AGGA;rbs_spacer=5-10bp;gc_cont=0.501
GCA_001270235.1_ASM127023v1_genomic	LFZF01000029.1_330	-	lolF.aln	-	0.018	11.7	0.0	0.029	11.1	0.0	1.2	1	0	0	1	1	1	0	# 358783 # 360795 # -1 # ID=34_330;partial=00;start_type=ATG;rbs_motif=GGA/GAG/AGG;rbs_spacer=5-10bp;gc_cont=0.482
GCA_001270235.1_ASM127023v1_genomic	LFZF01000058.1_75	-	lolF.aln	-	0.04	10.6	0.0	0.062	10.0	0.0	1.2	1	0	0	1	1	1	0	# 87353 # 88822 # 1 # ID=66_75;partial=00;start_type=ATG;rbs_motif=GGAGG;rbs_spacer=5-10bp;gc_cont=0.486
GCA_001336215.1_6649_8_20_genomic	CFCR01000012.1_15	-	lolF.aln	-	0.0017	13.9	0.0	0.0022	13.6	0.0	1.1	1	0	0	1	1	1	1	# 15301 # 16401 # 1 # ID=12_15;partial=00;start_type=ATG;rbs_motif=GGA/GAG/AGG;rbs_spacer=5-10bp;gc_cont=0.390
GCA_001464585.1_Gammaproteobacteria_bacterium_Ga0077554_genomic	LNFF01000008.1_79	-	lolF.aln	-	0.041	9.8	0.1	0.057	9.3	0.1	1.1	1	0	0	1	1	1	0	# 70132 # 71466 # -1 # ID=8_79;partial=00;start_type=ATG;rbs_motif=None;rbs_spacer=None;gc_cont=0.542
GCA_001576205.1_ASM157620v1_genomic	LOPD01000008.1_168	-	lolF.aln	-	0.035	11.0	0.0	0.17	8.7	0.0	1.9	2	0	0	2	2	2	0	# 163045 # 164334 # 1 # ID=8_168;partial=00;start_type=ATG;rbs_motif=GGAG/GAGG;rbs_spacer=5-10bp;gc_cont=0.547
GCA_001576205.1_ASM157620v1_genomic	LOPD01000007.1_86	-	lolF.aln	-	0.046	10.5	0.0	0.074	9.9	0.0	1.2	1	0	0	1	1	1	0	# 94223 # 95647 # -1 # ID=7_86;partial=00;start_type=ATG;rbs_motif=GGAG/GAGG;rbs_spacer=5-10bp;gc_cont=0.531
GCA_001672855.1_ASM167285v1_genomic	LZKM01000019.1_140	-	lolF.aln	-	1.3e-77	260.1	0.0	1.6e-77	259.8	0.0	1.0	1	0	0	1	1	1	1	# 132711 # 134357 # 1 # ID=19_140;partial=00;start_type=GTG;rbs_motif=GGA/GAG/AGG;rbs_spacer=5-10bp;gc_cont=0.651
GCA_001672855.1_ASM167285v1_genomic	LZKM01000104.1_24	-	lolF.aln	-	4.9e-76	254.9	0.0	5.7e-76	254.7	0.0	1.0	1	0	0	1	1	1	1	# 20934 # 22532 # -1 # ID=104_24;partial=00;start_type=ATG;rbs_motif=GGA/GAG/AGG;rbs_spacer=5-10bp;gc_cont=0.615
GCA_001672855.1_ASM167285v1_genomic	LZKM01000041.1_211	-	lolF.aln	-	3.7e-73	245.4	0.0	4.3e-73	245.2	0.0	1.1	1	0	0	1	1	1	1	# 218260 # 219876 # 1 # ID=41_211;partial=00;start_type=GTG;rbs_motif=AGxAGG/AGGxGG;rbs_spacer=5-10bp;gc_cont=0.634
GCA_001672855.1_ASM167285v1_genomic	LZKM01000094.1_10	-	lolF.aln	-	3.9e-68	228.8	0.0	5.5e-68	228.3	0.0	1.1	1	0	0	1	1	1	1	# 10280 # 11887 # 1 # ID=94_10;partial=00;start_type=GTG;rbs_motif=AGxAGG/AGGxGG;rbs_spacer=5-10bp;gc_cont=0.641
GCA_001672855.1_ASM167285v1_genomic	LZKM01000058.1_30	-	lolF.aln	-	5.9e-44	149.0	0.0	1.4e-31	108.1	0.0	2.0	2	0	0	2	2	2	2	# 29733 # 31187 # -1 # ID=58_30;partial=00;start_type=ATG;rbs_motif=AGGAGG;rbs_spacer=3-4bp;gc_cont=0.652
GCA_001672855.1_ASM167285v1_genomic	LZKM01000041.1_181	-	lolF.aln	-	4.8e-42	142.7	0.0	4.3e-32	109.9	0.0	2.1	2	0	0	2	2	2	2	# 185466 # 186983 # -1 # ID=41_181;partial=00;start_type=ATG;rbs_motif=GGA/GAG/AGG;rbs_spacer=11-12bp;gc_cont=0.634
GCA_001672855.1_ASM167285v1_genomic	LZKM01000009.1_57	-	lolF.aln	-	9.7e-42	141.7	0.0	1.5e-41	141.1	0.0	1.2	1	0	0	1	1	1	1	# 58808 # 60652 # 1 # ID=9_57;partial=00;start_type=ATG;rbs_motif=AGxAGG/AGGxGG;rbs_spacer=5-10bp;gc_cont=0.638
GCA_001672855.1_ASM167285v1_genomic	LZKM01000004.1_5	-	lolF.aln	-	8.5e-41	138.6	0.0	4.7e-26	89.9	0.1	2.0	2	0	0	2	2	2	2	# 4601 # 6139 # -1 # ID=4_5;partial=00;start_type=ATG;rbs_motif=AGGA;rbs_spacer=5-10bp;gc_cont=0.644
GCA_001672855.1_ASM167285v1_genomic	LZKM01000049.1_5	-	lolF.aln	-	2.4e-40	137.1	0.0	7.9e-32	109.0	0.0	2.0	1	1	0	2	2	2	2	# 2241 # 3725 # -1 # ID=49_5;partial=00;start_type=ATG;rbs_motif=None;rbs_spacer=None;gc_cont=0.635
GCA_001672855.1_ASM167285v1_genomic	LZKM01000057.1_101	-	lolF.aln	-	1.7e-39	134.3	0.0	4.9e-28	96.5	0.0	2.0	2	0	0	2	2	2	2	# 90352 # 92268 # 1 # ID=57_101;partial=00;start_type=GTG;rbs_motif=None;rbs_spacer=None;gc_cont=0.652
GCA_001672855.1_ASM167285v1_genomic	LZKM01000006.1_43	-	lolF.aln	-	9.3e-37	125.2	0.0	6.4e-20	69.7	0.0	2.1	2	0	0	2	2	2	2	# 45156 # 46676 # -1 # ID=6_43;partial=00;start_type=ATG;rbs_motif=None;rbs_spacer=None;gc_cont=0.639
GCA_001672855.1_ASM167285v1_genomic	LZKM01000094.1_28	-	lolF.aln	-	6.6e-36	122.4	0.0	3e-26	90.6	0.0	2.0	2	0	0	2	2	2	2	# 29478 # 30950 # -1 # ID=94_28;partial=00;start_type=ATG;rbs_motif=GGAGG;rbs_spacer=5-10bp;gc_cont=0.637
GCA_001672855.1_ASM167285v1_genomic	LZKM01000036.1_29	-	lolF.aln	-	2.8e-30	103.9	0.0	5.7e-21	73.1	0.0	2.1	2	0	0	2	2	2	2	# 27874 # 29799 # 1 # ID=36_29;partial=00;start_type=ATG;rbs_motif=None;rbs_spacer=None;gc_cont=0.627
GCA_001672855.1_ASM167285v1_genomic	LZKM01000025.1_46	-	lolF.aln	-	2.6e-26	90.7	0.0	1.2e-22	78.7	0.0	2.0	2	0	0	2	2	2	2	# 41743 # 43302 # 1 # ID=25_46;partial=00;start_type=ATG;rbs_motif=GGAGG;rbs_spacer=5-10bp;gc_cont=0.638
GCA_001672855.1_ASM167285v1_genomic	LZKM01000041.1_12	-	lolF.aln	-	7.7e-18	62.8	0.0	5e-17	60.1	0.0	1.9	2	0	0	2	2	2	1	# 11144 # 12625 # 1 # ID=41_12;partial=00;start_type=ATG;rbs_motif=AGGAGG;rbs_spacer=5-10bp;gc_cont=0.655
GCA_001672855.1_ASM167285v1_genomic	LZKM01000006.1_116	-	lolF.aln	-	1.1e-17	62.3	0.0	1.3e-15	55.5	0.0	2.1	1	1	1	2	2	2	1	# 127603 # 129126 # -1 # ID=6_116;partial=00;start_type=ATG;rbs_motif=GGA/GAG/AGG;rbs_spacer=5-10bp;gc_cont=0.615
GCA_001672855.1_ASM167285v1_genomic	LZKM01000034.1_143	-	lolF.aln	-	7.1e-17	59.6	0.0	4.1e-15	53.8	0.0	2.5	1	1	2	3	3	3	1	# 149074 # 150552 # -1 # ID=34_143;partial=00;start_type=ATG;rbs_motif=GGA/GAG/AGG;rbs_spacer=5-10bp;gc_cont=0.648
GCA_001672855.1_ASM167285v1_genomic	LZKM01000103.1_23	-	lolF.aln	-	5.9e-16	56.6	0.0	2.9e-14	51.0	0.0	2.2	2	0	0	2	2	2	1	# 26270 # 27739 # 1 # ID=103_23;partial=00;start_type=ATG;rbs_motif=None;rbs_spacer=None;gc_cont=0.632
GCA_001672855.1_ASM167285v1_genomic	LZKM01000105.1_6	-	lolF.aln	-	1.8e-08	31.9	0.0	2.9e-08	31.2	0.0	1.2	1	0	0	1	1	1	1	# 6560 # 8095 # -1 # ID=105_6;partial=00;start_type=ATG;rbs_motif=AGGAG;rbs_spacer=5-10bp;gc_cont=0.635
GCA_001672855.1_ASM167285v1_genomic	LZKM01000091.1_5	-	lolF.aln	-	4.2e-08	30.7	0.0	2.4e-07	28.2	0.0	2.0	2	1	0	2	2	2	1	# 3691 # 5520 # -1 # ID=91_5;partial=00;start_type=ATG;rbs_motif=None;rbs_spacer=None;gc_cont=0.646
GCA_001672855.1_ASM167285v1_genomic	LZKM01000041.1_10	-	lolF.aln	-	2.2e-05	21.7	0.1	3e-05	21.2	0.1	1.2	1	0	0	1	1	1	1	# 8738 # 10099 # -1 # ID=41_10;partial=00;start_type=GTG;rbs_motif=GGA/GAG/AGG;rbs_spacer=5-10bp;gc_cont=0.696
GCA_001672855.1_ASM167285v1_genomic	LZKM01000041.1_157	-	lolF.aln	-	0.00018	18.7	0.0	0.00029	18.0	0.0	1.2	1	0	0	1	1	1	1	# 161154 # 162506 # 1 # ID=41_157;partial=00;start_type=TTG;rbs_motif=AGGAG;rbs_spacer=5-10bp;gc_cont=0.613
GCA_001672855.1_ASM167285v1_genomic	LZKM01000105.1_4	-	lolF.aln	-	0.0002	18.6	0.4	0.00029	18.0	0.4	1.2	1	0	0	1	1	1	1	# 4269 # 5657 # -1 # ID=105_4;partial=00;start_type=ATG;rbs_motif=AGGAGG;rbs_spacer=5-10bp;gc_cont=0.647
GCA_001672855.1_ASM167285v1_genomic	LZKM01000083.1_34	-	lolF.aln	-	0.0011	16.1	0.1	0.0017	15.5	0.1	1.3	1	0	0	1	1	1	1	# 30490 # 31854 # 1 # ID=83_34;partial=00;start_type=ATG;rbs_motif=GGAGG;rbs_spacer=5-10bp;gc_cont=0.671
GCA_001672855.1_ASM167285v1_genomic	LZKM01000103.1_62	-	lolF.aln	-	0.0015	15.6	0.2	0.0021	15.2	0.2	1.1	1	0	0	1	1	1	1	# 62870 # 64117 # 1 # ID=103_62;partial=00;start_type=ATG;rbs_motif=None;rbs_spacer=None;gc_cont=0.642
GCA_001672855.1_ASM167285v1_genomic	LZKM01000009.1_9	-	lolF.aln	-	0.0022	15.1	0.1	0.0029	14.7	0.1	1.1	1	0	0	1	1	1	1	# 7097 # 8653 # -1 # ID=9_9;partial=00;start_type=GTG;rbs_motif=GGA/GAG/AGG;rbs_spacer=5-10bp;gc_cont=0.675
GCA_001672855.1_ASM167285v1_genomic	LZKM01000044.1_57	-	lolF.aln	-	0.0038	14.3	0.0	0.0058	13.7	0.0	1.2	1	0	0	1	1	1	1	# 51713 # 53419 # 1 # ID=44_57;partial=00;start_type=GTG;rbs_motif=GGA/GAG/AGG;rbs_spacer=5-10bp;gc_cont=0.658
GCA_001672855.1_ASM167285v1_genomic	LZKM01000103.1_9	-	lolF.aln	-	0.0047	14.0	0.1	0.0071	13.4	0.1	1.2	1	0	0	1	1	1	1	# 11360 # 12826 # 1 # ID=103_9;partial=00;start_type=ATG;rbs_motif=GGxGG;rbs_spacer=5-10bp;gc_cont=0.670
GCA_001672855.1_ASM167285v1_genomic	LZKM01000038.1_113	-	lolF.aln	-	0.0086	13.1	0.0	0.012	12.7	0.0	1.1	1	0	0	1	1	1	1	# 115785 # 117383 # 1 # ID=38_113;partial=00;start_type=ATG;rbs_motif=GGA/GAG/AGG;rbs_spacer=5-10bp;gc_cont=0.686
GCA_001672855.1_ASM167285v1_genomic	LZKM01000015.1_37	-	lolF.aln	-	0.011	12.7	0.0	0.019	12.0	0.0	1.2	1	0	0	1	1	1	0	# 43334 # 44836 # -1 # ID=15_37;partial=00;start_type=GTG;rbs_motif=GGAGG;rbs_spacer=5-10bp;gc_cont=0.689
GCA_001672855.1_ASM167285v1_genomic	LZKM01000106.1_55	-	lolF.aln	-	0.059	10.4	0.0	0.093	9.7	0.0	1.2	1	0	0	1	1	1	0	# 53444 # 55180 # 1 # ID=106_55;partial=00;start_type=ATG;rbs_motif=None;rbs_spacer=None;gc_cont=0.664
GCA_001672855.1_ASM167285v1_genomic	LZKM01000044.1_5	-	lolF.aln	-	0.066	10.2	0.0	0.087	9.8	0.0	1.1	1	0	0	1	1	1	0	# 1770 # 3413 # -1 # ID=44_5;partial=00;start_type=ATG;rbs_motif=None;rbs_spacer=None;gc_cont=0.686
GCA_001672855.1_ASM167285v1_genomic	LZKM01000019.1_165	-	lolF.aln	-	0.067	10.2	0.1	0.098	9.7	0.1	1.1	1	0	0	1	1	1	0	# 158619 # 159974 # 1 # ID=19_165;partial=00;start_type=GTG;rbs_motif=None;rbs_spacer=None;gc_cont=0.712
GCA_001672855.1_ASM167285v1_genomic	LZKM01000019.1_117	-	lolF.aln	-	0.082	9.9	0.1	0.37	7.8	0.0	1.9	2	0	0	2	2	2	0	# 110501 # 111916 # -1 # ID=19_117;partial=00;start_type=ATG;rbs_motif=None;rbs_spacer=None;gc_cont=0.646
GCA_002044645.1_ASM204464v1_genomic	MYXM01000003.1_212	-	lolF.aln	-	0.0013	15.5	0.0	0.0023	14.8	0.0	1.3	1	0	0	1	1	1	1	# 204845 # 206131 # -1 # ID=33_212;partial=00;start_type=ATG;rbs_motif=AGGAG;rbs_spacer=5-10bp;gc_cont=0.555
GCA_002044645.1_ASM204464v1_genomic	MYXM01000006.1_98	-	lolF.aln	-	0.043	10.6	0.0	0.07	9.9	0.0	1.2	1	0	0	1	1	1	0	# 106971 # 108395 # -1 # ID=66_98;partial=00;start_type=ATG;rbs_motif=GGAG/GAGG;rbs_spacer=5-10bp;gc_cont=0.541
GCA_002044645.1_ASM204464v1_genomic	MYXM01000002.1_71	-	lolF.aln	-	0.065	10.0	0.1	0.2	8.4	0.0	1.7	2	0	0	2	2	2	0	# 76425 # 77990 # -1 # ID=22_71;partial=00;start_type=ATG;rbs_motif=GGAG/GAGG;rbs_spacer=5-10bp;gc_cont=0.551
GCA_002098335.1_ASM209833v1_genomic	MWGN01000013.1_80	-	lolF.aln	-	0.026	10.8	0.2	0.058	9.6	0.0	1.5	2	0	0	2	2	2	0	# 95096 # 96565 # 1 # ID=76_80;partial=00;start_type=ATG;rbs_motif=GGAGG;rbs_spacer=5-10bp;gc_cont=0.524
GCA_002201815.1_ASM220181v1_genomic	CP021896.1_1930	-	lolF.aln	-	0.06	10.0	0.1	0.19	8.3	0.0	1.7	2	0	0	2	2	2	0	# 2110651 # 2112216 # 1 # ID=1_1930;partial=00;start_type=ATG;rbs_motif=GGAG/GAGG;rbs_spacer=5-10bp;gc_cont=0.577
GCA_002220885.1_ASM222088v1_genomic	NHNF01000010.1_11	-	lolF.aln	-	0.017	11.1	0.2	0.061	9.3	0.0	1.9	2	0	0	2	2	2	0	# 11373 # 12506 # -1 # ID=6_11;partial=00;start_type=ATG;rbs_motif=GGAGG;rbs_spacer=5-10bp;gc_cont=0.301
GCA_002247505.1_ASM224750v1_genomic	NQBI01000118.1_190	-	lolF.aln	-	0.035	10.8	0.1	0.18	8.5	0.1	1.9	2	0	0	2	2	2	0	# 208953 # 210242 # 1 # ID=1_190;partial=00;start_type=ATG;rbs_motif=GGAG/GAGG;rbs_spacer=5-10bp;gc_cont=0.543
GCA_002247505.1_ASM224750v1_genomic	NQBI01000071.1_297	-	lolF.aln	-	0.043	10.5	0.0	0.069	9.9	0.0	1.2	1	0	0	1	1	1	0	# 335394 # 336818 # 1 # ID=78_297;partial=00;start_type=ATG;rbs_motif=GGAG/GAGG;rbs_spacer=5-10bp;gc_cont=0.532
GCA_002291925.1_ASM229192v1_genomic	DBAY01000004.1_27	-	lolF.aln	-	0.0039	12.8	0.4	0.0056	12.3	0.0	1.4	2	0	0	2	2	2	1	# 30620 # 32008 # 1 # ID=27_27;partial=00;start_type=ATG;rbs_motif=GGA/GAG/AGG;rbs_spacer=5-10bp;gc_cont=0.629
GCA_002291925.1_ASM229192v1_genomic	DBAY01000004.1_42	-	lolF.aln	-	0.017	10.7	0.0	0.03	9.9	0.0	1.3	1	0	0	1	1	1	0	# 44363 # 45325 # 1 # ID=27_42;partial=00;start_type=ATG;rbs_motif=None;rbs_spacer=None;gc_cont=0.640
GCA_002326875.1_ASM232687v1_genomic	NTET01000028.1_127	-	lolF.aln	-	0.029	11.0	0.0	0.15	8.7	0.0	1.9	2	0	0	2	2	2	0	# 133775 # 135064 # 1 # ID=108_127;partial=00;start_type=ATG;rbs_motif=GGAG/GAGG;rbs_spacer=5-10bp;gc_cont=0.547
GCA_002326875.1_ASM232687v1_genomic	NTET01000001.1_156	-	lolF.aln	-	0.039	10.5	0.0	0.063	9.9	0.0	1.2	1	0	0	1	1	1	0	# 178337 # 179761 # 1 # ID=97_156;partial=00;start_type=ATG;rbs_motif=GGAG/GAGG;rbs_spacer=5-10bp;gc_cont=0.531
GCA_002342325.1_ASM234232v1_genomic	DDPT01000050.1_20	-	lolF.aln	-	0.0011	14.2	0.0	0.0017	13.6	0.0	1.2	1	0	0	1	1	1	1	# 14778 # 16184 # -1 # ID=24_20;partial=00;start_type=ATG;rbs_motif=AATAA;rbs_spacer=14bp;gc_cont=0.400
GCA_002464245.1_ASM246424v1_genomic	NTPF01000031.1_8	-	lolF.aln	-	3.9e-05	20.7	0.0	5.1e-05	20.3	0.0	1.1	1	0	0	1	1	1	1	# 5767 # 6747 # -1 # ID=57_8;partial=00;start_type=ATG;rbs_motif=AGGA;rbs_spacer=5-10bp;gc_cont=0.497
GCA_002464245.1_ASM246424v1_genomic	NTPF01000018.1_37	-	lolF.aln	-	0.021	11.7	0.0	0.17	8.7	0.0	2.0	2	0	0	2	2	2	0	# 33842 # 35131 # -1 # ID=42_37;partial=00;start_type=ATG;rbs_motif=GGAG/GAGG;rbs_spacer=5-10bp;gc_cont=0.546
GCA_002464245.1_ASM246424v1_genomic	NTPF01000011.1_85	-	lolF.aln	-	0.045	10.5	0.0	0.072	9.9	0.0	1.2	1	0	0	1	1	1	0	# 93325 # 94749 # -1 # ID=22_85;partial=00;start_type=ATG;rbs_motif=GGAG/GAGG;rbs_spacer=5-10bp;gc_cont=0.530
GCA_002703345.1_ASM270334v1_genomic	NZTM01000022.1_5	-	lolF.aln	-	5.2e-05	18.3	0.0	7.9e-05	17.7	0.0	1.1	1	0	0	1	1	1	1	# 2843 # 4402 # -1 # ID=19_5;partial=00;start_type=ATG;rbs_motif=None;rbs_spacer=None;gc_cont=0.442
GCA_002703345.1_ASM270334v1_genomic	NZTM01000028.1_35	-	lolF.aln	-	0.0036	12.2	0.0	0.0054	11.7	0.0	1.2	1	0	0	1	1	1	1	# 32043 # 33428 # -1 # ID=25_35;partial=00;start_type=ATG;rbs_motif=AGGA;rbs_spacer=5-10bp;gc_cont=0.412
GCA_002703345.1_ASM270334v1_genomic	NZTM01000008.1_23	-	lolF.aln	-	0.0061	11.5	0.0	0.013	10.4	0.0	1.4	1	1	0	1	1	1	1	# 21177 # 22334 # 1 # ID=5_23;partial=01;start_type=ATG;rbs_motif=None;rbs_spacer=None;gc_cont=0.397
GCA_002703345.1_ASM270334v1_genomic	NZTM01000018.1_9	-	lolF.aln	-	0.0062	11.5	0.0	0.011	10.6	0.0	1.5	1	0	0	1	1	1	1	# 8039 # 9214 # -1 # ID=15_9;partial=00;start_type=ATG;rbs_motif=None;rbs_spacer=None;gc_cont=0.396
GCA_002703345.1_ASM270334v1_genomic	NZTM01000030.1_22	-	lolF.aln	-	0.0064	11.4	0.0	0.0088	10.9	0.0	1.2	1	0	0	1	1	1	1	# 20698 # 22092 # -1 # ID=27_22;partial=00;start_type=ATG;rbs_motif=AGxAGG/AGGxGG;rbs_spacer=5-10bp;gc_cont=0.425
GCA_002753015.1_ASM275301v1_genomic	CP024504.1_3478	-	lolF.aln	-	0.068	10.1	0.1	0.42	7.5	0.0	1.9	2	0	0	2	2	2	0	# 3720407 # 3721972 # -1 # ID=1_3478;partial=00;start_type=ATG;rbs_motif=AGGAG;rbs_spacer=5-10bp;gc_cont=0.584
