tax_id,Org_name,GeneID,CurrentID,Status,Symbol,Aliases,description,other_designations,map_location,chromosome,genomic_nucleotide_accession.version,start_position_on_the_genomic_accession,end_position_on_the_genomic_accession,orientation,exon_count,OMIM,
511145,Escherichia coli str. K-12 substr. MG1655,948989,0,live,lolA,"b0891, ECK0882, lplA, yzzV",outer membrane lipoprotein carrier protein,outer membrane lipoprotein carrier protein,,,NC_000913.3,937372,937983,plus,0,,
768492,Serratia plymuthica AS9,57666468,0,live,lolA,"SERAS9_RS08385, SerAS9_1665",outer membrane lipoprotein chaperone LolA,outer membrane lipoprotein chaperone LolA,,,NC_015567.1,1799899,1800510,plus,0,,
485,Neisseria gonorrhoeae,66752536,0,live,lolA,"HT085_RS01385, TUM19854C_02510",outer membrane lipoprotein chaperone LolA,outer membrane lipoprotein chaperone LolA,,,,,,,,,
108981,Acinetobacter schindleri,58162448,0,live,lolA,"FSC11_RS03940, FSC11_03935",outer membrane lipoprotein chaperone LolA,outer membrane lipoprotein chaperone LolA,,,,,,,,,
645,Aeromonas salmonicida,79880224,0,live,lolA,"ONZ54_RS13465, ONZ54_13475",outer membrane lipoprotein chaperone LolA,outer membrane lipoprotein chaperone LolA,,,,,,,,,
363952,Comamonas thiooxydans,69558586,0,live,lolA,"Cthiooxydans_RS04650, Cthiooxydans_08890",outer membrane lipoprotein chaperone LolA,outer membrane lipoprotein chaperone LolA,,,,,,,,,
316,Stutzerimonas stutzeri,66821230,0,live,lolA,"PszF2a_RS10015, PszF2a_19580",outer membrane lipoprotein chaperone LolA,outer membrane lipoprotein chaperone LolA,,,,,,,,,
47883,Pseudomonas synxantha,61831400,0,live,lolA,"C4K01_RS17990, C4K01_3632",outer membrane lipoprotein chaperone LolA,outer membrane lipoprotein chaperone LolA,,,,,,,,,
29430,Acinetobacter haemolyticus,56328363,0,live,lolA,DS737_RS03715,outer membrane lipoprotein chaperone LolA,outer membrane lipoprotein chaperone LolA,,,,,,,,,
487909,Xanthomonas translucens pv. undulosa,66887015,0,live,lolA,"ISN38_RS00150, ISN38_00150",outer membrane lipoprotein chaperone LolA,outer membrane lipoprotein chaperone LolA,,,,,,,,,
549,Pantoea agglomerans,66826484,0,live,lolA,"I6L77_RS14870, I6L77_14870",outer membrane lipoprotein chaperone LolA,outer membrane lipoprotein chaperone LolA,,,,,,,,,
61652,Serratia rubidaea,61765112,0,live,lolA,"I6G83_RS15030, I6G83_15030",outer membrane lipoprotein chaperone LolA,outer membrane lipoprotein chaperone LolA,,,,,,,,,
299767,Enterobacter ludwigii,45814581,0,live,lolA,"BH714_RS03485, BH714_03485",outer membrane lipoprotein chaperone LolA,outer membrane lipoprotein chaperone LolA,,,,,,,,,
321846,Pseudomonas simiae,45623851,0,live,lolA,"PF1751_RS16185, PF1751_v1c32170",outer membrane lipoprotein chaperone LolA,outer membrane lipoprotein chaperone LolA,,,,,,,,,
2587529,Klebsiella pasteurii,77224402,0,live,lolA,"KCG39_RS00495, KCG39_00495",outer membrane lipoprotein chaperone LolA,outer membrane lipoprotein chaperone LolA,,,,,,,,,
1450527,Francisella tularensis subsp. novicida D9876,75264205,0,live,lolA,"AQ14_RS02865, AQ14_576",outer membrane lipoprotein chaperone LolA,outer membrane lipoprotein chaperone LolA,,,,,,,,,
1094184,Xanthomonas vasicola pv. musacearum NCPPB 4379,69689990,0,live,lolA,"KWO_RS10500, KWO_010500",outer membrane lipoprotein chaperone LolA,outer membrane lipoprotein chaperone LolA,,,,,,,,,
546367,Hafnia paralvei,69638093,0,live,lolA,"K9N75_RS08600, K9N75_08600",outer membrane lipoprotein chaperone LolA,outer membrane lipoprotein chaperone LolA,,,,,,,,,
28090,Acinetobacter lwoffii,69584325,0,live,lolA,"J7649_RS14140, J7649_14140",outer membrane lipoprotein chaperone LolA,outer membrane lipoprotein chaperone LolA,,,,,,,,,
1134687,Klebsiella michiganensis,66560773,0,live,lolA,"JLG71_RS18555, THOKLE011_36270",outer membrane lipoprotein chaperone LolA,outer membrane lipoprotein chaperone LolA,,,,,,,,,
572265,Candidatus Hamiltonella defensa 5AT (Acyrthosiphon pisum),66260637,0,live,lolA,"HDEF_RS03805, HDEF_0798",outer membrane lipoprotein chaperone LolA,outer membrane lipoprotein chaperone LolA,,,NC_012751.1,793960,794571,plus,0,,
1095774,Pantoea ananatis PA13,57268854,0,live,lolA,"PAGR_RS14300, PAGR_g2805",outer membrane lipoprotein chaperone LolA,outer membrane lipoprotein chaperone LolA,,,NC_017554.1,3038487,3039098,minus,0,,
930166,Pseudomonas brassicacearum,57260283,0,live,lolA,"ELZ14_RS19100, ELZ14_19095",outer membrane lipoprotein chaperone LolA,outer membrane lipoprotein chaperone LolA,,,,,,,,,
180957,Pectobacterium brasiliense,57244100,0,live,lolA,"GT391_RS16230, GT391_16230",outer membrane lipoprotein chaperone LolA,outer membrane lipoprotein chaperone LolA,,,,,,,,,
190895,Vibrio rotiferianus,47656278,0,live,lolA,"BSZ04_RS13535, BSZ04_13390",outer membrane lipoprotein chaperone LolA,outer membrane lipoprotein chaperone LolA,,2,,,,,,,
104087,Pseudomonas frederiksbergensis,46907105,0,live,lolA,"BLL42_RS02735, BLL42_02665",outer membrane lipoprotein chaperone LolA,outer membrane lipoprotein chaperone LolA,,,,,,,,,
62977,Acinetobacter baylyi ADP1,45235167,0,live,lolA,"ACIAD_RS13260, ACIAD2937",outer membrane lipoprotein chaperone LolA,outer membrane lipoprotein chaperone LolA,,,NC_005966.1,2866380,2867072,minus,0,,
743972,Actinobacillus suis ATCC 33415,34291905,0,live,lolA,"ASU1_RS04285, ASU1_04225",outer membrane lipoprotein chaperone LolA,outer membrane lipoprotein chaperone LolA,,,,,,,,,
1163748,Marinobacter nauticus ATCC 49840,31821198,0,live,lolA,"MARHY_RS08340, MARHY1737",outer membrane lipoprotein chaperone LolA,outer membrane lipoprotein chaperone LolA,,,NC_017067.1,1816327,1816947,plus,0,,
228400,Histophilus somni 2336,31487585,0,live,lolA,"HSM_RS06635, HSM_1283",outer membrane lipoprotein chaperone LolA,outer membrane lipoprotein chaperone LolA,,,NC_010519.1,1463476,1464090,minus,0,,
693973,Shewanella baltica OS678,11772450,0,live,lolA,"SBAL678_RS34990, Sbal678_2324",outer membrane lipoprotein chaperone LolA,outer membrane lipoprotein chaperone LolA,,,NC_016901.1,2689018,2689644,minus,0,,
436717,Acinetobacter oleivorans DR1,9381131,0,live,lolA,"AOLE_RS03690, AOLE_03565",outer membrane lipoprotein chaperone LolA,outer membrane lipoprotein chaperone LolA,,,NC_014259.1,766999,767694,plus,0,,
529507,Proteus mirabilis HI4320,6802170,0,live,lolA,"PMI_RS03435, PMI0698",outer membrane lipoprotein chaperone LolA,outer membrane lipoprotein chaperone LolA,,,NC_010554.1,762534,763139,plus,0,,
223926,Vibrio parahaemolyticus RIMD 2210633,1188611,0,live,lolA,"VP_RS05385, VP1106",outer membrane lipoprotein chaperone LolA,outer membrane lipoprotein chaperone LolA,,1,NC_004603.1,1165779,1166405,plus,0,,
622,Shigella dysenteriae,75170966,0,live,lolA,"HUZ68_RS08230, HUZ68_08145",outer membrane lipoprotein chaperone LolA,outer membrane lipoprotein chaperone LolA,,,,,,,,,
663,Vibrio alginolyticus,75168171,0,live,lolA,"NAL94_RS18170, NAL94_18175",outer membrane lipoprotein chaperone LolA,outer membrane lipoprotein chaperone LolA,,2,,,,,,,
564,Escherichia fergusonii,75057909,0,live,lolA,"LA347_RS08815, LA347_08815",outer membrane lipoprotein chaperone LolA,outer membrane lipoprotein chaperone LolA,,,,,,,,,
563797,Pseudomonas coronafaciens pv. oryzae str. 1_6,72393569,0,live,lolA,"POR16_RS14420, POR16_14420",outer membrane lipoprotein chaperone LolA,outer membrane lipoprotein chaperone LolA,,,,,,,,,
57706,Citrobacter braakii,66275220,0,live,lolA,"GFC06_RS19785, GFC06_19785",outer membrane lipoprotein chaperone LolA,outer membrane lipoprotein chaperone LolA,,,,,,,,,
349966,Yersinia frederiksenii ATCC 33641,57906425,0,live,lolA,"DJ58_RS15415, DJ58_2420",outer membrane lipoprotein chaperone LolA,outer membrane lipoprotein chaperone LolA,,,,,,,,,
76761,Pseudomonas veronii,47557313,0,live,lolA,"PverR02_RS19450, PverR02_19335",outer membrane lipoprotein chaperone LolA,outer membrane lipoprotein chaperone LolA,,,,,,,,,
1159491,Cronobacter malonaticus LMG 23826,45716126,0,live,lolA,"AFK66_RS12380, AFK66_012755",outer membrane lipoprotein chaperone LolA,outer membrane lipoprotein chaperone LolA,,,,,,,,,
1159554,Cronobacter dublinensis subsp. dublinensis LMG 23823,45666143,0,live,lolA,"AFK67_RS07160, AFK67_07160",outer membrane lipoprotein chaperone LolA,outer membrane lipoprotein chaperone LolA,,,,,,,,,
398578,Delftia acidovorans SPH-1,24118396,0,live,lolA,"DACI_RS27120, Daci_5362",outer membrane lipoprotein chaperone LolA,outer membrane lipoprotein chaperone LolA,,,NC_010002.1,5946940,5947575,minus,0,,
223283,Pseudomonas syringae pv. tomato str. DC3000,1185007,0,live,lolA,"PSPTO_RS17310, PSPTO3348, PSPTO_3348",outer membrane lipoprotein chaperone LolA,outer membrane lipoprotein chaperone LolA,,,NC_004578.1,3783812,3784435,minus,0,,
170679,Vibrio chagasii,77340913,0,live,lolA,OCV52_RS05310,outer membrane lipoprotein chaperone LolA,outer membrane lipoprotein chaperone LolA,,1,,,,,,,
1035377,Yersinia pestis A1122,57977173,0,live,lolA,"A1122_RS19065, A1122_19010",outer membrane lipoprotein chaperone LolA,outer membrane lipoprotein chaperone LolA,,,NC_017168.1,4084354,4084962,plus,0,,
1453495,Yersinia aldovae 670-83,45570204,0,live,lolA,"AT01_RS04850, AT01_984",outer membrane lipoprotein chaperone LolA,outer membrane lipoprotein chaperone LolA,,,,,,,,,
280147,Acinetobacter courvalinii,80105302,0,live,lolA,"IEV39_RS13730, GCM10007354_27140",outer membrane lipoprotein chaperone LolA,outer membrane lipoprotein chaperone LolA,,,,,,,,,
359110,Pseudomonas extremaustralis,78552557,0,live,lolA,"BLR63_RS05115, SAMN05216591_1045",outer membrane lipoprotein chaperone LolA,outer membrane lipoprotein chaperone LolA,,I,,,,,,,
735,Haemophilus parahaemolyticus,78223778,0,live,lolA,"I6J29_RS03575, I6J29_03575",outer membrane lipoprotein chaperone LolA,outer membrane lipoprotein chaperone LolA,,,,,,,,,
317,Pseudomonas syringae,77278989,0,live,lolA,"KIJ28_RS15090, KIJ28_15090",outer membrane lipoprotein chaperone LolA,outer membrane lipoprotein chaperone LolA,,,,,,,,,
1121910,Gallibacterium anatis DSM 16844 = F 149,77264302,0,live,lolA,"IE01_RS09325, IE01_09585",outer membrane lipoprotein chaperone LolA,outer membrane lipoprotein chaperone LolA,,,,,,,,,
2994495,Pseudomonas paraeruginosa,77220849,0,live,lolA,"B7D75_RS11945, B7D75_11940",outer membrane lipoprotein chaperone LolA,outer membrane lipoprotein chaperone LolA,,,,,,,,,
714,Aggregatibacter actinomycetemcomitans,77212339,0,live,lolA,LIN98_RS09415,outer membrane lipoprotein chaperone LolA,outer membrane lipoprotein chaperone LolA,,,,,,,,,
747,Pasteurella multocida,77207609,0,live,lolA,"A6J57_RS07860, A6J57_07845",outer membrane lipoprotein chaperone LolA,outer membrane lipoprotein chaperone LolA,,,,,,,,,
621,Shigella boydii,75206168,0,live,lolA,"CEH00_RS23040, CEH00_23055",outer membrane lipoprotein chaperone LolA,outer membrane lipoprotein chaperone LolA,,,,,,,,,
200454,Pseudomonas tremae,73735336,0,live,lolA,"I9H09_RS10860, I9H09_10840",outer membrane lipoprotein chaperone LolA,outer membrane lipoprotein chaperone LolA,,,,,,,,,
1263550,Edwardsiella piscicida,72528999,0,live,lolA,"L1P05_RS10515, L1P05_10515",outer membrane lipoprotein chaperone LolA,outer membrane lipoprotein chaperone LolA,,,,,,,,,
2666183,Pseudomonas juntendi,72421167,0,live,lolA,"L1P09_RS16170, L1P09_16170",outer membrane lipoprotein chaperone LolA,outer membrane lipoprotein chaperone LolA,,,,,,,,,
296,Pseudomonas fragi,72389295,0,live,lolA,"IS178_RS16035, IS178_16035",outer membrane lipoprotein chaperone LolA,outer membrane lipoprotein chaperone LolA,,,,,,,,,
29438,Pseudomonas savastanoi,69860118,0,live,lolA,"KP808_RS15295, KP808_15260",outer membrane lipoprotein chaperone LolA,outer membrane lipoprotein chaperone LolA,,,,,,,,,
2026240,Klebsiella quasivariicola,69756189,0,live,lolA,"LGM30_RS17290, LGM30_17325",outer membrane lipoprotein chaperone LolA,outer membrane lipoprotein chaperone LolA,,,,,,,,,
67780,Edwardsiella ictaluri,69539398,0,live,lolA,"DB741_RS11375, DB741_11365",outer membrane lipoprotein chaperone LolA,outer membrane lipoprotein chaperone LolA,,,,,,,,,
106648,Acinetobacter bereziniae,69461399,0,live,lolA,"I9192_RS05135, I9192_05135",outer membrane lipoprotein chaperone LolA,outer membrane lipoprotein chaperone LolA,,,,,,,,,
1201031,Pectobacterium aroidearum,67793723,0,live,lolA,"I2D83_RS09460, I2D83_09460",outer membrane lipoprotein chaperone LolA,outer membrane lipoprotein chaperone LolA,,,,,,,,,
195709,Xanthomonas arboricola pv. juglandis,67406928,0,live,lolA,"KHN93_RS10720, XCY_002144",outer membrane lipoprotein chaperone LolA,outer membrane lipoprotein chaperone LolA,,1,,,,,,,
680,Vibrio campbellii,67377753,0,live,lolA,"C1N50_RS10590, C1N50_10585",outer membrane lipoprotein chaperone LolA,outer membrane lipoprotein chaperone LolA,,1,,,,,,,
75985,Mannheimia haemolytica,67368782,0,live,lolA,"CKG22_RS05890, CKG22_05890",outer membrane lipoprotein chaperone LolA,outer membrane lipoprotein chaperone LolA,,,,,,,,,
158877,Yokenella regensburgei,66903959,0,live,lolA,"C7387_RS09525, C7387_1933",outer membrane lipoprotein chaperone LolA,outer membrane lipoprotein chaperone LolA,,,,,,,,,
29486,Yersinia ruckeri,66879095,0,live,lolA,"YR821_RS06360, YR821_1306",outer membrane lipoprotein chaperone LolA,outer membrane lipoprotein chaperone LolA,,,,,,,,,
69218,Enterobacter cancerogenus,66611117,0,live,lolA,K3T75_RS08580,outer membrane lipoprotein chaperone LolA,outer membrane lipoprotein chaperone LolA,,,,,,,,,
536,Chromobacterium violaceum,66367298,0,live,lolA,"I6K03_RS14430, I6K03_14430",outer membrane lipoprotein chaperone LolA,outer membrane lipoprotein chaperone LolA,,,,,,,,,
1217716,Acinetobacter ursingii NIPH 706,66211844,0,live,lolA,"F943_RS08220, F943_01699",outer membrane lipoprotein chaperone LolA,outer membrane lipoprotein chaperone LolA,,,,,,,,,
200452,Pseudomonas congelans,65074517,0,live,lolA,"BLR20_RS06510, SAMN05216596_1011279",outer membrane lipoprotein chaperone LolA,outer membrane lipoprotein chaperone LolA,,,,,,,,,
757414,Pseudomonas cannabina pv. alisalensis,64465368,0,live,lolA,"JGS08_RS11010, JGS08_11010",outer membrane lipoprotein chaperone LolA,outer membrane lipoprotein chaperone LolA,,,,,,,,,
573066,Pseudomonas amygdali pv. tabaci str. ATCC 11528,61870588,0,live,lolA,"PSYTB_RS16965, PSYTB_16970",outer membrane lipoprotein chaperone LolA,outer membrane lipoprotein chaperone LolA,,,,,,,,,
43658,Pseudoalteromonas rubra,61358141,0,live,lolA,"PRUB_RS12425, PRUB_a0353",outer membrane lipoprotein chaperone LolA,outer membrane lipoprotein chaperone LolA,,,,,,,,,
554,Pectobacterium carotovorum,61348376,0,live,lolA,"HER17_RS12350, HER17_12390",outer membrane lipoprotein chaperone LolA,outer membrane lipoprotein chaperone LolA,,,,,,,,,
758,Rodentibacter pneumotropicus,61267072,0,live,lolA,TR34_RS05500,outer membrane lipoprotein chaperone LolA,outer membrane lipoprotein chaperone LolA,,,,,,,,,
66269,Pantoea stewartii,61254701,0,live,lolA,"G5574_RS20210, G5574_20210",outer membrane lipoprotein chaperone LolA,outer membrane lipoprotein chaperone LolA,,,,,,,,,
661,Photobacterium angustum,61229570,0,live,lolA,"C0W36_RS10770, C0W36_10755",outer membrane lipoprotein chaperone LolA,outer membrane lipoprotein chaperone LolA,,,,,,,,,
539,Eikenella corrodens,60770941,0,live,lolA,"CKV94_RS10420, SAMEA4412678_02050",outer membrane lipoprotein chaperone LolA,outer membrane lipoprotein chaperone LolA,,1,,,,,,,
1785128,Acinetobacter lactucae,60752878,0,live,lolA,HLV59_RS03680,outer membrane lipoprotein chaperone LolA,outer membrane lipoprotein chaperone LolA,,,,,,,,,
637390,Acidithiobacillus thiooxidans ATCC 19377,60694880,0,live,lolA,"GCD22_RS02270, GCD22_00464",outer membrane lipoprotein chaperone LolA,outer membrane lipoprotein chaperone LolA,,,,,,,,,
470934,Pantoea vagans,58738697,0,live,lolA,"EGO56_RS12840, EGO56_12840",outer membrane lipoprotein chaperone LolA,outer membrane lipoprotein chaperone LolA,,,,,,,,,
1191460,Acinetobacter venetianus RAG-1 = CIP 110063,58193269,0,live,lolA,"F959_RS01755, F959_00350",outer membrane lipoprotein chaperone LolA,outer membrane lipoprotein chaperone LolA,,,,,,,,,
359385,Xanthomonas campestris pv. raphani,58013470,0,live,lolA,"AD14011_RS10860, AD14011_10875",outer membrane lipoprotein chaperone LolA,outer membrane lipoprotein chaperone LolA,,,,,,,,,
349967,Yersinia mollaretii ATCC 43969,57919730,0,live,lolA,"HRD69_RS18045, HRD69_18045",outer membrane lipoprotein chaperone LolA,outer membrane lipoprotein chaperone LolA,,,,,,,,,
1225174,Ectopseudomonas mendocina S5.2,57606650,0,live,lolA,"DW68_RS12290, DW68_012295",outer membrane lipoprotein chaperone LolA,outer membrane lipoprotein chaperone LolA,,,,,,,,,
47885,Pseudomonas oryzihabitans,57561642,0,live,lolA,FSV80_RS22095,outer membrane lipoprotein chaperone LolA,outer membrane lipoprotein chaperone LolA,,,,,,,,,
1124983,Pseudomonas protegens CHA0,57476946,0,live,lolA,"PPRCHA0_RS20275, PPRCHA0_3926",outer membrane lipoprotein chaperone LolA,outer membrane lipoprotein chaperone LolA,,1,,,,,,,
126385,Providencia alcalifaciens,57294364,0,live,lolA,"CO695_RS17520, CO695_17520",outer membrane lipoprotein chaperone LolA,outer membrane lipoprotein chaperone LolA,,,,,,,,,
28141,Cronobacter sakazakii,56731214,0,live,lolA,"CsakCS931_RS08970, CsakCS931_29175",outer membrane lipoprotein chaperone LolA,outer membrane lipoprotein chaperone LolA,,,,,,,,,
1217662,Acinetobacter johnsonii ANC 3681,56339712,0,live,lolA,"F946_RS12590, F946_02556",outer membrane lipoprotein chaperone LolA,outer membrane lipoprotein chaperone LolA,,,,,,,,,
564423,Pseudomonas tolaasii NCPPB 2192,55847178,0,live,lolA,"ATI14_RS19435, ATI14_4053",outer membrane lipoprotein chaperone LolA,outer membrane lipoprotein chaperone LolA,,,,,,,,,
78398,Pectobacterium odoriferum,51390012,0,live,lolA,"EO763_RS12885, EO763_13090",outer membrane lipoprotein chaperone LolA,outer membrane lipoprotein chaperone LolA,,,,,,,,,
29494,Vibrio furnissii,50535892,0,live,lolA,"FIU11_RS12040, FIU11_12040",outer membrane lipoprotein chaperone LolA,outer membrane lipoprotein chaperone LolA,,1,,,,,,,
47951,Vibrio cyclitrophicus,50230438,0,live,lolA,"FAZ90_RS09750, FAZ90_09750",outer membrane lipoprotein chaperone LolA,outer membrane lipoprotein chaperone LolA,,1,,,,,,,
985008,Aggregatibacter aphrophilus ATCC 33389,49635117,0,live,lolA,"EL144_RS03440, NCTC5906_00694",outer membrane lipoprotein chaperone LolA,outer membrane lipoprotein chaperone LolA,,1,,,,,,,
70775,Pseudomonas plecoglossicida,49612951,0,live,lolA,"DVB73_RS05930, DVB73_05925",outer membrane lipoprotein chaperone LolA,outer membrane lipoprotein chaperone LolA,,,,,,,,,
33069,Pseudomonas viridiflava,47764925,0,live,lolA,"CFBP1590_RS16175, CFBP1590__3273",outer membrane lipoprotein chaperone LolA,outer membrane lipoprotein chaperone LolA,,I,,,,,,,
29485,Yersinia rohdei,45566379,0,live,lolA,"CH64_RS05130, CH64_1044",outer membrane lipoprotein chaperone LolA,outer membrane lipoprotein chaperone LolA,,,,,,,,,
1356861,Francisella orientalis LADL 07-285A,45432475,0,live,lolA,"M973_RS01720, M973_01835",outer membrane lipoprotein chaperone LolA,outer membrane lipoprotein chaperone LolA,,,NC_023029.1,313261,313878,minus,0,,
280145,Acinetobacter colistiniresistens,45419877,0,live,lolA,"F907_RS17185, F907_03397",outer membrane lipoprotein chaperone LolA,outer membrane lipoprotein chaperone LolA,,,,,,,,,
150340,Vibrio antiquarius,45028075,0,live,lolA,"VEA_RS11645, VEA_003878",outer membrane lipoprotein chaperone LolA,outer membrane lipoprotein chaperone LolA,,1,NC_013456.1,2507065,2507691,minus,0,,
676,Vibrio fluvialis,29385329,0,live,lolA,"AL536_RS34630, AL536_11820",outer membrane lipoprotein chaperone LolA,outer membrane lipoprotein chaperone LolA,,2,,,,,,,
28080,Campylobacter upsaliensis,77230458,0,live,lolA,"LDP95_RS02685, CU197059_000537",LolA-like outer membrane lipoprotein chaperone,LolA-like outer membrane lipoprotein chaperone,,1,,,,,,,
827,Campylobacter ureolyticus,77175769,0,live,lolA,"CURT_RS04480, CURT_0868",LolA-like outer membrane lipoprotein chaperone,LolA-like outer membrane lipoprotein chaperone,,,,,,,,,
35817,Helicobacter heilmannii,76197504,0,live,lolA,"AOG36_RS06505, HHE01_08140",LolA-like outer membrane lipoprotein chaperone,LolA-like outer membrane lipoprotein chaperone,,,,,,,,,
195,Campylobacter coli,66544150,0,live,lolA,"FOC43_RS03205, FOC43_03205",LolA-like outer membrane lipoprotein chaperone,LolA-like outer membrane lipoprotein chaperone,,,,,,,,,
200,Campylobacter curvus,61002404,0,live,lolA,"CCVT_RS05585, CCVT_1110",LolA-like outer membrane lipoprotein chaperone,LolA-like outer membrane lipoprotein chaperone,,,,,,,,,
204,Campylobacter showae,60990564,0,live,lolA,"CSHOW_RS05825, CSHOW_1155",LolA-like outer membrane lipoprotein chaperone,LolA-like outer membrane lipoprotein chaperone,,,,,,,,,
1235804,Helicobacter bilis WiWa,60655654,0,live,lolA,"C826_RS00815, C826_00164",LolA-like outer membrane lipoprotein chaperone,LolA-like outer membrane lipoprotein chaperone,,,,,,,,,
104628,Helicobacter suis,56928730,0,live,lolA,"HXS61_RS04370, NHP194022_08650",LolA-like outer membrane lipoprotein chaperone,LolA-like outer membrane lipoprotein chaperone,,,,,,,,,
520,Bordetella pertussis,69602371,0,live,lolA,"CXD86_RS12760, CXD86_12695",outer membrane lipoprotein chaperone LolA,outer membrane lipoprotein chaperone LolA,,,,,,,,,
518,Bordetella bronchiseptica,56477606,0,live,lolA,"EL288_RS05505, NCTC10543_01104",outer membrane lipoprotein chaperone LolA,outer membrane lipoprotein chaperone LolA,,1,,,,,,,
441162,Burkholderia oklahomensis C6786,60548685,0,live,lolA,"BG90_RS12285, BG90_2476",outer membrane lipoprotein chaperone LolA,outer membrane lipoprotein chaperone LolA,,I,,,,,,,
847,Oxalobacter formigenes,77134893,0,live,lolA,"BRW83_RS05040, BRW83_1005",outer membrane lipoprotein chaperone LolA,outer membrane lipoprotein chaperone LolA,,,,,,,,,
28095,Burkholderia gladioli,66456776,0,live,lolA,JKG63_RS04465,outer membrane lipoprotein chaperone LolA,outer membrane lipoprotein chaperone LolA,,1,,,,,,,
41202,Ewingella americana,78379358,0,live,lolA,"F4W05_RS02730, F4W05_02730",outer membrane lipoprotein chaperone LolA,outer membrane lipoprotein chaperone LolA,,,,,,,,,
208223,Kosakonia cowanii,77484412,0,live,lolA,ODS25_RS14310,outer membrane lipoprotein chaperone LolA,outer membrane lipoprotein chaperone LolA,,,,,,,,,
654,Aeromonas veronii,60843548,0,live,lolA,"FOB40_RS02455, FOB40_02455",outer membrane lipoprotein chaperone LolA,outer membrane lipoprotein chaperone LolA,,,,,,,,,
1812935,Enterobacter roggenkampii,45795111,0,live,lolA,"BFV67_RS07120, BFV67_07120",outer membrane lipoprotein chaperone LolA,outer membrane lipoprotein chaperone LolA,,,,,,,,,
2364647,Pantoea piersonii,78232351,0,live,lolA,"D7S44_RS02650, D7S44_02650",outer membrane lipoprotein chaperone LolA,outer membrane lipoprotein chaperone LolA,,,,,,,,,
650,Aeromonas jandaei,69553610,0,live,lolA,"I6H43_RS20040, I6H43_20040",outer membrane lipoprotein chaperone LolA,outer membrane lipoprotein chaperone LolA,,,,,,,,,
59814,Pantoea dispersa,67452381,0,live,lolA,"K7H94_RS12120, K7H94_12120",outer membrane lipoprotein chaperone LolA,outer membrane lipoprotein chaperone LolA,,1,,,,,,,
1778540,Dickeya fangzhongdai,66564661,0,live,lolA,"CVE23_RS09995, CVE23_09995",outer membrane lipoprotein chaperone LolA,outer membrane lipoprotein chaperone LolA,,,,,,,,,
626774,Proteus terrae subsp. cibarius,57332316,0,live,lolA,"GTH25_RS05710, GTH25_05690",outer membrane lipoprotein chaperone LolA,outer membrane lipoprotein chaperone LolA,,,,,,,,,
1123016,Stutzerimonas balearica DSM 6083,77260289,0,live,lolA,"CL52_RS10055, CL52_10220",outer membrane lipoprotein chaperone LolA,outer membrane lipoprotein chaperone LolA,,,,,,,,,
183795,Pseudomonas mediterranea,76212836,0,live,lolA,"BLU23_RS12740, SAMN05216476_2679",outer membrane lipoprotein chaperone LolA,outer membrane lipoprotein chaperone LolA,,I,,,,,,,
2071710,Enterobacter sichuanensis,72831333,0,live,lolA,"C1N69_RS07360, C1N69_07425",outer membrane lipoprotein chaperone LolA,outer membrane lipoprotein chaperone LolA,,,,,,,,,
611301,Xanthomonas citri pv. citri,66911144,0,live,lolA,"AMD14_RS10655, J164_02153, J164_RS10675",outer membrane lipoprotein chaperone LolA,outer membrane lipoprotein chaperone LolA,,,,,,,,,
300181,Serratia ureilytica,64308973,0,live,lolA,"J0X03_RS15305, J0X03_15305",outer membrane lipoprotein chaperone LolA,outer membrane lipoprotein chaperone LolA,,,,,,,,,
202956,Acinetobacter towneri,64222500,0,live,lolA,"J4G44_RS05660, J4G44_05660",outer membrane lipoprotein chaperone LolA,outer membrane lipoprotein chaperone LolA,,,,,,,,,
2494701,Enterobacter chengduensis,63141718,0,live,lolA,"FY206_RS08730, FY206_08730",outer membrane lipoprotein chaperone LolA,outer membrane lipoprotein chaperone LolA,,,,,,,,,
319939,Metapseudomonas otitidis,57397510,0,live,lolA,"PotMrB4_RS11510, PtoMrB4_22910",outer membrane lipoprotein chaperone LolA,outer membrane lipoprotein chaperone LolA,,,,,,,,,
667120,Edwardsiella anguillarum ET080813,33938006,0,live,lolA,"ETEE_RS00825, ETEE_0189",outer membrane lipoprotein chaperone LolA,outer membrane lipoprotein chaperone LolA,,,,,,,,,
1196094,Snodgrassella alvi wkB2,32537513,0,live,lolA,"SALWKB2_RS05695, SALWKB2_1123",outer membrane lipoprotein chaperone LolA,outer membrane lipoprotein chaperone LolA,,,,,,,,,
1604335,Yersinia rochesterensis,82551627,0,live,lolA,"DXZ79_RS12775, DXZ79_12765",outer membrane lipoprotein chaperone LolA,outer membrane lipoprotein chaperone LolA,,,,,,,,,
61645,Enterobacter asburiae,75133066,0,live,lolA,"FOY94_RS07345, EAS17NKHM_014040",outer membrane lipoprotein chaperone LolA,outer membrane lipoprotein chaperone LolA,,,,,,,,,
1748967,Citrobacter cronae,69430545,0,live,lolA,JSN25_RS12995,outer membrane lipoprotein chaperone LolA,outer membrane lipoprotein chaperone LolA,,,,,,,,,
1211579,Pseudomonas putida NBRC 14164,45523280,0,live,lolA,"PP4_RS08900, PP4_17500",outer membrane lipoprotein chaperone LolA,outer membrane lipoprotein chaperone LolA,,,NC_021505.1,2034998,2035621,plus,0,,
1031564,Campylobacter insulaenigrae NCTC 12927,74431256,0,live,lolA,"CINS_RS02235, CINS_0445",LolA-like outer membrane lipoprotein chaperone,LolA-like outer membrane lipoprotein chaperone,,,,,,,,,
196,Campylobacter fetus,61064421,0,live,lolA,"GZ985_RS02890, GZ985_002890",LolA-like outer membrane lipoprotein chaperone,LolA-like outer membrane lipoprotein chaperone,,,,,,,,,
1031753,Campylobacter lanienae NCTC 13004,46921023,0,live,lolA,"CLAN_RS02770, CLAN_0549",LolA-like outer membrane lipoprotein chaperone,LolA-like outer membrane lipoprotein chaperone,,,,,,,,,
233316,Alteromonas stellipolaris,83257372,0,live,lolA,"AVL56_RS05585, AVL56_05585",outer membrane lipoprotein chaperone LolA,outer membrane lipoprotein chaperone LolA,,,,,,,,,
225992,Comamonas kerstersii,83038207,0,live,lolA,"B5M06_RS02610, B5M06_02610",outer membrane lipoprotein chaperone LolA,outer membrane lipoprotein chaperone LolA,,,,,,,,,
436515,Variovorax boronicumulans,82266561,0,live,lolA,"VHAB30_RS01295, VHAB30_02580",outer membrane lipoprotein chaperone LolA,outer membrane lipoprotein chaperone LolA,,,,,,,,,
128785,Pseudoxanthomonas mexicana,81471789,0,live,lolA,"IAE60_RS12445, IAE60_12445",outer membrane lipoprotein chaperone LolA,outer membrane lipoprotein chaperone LolA,,,,,,,,,
1219032,Comamonas terrigena NBRC 13299,80800417,0,live,lolA,"CT3_RS04565, CT3_08880",outer membrane lipoprotein chaperone LolA,outer membrane lipoprotein chaperone LolA,,,,,,,,,
80869,Paracidovorax citrulli,79791688,0,live,lolA,"FRC97_RS14605, FRC97_14630",outer membrane lipoprotein chaperone LolA,outer membrane lipoprotein chaperone LolA,,,,,,,,,
158849,Moellerella wisconsensis,79716504,0,live,lolA,"MNY66_RS04490, MNY66_04490",outer membrane lipoprotein chaperone LolA,outer membrane lipoprotein chaperone LolA,,,,,,,,,
2259622,Xanthomonas euroxanthea,79389415,0,live,lolA,"H7A86_RS10440, XSP_002101",outer membrane lipoprotein chaperone LolA,outer membrane lipoprotein chaperone LolA,,1,,,,,,,
82983,Obesumbacterium proteus,78450223,0,live,lolA,"XK97_RS07045, XK97_07015",outer membrane lipoprotein chaperone LolA,outer membrane lipoprotein chaperone LolA,,,,,,,,,
1796652,Turicimonas muris,78361579,0,live,lolA,"I5Q81_RS02215, I5Q81_02210",outer membrane lipoprotein chaperone LolA,outer membrane lipoprotein chaperone LolA,,,,,,,,,
300876,Vibrio europaeus,78075504,0,live,lolA,"AZ468_RS07750, AZ468_07375",outer membrane lipoprotein chaperone LolA,outer membrane lipoprotein chaperone LolA,,1,,,,,,,
129394,Xanthomonas oryzae pv. oryzicola,77337490,0,live,lolA,"XOCgx_RS11330, XOCgx_2462",outer membrane lipoprotein chaperone LolA,outer membrane lipoprotein chaperone LolA,,,,,,,,,
212663,Vibrio tasmaniensis,77316680,0,live,lolA,OCV44_RS09440,outer membrane lipoprotein chaperone LolA,outer membrane lipoprotein chaperone LolA,,1,,,,,,,
102862,Proteus penneri,76522343,0,live,lolA,H1225_RS03750,outer membrane lipoprotein chaperone LolA,outer membrane lipoprotein chaperone LolA,,,,,,,,,
391735,Verminephrobacter eiseniae EF01-2,76460362,0,live,lolA,"VEIS_RS08570, Veis_1760",outer membrane lipoprotein chaperone LolA,outer membrane lipoprotein chaperone LolA,,,NC_008786.1,1961147,1961797,plus,0,,
2565368,Pseudomonas atacamensis,75525509,0,live,lolA,"JWU58_RS10720, JWU58_10720",outer membrane lipoprotein chaperone LolA,outer membrane lipoprotein chaperone LolA,,,,,,,,,
82995,Serratia grimesii,75281448,0,live,lolA,"SGBXF1_RS08300, SGBXF1_01659",outer membrane lipoprotein chaperone LolA,outer membrane lipoprotein chaperone LolA,,1,,,,,,,
2968969,Stutzerimonas frequens,75214790,0,live,lolA,"I6G34_RS15805, I6G34_15805",outer membrane lipoprotein chaperone LolA,outer membrane lipoprotein chaperone LolA,,,,,,,,,
332186,Shewanella xiamenensis,75188895,0,live,lolA,"KXJ80_RS13635, KXJ80_13580",outer membrane lipoprotein chaperone LolA,outer membrane lipoprotein chaperone LolA,,,,,,,,,
2890317,Yersinia alsatica,75140564,0,live,lolA,"N0H69_RS11155, N0H69_11155",outer membrane lipoprotein chaperone LolA,outer membrane lipoprotein chaperone LolA,,,,,,,,,
61651,Serratia ficaria,75026902,0,live,lolA,"CKW09_RS08690, SAMEA4384070_01736",outer membrane lipoprotein chaperone LolA,outer membrane lipoprotein chaperone LolA,,1,,,,,,,
137545,Serratia quinivorans,74949931,0,live,lolA,"EL336_RS08525, NCTC13188_01714",outer membrane lipoprotein chaperone LolA,outer membrane lipoprotein chaperone LolA,,1,,,,,,,
225991,Comamonas aquatica,74937288,0,live,lolA,"KAQ61_RS01440, KAQ61_01440",outer membrane lipoprotein chaperone LolA,outer membrane lipoprotein chaperone LolA,,,,,,,,,
28110,Francisella philomiragia,72523340,0,live,lolA,"IMS64_RS01215, IMS64_01215",outer membrane lipoprotein chaperone LolA,outer membrane lipoprotein chaperone LolA,,,,,,,,,
1109412,Brenneria goodwinii,70906987,0,live,lolA,"ACN28R_RS09465, AWC36_09275, AWC36_RS09480",outer membrane lipoprotein chaperone LolA,outer membrane lipoprotein chaperone LolA,,,,,,,,,
78544,Pseudomonas gessardii,70099468,0,live,lolA,"BLQ94_RS01305, SAMN04490207_0278",outer membrane lipoprotein chaperone LolA,outer membrane lipoprotein chaperone LolA,,,,,,,,,
40215,Acinetobacter junii,70093230,0,live,lolA,"H2677_RS11915, H2677_11910",outer membrane lipoprotein chaperone LolA,outer membrane lipoprotein chaperone LolA,,,,,,,,,
666,Vibrio cholerae,69720201,0,live,lolA,"F0316_RS08570, F0316_08570",outer membrane lipoprotein chaperone LolA,outer membrane lipoprotein chaperone LolA,,1,,,,,,,
753,Pasteurella canis,69686234,0,live,lolA,"K7G93_RS01485, K7G93_000298",outer membrane lipoprotein chaperone LolA,outer membrane lipoprotein chaperone LolA,,,,,,,,,
67827,Citrobacter werkmanii,69486090,0,live,lolA,"FOB24_RS10170, FOB24_10170",outer membrane lipoprotein chaperone LolA,outer membrane lipoprotein chaperone LolA,,,,,,,,,
756892,Acinetobacter indicus,69465218,0,live,lolA,GA693_RS01675,outer membrane lipoprotein chaperone LolA,outer membrane lipoprotein chaperone LolA,,,,,,,,,
651,Aeromonas media,69412979,0,live,lolA,"KI797_RS11425, KI797_11400",outer membrane lipoprotein chaperone LolA,outer membrane lipoprotein chaperone LolA,,,,,,,,,
664683,Vreelandella titanicae,69284065,0,live,lolA,"HZS52_RS21690, HZS52_21690",outer membrane lipoprotein chaperone LolA,outer membrane lipoprotein chaperone LolA,,,,,,,,,
1108595,Chromobacterium vaccinii,68843733,0,live,lolA,"BKX93_RS21290, BKX93_21290",outer membrane lipoprotein chaperone LolA,outer membrane lipoprotein chaperone LolA,,,,,,,,,
487316,Acinetobacter soli,67511977,0,live,lolA,KCV09_RS08495,outer membrane lipoprotein chaperone LolA,outer membrane lipoprotein chaperone LolA,,,,,,,,,
43662,Pseudoalteromonas piscicida,67501818,0,live,lolA,"K5642_RS09140, K5642_09140",outer membrane lipoprotein chaperone LolA,outer membrane lipoprotein chaperone LolA,,1,,,,,,,
55211,Erwinia persicina,67477399,0,live,lolA,"K6L24_RS14195, K6L24_14195",outer membrane lipoprotein chaperone LolA,outer membrane lipoprotein chaperone LolA,,,,,,,,,
738,Glaesserella parasuis,66618633,0,live,lolA,"J1G47_RS05070, J1G47_05070",outer membrane lipoprotein chaperone LolA,outer membrane lipoprotein chaperone LolA,,,,,,,,,
283686,Kosakonia radicincitans,66393298,0,live,lolA,"FEI17_RS17330, FEI17_17320",outer membrane lipoprotein chaperone LolA,outer membrane lipoprotein chaperone LolA,,,,,,,,,
1922217,Candidatus Erwinia haradaeae,66304446,0,live,lolA,"HACICURV3402_RS00835, E4U99_RS00835, ERCICURV3402_168",outer membrane lipoprotein chaperone LolA,outer membrane lipoprotein chaperone LolA,,1,,,,,,,
2588536,Candidatus Methylopumilus universalis,66284831,0,live,lolA,"FIT94_RS02940, FIT94_02940",outer membrane lipoprotein chaperone LolA,outer membrane lipoprotein chaperone LolA,,,,,,,,,
728,Avibacterium paragallinarum,66255980,0,live,lolA,"HBL79_RS05130, HBL79_05130",outer membrane lipoprotein chaperone LolA,outer membrane lipoprotein chaperone LolA,,,,,,,,,
1331689,Ursidibacter maritimus,65549153,0,live,lolA,"A1D26_RS06650, A1D26_04035",outer membrane lipoprotein chaperone LolA,outer membrane lipoprotein chaperone LolA,,,,,,,,,
490,Neisseria sicca,64350980,0,live,lolA,"J7445_RS07885, J7445_07885",outer membrane lipoprotein chaperone LolA,outer membrane lipoprotein chaperone LolA,,,,,,,,,
40545,Sutterella wadsworthensis,64062656,0,live,lolA,"I6J16_RS12300, I6J16_12300",outer membrane lipoprotein chaperone LolA,outer membrane lipoprotein chaperone LolA,,,,,,,,,
285,Comamonas testosteroni,63995654,0,live,lolA,"IYN88_RS01735, IYN88_01735",outer membrane lipoprotein chaperone LolA,outer membrane lipoprotein chaperone LolA,,,,,,,,,
353,Azotobacter chroococcum,61931163,0,live,lolA,"ACG10_RS10855, ACG10_10635",outer membrane lipoprotein chaperone LolA,outer membrane lipoprotein chaperone LolA,,,,,,,,,
28152,Yersinia kristensenii,61908526,0,live,lolA,"DX162_RS19570, NCTC11471_03884",outer membrane lipoprotein chaperone LolA,outer membrane lipoprotein chaperone LolA,,,,,,,,,
263819,Yersinia aleksiciae,61902544,0,live,lolA,"AP371_RS09980, ERS008671_02068",outer membrane lipoprotein chaperone LolA,outer membrane lipoprotein chaperone LolA,,,,,,,,,
86185,Pseudomonas lundensis,61880044,0,live,lolA,"IF654_RS08565, IF654_02355",outer membrane lipoprotein chaperone LolA,outer membrane lipoprotein chaperone LolA,,,,,,,,,
1205683,Yersinia massiliensis CCUG 53443,61814123,0,live,lolA,"BN68_RS02090, BN68_02140",outer membrane lipoprotein chaperone LolA,outer membrane lipoprotein chaperone LolA,,,,,,,,,
46257,Pseudomonas avellanae,61790380,0,live,lolA,N010_RS0212350,outer membrane lipoprotein chaperone LolA,outer membrane lipoprotein chaperone LolA,,,,,,,,,
294,Pseudomonas fluorescens,61639609,0,live,lolA,"CPH89_RS28515, SAMN04488487_5859",outer membrane lipoprotein chaperone LolA,outer membrane lipoprotein chaperone LolA,,I,,,,,,,
2042057,Pectobacterium polaris,61407685,0,live,lolA,"BJK05_RS03735, BJK05_03610",outer membrane lipoprotein chaperone LolA,outer membrane lipoprotein chaperone LolA,,,,,,,,,
61647,Pluralibacter gergoviae,61384354,0,live,lolA,"A8H26_RS13695, A8H26_13675",outer membrane lipoprotein chaperone LolA,outer membrane lipoprotein chaperone LolA,,,,,,,,,
1172565,Lonsdalea populi,61122281,0,live,lolA,"I6N93_RS09200, I6N93_09200",outer membrane lipoprotein chaperone LolA,outer membrane lipoprotein chaperone LolA,,,,,,,,,
204042,Dickeya zeae,60868161,0,live,lolA,"C1O30_RS09625, C1O30_09625",outer membrane lipoprotein chaperone LolA,outer membrane lipoprotein chaperone LolA,,,,,,,,,
888057,Aggregatibacter segnis ATCC 33393,60799981,0,live,lolA,"DQN58_RS05415, NCTC10977_01084",outer membrane lipoprotein chaperone LolA,outer membrane lipoprotein chaperone LolA,,1,,,,,,,
656,Aeromonas allosaccharophila,60785337,0,live,lolA,"I6G90_RS06985, I6G90_06985",outer membrane lipoprotein chaperone LolA,outer membrane lipoprotein chaperone LolA,,,,,,,,,
1530123,Acinetobacter seifertii,60735028,0,live,lolA,"I8T81_RS03920, I8T81_03920",outer membrane lipoprotein chaperone LolA,outer membrane lipoprotein chaperone LolA,,,,,,,,,
730,[Haemophilus] ducreyi,60734140,0,live,lolA,"A6037_RS07335, A6037_07350",outer membrane lipoprotein chaperone LolA,outer membrane lipoprotein chaperone LolA,,,,,,,,,
646,Aeromonas sobria,58924185,0,live,lolA,BN1135_RS19315,outer membrane lipoprotein chaperone LolA,outer membrane lipoprotein chaperone LolA,,,,,,,,,
78327,Pseudomonas mosselii,58767742,0,live,lolA,CSH50_RS09875,outer membrane lipoprotein chaperone LolA,outer membrane lipoprotein chaperone LolA,,,,,,,,,
76760,Pseudomonas rhodesiae,58697071,0,live,lolA,"HRH33_RS16620, HRH33_16620",outer membrane lipoprotein chaperone LolA,outer membrane lipoprotein chaperone LolA,,,,,,,,,
394935,Chromobacterium haemolyticum,58559268,0,live,lolA,"GYH29_RS07825, CH06BL_15460",outer membrane lipoprotein chaperone LolA,outer membrane lipoprotein chaperone LolA,,,,,,,,,
400946,Wohlfahrtiimonas chitiniclastica,58264221,0,live,lolA,"B9T10_RS07735, B9T10_07735",outer membrane lipoprotein chaperone LolA,outer membrane lipoprotein chaperone LolA,,,,,,,,,
631,Yersinia intermedia,58047912,0,live,lolA,"FOC38_RS13275, FOC38_13275",outer membrane lipoprotein chaperone LolA,outer membrane lipoprotein chaperone LolA,,,,,,,,,
325777,Xanthomonas axonopodis pv. vasculorum,58003389,0,live,lolA,"XAV_RS11835, XAV_11885",outer membrane lipoprotein chaperone LolA,outer membrane lipoprotein chaperone LolA,,,,,,,,,
29447,Xanthomonas albilineans,57876757,0,live,lolA,"XaFJ1_RS06915, XaFJ1_GM001432",outer membrane lipoprotein chaperone LolA,outer membrane lipoprotein chaperone LolA,,,,,,,,,
117681,Pseudomonas gingeri,57664365,0,live,lolA,"HX881_RS30420, HX881_30420",outer membrane lipoprotein chaperone LolA,outer membrane lipoprotein chaperone LolA,,,,,,,,,
577,Raoultella terrigena,57505811,0,live,lolA,"HCK03_RS17850, HCK03_17845",outer membrane lipoprotein chaperone LolA,outer membrane lipoprotein chaperone LolA,,,,,,,,,
47878,Pseudomonas azotoformans,57374397,0,live,lolA,"BLR69_RS09110, SAMN04489799_1861",outer membrane lipoprotein chaperone LolA,outer membrane lipoprotein chaperone LolA,,I,,,,,,,
43657,Pseudoalteromonas luteoviolacea,57362072,0,live,lolA,"FLM44_RS11605, FLM44_06995",outer membrane lipoprotein chaperone LolA,outer membrane lipoprotein chaperone LolA,,,,,,,,,
659,Photobacterium phosphoreum,57352748,0,live,lolA,"BTO21_RS07515, BTO21_07530",outer membrane lipoprotein chaperone LolA,outer membrane lipoprotein chaperone LolA,,,,,,,,,
472694,Pantoea brenneri,57344454,0,live,lolA,"HZS23_RS04805, HZS23_04805",outer membrane lipoprotein chaperone LolA,outer membrane lipoprotein chaperone LolA,,,,,,,,,
29471,Pectobacterium atrosepticum,57208661,0,live,lolA,"GZ59_RS09245, GZ59_19150",outer membrane lipoprotein chaperone LolA,outer membrane lipoprotein chaperone LolA,,,,,,,,,
726,Haemophilus haemolyticus,56957852,0,live,lolA,"DQN30_RS06350, NCTC10839_01266",outer membrane lipoprotein chaperone LolA,outer membrane lipoprotein chaperone LolA,,1,,,,,,,
569,Hafnia alvei,56891319,0,live,lolA,"HBA19_RS07695, HBA19_07695",outer membrane lipoprotein chaperone LolA,outer membrane lipoprotein chaperone LolA,,,,,,,,,
47879,Pseudomonas corrugata,55643776,0,live,lolA,"AXG94_RS05350, AXG94_05345",outer membrane lipoprotein chaperone LolA,outer membrane lipoprotein chaperone LolA,,,,,,,,,
219574,Pseudomonas proteolytica,55542783,0,live,lolA,"BLW35_RS28540, SAMN04490200_5749",outer membrane lipoprotein chaperone LolA,outer membrane lipoprotein chaperone LolA,,,,,,,,,
56454,Xanthomonas hortorum,55511594,0,live,lolA,"XJ27_RS03615, XJ27_03485",outer membrane lipoprotein chaperone LolA,outer membrane lipoprotein chaperone LolA,,,,,,,,,
204039,Dickeya dianthicola,49321848,0,live,lolA,"DZA65_RS09925, DZA65_01936",outer membrane lipoprotein chaperone LolA,outer membrane lipoprotein chaperone LolA,,,,,,,,,
2025884,Aggregatibacter kilianii,48247446,0,live,lolA,DK428_RS07940,outer membrane lipoprotein chaperone LolA,outer membrane lipoprotein chaperone LolA,,,,,,,,,
925775,Xanthomonas vesicatoria ATCC 35937,46980108,0,live,lolA,"BJD12_RS01475, BJD12_01475",outer membrane lipoprotein chaperone LolA,outer membrane lipoprotein chaperone LolA,,,,,,,,,
290338,Citrobacter koseri ATCC BAA-895,45136113,0,live,lolA,"CKO_RS09225, CKO_02180",outer membrane lipoprotein chaperone LolA,outer membrane lipoprotein chaperone LolA,,,NC_009792.1,2021243,2021854,minus,0,,
34062,Moraxella osloensis,35779133,0,live,lolA,"AXE82_RS09945, AXE82_09950",outer membrane lipoprotein chaperone LolA,outer membrane lipoprotein chaperone LolA,,,,,,,,,
643561,Paracidovorax avenae ATCC 19860,34236316,0,live,lolA,"ACAV_RS16310, Acav_3290",outer membrane lipoprotein chaperone LolA,outer membrane lipoprotein chaperone LolA,,,NC_015138.1,3741423,3742058,minus,0,,
83655,Leclercia adecarboxylata,30333238,0,live,lolA,"APT61_RS15040, APT61_15040",outer membrane lipoprotein chaperone LolA,outer membrane lipoprotein chaperone LolA,,,,,,,,,
47917,Serratia fonticola,30322018,0,live,lolA,"WN53_RS17710, WN53_17715",outer membrane lipoprotein chaperone LolA,outer membrane lipoprotein chaperone LolA,,,,,,,,,
1196095,Gilliamella apicola,29850540,0,live,lolA,"GAPWK_RS11315, GAPWK_2263",outer membrane lipoprotein chaperone LolA,outer membrane lipoprotein chaperone LolA,,,,,,,,,
1449345,Helicobacter rodentium ATCC 700285,82533437,0,live,lolA,BS85_RS0104365,LolA-like outer membrane lipoprotein chaperone,LolA-like outer membrane lipoprotein chaperone,,,,,,,,,
1578720,Helicobacter ailurogastricus,82131809,0,live,lolA,"HAL07_RS04075, AOG41_RS04030, HAL07_08410",LolA-like outer membrane lipoprotein chaperone,LolA-like outer membrane lipoprotein chaperone,,,,,,,,,
76936,Helicobacter typhlonius,78150986,0,live,lolA,"BN2458_RS03120, BN2458_PEG0704",LolA-like outer membrane lipoprotein chaperone,LolA-like outer membrane lipoprotein chaperone,,I,,,,,,,
1655500,Campylobacter vulpis,77266859,0,live,lolA,"CVULP_RS05740, CVULP_1121",LolA-like outer membrane lipoprotein chaperone,LolA-like outer membrane lipoprotein chaperone,,,,,,,,,
1031542,Campylobacter volucris,66287171,0,live,lolA,"CVOLT_RS02330, CVOLT_0460",LolA-like outer membrane lipoprotein chaperone,LolA-like outer membrane lipoprotein chaperone,,,,,,,,,
1032239,Aliarcobacter skirrowii CCUG 10374,61750985,0,live,lolA,"ASKIR_RS06175, ASKIR_1234",LolA-like outer membrane lipoprotein chaperone,LolA-like outer membrane lipoprotein chaperone,,,,,,,,,
2505970,Campylobacter armoricus,56586261,0,live,lolA,"CARM_RS02660, CARM_0528",LolA-like outer membrane lipoprotein chaperone,LolA-like outer membrane lipoprotein chaperone,,,,,,,,,
91353,Campylobacter hyointestinalis subsp. lawsonii,56509433,0,live,lolA,"CHLWT_RS01805, CHLWT_0351",LolA-like outer membrane lipoprotein chaperone,LolA-like outer membrane lipoprotein chaperone,,,,,,,,,
1032070,Aliarcobacter cryaerophilus ATCC 43158,56461167,0,live,lolA,"ACRYA_RS04740, ACRYA_0950",LolA-like outer membrane lipoprotein chaperone,LolA-like outer membrane lipoprotein chaperone,,,,,,,,,
28898,Campylobacter helveticus,52037278,0,live,lolA,"CHELV3228_RS06975, CHELV3228_1374",LolA-like outer membrane lipoprotein chaperone,LolA-like outer membrane lipoprotein chaperone,,,,,,,,,
1813019,Campylobacter hepaticus,44004309,0,live,lolA,"A2J15_RS02150, A2J15_002150",LolA-like outer membrane lipoprotein chaperone,LolA-like outer membrane lipoprotein chaperone,,,,,,,,,
199,Campylobacter concisus,28662453,0,live,lolA,"CCON33237_RS03955, CCON33237_0779",LolA-like outer membrane lipoprotein chaperone,LolA-like outer membrane lipoprotein chaperone,,,,,,,,,
85698,Achromobacter xylosoxidans,75274907,0,live,lolA,"I6I48_RS10625, I6I48_10625",outer membrane lipoprotein chaperone LolA,outer membrane lipoprotein chaperone LolA,,,,,,,,,
92647,Paraburkholderia tropica,61303002,0,live,lolA,"G5S35_RS10905, G5S35_10890",outer membrane lipoprotein chaperone LolA,outer membrane lipoprotein chaperone LolA,,A,,,,,,,
93220,Pandoraea pnomenusa,57197808,0,live,lolA,"X636_RS06395, X636_17060",outer membrane lipoprotein chaperone LolA,outer membrane lipoprotein chaperone LolA,,,NC_023018.2,1413489,1414139,plus,0,,
29581,Janthinobacterium lividum,56945688,0,live,lolA,"G3257_RS10345, G3257_10330",outer membrane lipoprotein chaperone LolA,outer membrane lipoprotein chaperone LolA,,,,,,,,,
977880,Cupriavidus taiwanensis LMG 19424,29760896,0,live,lolA,"RALTA_RS03585, RALTA_A0743",outer membrane lipoprotein chaperone LolA,outer membrane lipoprotein chaperone LolA,,1,NC_010528.1,767790,768425,plus,0,,
1324617,Paraburkholderia aspalathi,77198656,0,live,lolA,"KHO30_RS32400, R20943_06537",outer membrane lipoprotein chaperone LolA,outer membrane lipoprotein chaperone LolA,,,,,,,,,
82541,Cupriavidus gilardii,70689376,0,live,lolA,"FOB47_RS13555, FOB47_13555",outer membrane lipoprotein chaperone LolA,outer membrane lipoprotein chaperone LolA,,2,,,,,,,
488729,Burkholderia metallica,67903248,0,live,lolA,"WJ16_RS04500, WJ16_04495",outer membrane lipoprotein chaperone LolA,outer membrane lipoprotein chaperone LolA,,1,,,,,,,
190721,Ralstonia insidiosa,61526834,0,live,lolA,"A9Y76_RS12510, A9Y76_12510",outer membrane lipoprotein chaperone LolA,outer membrane lipoprotein chaperone LolA,,1,,,,,,,
56448,Xanthomonas arboricola,57956966,0,live,lolA,"FHY28_RS08165, FHY28_001601",outer membrane lipoprotein chaperone LolA,outer membrane lipoprotein chaperone LolA,,,,,,,,,
292,Burkholderia cepacia,56660713,0,live,lolA,"BURCE16_RS04715, BURCE16_04635",outer membrane lipoprotein chaperone LolA,outer membrane lipoprotein chaperone LolA,,1,,,,,,,
95486,Burkholderia cenocepacia,56557408,0,live,lolA,"WL90_RS04635, WL90_04630",outer membrane lipoprotein chaperone LolA,outer membrane lipoprotein chaperone LolA,,1,,,,,,,
179879,Burkholderia anthina,56502848,0,live,lolA,"BME24068_RS24140, BAN20980_04787, HU786_RS24140",outer membrane lipoprotein chaperone LolA,outer membrane lipoprotein chaperone LolA,,,,,,,,,
72557,Achromobacter ruhlandii,55563043,0,live,lolA,"AruCF_RS25220, AruCF_5004",outer membrane lipoprotein chaperone LolA,outer membrane lipoprotein chaperone LolA,,,,,,,,,
93218,Pandoraea apista,47015813,0,live,lolA,"AT395_RS18530, AT395_09495",outer membrane lipoprotein chaperone LolA,outer membrane lipoprotein chaperone LolA,,,,,,,,,
482957,Burkholderia lata,45093975,0,live,lolA,"BCEP18194_RS10475, Bcep18194_A4079",outer membrane lipoprotein chaperone LolA,outer membrane lipoprotein chaperone LolA,,1,NC_007510.1,1007933,1008622,plus,0,,
1261617,Duganella zoogloeoides ATCC 25935,43163766,0,live,lolA,F460_RS0112395,outer membrane lipoprotein chaperone LolA,outer membrane lipoprotein chaperone LolA,,,,,,,,,
105219,Ralstonia mannitolilytica,34792691,0,live,lolA,"TK49_RS14970, TK49_14975",outer membrane lipoprotein chaperone LolA,outer membrane lipoprotein chaperone LolA,,1,,,,,,,
511,Alcaligenes faecalis,29371293,0,live,lolA,"UZ73_RS03750, UZ73_03750",outer membrane lipoprotein chaperone LolA,outer membrane lipoprotein chaperone LolA,,,,,,,,,
53408,Pseudomonas citronellolis,72996848,0,live,lolA,"PcP3B5_RS18475, PcP3B5_37940",outer membrane lipoprotein chaperone LolA,outer membrane lipoprotein chaperone LolA,,,,,,,,,
936155,Helicobacter felis ATCC 49179,36133527,0,live,lolA,"HFELIS_RS03610, HFELIS_07260",LolA-like outer membrane lipoprotein chaperone,LolA-like outer membrane lipoprotein chaperone,,,NC_014810.2,711891,712406,minus,0,,
1172562,Helicobacter cinaedi PAGU611,66539037,0,live,lolA,"HCN_RS02775, HCN_0545",LolA-like outer membrane lipoprotein chaperone,LolA-like outer membrane lipoprotein chaperone,,,NC_017761.1,567044,567580,plus,0,,
29575,Taylorella equigenitalis,79939400,0,live,lolA,"KPH58_RS05815, KPH58_05820",outer membrane lipoprotein chaperone LolA,outer membrane lipoprotein chaperone LolA,,,,,,,,,
28172,Vibrio metschnikovii,79887542,0,live,lolA,"DYH36_RS05000, NCTC8443_01015",outer membrane lipoprotein chaperone LolA,outer membrane lipoprotein chaperone LolA,,,,,,,,,
29497,Vibrio splendidus,72396621,0,live,lolA,"LTQ54_RS03385, LTQ54_03385",outer membrane lipoprotein chaperone LolA,outer membrane lipoprotein chaperone LolA,,1,,,,,,,
1219067,Vibrio natriegens NBRC 15636 = ATCC 14048 = DSM 759,70912721,0,live,lolA,"PN96_RS08035, PN96_07930",outer membrane lipoprotein chaperone LolA,outer membrane lipoprotein chaperone LolA,,1,,,,,,,
689,Vibrio mediterranei,64085510,0,live,lolA,"HOP38_RS04910, HOP38_04910",outer membrane lipoprotein chaperone LolA,outer membrane lipoprotein chaperone LolA,,I,,,,,,,
673,Grimontia hollisae,58897163,0,live,lolA,"AL542_RS14720, AL542_14580",outer membrane lipoprotein chaperone LolA,outer membrane lipoprotein chaperone LolA,,1,,,,,,,
484,Neisseria flavescens,49971372,0,live,lolA,"FAH67_RS06540, FAH67_06540",outer membrane lipoprotein chaperone LolA,outer membrane lipoprotein chaperone LolA,,,,,,,,,
28449,Neisseria subflava,49950004,0,live,lolA,"FAH66_RS06535, FAH66_06535",outer membrane lipoprotein chaperone LolA,outer membrane lipoprotein chaperone LolA,,,,,,,,,
76759,Pseudomonas monteilii,49869620,0,live,lolA,"CHR29_RS18085, CHR29_17985",outer membrane lipoprotein chaperone LolA,outer membrane lipoprotein chaperone LolA,,,,,,,,,
329,Ralstonia pickettii,61390513,0,live,lolA,FY486_RS19085,outer membrane lipoprotein chaperone LolA,outer membrane lipoprotein chaperone LolA,,,,,,,,,
119219,Cupriavidus metallidurans,60825164,0,live,lolA,"NDB4MOL1_RS24285, NDB4MOL1_04836",outer membrane lipoprotein chaperone LolA,outer membrane lipoprotein chaperone LolA,,,,,,,,,
136468,Vibrio lentus,69649484,0,live,lolA,"BCT95_RS10035, BCT95_009970",outer membrane lipoprotein chaperone LolA,outer membrane lipoprotein chaperone LolA,,,,,,,,,
480,Moraxella catarrhalis,66585881,0,live,lolA,"MC195_RS05070, MC195_05085",outer membrane lipoprotein chaperone LolA,outer membrane lipoprotein chaperone LolA,,,,,,,,,
550540,Ferrimonas balearica DSM 9799,67182186,0,live,lolA,"FBAL_RS10065, Fbal_1976",outer membrane lipoprotein chaperone LolA,outer membrane lipoprotein chaperone LolA,,,NC_014541.1,2214544,2215152,minus,0,,
28171,Vibrio aestuarianus,79917074,0,live,lolA,"MCT08_RS06760, MCT08_06755",outer membrane lipoprotein chaperone LolA,outer membrane lipoprotein chaperone LolA,,,,,,,,,
1215114,Pseudomonas parafulva NBRC 16636 = DSM 17004,78502366,0,live,lolA,PPA02S_RS04350,outer membrane lipoprotein chaperone LolA,outer membrane lipoprotein chaperone LolA,,,,,,,,,
589873,Alteromonas australica,78255330,0,live,lolA,"EP13_RS10225, EP13_10475",outer membrane lipoprotein chaperone LolA,outer membrane lipoprotein chaperone LolA,,,,,,,,,
1420917,Marinobacter salarius,77256017,0,live,lolA,"MARSALSMR5_RS10115, MARSALSMR5_02068",outer membrane lipoprotein chaperone LolA,outer membrane lipoprotein chaperone LolA,,,,,,,,,
476,Moraxella bovis,77188951,0,live,lolA,"LP107_RS08715, LP107_08630",outer membrane lipoprotein chaperone LolA,outer membrane lipoprotein chaperone LolA,,,,,,,,,
2842346,Pseudomonas siliginis,75194312,0,live,lolA,"NF676_RS16830, NF676_16830",outer membrane lipoprotein chaperone LolA,outer membrane lipoprotein chaperone LolA,,,,,,,,,
2946699,Snodgrassella communis,75156847,0,live,lolA,MJ761_RS03380,outer membrane lipoprotein chaperone LolA,outer membrane lipoprotein chaperone LolA,,,,,,,,,
1122157,Laribacter hongkongensis DSM 14985,75110500,0,live,lolA,G542_RS0114510,outer membrane lipoprotein chaperone LolA,outer membrane lipoprotein chaperone LolA,,,,,,,,,
876,Desulfovibrio desulfuricans,72382746,0,live,lolA,"J8J02_RS08425, J8J02_08425",outer membrane lipoprotein chaperone LolA,outer membrane lipoprotein chaperone LolA,,,,,,,,,
675,Vibrio cincinnatiensis,70583383,0,live,lolA,"DX498_RS10045, NCTC12012_02045",outer membrane lipoprotein chaperone LolA,outer membrane lipoprotein chaperone LolA,,,,,,,,,
106649,Acinetobacter guillouiae,67743108,0,live,lolA,"AS4_RS05010, AS4_10010",outer membrane lipoprotein chaperone LolA,outer membrane lipoprotein chaperone LolA,,,,,,,,,
1927127,Candidatus Enterovibrio escicola,66951926,0,live,lolA,"BTN49_RS07680, BTN49_2011",outer membrane lipoprotein chaperone LolA,outer membrane lipoprotein chaperone LolA,,,,,,,,,
2045451,Stenotrophomonas indicatrix,64104710,0,live,lolA,"DAIF1_RS10620, DAIF1_21060",outer membrane lipoprotein chaperone LolA,outer membrane lipoprotein chaperone LolA,,,,,,,,,
48664,Xanthomonas fragariae,61894499,0,live,lolA,"PD885_RS10715, PD885_02136",outer membrane lipoprotein chaperone LolA,outer membrane lipoprotein chaperone LolA,,1,,,,,,,
216778,Stenotrophomonas rhizophila,61476294,0,live,lolA,"DX03_RS10010, DX03_10205",outer membrane lipoprotein chaperone LolA,outer membrane lipoprotein chaperone LolA,,,,,,,,,
80854,Moritella viscosa,61295369,0,live,lolA,"BT797_RS08385, LFI5006_1698, concatenated_sequence_orf01916",outer membrane lipoprotein chaperone LolA,outer membrane lipoprotein chaperone LolA,,,,,,,,,
486,Neisseria lactamica,61223635,0,live,lolA,DV311_RS01920,outer membrane lipoprotein chaperone LolA,outer membrane lipoprotein chaperone LolA,,,,,,,,,
498,Psychrobacter immobilis,60253907,0,live,lolA,"C8D84_RS00675, C8D84_101132",outer membrane lipoprotein chaperone LolA,outer membrane lipoprotein chaperone LolA,,,,,,,,,
151081,Pseudoalteromonas ruthenica,58228746,0,live,lolA,"TW72_RS09610, TW72_09610",outer membrane lipoprotein chaperone LolA,outer membrane lipoprotein chaperone LolA,,,,,,,,,
40216,Acinetobacter radioresistens,56305099,0,live,lolA,"DOM24_RS03225, DOM24_03225",outer membrane lipoprotein chaperone LolA,outer membrane lipoprotein chaperone LolA,,,,,,,,,
28108,Alteromonas macleodii,56267258,0,live,lolA,"TE101_RS10475, TE101_10485",outer membrane lipoprotein chaperone LolA,outer membrane lipoprotein chaperone LolA,,,,,,,,,
70611,Legionella taurinensis,48947906,0,live,lolA,"DYE45_RS10385, NCTC13314_02193",outer membrane lipoprotein chaperone LolA,outer membrane lipoprotein chaperone LolA,,,,,,,,,
1280002,Vibrio jasicida 090810c,48228245,0,live,lolA,C1S73_RS04345,outer membrane lipoprotein chaperone LolA,outer membrane lipoprotein chaperone LolA,,1,,,,,,,
696485,Vibrio owensii,47098639,0,live,lolA,"A9237_RS02380, A9237_02380",outer membrane lipoprotein chaperone LolA,outer membrane lipoprotein chaperone LolA,,1,,,,,,,
43263,Aquipseudomonas alcaligenes,42930746,0,live,lolA,"A0T30_RS13175, A0T30_13175",outer membrane lipoprotein chaperone LolA,outer membrane lipoprotein chaperone LolA,,,,,,,,,
1190813,Pseudoalteromonas shioyasakiensis,29847449,0,live,lolA,PASHI_RS07730,outer membrane lipoprotein chaperone LolA,outer membrane lipoprotein chaperone LolA,,,,,,,,,
425400,Helicobacter japonicus,82322102,0,live,lolA,P6997_RS08275,LolA-like outer membrane lipoprotein chaperone,LolA-like outer membrane lipoprotein chaperone,,,,,,,,,
56877,Helicobacter bizzozeronii,64362257,0,live,lolA,C5684_RS07225,LolA-like outer membrane lipoprotein chaperone,LolA-like outer membrane lipoprotein chaperone,,,,,,,,,
1323664,Paraburkholderia caribensis MBA4,69967075,0,live,lolA,"K788_RS00065, K788_0008472",outer membrane lipoprotein chaperone LolA,outer membrane lipoprotein chaperone LolA,,1,,,,,,,
60550,Burkholderia pyrrocinia,55505746,0,live,lolA,"ABD05_RS10425, ABD05_10440",outer membrane lipoprotein chaperone LolA,outer membrane lipoprotein chaperone LolA,,1,,,,,,,
134537,Paraburkholderia fungorum,66514698,0,live,lolA,"OI25_RS08765, OI25_691",outer membrane lipoprotein chaperone LolA,outer membrane lipoprotein chaperone LolA,,1,,,,,,,
95485,Burkholderia stabilis,71054014,0,live,lolA,"BSTAB16_RS07965, BSTAB16_1542",outer membrane lipoprotein chaperone LolA,outer membrane lipoprotein chaperone LolA,,I,,,,,,,
265293,Burkholderia ubonensis subsp. mesacidophila,69003863,0,live,lolA,B7P44_RS04970,outer membrane lipoprotein chaperone LolA,outer membrane lipoprotein chaperone LolA,,1,,,,,,,
488731,Burkholderia seminalis,62010350,0,live,lolA,"WJ12_RS04475, WJ12_04470",outer membrane lipoprotein chaperone LolA,outer membrane lipoprotein chaperone LolA,,1,,,,,,,
123899,Bordetella trematum,56588353,0,live,lolA,"DY259_RS04805, NCTC12995_00962",outer membrane lipoprotein chaperone LolA,outer membrane lipoprotein chaperone LolA,,,,,,,,,
169430,Paraburkholderia hospita,55527414,0,live,lolA,"C2L64_RS03520, C2L64_03520",outer membrane lipoprotein chaperone LolA,outer membrane lipoprotein chaperone LolA,,1,,,,,,,
208964,Pseudomonas aeruginosa PAO1,882320,0,live,lolA,PA2614,outer-membrane lipoprotein carrier protein,outer-membrane lipoprotein carrier protein,,,NC_002516.2,2956153,2956779,minus,0,,
386585,Escherichia coli O157:H7 str. Sakai,917717,0,live,lolA,ECs_0976,lipoprotein chaperone,lipoprotein chaperone,,,NC_002695.2,1068485,1069096,plus,0,,
227377,Coxiella burnetii RSA 493,1209094,0,live,lolA,CBU_1190,outer-membrane lipoproteins carrier protein,,,,NC_002971.4,1133952,1134587,minus,0,,
192222,Campylobacter jejuni subsp. jejuni NCTC 11168 = ATCC 700819,905238,0,live,lolA,Cj0943,outer-membrane lipoprotein carrier protein,outer-membrane lipoprotein carrier protein,,,NC_002163.1,883526,884035,plus,0,,
871585,Acinetobacter pittii PHEA-2,11636701,0,live,lolA,BDGL_002178,outer-membrane lipoproteins carrier protein,,,,NC_016603.1,2364513,2365160,minus,0,,
99287,Salmonella enterica subsp. enterica serovar Typhimurium str. LT2,1252480,0,live,lolA,STM0961,periplasmic protein,periplasmic protein,,,NC_003197.2,1041561,1042183,plus,0,,
198214,Shigella flexneri 2a str. 301,1027554,0,live,lolA,SF0850,lipoprotein chaperone,,,,NC_004337.2,888775,889389,plus,0,,
680026,Photobacterium swingsii,303971119,0,live,lolA,OCU77_RS05770,outer membrane lipoprotein chaperone LolA,outer membrane lipoprotein chaperone LolA,,1,,,,,,,
212667,Vibrio fortis,303967101,0,live,lolA,OCV50_RS08955,outer membrane lipoprotein chaperone LolA,outer membrane lipoprotein chaperone LolA,,1,,,,,,,
1263829,Bibersteinia trehalosi USDA-ARS-USMARC-188,303778363,0,live,lolA,"F542_RS06020, F542_12230",outer membrane lipoprotein chaperone LolA,outer membrane lipoprotein chaperone LolA,,,,,,,,,
1074311,Vibrio alfacsensis,303981102,0,live,lolA,"VA249_RS08940, VYA_16730",outer membrane lipoprotein chaperone LolA,outer membrane lipoprotein chaperone LolA,,1,,,,,,,
1776742,Acinetobacter vivianii,303682862,0,live,lolA,"IEV36_RS05385, GCM10011446_10720",outer membrane lipoprotein chaperone LolA,outer membrane lipoprotein chaperone LolA,,,,,,,,,
367737,Aliarcobacter butzleri RM4018,24304866,0,live,lolA,"ABU_RS06530, Abu_1309",LolA-like outer membrane lipoprotein chaperone,LolA-like outer membrane lipoprotein chaperone,,,NC_009850.1,1308303,1308833,minus,0,,
487,Neisseria meningitidis,93386547,0,live,lolA,"IUJ45_RS03575, IUJ45_03635",outer membrane lipoprotein chaperone LolA,outer membrane lipoprotein chaperone LolA,,,,,,,,,
615,Serratia marcescens,93696219,0,live,lolA,"QRD25_RS08220, QRD25_08220",outer membrane lipoprotein chaperone LolA,outer membrane lipoprotein chaperone LolA,,,,,,,,,
548,Klebsiella aerogenes,93311204,0,live,lolA,"I6L72_RS07340, I6L72_07340",outer membrane lipoprotein chaperone LolA,outer membrane lipoprotein chaperone LolA,,,,,,,,,
1463165,Klebsiella quasipneumoniae,93253180,0,live,lolA,"LA349_RS21485, LA349_21485",outer membrane lipoprotein chaperone LolA,outer membrane lipoprotein chaperone LolA,,,,,,,,,
550,Enterobacter cloacae,83572845,0,live,lolA,"LQ108_RS07665, AI2999V1_1486",outer membrane lipoprotein chaperone LolA,outer membrane lipoprotein chaperone LolA,,main,,,,,,,
624,Shigella sonnei,93776529,0,live,lolA,C1P89_RS10975,outer membrane lipoprotein chaperone LolA,outer membrane lipoprotein chaperone LolA,,,,,,,,,
588,Providencia stuartii,93520058,0,live,lolA,"VQ573_RS14080, VQ573_14080",outer membrane lipoprotein chaperone LolA,outer membrane lipoprotein chaperone LolA,,,,,,,,,
571,Klebsiella oxytoca,93285688,0,live,lolA,"EL226_RS19400, NCTC13727_03845",outer membrane lipoprotein chaperone LolA,outer membrane lipoprotein chaperone LolA,,1,,,,,,,
2590157,Klebsiella variicola subsp. variicola,93274147,0,live,lolA,"LGN93_RS17970, LGN93_17970",outer membrane lipoprotein chaperone LolA,outer membrane lipoprotein chaperone LolA,,,,,,,,,
158836,Enterobacter hormaechei,93200098,0,live,lolA,"I6L63_RS13515, I6L63_13515",outer membrane lipoprotein chaperone LolA,outer membrane lipoprotein chaperone LolA,,,,,,,,,
1776740,Acinetobacter modestus,92836512,0,live,lolA,"F992_RS14795, F992_03168",outer membrane lipoprotein chaperone LolA,outer membrane lipoprotein chaperone LolA,,,,,,,,,
3031799,Providencia hangzhouensis,92275679,0,live,lolA,"PZ638_RS14420, PZ638_14430",outer membrane lipoprotein chaperone LolA,outer membrane lipoprotein chaperone LolA,,,,,,,,,
768066,Halomonas elongata DSM 2581,91010420,0,live,lolA,"HELO_RS11360, HELO_3056",outer membrane lipoprotein chaperone LolA,outer membrane lipoprotein chaperone LolA,,,NC_014532.2,2415478,2416110,minus,0,,
70346,Acinetobacter variabilis,89665292,0,live,lolA,"Q3F87_RS04900, Q3F87_04900",outer membrane lipoprotein chaperone LolA,outer membrane lipoprotein chaperone LolA,,,,,,,,,
228410,Nitrosomonas europaea ATCC 19718,87104239,0,live,lolA,"ALW85_RS05475, NE1052, RK28_RS05460",outer membrane lipoprotein chaperone LolA,outer membrane lipoprotein chaperone LolA,,,NC_004757.1,1139545,1140165,plus,0,,
1639133,Citrobacter portucalensis,86977160,0,live,lolA,"LY264_RS16270, LY264_16265",outer membrane lipoprotein chaperone LolA,outer membrane lipoprotein chaperone LolA,,,,,,,,,
243159,Acidithiobacillus ferrooxidans ATCC 23270,65279753,0,live,lolA,"AFE_RS01785, AFE_0377",outer membrane lipoprotein chaperone LolA,outer membrane lipoprotein chaperone LolA,,,NC_011761.1,327167,327859,plus,0,,
312309,Aliivibrio fischeri ES114,54163574,0,live,lolA,"VF_RS04730, VF0906, VF_0906",outer membrane lipoprotein chaperone LolA,outer membrane lipoprotein chaperone LolA,,I,NC_006840.2,1000417,1001013,plus,0,,
141679,Photorhabdus laumondii subsp. laumondii,48847890,0,live,lolA,"PluTT01m_RS08340, PluTT01m_08300",outer membrane lipoprotein chaperone LolA,outer membrane lipoprotein chaperone LolA,,,,,,,,,
218493,Salmonella bongori NCTC 12419,44979849,0,live,lolA,"SBG_RS04275, SBG_0817",outer membrane lipoprotein chaperone LolA,outer membrane lipoprotein chaperone LolA,,,NC_015761.1,919033,919644,plus,0,,
930944,Yersinia enterocolitica subsp. palearctica Y11,31408566,0,live,lolA,"Y11_RS01870, Y11_04011",outer membrane lipoprotein chaperone LolA,outer membrane lipoprotein chaperone LolA,,,NC_017564.1,420930,421541,plus,0,,
406817,Xenorhabdus nematophila ATCC 19061,24904100,0,live,lolA,"XNC1_RS06655, XNC1_1550",outer membrane lipoprotein chaperone LolA,outer membrane lipoprotein chaperone LolA,,,NC_014228.1,1432998,1433609,plus,0,,
1235834,Kosakonia sacchari SP1,23847648,0,live,lolA,"C813_RS37880, C813_06895",outer membrane lipoprotein chaperone LolA,outer membrane lipoprotein chaperone LolA,,,,,,,,,
380703,Aeromonas hydrophila subsp. hydrophila ATCC 7966,4488966,0,live,lolA,"AHA_RS09420, AHA_1866",outer membrane lipoprotein chaperone LolA,outer membrane lipoprotein chaperone LolA,,,NC_008570.1,2040227,2040835,plus,0,,
54291,Raoultella ornithinolytica,93755072,0,live,lolA,"Q1L34_RS17820, Q1L34_17815",outer membrane lipoprotein chaperone LolA,outer membrane lipoprotein chaperone LolA,,,,,,,,,
208224,Enterobacter kobei,93154571,0,live,lolA,"LCD42_RS07310, LCD42_07320",outer membrane lipoprotein chaperone LolA,outer membrane lipoprotein chaperone LolA,,,,,,,,,
634500,Erwinia billingiae Eb661,90511513,0,live,lolA,"EBC_RS09205, EbC_14920",outer membrane lipoprotein chaperone LolA,outer membrane lipoprotein chaperone LolA,,,NC_014306.1,1683616,1684227,plus,0,,
915099,Pseudomonas canadensis,88825901,0,live,lolA,RB216_RS17515,outer membrane lipoprotein chaperone LolA,outer membrane lipoprotein chaperone LolA,,,,,,,,,
322710,Azotobacter vinelandii DJ,88185939,0,live,lolA,"AVIN_RS12880, Avin_28210",outer membrane lipoprotein chaperone LolA,outer membrane lipoprotein chaperone LolA,,,NC_012560.1,2905810,2906433,minus,0,,
546,Citrobacter freundii,87001907,0,live,lolA,JMV71_RS15660,outer membrane lipoprotein chaperone LolA,outer membrane lipoprotein chaperone LolA,,1,,,,,,,
1499973,Escherichia marmotae,86945789,0,live,lolA,"J8I93_RS07375, J8I93_07295",outer membrane lipoprotein chaperone LolA,outer membrane lipoprotein chaperone LolA,,,,,,,,,
50719,Vibrio diabolicus,57841086,0,live,lolA,"FR741_RS09900, FR741_10270",outer membrane lipoprotein chaperone LolA,outer membrane lipoprotein chaperone LolA,,1,,,,,,,
575,Raoultella planticola,57429710,0,live,lolA,"MC50_RS17170, MC50_017175",outer membrane lipoprotein chaperone LolA,outer membrane lipoprotein chaperone LolA,,,,,,,,,
384676,Pseudomonas entomophila L48,32805411,0,live,lolA,"PSEEN_RS10300, PSEEN2213",outer membrane lipoprotein chaperone LolA,outer membrane lipoprotein chaperone LolA,,,NC_008027.1,2326476,2327099,plus,0,,
1051646,Vibrio tubiashii ATCC 19109,23445124,0,live,lolA,"IX91_RS10155, IX91_10370",outer membrane lipoprotein chaperone LolA,outer membrane lipoprotein chaperone LolA,,1,,,,,,,
633,Yersinia pseudotuberculosis,49786516,0,live,lolA,"EL213_RS13030, NCTC10275_02586",outer membrane lipoprotein chaperone LolA,outer membrane lipoprotein chaperone LolA,,1,,,,,,,
382638,Helicobacter acinonychis str. Sheeba,31758306,0,live,lolA,"HAC_RS03895, Hac_0905",LolA-like outer membrane lipoprotein chaperone,LolA-like outer membrane lipoprotein chaperone,,,NC_008229.1,790376,790930,minus,0,,
674,Vibrio mimicus,93951713,0,live,lolA,"DYA86_RS01975, NCTC11435_00397",outer membrane lipoprotein chaperone LolA,outer membrane lipoprotein chaperone LolA,,,,,,,,,
1219061,Vibrio vulnificus NBRC 15645 = ATCC 27562,93894177,0,live,lolA,"AOT11_RS01105, AOT11_08285",outer membrane lipoprotein chaperone LolA,outer membrane lipoprotein chaperone LolA,,1,,,,,,,
56458,Xanthomonas sacchari,93879121,0,live,lolA,"RAB71_RS10965, RAB71_10970",outer membrane lipoprotein chaperone LolA,outer membrane lipoprotein chaperone LolA,,,,,,,,,
2426,Teredinibacter turnerae,93856805,0,live,lolA,"WKI13_RS12390, WKI13_12390",outer membrane lipoprotein chaperone LolA,outer membrane lipoprotein chaperone LolA,,,,,,,,,
2963283,Stenotrophomonas muris,93742039,0,live,lolA,"NSA55_RS08780, NSA55_08780",outer membrane lipoprotein chaperone LolA,outer membrane lipoprotein chaperone LolA,,,,,,,,,
138074,Serratia symbiotica,93736934,0,live,lolA,"SYMBAF_RS10485, SYMBAF_10555",outer membrane lipoprotein chaperone LolA,outer membrane lipoprotein chaperone LolA,,,,,,,,,
1646377,Rouxiella badensis,93566877,0,live,lolA,"O1V65_RS12240, O1V65_12235",outer membrane lipoprotein chaperone LolA,outer membrane lipoprotein chaperone LolA,,,,,,,,,
470931,Pantoea anthophila,93533709,0,live,lolA,"OJ965_RS14740, OJ965_14735",outer membrane lipoprotein chaperone LolA,outer membrane lipoprotein chaperone LolA,,,,,,,,,
90245,Oligella urethralis,93428512,0,live,lolA,"DYH35_RS08965, NCTC12964_01802",outer membrane lipoprotein chaperone LolA,outer membrane lipoprotein chaperone LolA,,,,,,,,,
158850,Providencia rustigianii,93420693,0,live,lolA,"EL244_RS05875, NCTC8113_01189",outer membrane lipoprotein chaperone LolA,outer membrane lipoprotein chaperone LolA,,1,,,,,,,
333,Pseudomonas chlororaphis subsp. chlororaphis,93404537,0,live,lolA,"V4Y05_RS20815, V4Y05_20815",outer membrane lipoprotein chaperone LolA,outer membrane lipoprotein chaperone LolA,,,,,,,,,
85581,Photobacterium damselae subsp. damselae,93398259,0,live,lolA,"WAX86_RS10025, WAX86_10025",outer membrane lipoprotein chaperone LolA,outer membrane lipoprotein chaperone LolA,,1,,,,,,,
729,Haemophilus parainfluenzae,93297433,0,live,lolA,"I6H57_RS02885, I6H57_02885",outer membrane lipoprotein chaperone LolA,outer membrane lipoprotein chaperone LolA,,,,,,,,,
1094715,Fluoribacter dumoffii NY 23,93292162,0,live,lolA,KYQ_RS06005,outer membrane lipoprotein chaperone LolA,outer membrane lipoprotein chaperone LolA,,,,,,,,,
504,Kingella kingae,93261406,0,live,lolA,"DQN52_RS00375, NCTC10529_00071",outer membrane lipoprotein chaperone LolA,outer membrane lipoprotein chaperone LolA,,1,,,,,,,
2497875,Enterobacter chuandaensis,93244983,0,live,lolA,"MX657_RS07850, MX657_07840",outer membrane lipoprotein chaperone LolA,outer membrane lipoprotein chaperone LolA,,,,,,,,,
636,Edwardsiella tarda,93124567,0,live,lolA,"K8O98_RS12550, K8O98_12505",outer membrane lipoprotein chaperone LolA,outer membrane lipoprotein chaperone LolA,,,,,,,,,
471,Acinetobacter calcoaceticus,92920650,0,live,lolA,"DY143_RS12965, NCTC12983_02586",outer membrane lipoprotein chaperone LolA,outer membrane lipoprotein chaperone LolA,,,,,,,,,
470,Acinetobacter baumannii,92895004,0,live,lolA,"FQU82_RS15605, FQU82_03090",outer membrane lipoprotein chaperone LolA,outer membrane lipoprotein chaperone LolA,,,,,,,,,
565,Atlantibacter hermannii,92829112,0,live,lolA,"I6G45_RS12625, I6G45_12625",outer membrane lipoprotein chaperone LolA,outer membrane lipoprotein chaperone LolA,,,,,,,,,
413502,Cronobacter turicensis,92806897,0,live,lolA,"AB8W27_RS13275, AB8W27_13290",outer membrane lipoprotein chaperone LolA,outer membrane lipoprotein chaperone LolA,,,,,,,,,
106654,Acinetobacter nosocomialis,92797523,0,live,lolA,"ABLC00_RS14855, ABLC00_14855",outer membrane lipoprotein chaperone LolA,outer membrane lipoprotein chaperone LolA,,,,,,,,,
1940636,Pseudomonas shirazica,92660005,0,live,lolA,IMX18_RS07455,outer membrane lipoprotein chaperone LolA,outer membrane lipoprotein chaperone LolA,,,,,,,,,
2529382,Enterobacter quasihormaechei,92386931,0,live,lolA,"E0L16_RS19310, E0L16_19310",outer membrane lipoprotein chaperone LolA,outer membrane lipoprotein chaperone LolA,,,,,,,,,
79967,Erwinia pyrifoliae,92236561,0,live,lolA,"CPI84_RS07060, CPI84_07115",outer membrane lipoprotein chaperone LolA,outer membrane lipoprotein chaperone LolA,,,,,,,,,
1279018,Stenotrophomonas maltophilia ATCC 19867,90524822,0,live,lolA,G370_RS0105305,outer membrane lipoprotein chaperone LolA,outer membrane lipoprotein chaperone LolA,,,,,,,,,
470933,Pantoea eucalypti,90521771,0,live,lolA,"EE896_RS12960, EE896_12960",outer membrane lipoprotein chaperone LolA,outer membrane lipoprotein chaperone LolA,,,,,,,,,
634,Yersinia bercovieri,89597398,0,live,lolA,"QJR59_RS12460, QJR59_12410",outer membrane lipoprotein chaperone LolA,outer membrane lipoprotein chaperone LolA,,,,,,,,,
1516159,Vibrio coralliirubri,89592941,0,live,lolA,V7R44_RS13950,outer membrane lipoprotein chaperone LolA,outer membrane lipoprotein chaperone LolA,,,,,,,,,
208962,Escherichia albertii,89520268,0,live,lolA,"PS053_RS22580, PS053_22580",outer membrane lipoprotein chaperone LolA,outer membrane lipoprotein chaperone LolA,,,,,,,,,
650003,Vibrio paracholerae,89514080,0,live,lolA,"R4537_RS10275, R4537_10275",outer membrane lipoprotein chaperone LolA,outer membrane lipoprotein chaperone LolA,,1,,,,,,,
2014742,Vibrio tarriae,88785458,0,live,lolA,"DLR62_RS14430, DLR62_14425",outer membrane lipoprotein chaperone LolA,outer membrane lipoprotein chaperone LolA,,,,,,,,,
885040,Enterobacter soli,88088706,0,live,lolA,"ENTAS_RS07185, Entas_1402",outer membrane lipoprotein chaperone LolA,outer membrane lipoprotein chaperone LolA,,,NC_015968.1,1528183,1528797,plus,0,,
2703793,Serratia bockelmannii,87005368,0,live,lolA,"QAO66_RS07685, QAO66_07685",outer membrane lipoprotein chaperone LolA,outer membrane lipoprotein chaperone LolA,,,,,,,,,
2487355,Pseudomonas carnis,86984010,0,live,lolA,"NVV81_RS24640, NVV81_24640",outer membrane lipoprotein chaperone LolA,outer membrane lipoprotein chaperone LolA,,,,,,,,,
489,Neisseria polysaccharea,86929782,0,live,lolA,RDY34_RS06350,outer membrane lipoprotein chaperone LolA,outer membrane lipoprotein chaperone LolA,,,,,,,,,
70347,Acinetobacter higginsii,86813622,0,live,lolA,"F885_RS01220, F885_01175",outer membrane lipoprotein chaperone LolA,outer membrane lipoprotein chaperone LolA,,,,,,,,,
1120926,Acinetobacter gerneri DSM 14967 = CIP 107464 = MTCC 9824,84208129,0,live,lolA,"F960_RS02185, F960_00712",outer membrane lipoprotein chaperone LolA,outer membrane lipoprotein chaperone LolA,,,,,,,,,
1940621,Pseudomonas alloputida,83679294,0,live,lolA,"LU682_RS10025, LU682_010025",outer membrane lipoprotein chaperone LolA,outer membrane lipoprotein chaperone LolA,,,,,,,,,
485880,Pseudomonas kurunegalensis,83670908,0,live,lolA,"QQ992_RS18510, QQ992_18510",outer membrane lipoprotein chaperone LolA,outer membrane lipoprotein chaperone LolA,,,,,,,,,
489632,Pseudomonas chengduensis,83641464,0,live,lolA,MYO55_RS11445,outer membrane lipoprotein chaperone LolA,outer membrane lipoprotein chaperone LolA,,,,,,,,,
669,Vibrio harveyi,83582211,0,live,lolA,"QMY49_RS08830, QMY49_08830",outer membrane lipoprotein chaperone LolA,outer membrane lipoprotein chaperone LolA,,I,,,,,,,
198618,Pseudomonas umsongensis,72195926,0,live,lolA,"HGP31_RS20170, HGP31_20170",outer membrane lipoprotein chaperone LolA,outer membrane lipoprotein chaperone LolA,,,,,,,,,
715,Actinobacillus pleuropneumoniae,48598645,0,live,lolA,"DRF63_RS02530, DRF63_02530",outer membrane lipoprotein chaperone LolA,outer membrane lipoprotein chaperone LolA,,,,,,,,,
75612,Pseudomonas mandelii,46433342,0,live,lolA,"BLU63_RS31645, SAMN04489801_6446",outer membrane lipoprotein chaperone LolA,outer membrane lipoprotein chaperone LolA,,I,,,,,,,
1905730,Pectobacterium parmentieri,45849578,0,live,lolA,"A8F97_RS08915, A8F97_08905",outer membrane lipoprotein chaperone LolA,outer membrane lipoprotein chaperone LolA,,,,,,,,,
1615674,Pseudomonas lactis,45732821,0,live,lolA,"TX24_RS11415, TX24_11425",outer membrane lipoprotein chaperone LolA,outer membrane lipoprotein chaperone LolA,,,,,,,,,
1282356,Pseudomonas poae RE*1-1-14,45488181,0,live,lolA,"H045_RS11085, H045_11190",outer membrane lipoprotein chaperone LolA,outer membrane lipoprotein chaperone LolA,,,NC_020209.1,2589083,2589706,minus,0,,
1121869,Enterovibrio norvegicus DSM 15893,35872079,0,live,lolA,"BM082_RS06860, SAMN03084138_01372",outer membrane lipoprotein chaperone LolA,outer membrane lipoprotein chaperone LolA,,,,,,,,,
35818,Helicobacter pullorum,93196612,0,live,lolA,"EL247_RS04650, NCTC13154_00943",LolA-like outer membrane lipoprotein chaperone,LolA-like outer membrane lipoprotein chaperone,,1,,,,,,,
157268,Helicobacter winghamensis,78825090,0,live,lolA,"A0Z60_RS03890, A0Z60_03890",LolA-like outer membrane lipoprotein chaperone,LolA-like outer membrane lipoprotein chaperone,,,,,,,,,
305,Ralstonia solanacearum,61361746,0,live,lolA,"RALBFv3_RS04155, RALBFv3_04155",outer membrane lipoprotein chaperone LolA,outer membrane lipoprotein chaperone LolA,,,,,,,,,
28450,Burkholderia pseudomallei,93061180,0,live,lolA,"QUF21_RS13435, GTC254T_25940",outer membrane lipoprotein chaperone LolA,outer membrane lipoprotein chaperone LolA,,1,,,,,,,
13373,Burkholderia mallei,92979827,0,live,lolA,atcc23344_RS20270,outer membrane lipoprotein chaperone LolA,outer membrane lipoprotein chaperone LolA,,1,,,,,,,
271848,Burkholderia thailandensis E264,45121297,0,live,lolA,"BTH_RS20170, BTH_I1562",outer membrane lipoprotein chaperone LolA,outer membrane lipoprotein chaperone LolA,,I,NC_007651.1,1764247,1764957,plus,0,,
1042878,Cupriavidus necator N-1,34310645,0,live,lolA,"CNE_RS03730, CNE_1c07650",outer membrane lipoprotein chaperone LolA,outer membrane lipoprotein chaperone LolA,,1,NC_015726.1,783148,783783,plus,0,,
1229205,Paraburkholderia phenoliruptrix BR3459a,27796094,0,live,lolA,"BUPH_RS04205, BUPH_05389",outer membrane lipoprotein chaperone LolA,outer membrane lipoprotein chaperone LolA,,1,NC_018695.1,958271,959014,plus,0,,
519,Bordetella parapertussis,93205246,0,live,lolA,"LK409_RS15455, LK409_15455",outer membrane lipoprotein chaperone LolA,outer membrane lipoprotein chaperone LolA,,,,,,,,,
35814,Bordetella holmesii,93119319,0,live,lolA,"LK440_RS04165, LK440_04165",outer membrane lipoprotein chaperone LolA,outer membrane lipoprotein chaperone LolA,,,,,,,,,
1176492,Burkholderia glumae LMG 2196 = ATCC 33617,45697222,0,live,lolA,"KS03_RS21165, KS03_1742",outer membrane lipoprotein chaperone LolA,outer membrane lipoprotein chaperone LolA,,I,,,,,,,
1449978,Burkholderia vietnamiensis LMG 10929,45682879,0,live,lolA,"AK36_RS24545, AK36_2966",outer membrane lipoprotein chaperone LolA,outer membrane lipoprotein chaperone LolA,,I,,,,,,,
521,Bordetella avium,92934123,0,live,lolA,"U0029_RS03985, U0029_03985",outer membrane lipoprotein chaperone LolA,outer membrane lipoprotein chaperone LolA,,,,,,,,,
964,Herbaspirillum seropedicae,29390946,0,live,lolA,"ACP92_RS09465, ACP92_09490",outer membrane lipoprotein chaperone LolA,outer membrane lipoprotein chaperone LolA,,,,,,,,,
1163398,Pseudomonas donghuensis,98282628,0,live,lolA,"BV82_RS10070, BV82_1256",outer membrane lipoprotein chaperone LolA,outer membrane lipoprotein chaperone LolA,,,,,,,,,
2027290,Providencia huaxiensis,89490945,0,live,lolA,V6066_RS14375,outer membrane lipoprotein chaperone LolA,outer membrane lipoprotein chaperone LolA,,,,,,,,,
2745512,Pseudomonas shahriarae,97825983,0,live,lolA,"HU773_RS16325, HU773_016325",outer membrane lipoprotein chaperone LolA,outer membrane lipoprotein chaperone LolA,,,,,,,,,
170651,Vibrio neptunius,88756320,0,live,lolA,"TW84_RS08480, TW84_08480",outer membrane lipoprotein chaperone LolA,outer membrane lipoprotein chaperone LolA,,,,,,,,,
2703794,Serratia nevei,98187562,0,live,lolA,"V8N38_RS08370, V8N38_08370",outer membrane lipoprotein chaperone LolA,outer membrane lipoprotein chaperone LolA,,,,,,,,,
1306993,Pseudomonas soli,93677277,0,live,lolA,"LU688_RS11025, LU688_11025",outer membrane lipoprotein chaperone LolA,outer membrane lipoprotein chaperone LolA,,,,,,,,,
2488639,Pectobacterium versatile,93389963,0,live,lolA,"EIP93_RS09775, EIP93_09795",outer membrane lipoprotein chaperone LolA,outer membrane lipoprotein chaperone LolA,,,,,,,,,
2778550,Pectobacterium parvum,90771690,0,live,lolA,"LOZ86_RS12755, LOZ86_12755",outer membrane lipoprotein chaperone LolA,outer membrane lipoprotein chaperone LolA,,,,,,,,,
2608867,Escherichia ruysiae,86863413,0,live,lolA,"RGV86_RS20515, RGV86_20515",outer membrane lipoprotein chaperone LolA,outer membrane lipoprotein chaperone LolA,,,,,,,,,
51288,Kluyvera ascorbata,85162937,0,live,lolA,"MY052_RS15885, MY052_15885",outer membrane lipoprotein chaperone LolA,outer membrane lipoprotein chaperone LolA,,,,,,,,,
28151,Serratia proteamaculans,83698564,0,live,lolA,QOT07_RS08760,outer membrane lipoprotein chaperone LolA,outer membrane lipoprotein chaperone LolA,,EBP3064_c1,,,,,,,
128780,Stenotrophomonas acidaminiphila,78389499,0,live,lolA,F0P95_RS11905,outer membrane lipoprotein chaperone LolA,outer membrane lipoprotein chaperone LolA,,,,,,,,,
2502979,Ectopseudomonas khazarica,99817148,0,live,lolA,"JLK41_RS12045, JLK41_12045",outer membrane lipoprotein chaperone LolA,outer membrane lipoprotein chaperone LolA,,,,,,,,,
203122,Saccharophagus degradans 2-40,98613369,0,live,lolA,"SDE_RS08860, Sde_1694",outer membrane lipoprotein chaperone LolA,outer membrane lipoprotein chaperone LolA,,,NC_007912.1,2165801,2166427,plus,0,,
945550,Vibrio sinaloensis DSM 21326,95569922,0,live,lolA,"RH45_RS13635, VISI1226_17800",outer membrane lipoprotein chaperone LolA,outer membrane lipoprotein chaperone LolA,,,,,,,,,
2703885,Rahnella aceris,95417851,0,live,lolA,"MNO10_RS09575, MNO10_09575",outer membrane lipoprotein chaperone LolA,outer membrane lipoprotein chaperone LolA,,,,,,,,,
290398,Chromohalobacter israelensis DSM 3043,95335141,0,live,lolA,"CSAL_RS12355, Csal_2435",outer membrane lipoprotein chaperone LolA,outer membrane lipoprotein chaperone LolA,,,NC_007963.1,2738169,2738801,minus,0,,
40324,Stenotrophomonas maltophilia,93833441,0,live,lolA,"CKW06_RS11995, SAMEA4076705_02411",outer membrane lipoprotein chaperone LolA,outer membrane lipoprotein chaperone LolA,,1,,,,,,,
36746,Pseudomonas cichorii,93658563,0,live,lolA,"KGD89_RS09235, KGD89_09235",outer membrane lipoprotein chaperone LolA,outer membrane lipoprotein chaperone LolA,,,,,,,,,
35703,Citrobacter amalonaticus,93032496,0,live,lolA,"LA348_RS04550, LA348_04550",outer membrane lipoprotein chaperone LolA,outer membrane lipoprotein chaperone LolA,,,,,,,,,
990288,Acidithiobacillus caldus SM-1,92932390,0,live,lolA,"ATC_RS12390, Atc_2477",outer membrane lipoprotein chaperone LolA,outer membrane lipoprotein chaperone LolA,,,NC_015850.1,2538755,2539417,minus,0,,
333965,Providencia vermicola,88354258,0,live,lolA,KDJ85_RS11370,outer membrane lipoprotein chaperone LolA,outer membrane lipoprotein chaperone LolA,,,,,,,,,
243233,Methylococcus capsulatus str. Bath,88225337,0,live,lolA,"MCA_RS16015, MCA1783",outer membrane lipoprotein chaperone LolA,outer membrane lipoprotein chaperone LolA,,,NC_002977.6,1913421,1914047,minus,0,,
2056231,Pseudomonas qingdaonensis,87481849,0,live,lolA,"KH389_RS16420, KH389_16420",outer membrane lipoprotein chaperone LolA,outer membrane lipoprotein chaperone LolA,,,,,,,,,
1298593,Thalassolituus oleivorans MIL-1,79176642,0,live,lolA,"TOL_RS08630, TOL_1790",outer membrane lipoprotein chaperone LolA,outer membrane lipoprotein chaperone LolA,,,NC_020888.1,1914983,1915630,minus,0,,
283942,Idiomarina loihiensis L2TR,41335821,0,live,lolA,"IL_RS03390, IL0666",outer membrane lipoprotein chaperone LolA,outer membrane lipoprotein chaperone LolA,,,NC_006512.1,720564,721166,minus,0,,
661367,Legionella longbeachae NSW150,40926524,0,live,lolA,"LLO_RS11795, LLO_2323, llo2323",outer membrane lipoprotein chaperone LolA,outer membrane lipoprotein chaperone LolA,,,NC_013861.1,2727591,2728199,minus,0,,
1346614,Serratia liquefaciens ATCC 27592,29905821,0,live,lolA,"M495_RS07905, M495_07975",outer membrane lipoprotein chaperone LolA,outer membrane lipoprotein chaperone LolA,,,NC_021741.1,1703464,1704075,plus,0,,
673372,Vibrio casei,303188231,0,live,lolA,"CIK83_RS04835, CIK83_04835",outer membrane lipoprotein chaperone LolA,outer membrane lipoprotein chaperone LolA,,,,,,,,,
3020826,Serratia sarumanii,301145333,0,live,lolA,"VOT19_RS08245, VOT19_08245",outer membrane lipoprotein chaperone LolA,outer membrane lipoprotein chaperone LolA,,,,,,,,,
2058152,Klebsiella grimontii,97396284,0,live,lolA,"ACE3MN_RS17655, ACE3MN_17655",outer membrane lipoprotein chaperone LolA,outer membrane lipoprotein chaperone LolA,,,,,,,,,
558537,Delftia lacustris,94690636,0,live,lolA,U6958_RS08515,outer membrane lipoprotein chaperone LolA,outer membrane lipoprotein chaperone LolA,,,,,,,,,
1159613,Cronobacter muytjensii ATCC 51329,92213672,0,live,lolA,"AFK63_RS11675, AFK63_11695",outer membrane lipoprotein chaperone LolA,outer membrane lipoprotein chaperone LolA,,,,,,,,,
2316085,Pseudomonas bubulae,89543960,0,live,lolA,"V6L81_RS11215, V6L81_11215",outer membrane lipoprotein chaperone LolA,outer membrane lipoprotein chaperone LolA,,,,,,,,,
47920,Acidovorax delafieldii,51111821,0,live,lolA,"ATF69_RS13715, ATF69_2763",outer membrane lipoprotein chaperone LolA,outer membrane lipoprotein chaperone LolA,,,,,,,,,
1194427,Vibrio toranzoniae,300178842,0,live,lolA,OCU50_RS09025,outer membrane lipoprotein chaperone LolA,outer membrane lipoprotein chaperone LolA,,1,,,,,,,
693153,Vibrio atlanticus,94233436,0,live,lolA,OCV30_RS10225,outer membrane lipoprotein chaperone LolA,outer membrane lipoprotein chaperone LolA,,1,,,,,,,
170673,Vibrio kanaloae,93965603,0,live,lolA,OCV24_RS05305,outer membrane lipoprotein chaperone LolA,outer membrane lipoprotein chaperone LolA,,1,,,,,,,
1398493,Pseudocitrobacter faecalis,99808193,0,live,lolA,"IE167_RS09410, GCM10011445_18560",outer membrane lipoprotein chaperone LolA,outer membrane lipoprotein chaperone LolA,,,,,,,,,
134533,Acinetobacter parvus,99691862,0,live,lolA,"ACFPRF_RS10605, ACFPRF_10605",outer membrane lipoprotein chaperone LolA,outer membrane lipoprotein chaperone LolA,,,,,,,,,
1874362,Campylobacter pinnipediorum subsp. caledonicus,56567083,0,live,lolA,"CPIN18020_RS07235, CPIN18020_1442",LolA-like outer membrane lipoprotein chaperone,LolA-like outer membrane lipoprotein chaperone,,,,,,,,,
1660076,Campylobacter vicugnae,93112932,0,live,lolA,"CVIC9261_RS02440, CVIC9261_02440",LolA-like outer membrane lipoprotein chaperone,LolA-like outer membrane lipoprotein chaperone,,,,,,,,,
306572,Psychrobacter celer,303307976,0,live,lolA,JFC05_RS08925,outer membrane lipoprotein chaperone LolA,outer membrane lipoprotein chaperone LolA,,,,,,,,,
292733,Psychrobacter aquimaris,303300946,0,live,lolA,JMV81_RS07675,outer membrane lipoprotein chaperone LolA,outer membrane lipoprotein chaperone LolA,,,,,,,,,
1315282,Pseudoalteromonas prydzensis ACAM 620,303293471,0,live,lolA,"PPRY_RS13390, PPRY_a1203",outer membrane lipoprotein chaperone LolA,outer membrane lipoprotein chaperone LolA,,,,,,,,,
3394203,Variovorax atrisoli,303197841,0,live,lolA,"FHY06_RS07880, FHY06_001588",outer membrane lipoprotein chaperone LolA,outer membrane lipoprotein chaperone LolA,,,,,,,,,
272774,Vreelandella alkaliphila,303166981,0,live,lolA,"SIL78_RS15760, SIL78_15760",outer membrane lipoprotein chaperone LolA,outer membrane lipoprotein chaperone LolA,,,,,,,,,
574964,Rahnella variigena,302710532,0,live,lolA,"CKQ54_RS17210, CKQ54_17130",outer membrane lipoprotein chaperone LolA,outer membrane lipoprotein chaperone LolA,,,,,,,,,
1240404,Dickeya oryzae,302581817,0,live,lolA,"LF929_RS09055, LF929_009055",outer membrane lipoprotein chaperone LolA,outer membrane lipoprotein chaperone LolA,,,,,,,,,
3064349,Pseudomonas alabamensis,302510009,0,live,lolA,"Q6A49_RS13110, Q6A49_13105",outer membrane lipoprotein chaperone LolA,outer membrane lipoprotein chaperone LolA,,,,,,,,,
203192,Stutzerimonas chloritidismutans,302373048,0,live,lolA,"LLJ08_RS09795, LLJ08_09800",outer membrane lipoprotein chaperone LolA,outer membrane lipoprotein chaperone LolA,,,,,,,,,
477,Moraxella lacunata,302269242,0,live,lolA,"DYD53_RS02825, NCTC7911_00586",outer membrane lipoprotein chaperone LolA,outer membrane lipoprotein chaperone LolA,,,,,,,,,
386891,Moraxella bovoculi,301975741,0,live,lolA,"AAX10_RS06335, AAX10_06250",outer membrane lipoprotein chaperone LolA,outer membrane lipoprotein chaperone LolA,,,,,,,,,
416213,Ferrovum myxofaciens,301710929,0,live,lolA,"HO274_RS13100, HO274_13055",outer membrane lipoprotein chaperone LolA,outer membrane lipoprotein chaperone LolA,,,,,,,,,
2726434,Shewanella oncorhynchi,301339825,0,live,lolA,"RA178_RS11545, RA178_11540",outer membrane lipoprotein chaperone LolA,outer membrane lipoprotein chaperone LolA,,,,,,,,,
86265,Pseudomonas thivervalensis,301220299,0,live,lolA,AD659_RS16500,outer membrane lipoprotein chaperone LolA,outer membrane lipoprotein chaperone LolA,,,,,,,,,
1495066,Pseudomonas capeferrum,301034207,0,live,lolA,"PC358_RS00355, PC358_00360",outer membrane lipoprotein chaperone LolA,outer membrane lipoprotein chaperone LolA,,,,,,,,,
28109,Pseudoalteromonas nigrifaciens,300941917,0,live,lolA,"PNIG_RS09600, PNIG_a2238",outer membrane lipoprotein chaperone LolA,outer membrane lipoprotein chaperone LolA,,I,,,,,,,
1880678,Pseudomonas sivasensis,300937858,0,live,lolA,LRO94_RS17215,outer membrane lipoprotein chaperone LolA,outer membrane lipoprotein chaperone LolA,,,,,,,,,
1198456,Ectopseudomonas guguanensis,300931062,0,live,lolA,"BLS61_RS06600, SAMN05216213_103379",outer membrane lipoprotein chaperone LolA,outer membrane lipoprotein chaperone LolA,,,,,,,,,
112002,Psychrobacter pacificensis,300923582,0,live,lolA,"GYK50_RS04170, GYK50_04175",outer membrane lipoprotein chaperone LolA,outer membrane lipoprotein chaperone LolA,,,,,,,,,
301,Ectopseudomonas oleovorans,300417040,0,live,lolA,"N5J71_RS12080, N5J71_12080",outer membrane lipoprotein chaperone LolA,outer membrane lipoprotein chaperone LolA,,,,,,,,,
46680,Pseudomonas nitroreducens,300413305,0,live,lolA,GJV37_RS27275,outer membrane lipoprotein chaperone LolA,outer membrane lipoprotein chaperone LolA,,,,,,,,,
3061285,Phocoenobacter atlanticus subsp. atlanticus,300271791,0,live,lolA,"QJU42_RS08290, QJU42_08300",outer membrane lipoprotein chaperone LolA,outer membrane lipoprotein chaperone LolA,,,,,,,,,
1215106,Pseudomonas luteola NBRC 103146,300269480,0,live,lolA,PLU01S_RS22830,outer membrane lipoprotein chaperone LolA,outer membrane lipoprotein chaperone LolA,,,,,,,,,
53407,Pseudomonas asplenii,300208548,0,live,lolA,"BLU37_RS17875, SAMN05216598_3614",outer membrane lipoprotein chaperone LolA,outer membrane lipoprotein chaperone LolA,,I,,,,,,,
751,Avibacterium avium,300134003,0,live,lolA,"DYC50_RS09040, NCTC11297_01817",outer membrane lipoprotein chaperone LolA,outer membrane lipoprotein chaperone LolA,,,,,,,,,
70348,Acinetobacter dispersus,300097213,0,live,lolA,"FPL17_RS18495, FPL17_18705",outer membrane lipoprotein chaperone LolA,outer membrane lipoprotein chaperone LolA,,,,,,,,,
2493633,Ectopseudomonas hydrolytica,300081469,0,live,lolA,"L1F06_RS10820, L1F06_010820",outer membrane lipoprotein chaperone LolA,outer membrane lipoprotein chaperone LolA,,,,,,,,,
1194168,Comamonas jiangduensis,300070459,0,live,lolA,QEP12_RS03955,outer membrane lipoprotein chaperone LolA,outer membrane lipoprotein chaperone LolA,,,,,,,,,
1581557,Candidatus Methylopumilus planktonicus,99989963,0,live,lolA,"FIT68_RS03085, FIT68_03085",outer membrane lipoprotein chaperone LolA,outer membrane lipoprotein chaperone LolA,,,,,,,,,
55212,Erwinia rhapontici,99865785,0,live,lolA,"LJN55_RS07445, LJN55_07445",outer membrane lipoprotein chaperone LolA,outer membrane lipoprotein chaperone LolA,,,,,,,,,
633417,Aeromonas taiwanensis,99812703,0,live,lolA,BN1136_RS09845,outer membrane lipoprotein chaperone LolA,outer membrane lipoprotein chaperone LolA,,,,,,,,,
558541,Shewanella chilikensis,99800315,0,live,lolA,"WKR14_RS10550, WKR14_10550",outer membrane lipoprotein chaperone LolA,outer membrane lipoprotein chaperone LolA,,,,,,,,,
1211807,Stutzerimonas kunmingensis,99795344,0,live,lolA,"BM275_RS07940, SAMN05216194_102699",outer membrane lipoprotein chaperone LolA,outer membrane lipoprotein chaperone LolA,,,,,,,,,
1218112,Kluyvera cryocrescens NBRC 102467,99778635,0,live,lolA,KCR01S_RS15545,outer membrane lipoprotein chaperone LolA,outer membrane lipoprotein chaperone LolA,,,,,,,,,
948519,Aeromonas rivipollensis,99768908,0,live,lolA,"ACEUDA_RS04875, ACEUDA_04870",outer membrane lipoprotein chaperone LolA,outer membrane lipoprotein chaperone LolA,,,,,,,,,
172371,Alloalcanivorax venustensis,99766992,0,live,lolA,"ACMG4O_RS11490, ACMG4O_11490",outer membrane lipoprotein chaperone LolA,outer membrane lipoprotein chaperone LolA,,,,,,,,,
1970738,Gilliamella apis,99744408,0,live,lolA,"RAM03_RS03370, RAM03_03370",outer membrane lipoprotein chaperone LolA,outer membrane lipoprotein chaperone LolA,,,,,,,,,
48408,Photobacterium leiognathi subsp. mandapamensis,99741748,0,live,lolA,"ACN08M_RS11775, ACN08M_11775",outer membrane lipoprotein chaperone LolA,outer membrane lipoprotein chaperone LolA,,1,,,,,,,
574096,Pantoea allii,99737631,0,live,lolA,"QNH99_RS14820, QNH99_14800",outer membrane lipoprotein chaperone LolA,outer membrane lipoprotein chaperone LolA,,,,,,,,,
206506,Kerstersia gyiorum,99727415,0,live,lolA,"ACEW7X_RS12805, ACEW7X_12800",outer membrane lipoprotein chaperone LolA,outer membrane lipoprotein chaperone LolA,,,,,,,,,
244566,Pseudomonas lurida,99722350,0,live,lolA,"ATH90_RS16805, ATH90_3435",outer membrane lipoprotein chaperone LolA,outer membrane lipoprotein chaperone LolA,,,,,,,,,
1321610,Variovorax paradoxus NBRC 15149,99712873,0,live,lolA,"ABL837_RS05905, ABL837_05900",outer membrane lipoprotein chaperone LolA,outer membrane lipoprotein chaperone LolA,,1,,,,,,,
3133180,Enterobacter intestinihominis,99705177,0,live,lolA,"ACN6BD_RS07385, ACN6BD_07385",outer membrane lipoprotein chaperone LolA,outer membrane lipoprotein chaperone LolA,,,,,,,,,
43659,Pseudoalteromonas tetraodonis,99693325,0,live,lolA,"ACI9H9_RS02785, ACI9H9_000562",outer membrane lipoprotein chaperone LolA,outer membrane lipoprotein chaperone LolA,,,,,,,,,
488,Neisseria mucosa,99687707,0,live,lolA,DBY90_RS01740,outer membrane lipoprotein chaperone LolA,outer membrane lipoprotein chaperone LolA,,,,,,,,,
28068,Rubrivivax gelatinosus,99684204,0,live,lolA,ACNFWO_RS08055,outer membrane lipoprotein chaperone LolA,outer membrane lipoprotein chaperone LolA,,,,,,,,,
2750625,Pseudomonas paracarnis,99639833,0,live,lolA,"ACK2V3_RS11380, ACK2V3_11380",outer membrane lipoprotein chaperone LolA,outer membrane lipoprotein chaperone LolA,,,,,,,,,
570156,Pseudoalteromonas lipolytica,99505577,0,live,lolA,"D0907_RS08905, D0907_08905",outer membrane lipoprotein chaperone LolA,outer membrane lipoprotein chaperone LolA,,,,,,,,,
134534,Acinetobacter gyllenbergii,99061491,0,live,lolA,"NG55_RS15440, NG55_15435",outer membrane lipoprotein chaperone LolA,outer membrane lipoprotein chaperone LolA,,,,,,,,,
271420,Stutzerimonas xanthomarina,98638447,0,live,lolA,"BLW61_RS13050, SAMN05216535_2663",outer membrane lipoprotein chaperone LolA,outer membrane lipoprotein chaperone LolA,,I,,,,,,,
2725494,Kluyvera sichuanensis,98387583,0,live,lolA,"AB2B48_RS01525, AB2B48_01525",outer membrane lipoprotein chaperone LolA,outer membrane lipoprotein chaperone LolA,,,,,,,,,
184924,Pseudoalteromonas maricaloris,98335831,0,live,lolA,"CTT31_RS09160, CTT31_09205",outer membrane lipoprotein chaperone LolA,outer membrane lipoprotein chaperone LolA,,1,,,,,,,
134874,Xanthomonas translucens pv. graminis,98193303,0,live,lolA,"KHF85_RS10110, KHF85_10070",outer membrane lipoprotein chaperone LolA,outer membrane lipoprotein chaperone LolA,,,,,,,,,
1114970,Pseudomonas ogarae,98112119,0,live,lolA,"HU749_RS18915, HU749_018915",outer membrane lipoprotein chaperone LolA,outer membrane lipoprotein chaperone LolA,,,,,,,,,
28082,Legionella anisa,98065654,0,live,lolA,"DLD14_RS09745, DLD14_09745",outer membrane lipoprotein chaperone LolA,outer membrane lipoprotein chaperone LolA,,,,,,,,,
191390,Pseudomonas palleroniana,97921172,0,live,lolA,"MJP36_RS13865, MJP36_13865",outer membrane lipoprotein chaperone LolA,outer membrane lipoprotein chaperone LolA,,,,,,,,,
435897,Lysobacter capsici,97903361,0,live,lolA,"IEQ11_RS11510, IEQ11_11510",outer membrane lipoprotein chaperone LolA,outer membrane lipoprotein chaperone LolA,,,,,,,,,
633415,Aeromonas sanarellii,97856504,0,live,lolA,BN1132_RS04760,outer membrane lipoprotein chaperone LolA,outer membrane lipoprotein chaperone LolA,,,,,,,,,
71657,Lonsdalea quercina,97764607,0,live,lolA,"BLU64_RS08525, SAMN02982996_01728",outer membrane lipoprotein chaperone LolA,outer membrane lipoprotein chaperone LolA,,,,,,,,,
552,Erwinia amylovora,97605634,0,live,lolA,ACFXQC_RS06785,outer membrane lipoprotein chaperone LolA,outer membrane lipoprotein chaperone LolA,,,,,,,,,
69220,Lelliottia nimipressuralis,97601060,0,live,lolA,"ACB496_RS07280, ACB496_07280",outer membrane lipoprotein chaperone LolA,outer membrane lipoprotein chaperone LolA,,,,,,,,,
28173,Vibrio nigripulchritudo,97540615,0,live,lolA,"QMG91_RS05760, TUMSATVNIG2_10910",outer membrane lipoprotein chaperone LolA,outer membrane lipoprotein chaperone LolA,,1,,,,,,,
487832,Xanthomonas axonopodis pv. maculifoliigardeniae,97510375,0,live,lolA,"ACDH77_RS09875, ACDH77_09875",outer membrane lipoprotein chaperone LolA,outer membrane lipoprotein chaperone LolA,,,,,,,,,
686831,Chromobacterium piscinae,97480179,0,live,lolA,"ACFFU8_RS20125, ACFFU8_20135",outer membrane lipoprotein chaperone LolA,outer membrane lipoprotein chaperone LolA,,,,,,,,,
2890318,Yersinia vastinensis,97455670,0,live,lolA,"ACIOG0_RS08345, ACIOG0_08345",outer membrane lipoprotein chaperone LolA,outer membrane lipoprotein chaperone LolA,,,,,,,,,
2497436,Enterobacter quasiroggenkampii,97444718,0,live,lolA,"V1572_RS10175, V1572_10155",outer membrane lipoprotein chaperone LolA,outer membrane lipoprotein chaperone LolA,,,,,,,,,
3151487,Acinetobacter thermotolerans,97426921,0,live,lolA,"ABEF82_RS10985, ABEF82_10985",outer membrane lipoprotein chaperone LolA,outer membrane lipoprotein chaperone LolA,,,,,,,,,
1055104,Cobetia amphilecti,97327375,0,live,lolA,"R1T44_RS15185, R1T44_15185",outer membrane lipoprotein chaperone LolA,outer membrane lipoprotein chaperone LolA,,,,,,,,,
77097,Vreelandella aquamarina,97275557,0,live,lolA,"HME01_RS01975, HME01_03770",outer membrane lipoprotein chaperone LolA,outer membrane lipoprotein chaperone LolA,,,,,,,,,
2860290,Stenotrophomonas sepilia,97261073,0,live,lolA,"AB9H29_RS09435, AB9H29_09435",outer membrane lipoprotein chaperone LolA,outer membrane lipoprotein chaperone LolA,,,,,,,,,
1608996,Pseudomonas helleri,97253332,0,live,lolA,"ACJJU9_RS08145, ACJJU9_08145",outer membrane lipoprotein chaperone LolA,outer membrane lipoprotein chaperone LolA,,,,,,,,,
2045214,Stenotrophomonas lactitubi,97224547,0,live,lolA,"AB9L18_RS10495, AB9L18_10495",outer membrane lipoprotein chaperone LolA,outer membrane lipoprotein chaperone LolA,,,,,,,,,
440079,Aeromonas bivalvium,97218972,0,live,lolA,"ACEUCR_RS02695, ACEUCR_02695",outer membrane lipoprotein chaperone LolA,outer membrane lipoprotein chaperone LolA,,,,,,,,,
1843581,Xanthomonas nasturtii,97211582,0,live,lolA,"M3O59_RS10185, M3O59_010185",outer membrane lipoprotein chaperone LolA,outer membrane lipoprotein chaperone LolA,,,,,,,,,
3050585,Lelliottia wanjuensis,97187955,0,live,lolA,"QQF30_RS21215, QQF30_21220",outer membrane lipoprotein chaperone LolA,outer membrane lipoprotein chaperone LolA,,,,,,,,,
2053287,Acinetobacter pseudolwoffii,97175941,0,live,lolA,"ACFOJ7_RS01665, ACFOJ7_01665",outer membrane lipoprotein chaperone LolA,outer membrane lipoprotein chaperone LolA,,,,,,,,,
379097,Vibrio sinaloensis,97174304,0,live,lolA,"ACFFVE_RS16690, ACFFVE_16685",outer membrane lipoprotein chaperone LolA,outer membrane lipoprotein chaperone LolA,,,,,,,,,
2219225,Pseudomonas asiatica,97168956,0,live,lolA,"PsasTeo6_RS17485, PsasTeo6_27960",outer membrane lipoprotein chaperone LolA,outer membrane lipoprotein chaperone LolA,,,,,,,,,
440079,Aeromonas bivalvium,97136472,0,live,lolA,BN1119_RS03890,outer membrane lipoprotein chaperone LolA,outer membrane lipoprotein chaperone LolA,,,,,,,,,
290112,Xenorhabdus szentirmaii,97124357,0,live,lolA,"Xszus_RS07295, Xszus_01519",outer membrane lipoprotein chaperone LolA,outer membrane lipoprotein chaperone LolA,,,,,,,,,
638,Arsenophonus nasoniae,96876490,0,live,lolA,"ArsFIN_RS06065, ArsFIN_12890",outer membrane lipoprotein chaperone LolA,outer membrane lipoprotein chaperone LolA,,,,,,,,,
45658,Vibrio scophthalmi,96873236,0,live,lolA,"RJD38_RS11760, RJD38_11755",outer membrane lipoprotein chaperone LolA,outer membrane lipoprotein chaperone LolA,,1,,,,,,,
367190,Yersinia similis,96664973,0,live,lolA,"BF17_RS15245, BF17_16070",outer membrane lipoprotein chaperone LolA,outer membrane lipoprotein chaperone LolA,,,,,,,,,
122355,Pseudomonas psychrophila,96620021,0,live,lolA,"G5J76_RS11435, G5J76_11410",outer membrane lipoprotein chaperone LolA,outer membrane lipoprotein chaperone LolA,,,,,,,,,
129140,Pseudomonas syringae pv. tagetis,96219647,0,live,lolA,"MME58_RS16280, MME58_16280",outer membrane lipoprotein chaperone LolA,outer membrane lipoprotein chaperone LolA,,,,,,,,,
1763883,Vibrio cidicii,95677574,0,live,lolA,EWA64_RS03445,outer membrane lipoprotein chaperone LolA,outer membrane lipoprotein chaperone LolA,,1,,,,,,,
743699,Xanthomonas dyei,95584512,0,live,lolA,"NYR95_RS11540, NYR95_11525",outer membrane lipoprotein chaperone LolA,outer membrane lipoprotein chaperone LolA,,,,,,,,,
2864211,Shewanella mangrovisoli,94727995,0,live,lolA,"K0H60_RS10355, K0H60_10355",outer membrane lipoprotein chaperone LolA,outer membrane lipoprotein chaperone LolA,,,,,,,,,
1389223,Marinobacter shengliensis,94723747,0,live,lolA,"QUE75_RS09665, MAALD49_19140",outer membrane lipoprotein chaperone LolA,outer membrane lipoprotein chaperone LolA,,,,,,,,,
1094342,Alloalcanivorax xenomutans,94686663,0,live,lolA,"RYH70_RS09550, RYH70_09550",outer membrane lipoprotein chaperone LolA,outer membrane lipoprotein chaperone LolA,,,,,,,,,
194197,Neisseria dentiae,94580575,0,live,lolA,"H3L92_RS05220, H3L92_05220",outer membrane lipoprotein chaperone LolA,outer membrane lipoprotein chaperone LolA,,,,,,,,,
685,Vibrio diazotrophicus,94025074,0,live,lolA,AAGA51_RS09620,outer membrane lipoprotein chaperone LolA,outer membrane lipoprotein chaperone LolA,,1,,,,,,,
1481663,Vibrio metoecus,94014126,0,live,lolA,"QYQ96_RS08370, QYQ96_08370",outer membrane lipoprotein chaperone LolA,outer membrane lipoprotein chaperone LolA,,1,,,,,,,
92828,Xanthomonas phaseoli pv. dieffenbachiae,93991237,0,live,lolA,"FLG15_RS10025, FLG15_10035",outer membrane lipoprotein chaperone LolA,outer membrane lipoprotein chaperone LolA,,,,,,,,,
1885674,Xanthomonas cannabis,93987277,0,live,lolA,"RZV17_RS10130, RZV17_10105",outer membrane lipoprotein chaperone LolA,outer membrane lipoprotein chaperone LolA,,,,,,,,,
1697053,Thiopseudomonas alkaliphila,93982935,0,live,lolA,"AKN87_RS01455, AKN87_01450",outer membrane lipoprotein chaperone LolA,outer membrane lipoprotein chaperone LolA,,,,,,,,,
2890316,Yersinia proxima,93969369,0,live,lolA,FTB31_RS02920,outer membrane lipoprotein chaperone LolA,outer membrane lipoprotein chaperone LolA,,,,,,,,,
44935,Vreelandella venusta,93946333,0,live,lolA,"IR195_RS05725, IR195_05730",outer membrane lipoprotein chaperone LolA,outer membrane lipoprotein chaperone LolA,,,,,,,,,
190893,Vibrio coralliilyticus,93942765,0,live,lolA,"P6988_RS14445, P6988_14445",outer membrane lipoprotein chaperone LolA,outer membrane lipoprotein chaperone LolA,,1,,,,,,,
2943489,Xenorhabdus bovienii subsp. africana,93908994,0,live,lolA,"M5U04_RS14675, M5U04_14670",outer membrane lipoprotein chaperone LolA,outer membrane lipoprotein chaperone LolA,,,,,,,,,
2371,Xylella fastidiosa,93904450,0,live,lolA,"PXH81_RS03805, PXH81_03805",outer membrane lipoprotein chaperone LolA,outer membrane lipoprotein chaperone LolA,,,,,,,,,
246167,Vibrio crassostreae,93899611,0,live,lolA,OC193_RS05620,outer membrane lipoprotein chaperone LolA,outer membrane lipoprotein chaperone LolA,,1,,,,,,,
2029117,Vandammella animalimorsus,93872932,0,live,lolA,"CLI93_RS01535, CLI93_01535",outer membrane lipoprotein chaperone LolA,outer membrane lipoprotein chaperone LolA,,,,,,,,,
2480810,Pseudoxanthomonas winnipegensis,93829057,0,live,lolA,"MWN52_RS09330, MWN52_09355",outer membrane lipoprotein chaperone LolA,outer membrane lipoprotein chaperone LolA,,,,,,,,,
38313,Shewanella algae,93809211,0,live,lolA,"E1N14_RS10835, E1N14_010840",outer membrane lipoprotein chaperone LolA,outer membrane lipoprotein chaperone LolA,,,,,,,,,
487698,Stenotrophomonas pavanii,93705401,0,live,lolA,"BLS66_RS03620, SAMN04487784_0722",outer membrane lipoprotein chaperone LolA,outer membrane lipoprotein chaperone LolA,,,,,,,,,
587,Providencia rettgeri,93673937,0,live,lolA,"I6L80_RS16350, I6L80_16350",outer membrane lipoprotein chaperone LolA,outer membrane lipoprotein chaperone LolA,,,,,,,,,
1314868,Pseudoalteromonas carrageenovora IAM 12662,93663763,0,live,lolA,"ALFOR1_RS09200, PCAR9_A30272, PCAR9_RS09295",outer membrane lipoprotein chaperone LolA,outer membrane lipoprotein chaperone LolA,,PCAR9a,,,,,,,
2810614,Pseudomonas capsici,93563110,0,live,lolA,"JSY17_RS19205, JSY17_19200",outer membrane lipoprotein chaperone LolA,outer membrane lipoprotein chaperone LolA,,,,,,,,,
56192,Photobacterium iliopiscarium,93547991,0,live,lolA,"C9J51_RS06465, C9J51_06460",outer membrane lipoprotein chaperone LolA,outer membrane lipoprotein chaperone LolA,,,,,,,,,
1288410,Pseudomonas guariconensis,93544818,0,live,lolA,"AB1N67_RS15355, AB1N67_15355",outer membrane lipoprotein chaperone LolA,outer membrane lipoprotein chaperone LolA,,,,,,,,,
515393,Pseudomonas yamanorum,93511400,0,live,lolA,"BLU46_RS03600, SAMN05216237_0732",outer membrane lipoprotein chaperone LolA,outer membrane lipoprotein chaperone LolA,,I,,,,,,,
200450,Pseudomonas trivialis,93500831,0,live,lolA,"VRB54_RS14450, VRB54_14450",outer membrane lipoprotein chaperone LolA,outer membrane lipoprotein chaperone LolA,,,,,,,,,
198620,Pseudomonas koreensis,93488778,0,live,lolA,"A8L59_RS10350, A8L59_10345",outer membrane lipoprotein chaperone LolA,outer membrane lipoprotein chaperone LolA,,,,,,,,,
298,Pseudomonas marginalis,93465149,0,live,lolA,"QMK57_RS18020, QMK57_18005",outer membrane lipoprotein chaperone LolA,outer membrane lipoprotein chaperone LolA,,,,,,,,,
47880,Pseudomonas fulva,93442682,0,live,lolA,"Q9323_RS13445, Q9323_13465",outer membrane lipoprotein chaperone LolA,outer membrane lipoprotein chaperone LolA,,,,,,,,,
585,Proteus vulgaris,93394906,0,live,lolA,"N1711_RS11850, N1711_11850",outer membrane lipoprotein chaperone LolA,outer membrane lipoprotein chaperone LolA,,,,,,,,,
180434,Morganella morganii subsp. morganii,93361166,0,live,lolA,"EO986_RS13075, EO986_13080",outer membrane lipoprotein chaperone LolA,outer membrane lipoprotein chaperone LolA,,,,,,,,,
495,Neisseria elongata,93352238,0,live,lolA,"DYA92_RS06475, NCTC10660_01254",outer membrane lipoprotein chaperone LolA,outer membrane lipoprotein chaperone LolA,,,,,,,,,
61646,Lelliottia amnigena,93308507,0,live,lolA,"I6L74_RS15410, I6L74_15410",outer membrane lipoprotein chaperone LolA,outer membrane lipoprotein chaperone LolA,,,,,,,,,
2797505,Enterobacter vonholyi,93264929,0,live,lolA,"AB3N39_RS07030, AB3N39_07030",outer membrane lipoprotein chaperone LolA,outer membrane lipoprotein chaperone LolA,,,,,,,,,
360196,Francisella noatunensis subsp. noatunensis,93254831,0,live,lolA,F8C69_RS03395,outer membrane lipoprotein chaperone LolA,outer membrane lipoprotein chaperone LolA,,,,,,,,,
67857,Exercitatus varius,93227189,0,live,lolA,"P7M01_RS08225, P7M01_08220",outer membrane lipoprotein chaperone LolA,outer membrane lipoprotein chaperone LolA,,,,,,,,,
727,Haemophilus influenzae,93220284,0,live,lolA,"LK401_RS06830, LK401_06830",outer membrane lipoprotein chaperone LolA,outer membrane lipoprotein chaperone LolA,,,,,,,,,
546114,Castellaniella ginsengisoli,93066106,0,live,lolA,"ABRZ00_RS01190, ABRZ00_01190",outer membrane lipoprotein chaperone LolA,outer membrane lipoprotein chaperone LolA,,,,,,,,,
67824,Citrobacter farmeri,92973858,0,live,lolA,"I6L53_RS14120, I6L53_14120",outer membrane lipoprotein chaperone LolA,outer membrane lipoprotein chaperone LolA,,,,,,,,,
29489,Aeromonas enteropelogenes,92812134,0,live,lolA,"LA321_RS17615, LA321_17615",outer membrane lipoprotein chaperone LolA,outer membrane lipoprotein chaperone LolA,,,,,,,,,
718,Actinobacillus equuli,92742784,0,live,lolA,"EL121_RS00790, NCTC8529_00157",outer membrane lipoprotein chaperone LolA,outer membrane lipoprotein chaperone LolA,,1,,,,,,,
105751,Aeromonas bestiarum,92723107,0,live,lolA,"IU367_RS09225, IU367_09175",outer membrane lipoprotein chaperone LolA,outer membrane lipoprotein chaperone LolA,,,,,,,,,
2923283,Providencia manganoxydans,92279905,0,live,lolA,"JI723_RS14295, JI723_14265",outer membrane lipoprotein chaperone LolA,outer membrane lipoprotein chaperone LolA,,,,,,,,,
61648,Kluyvera intermedia,91973553,0,live,lolA,"GHC21_RS14130, GHC21_14130",outer membrane lipoprotein chaperone LolA,outer membrane lipoprotein chaperone LolA,,,,,,,,,
2108399,Pectobacterium punjabense,90763124,0,live,lolA,"E2566_RS09140, E2566_09240",outer membrane lipoprotein chaperone LolA,outer membrane lipoprotein chaperone LolA,,,,,,,,,
2570351,Marinobacter alexandrii,90605993,0,live,lolA,FCS96_RS16590,outer membrane lipoprotein chaperone LolA,outer membrane lipoprotein chaperone LolA,,,,,,,,,
518738,Shewanella vesiculosa,90568558,0,live,lolA,"GW828_RS00825, GW828_00820",outer membrane lipoprotein chaperone LolA,outer membrane lipoprotein chaperone LolA,,,,,,,,,
2213015,Pseudomonas sichuanensis,90537619,0,live,lolA,"LOY51_RS17330, LOY51_17305",outer membrane lipoprotein chaperone LolA,outer membrane lipoprotein chaperone LolA,,,,,,,,,
251747,Chromobacterium subtsugae,89686846,0,live,lolA,"U6151_RS16900, U6151_16910",outer membrane lipoprotein chaperone LolA,outer membrane lipoprotein chaperone LolA,,,,,,,,,
1689834,Acidithiobacillus ferriphilus,89663716,0,live,lolA,"PJU76_RS10700, PJU76_10700",outer membrane lipoprotein chaperone LolA,outer membrane lipoprotein chaperone LolA,,,,,,,,,
1689450,Pseudomonas moraviensis subsp. stanleyae,89626048,0,live,lolA,"GXB78_RS23525, GXB78_23320",outer membrane lipoprotein chaperone LolA,outer membrane lipoprotein chaperone LolA,,,,,,,,,
1908198,Salinivibrio kushneri,89608950,0,live,lolA,"O4546_RS04930, O4546_04930",outer membrane lipoprotein chaperone LolA,outer membrane lipoprotein chaperone LolA,,,,,,,,,
1914243,Citrobacter europaeus,89549690,0,live,lolA,WHR59_RS15710,outer membrane lipoprotein chaperone LolA,outer membrane lipoprotein chaperone LolA,,,,,,,,,
68334,Erwinia aphidicola,89475384,0,live,lolA,WFJ98_RS16135,outer membrane lipoprotein chaperone LolA,outer membrane lipoprotein chaperone LolA,,,,,,,,,
1572645,Neptunomonas phycophila,89456262,0,live,lolA,"FLM49_RS08690, FLM49_08695",outer membrane lipoprotein chaperone LolA,outer membrane lipoprotein chaperone LolA,,,,,,,,,
351672,Xenorhabdus griffiniae,88856434,0,live,lolA,"QL128_RS12710, QL128_12710",outer membrane lipoprotein chaperone LolA,outer membrane lipoprotein chaperone LolA,,,,,,,,,
1247546,Pseudomonas hunanensis,88822198,0,live,lolA,"J2W83_RS24520, J2W83_004943",outer membrane lipoprotein chaperone LolA,outer membrane lipoprotein chaperone LolA,,,,,,,,,
566,Pseudescherichia vulneris,88814861,0,live,lolA,FN633_RS06235,outer membrane lipoprotein chaperone LolA,outer membrane lipoprotein chaperone LolA,,1,,,,,,,
2029681,Photorhabdus bodei,88805701,0,live,lolA,"CKY02_RS07480, CKY02_07385",outer membrane lipoprotein chaperone LolA,outer membrane lipoprotein chaperone LolA,,,,,,,,,
77608,Pseudoalteromonas distincta,88775516,0,live,lolA,"FFU37_RS07645, FFU37_07645",outer membrane lipoprotein chaperone LolA,outer membrane lipoprotein chaperone LolA,,L1,,,,,,,
768528,Shewanella indica,88625087,0,live,lolA,"SIL79_RS16225, SIL79_16225",outer membrane lipoprotein chaperone LolA,outer membrane lipoprotein chaperone LolA,,,,,,,,,
58169,Rahnella inusitata,88081656,0,live,lolA,"I2123_RS16590, I2123_16575",outer membrane lipoprotein chaperone LolA,outer membrane lipoprotein chaperone LolA,,,,,,,,,
2340,Solemya velum gill symbiont,86992163,0,live,lolA,"BOW06_RS09390, BOW06_09350",outer membrane lipoprotein chaperone LolA,outer membrane lipoprotein chaperone LolA,,,,,,,,,
86188,Stenotrophomonas geniculata,86939563,0,live,lolA,RI032_RS19480,outer membrane lipoprotein chaperone LolA,outer membrane lipoprotein chaperone LolA,,,,,,,,,
2665161,Acinetobacter faecalis,86888197,0,live,lolA,"SKM54_RS05195, SKM54_05195",outer membrane lipoprotein chaperone LolA,outer membrane lipoprotein chaperone LolA,,,,,,,,,
1906581,Neisseria bergeri,86875923,0,live,lolA,Q9I80_RS01910,outer membrane lipoprotein chaperone LolA,outer membrane lipoprotein chaperone LolA,,,,,,,,,
2827233,Pasteurella atlantica,86854724,0,live,lolA,U9966_RS07850,outer membrane lipoprotein chaperone LolA,outer membrane lipoprotein chaperone LolA,,1,,,,,,,
51048,Actinobacillus porcinus,86155197,0,live,lolA,"E7T07_RS04015, SAMEA1410922_00798",outer membrane lipoprotein chaperone LolA,outer membrane lipoprotein chaperone LolA,,,,,,,,,
1796644,Rodentibacter caecimuris,85656682,0,live,lolA,"FEE42_RS00945, FEE42_00940",outer membrane lipoprotein chaperone LolA,outer membrane lipoprotein chaperone LolA,,,,,,,,,
505,Kingella oralis,84906186,0,live,lolA,"H3L93_RS04220, H3L93_04205",outer membrane lipoprotein chaperone LolA,outer membrane lipoprotein chaperone LolA,,,,,,,,,
472693,Pantoea eucrina,84690835,0,live,lolA,"LAC65_RS05405, LAC65_05405",outer membrane lipoprotein chaperone LolA,outer membrane lipoprotein chaperone LolA,,,,,,,,,
164759,Diaphorobacter nitroreducens,84680522,0,live,lolA,"BA022_RS00130, BA022_00135",outer membrane lipoprotein chaperone LolA,outer membrane lipoprotein chaperone LolA,,,,,,,,,
255519,Atlantibacter subterraneus,84665729,0,live,lolA,"NLZ15_RS13895, NLZ15_13895",outer membrane lipoprotein chaperone LolA,outer membrane lipoprotein chaperone LolA,,,,,,,,,
1450134,Stenotrophomonas bentonitica,84659007,0,live,lolA,HGB51_RS00940,outer membrane lipoprotein chaperone LolA,outer membrane lipoprotein chaperone LolA,,,,,,,,,
180588,Psychrobacter faecalis,84653140,0,live,lolA,JMV84_RS06145,outer membrane lipoprotein chaperone LolA,outer membrane lipoprotein chaperone LolA,,,,,,,,,
665913,Mixta calida,84631030,0,live,lolA,FS650_RS03780,outer membrane lipoprotein chaperone LolA,outer membrane lipoprotein chaperone LolA,,,,,,,,,
861445,Psychrobacter sanguinis,84620104,0,live,lolA,"LK417_RS00850, LK417_00850",outer membrane lipoprotein chaperone LolA,outer membrane lipoprotein chaperone LolA,,,,,,,,,
1619313,Duffyella gerundensis,84613689,0,live,lolA,"J9874_RS10540, J9874_02109",outer membrane lipoprotein chaperone LolA,outer membrane lipoprotein chaperone LolA,,,,,,,,,
2482751,Stutzerimonas nitrititolerans,84611010,0,live,lolA,"EA795_RS18380, EA795_18390",outer membrane lipoprotein chaperone LolA,outer membrane lipoprotein chaperone LolA,,,,,,,,,
1987580,Proteus columbae,84586322,0,live,lolA,CBE70_RS12225,outer membrane lipoprotein chaperone LolA,outer membrane lipoprotein chaperone LolA,,,,,,,,,
67826,Citrobacter sedlakii,84237140,0,live,lolA,"JY391_RS13765, JY391_13765",outer membrane lipoprotein chaperone LolA,outer membrane lipoprotein chaperone LolA,,,,,,,,,
483,Neisseria cinerea,84020647,0,live,lolA,"DQM57_RS01430, NCTC10294_00274",outer membrane lipoprotein chaperone LolA,outer membrane lipoprotein chaperone LolA,,1,,,,,,,
55601,Vibrio anguillarum,83859930,0,live,lolA,"DD616_RS09915, DD616_10050",outer membrane lipoprotein chaperone LolA,outer membrane lipoprotein chaperone LolA,,1,,,,,,,
901,Desulfovibrio piger,83732110,0,live,lolA,QDP65_RS09890,outer membrane lipoprotein chaperone LolA,outer membrane lipoprotein chaperone LolA,,,,,,,,,
180282,Delftia tsuruhatensis,83665829,0,live,lolA,"PW274_RS25440, PW274_25440",outer membrane lipoprotein chaperone LolA,outer membrane lipoprotein chaperone LolA,,,,,,,,,
133448,Citrobacter youngae,83645883,0,live,lolA,"QRZ63_RS07520, QRZ63_07520",outer membrane lipoprotein chaperone LolA,outer membrane lipoprotein chaperone LolA,,,,,,,,,
1522312,Kingella negevensis,83626872,0,live,lolA,"QEO93_RS10790, QEO93_10790",outer membrane lipoprotein chaperone LolA,outer membrane lipoprotein chaperone LolA,,,,,,,,,
2830648,Neisseria viridiae,83617270,0,live,lolA,Q9J84_RS02940,outer membrane lipoprotein chaperone LolA,outer membrane lipoprotein chaperone LolA,,,,,,,,,
2830647,Neisseria blantyrii,83614547,0,live,lolA,Q9J80_RS00190,outer membrane lipoprotein chaperone LolA,outer membrane lipoprotein chaperone LolA,,,,,,,,,
2050967,Proteus faecis,83611402,0,live,lolA,"QSH13_RS02980, QSH13_02975",outer membrane lipoprotein chaperone LolA,outer membrane lipoprotein chaperone LolA,,,,,,,,,
97481,Phocoenobacter skyensis,83544688,0,live,lolA,"A6B44_RS05945, A6B44_05900",outer membrane lipoprotein chaperone LolA,outer membrane lipoprotein chaperone LolA,,,,,,,,,
69,Lysobacter enzymogenes,83064569,0,live,lolA,"LEN_RS13455, LEN_2728",outer membrane lipoprotein chaperone LolA,outer membrane lipoprotein chaperone LolA,,,,,,,,,
1033846,Marinobacter adhaerens,78560414,0,live,lolA,"KQ249_RS13225, KQ249_13225",outer membrane lipoprotein chaperone LolA,outer membrane lipoprotein chaperone LolA,,,,,,,,,
472695,Pantoea septica,78548728,0,live,lolA,FX113_RS09380,outer membrane lipoprotein chaperone LolA,outer membrane lipoprotein chaperone LolA,,,,,,,,,
86102,Idiomarina abyssalis,78252134,0,live,lolA,"K5X84_RS06575, K5X84_06575",outer membrane lipoprotein chaperone LolA,outer membrane lipoprotein chaperone LolA,,,,,,,,,
1110392,Verminephrobacter aporrectodeae subsp. tuberculatae,77321923,0,live,lolA,"D5041_RS13415, D5041_13210",outer membrane lipoprotein chaperone LolA,outer membrane lipoprotein chaperone LolA,,,,,,,,,
553239,Vibrio breoganii,77305360,0,live,lolA,OCU35_RS04985,outer membrane lipoprotein chaperone LolA,outer membrane lipoprotein chaperone LolA,,1,,,,,,,
252514,Microbulbifer thermotolerans,76607994,0,live,lolA,"A3224_RS08030, A3224_08030",outer membrane lipoprotein chaperone LolA,outer membrane lipoprotein chaperone LolA,,,,,,,,,
2053930,Xanthomonas prunicola,75149750,0,live,lolA,"M0D43_RS00335, M0D43_00330",outer membrane lipoprotein chaperone LolA,outer membrane lipoprotein chaperone LolA,,,,,,,,,
42906,Serratia entomophila,75022004,0,live,lolA,"KHA73_RS08635, KHA73_08645",outer membrane lipoprotein chaperone LolA,outer membrane lipoprotein chaperone LolA,,,,,,,,,
539813,Enterobacter mori,72514065,0,live,lolA,"L6Y89_RS07265, L6Y89_07265",outer membrane lipoprotein chaperone LolA,outer membrane lipoprotein chaperone LolA,,,,,,,,,
666685,Rhodanobacter denitrificans,72426870,0,live,lolA,"LRK52_RS09445, LRK52_09445",outer membrane lipoprotein chaperone LolA,outer membrane lipoprotein chaperone LolA,,,,,,,,,
1544694,Rosenbergiella epipactidis,71074794,0,live,lolA,"HGT71_RS10915, HGT71_10925",outer membrane lipoprotein chaperone LolA,outer membrane lipoprotein chaperone LolA,,,,,,,,,
2023717,Photobacterium carnosum,69964249,0,live,lolA,"GLP24_RS05730, GLP24_05695",outer membrane lipoprotein chaperone LolA,outer membrane lipoprotein chaperone LolA,,,,,,,,,
703,Plesiomonas shigelloides,69706155,0,live,lolA,LPH35_RS12240,outer membrane lipoprotein chaperone LolA,outer membrane lipoprotein chaperone LolA,,1,,,,,,,
1444770,Xylella taiwanensis,68901277,0,live,lolA,"PLS229_RS08235, PLS229_08270",outer membrane lipoprotein chaperone LolA,outer membrane lipoprotein chaperone LolA,,,,,,,,,
24,Shewanella putrefaciens,67443543,0,live,lolA,JEZ96_RS09755,outer membrane lipoprotein chaperone LolA,outer membrane lipoprotein chaperone LolA,,,,,,,,,
359387,Xanthomonas euvesicatoria pv. alfalfae,63991279,0,live,lolA,"XeaCFBP3836p_RS10260, XeaCFBP3836p_10260",outer membrane lipoprotein chaperone LolA,outer membrane lipoprotein chaperone LolA,,,,,,,,,
442694,Xanthomonas perforans,61778905,0,live,lolA,"HLH45_RS14805, HLH45_14850",outer membrane lipoprotein chaperone LolA,outer membrane lipoprotein chaperone LolA,,,,,,,,,
76758,Pseudomonas orientalis,61618293,0,live,lolA,"C4J98_RS15645, C4J98_3115",outer membrane lipoprotein chaperone LolA,outer membrane lipoprotein chaperone LolA,,,,,,,,,
1313298,Teredinibacter turnerae 1133Y.S.0a.04,58409609,0,live,lolA,K255_RS0111900,outer membrane lipoprotein chaperone LolA,outer membrane lipoprotein chaperone LolA,,,,,,,,,
446,Legionella pneumophila,57035754,0,live,lolA,"AVR58_RS09010, AVR58_08790",outer membrane lipoprotein chaperone LolA,outer membrane lipoprotein chaperone LolA,,,,,,,,,
314275,Alteromonas mediterranea,56342572,0,live,lolA,"BM526_RS09925, BM526_09895",outer membrane lipoprotein chaperone LolA,outer membrane lipoprotein chaperone LolA,,,,,,,,,
511998,Aliivibrio finisterrensis,56274589,0,live,lolA,"ERW49_RS06010, ERW49_06010",outer membrane lipoprotein chaperone LolA,outer membrane lipoprotein chaperone LolA,,,,,,,,,
204038,Dickeya dadantii,55488864,0,live,lolA,CO076_RS10255,outer membrane lipoprotein chaperone LolA,outer membrane lipoprotein chaperone LolA,,,,,,,,,
648,Aeromonas caviae,48822697,0,live,lolA,"DQN91_RS11925, NCTC12244_02385",outer membrane lipoprotein chaperone LolA,outer membrane lipoprotein chaperone LolA,,1,,,,,,,
881260,Enterobacter bugandensis,48573054,0,live,lolA,DG357_RS07790,outer membrane lipoprotein chaperone LolA,outer membrane lipoprotein chaperone LolA,,I,,,,,,,
196024,Aeromonas dhakensis,47845811,0,live,lolA,"CK627_RS16680, CK627_16680",outer membrane lipoprotein chaperone LolA,outer membrane lipoprotein chaperone LolA,,,,,,,,,
171439,Photorhabdus luminescens subsp. luminescens,45658171,0,live,lolA,"TI10_RS20670, TI10_20715",outer membrane lipoprotein chaperone LolA,outer membrane lipoprotein chaperone LolA,,,,,,,,,
561229,Dickeya chrysanthemi Ech1591,45080432,0,live,lolA,"DD1591_RS11735, Dd1591_2359",outer membrane lipoprotein chaperone LolA,outer membrane lipoprotein chaperone LolA,,,NC_012912.1,2699984,2700598,minus,0,,
29495,Vibrio navarrensis,43685715,0,live,lolA,"EA26_RS21775, EA26_15930",outer membrane lipoprotein chaperone LolA,outer membrane lipoprotein chaperone LolA,,,,,,,,,
1225786,Dickeya solani IPO 2222,43520594,0,live,lolA,"A4U42_RS18535, A4U42_18540",outer membrane lipoprotein chaperone LolA,outer membrane lipoprotein chaperone LolA,,,,,,,,,
28258,Cobetia marina,43176906,0,live,lolA,"BFX80_RS03780, BFX80_03640",outer membrane lipoprotein chaperone LolA,outer membrane lipoprotein chaperone LolA,,,,,,,,,
318167,Shewanella frigidimarina NCIMB 400,41837160,0,live,lolA,"SFRI_RS09235, Sfri_1796",outer membrane lipoprotein chaperone LolA,outer membrane lipoprotein chaperone LolA,,,NC_008345.1,2119334,2119978,plus,0,,
592050,Acidovorax soli,34233566,0,live,lolA,"BLW02_RS04555, SAMN05421875_103261",outer membrane lipoprotein chaperone LolA,outer membrane lipoprotein chaperone LolA,,,,,,,,,
261164,Psychrobacter alimentarius,33060598,0,live,lolA,"A3K91_RS09775, A3K91_1947",outer membrane lipoprotein chaperone LolA,outer membrane lipoprotein chaperone LolA,,,,,,,,,
318456,Photobacterium kishitanii,29945144,0,live,lolA,"PPBDW_RS05400, PPBDW_I20686",outer membrane lipoprotein chaperone LolA,outer membrane lipoprotein chaperone LolA,,,,,,,,,
1217648,Acinetobacter beijerinckii CIP 110307,29857408,0,live,lolA,"F933_RS12940, F933_02619",outer membrane lipoprotein chaperone LolA,outer membrane lipoprotein chaperone LolA,,,,,,,,,
1355374,Aliarcobacter lanthieri,98837453,0,live,lolA,"ALANTH_RS04925, ALANTH_0986",LolA-like outer membrane lipoprotein chaperone,LolA-like outer membrane lipoprotein chaperone,,,,,,,,,
1032242,Campylobacter molothri,98395271,0,live,lolA,"H2267_RS04505, H2267_04485",LolA-like outer membrane lipoprotein chaperone,LolA-like outer membrane lipoprotein chaperone,,,,,,,,,
556267,Helicobacter winghamensis ATCC BAA-430,97289781,0,live,lolA,"IP358_RS03715, IP358_03695",LolA-like outer membrane lipoprotein chaperone,LolA-like outer membrane lipoprotein chaperone,,,,,,,,,
210,Helicobacter pylori,93237158,0,live,lolA,"OW489_RS04440, CHC155_08840",LolA-like outer membrane lipoprotein chaperone,LolA-like outer membrane lipoprotein chaperone,,,,,,,,,
488447,Burkholderia contaminans,93192788,0,live,lolA,"ABNN95_RS23495, ABNN95_23475",outer membrane lipoprotein chaperone LolA,outer membrane lipoprotein chaperone LolA,,2,,,,,,,
32024,Campylobacter sputorum subsp. sputorum,93090644,0,live,lolA,"CSPT_RS04325, CSPT_0855",LolA-like outer membrane lipoprotein chaperone,LolA-like outer membrane lipoprotein chaperone,,,,,,,,,
3161138,Campylobacter devanensis,93078420,0,live,lolA,CIGNP138_RS04745,LolA-like outer membrane lipoprotein chaperone,LolA-like outer membrane lipoprotein chaperone,,,,,,,,,
488545,Campylobacter lari subsp. concheus,93004619,0,live,lolA,"CLCT_RS02670, CLCT_0529",LolA-like outer membrane lipoprotein chaperone,LolA-like outer membrane lipoprotein chaperone,,,,,,,,,
60246,Helicobacter ganmani,82534757,0,live,lolA,"CQA43_RS00420, CQA43_00420",LolA-like outer membrane lipoprotein chaperone,LolA-like outer membrane lipoprotein chaperone,,,,,,,,,
1031733,Campylobacter upsaliensis RM3940,58537211,0,live,lolA,"CUP3940_RS02815, CUP3940_0548",LolA-like outer membrane lipoprotein chaperone,LolA-like outer membrane lipoprotein chaperone,,,,,,,,,
232846,Alcaligenes phenolicus,94037827,0,live,lolA,U2949_RS01115,outer membrane lipoprotein chaperone LolA,outer membrane lipoprotein chaperone LolA,,,,,,,,,
1310165,Ralstonia pseudosolanacearum,93851845,0,live,lolA,"NY025_RS13405, NY025_13405",outer membrane lipoprotein chaperone LolA,outer membrane lipoprotein chaperone LolA,,1,,,,,,,
217204,Achromobacter insolitus,92766173,0,live,lolA,"EL339_RS24320, NCTC13520_04840",outer membrane lipoprotein chaperone LolA,outer membrane lipoprotein chaperone LolA,,1,,,,,,,
87883,Burkholderia multivorans,89569246,0,live,lolA,"V1241_RS14940, V1241_14945",outer membrane lipoprotein chaperone LolA,outer membrane lipoprotein chaperone LolA,,,,,,,,,
2654982,Paraburkholderia atlantica,301092121,0,live,lolA,"BC1002_RS03710, BC1002_0752",outer membrane lipoprotein chaperone LolA,outer membrane lipoprotein chaperone LolA,,1,NC_014117.1,829938,830669,plus,0,,
323284,Alcaligenes aquatilis,96869771,0,live,lolA,"MTR80_RS12505, MTR80_12505",outer membrane lipoprotein chaperone LolA,outer membrane lipoprotein chaperone LolA,,,,,,,,,
169427,Paraburkholderia terricola,301977309,0,live,lolA,"CUJ90_RS03880, CUJ90_03885",outer membrane lipoprotein chaperone LolA,outer membrane lipoprotein chaperone LolA,,mHS1_A,,,,,,,
60548,Paraburkholderia graminis,97000728,0,live,lolA,"CUJ91_RS04150, CUJ91_04140",outer membrane lipoprotein chaperone LolA,outer membrane lipoprotein chaperone LolA,,PHS1_A,,,,,,,
339670,Burkholderia ambifaria AMMD,93083757,0,live,lolA,"CH72_RS03765, CH72_717",outer membrane lipoprotein chaperone LolA,outer membrane lipoprotein chaperone LolA,,1,,,,,,,
103855,Bordetella hinzii,92997139,0,live,lolA,"EL326_RS21740, NCTC13199_04356",outer membrane lipoprotein chaperone LolA,outer membrane lipoprotein chaperone LolA,,1,,,,,,,
1211383,Paraburkholderia dipogonis,97306340,0,live,lolA,"ACFSNN_RS16380, ACFSNN_16395",outer membrane lipoprotein chaperone LolA,outer membrane lipoprotein chaperone LolA,,,,,,,,,
2782701,Paraburkholderia youngii,301103725,0,live,lolA,"G5S42_RS25510, G5S42_25615",outer membrane lipoprotein chaperone LolA,outer membrane lipoprotein chaperone LolA,,,,,,,,,
2843302,Burkholderia sola,300972006,0,live,lolA,"KPB01_RS12620, KPB01_12500",outer membrane lipoprotein chaperone LolA,outer membrane lipoprotein chaperone LolA,,,,,,,,,
2508299,Pandoraea pneumonica,300406825,0,live,lolA,"PPN31114_RS23985, PPN31114_04846",outer membrane lipoprotein chaperone LolA,outer membrane lipoprotein chaperone LolA,,,,,,,,,
488446,Burkholderia latens,99789355,0,live,lolA,"BSE24067_RS10640, BLA24064_02086, HU783_RS10600",outer membrane lipoprotein chaperone LolA,outer membrane lipoprotein chaperone LolA,,,,,,,,,
2978683,Burkholderia orbicola,99781169,0,live,lolA,"BLS50_RS03880, SAMN05443026_0760",outer membrane lipoprotein chaperone LolA,outer membrane lipoprotein chaperone LolA,,,,,,,,,
470868,Achromobacter marplatensis,99730946,0,live,lolA,"HV795_RS13510, LMG26219_02697",outer membrane lipoprotein chaperone LolA,outer membrane lipoprotein chaperone LolA,,,,,,,,,
2015348,Burkholderia aenigmatica,99658157,0,live,lolA,"ACN8ZM_RS04970, ACN8ZM_04970",outer membrane lipoprotein chaperone LolA,outer membrane lipoprotein chaperone LolA,,1,,,,,,,
68895,Cupriavidus basilensis,98400147,0,live,lolA,"F7R26_RS04475, F7R26_004470",outer membrane lipoprotein chaperone LolA,outer membrane lipoprotein chaperone LolA,,1,,,,,,,
942865,Cupriavidus plantarum,98342009,0,live,lolA,"KHP16_RS16565, LMG26296_03317",outer membrane lipoprotein chaperone LolA,outer membrane lipoprotein chaperone LolA,,,,,,,,,
1310167,Ralstonia syzygii subsp. indonesiensis,97320483,0,live,lolA,"AACJ33_RS05070, MAFF211271_09890",outer membrane lipoprotein chaperone LolA,outer membrane lipoprotein chaperone LolA,,,,,,,,,
2793076,Paraburkholderia nemoris,97051945,0,live,lolA,"KHO33_RS07535, R75461_01517",outer membrane lipoprotein chaperone LolA,outer membrane lipoprotein chaperone LolA,,,,,,,,,
458836,Paraburkholderia sediminicola,97043434,0,live,lolA,"R8871_RS23955, LMG24238_04833",outer membrane lipoprotein chaperone LolA,outer membrane lipoprotein chaperone LolA,,,,,,,,,
1245417,Paraburkholderia strydomiana,97034604,0,live,lolA,"J2W46_RS14125, J2W46_002871",outer membrane lipoprotein chaperone LolA,outer membrane lipoprotein chaperone LolA,,,,,,,,,
134536,Paraburkholderia caledonica,97014403,0,live,lolA,H281_RS0100890,outer membrane lipoprotein chaperone LolA,outer membrane lipoprotein chaperone LolA,,,,,,,,,
2994643,Alcaligenes nematophilus,96774193,0,live,lolA,"OSH04_RS04390, OSH04_04390",outer membrane lipoprotein chaperone LolA,outer membrane lipoprotein chaperone LolA,,,,,,,,,
28094,Trinickia caryophylli,95549010,0,live,lolA,"U0034_RS04475, U0034_04470",outer membrane lipoprotein chaperone LolA,outer membrane lipoprotein chaperone LolA,,1,,,,,,,
1287738,Achromobacter dolens,94357333,0,live,lolA,"HV771_RS19065, LMG26841_03788",outer membrane lipoprotein chaperone LolA,outer membrane lipoprotein chaperone LolA,,,,,,,,,
1207504,Burkholderia pseudomultivorans,93169529,0,live,lolA,"BST28156_RS12695, BPS26883_02504, HU779_RS12705",outer membrane lipoprotein chaperone LolA,outer membrane lipoprotein chaperone LolA,,,,,,,,,
152500,Burkholderia dolosa,93127126,0,live,lolA,"K8O94_RS07645, K8O94_07615",outer membrane lipoprotein chaperone LolA,outer membrane lipoprotein chaperone LolA,,1,,,,,,,
1503054,Burkholderia stagnalis,93054496,0,live,lolA,ABFO07_RS14795,outer membrane lipoprotein chaperone LolA,outer membrane lipoprotein chaperone LolA,,,,,,,,,
488732,Burkholderia diffusa,93028356,0,live,lolA,"BTE28158_RS16605, BDI24065_03282, HU778_RS16600",outer membrane lipoprotein chaperone LolA,outer membrane lipoprotein chaperone LolA,,,,,,,,,
217203,Achromobacter spanius,92904350,0,live,lolA,"CVS48_RS00250, CVS48_00250",outer membrane lipoprotein chaperone LolA,outer membrane lipoprotein chaperone LolA,,,,,,,,,
1287735,Achromobacter insuavis,92896030,0,live,lolA,"H0523_RS01000, LMG26845_00197",outer membrane lipoprotein chaperone LolA,outer membrane lipoprotein chaperone LolA,,,,,,,,,
32002,Achromobacter denitrificans,92848408,0,live,lolA,"FOC80_RS29895, FOC80_29895",outer membrane lipoprotein chaperone LolA,outer membrane lipoprotein chaperone LolA,,,,,,,,,
82633,Cupriavidus pauculus,92819567,0,live,lolA,"K8O84_RS12460, K8O84_12420",outer membrane lipoprotein chaperone LolA,outer membrane lipoprotein chaperone LolA,,1,,,,,,,
1389922,Achromobacter mucicolens,92783535,0,live,lolA,"QEP15_RS04865, QEP15_04865",outer membrane lipoprotein chaperone LolA,outer membrane lipoprotein chaperone LolA,,,,,,,,,
863372,Herbaspirillum huttiense,90164290,0,live,lolA,"E2K99_RS09695, E2K99_09695",outer membrane lipoprotein chaperone LolA,outer membrane lipoprotein chaperone LolA,,,,,,,,,
93222,Pandoraea sputorum,88096099,0,live,lolA,"CKW10_RS17330, SAMEA4530655_03491",outer membrane lipoprotein chaperone LolA,outer membrane lipoprotein chaperone LolA,,1,,,,,,,
1218075,Paraburkholderia bannensis NBRC 103871,86202919,0,live,lolA,BBA01S_RS16690,outer membrane lipoprotein chaperone LolA,outer membrane lipoprotein chaperone LolA,,,,,,,,,
1287736,Achromobacter aegrifaciens,84697501,0,live,lolA,"HV793_RS20665, LMG26854_04108",outer membrane lipoprotein chaperone LolA,outer membrane lipoprotein chaperone LolA,,,,,,,,,
96344,Cupriavidus oxalaticus,303491019,0,live,lolA,"JTE92_RS15850, JTE92_15850",outer membrane lipoprotein chaperone LolA,outer membrane lipoprotein chaperone LolA,,2,,,,,,,
1503055,Burkholderia territorii,46199542,0,live,lolA,"WS51_RS15095, WS51_15085",pseudo,,,1,,,,,,,
