tax_id,Org_name,GeneID,CurrentID,Status,Symbol,Aliases,description,other_designations,map_location,chromosome,genomic_nucleotide_accession.version,start_position_on_the_genomic_accession,end_position_on_the_genomic_accession,orientation,exon_count,OMIM,
511145,Escherichia coli str. K-12 substr. MG1655,945775,0,live,lolB,"b1209, ECK1197, hemM, ychC",outer membrane lipoprotein LolB,outer membrane lipoprotein LolB,,,NC_000913.3,1262877,1263500,minus,0,,
223926,Vibrio parahaemolyticus RIMD 2210633,1188236,0,live,lolB,"VP_RS03660, VP0741",lipoprotein insertase outer membrane protein LolB,lipoprotein insertase outer membrane protein LolB,,1,NC_004603.1,778488,779126,minus,0,,
768492,Serratia plymuthica AS9,57666734,0,live,lolB,"SERAS9_RS09775, SerAS9_1939",lipoprotein insertase outer membrane protein LolB,lipoprotein insertase outer membrane protein LolB,,,NC_015567.1,2089562,2090185,minus,0,,
666,Vibrio cholerae,69719205,0,live,lolB,"F0316_RS03370, F0316_03370",lipoprotein insertase outer membrane protein LolB,lipoprotein insertase outer membrane protein LolB,,1,,,,,,,
1134687,Klebsiella michiganensis,66559289,0,live,lolB,"JLG71_RS11135, THOKLE011_21670",lipoprotein insertase outer membrane protein LolB,lipoprotein insertase outer membrane protein LolB,,,,,,,,,
67827,Citrobacter werkmanii,69486972,0,live,lolB,"FOB24_RS14705, FOB24_14705",lipoprotein insertase outer membrane protein LolB,lipoprotein insertase outer membrane protein LolB,,,,,,,,,
756892,Acinetobacter indicus,69465247,0,live,lolB,GA693_RS01820,lipoprotein insertase outer membrane protein LolB,lipoprotein insertase outer membrane protein LolB,,,,,,,,,
654,Aeromonas veronii,60844855,0,live,lolB,"FOB40_RS09055, FOB40_09055",lipoprotein insertase outer membrane protein LolB,lipoprotein insertase outer membrane protein LolB,,,,,,,,,
29430,Acinetobacter haemolyticus,56329975,0,live,lolB,DS737_RS11910,lipoprotein insertase outer membrane protein LolB,lipoprotein insertase outer membrane protein LolB,,,,,,,,,
1450527,Francisella tularensis subsp. novicida D9876,75264356,0,live,lolB,"AQ14_RS03640, AQ14_732",lipoprotein insertase outer membrane protein LolB,lipoprotein insertase outer membrane protein LolB,,,,,,,,,
520,Bordetella pertussis,69603055,0,live,lolB,"CXD86_RS16350, CXD86_16295",lipoprotein insertase outer membrane protein LolB,lipoprotein insertase outer membrane protein LolB,,,,,,,,,
549,Pantoea agglomerans,66826172,0,live,lolB,"I6L77_RS13310, I6L77_13310",lipoprotein insertase outer membrane protein LolB,lipoprotein insertase outer membrane protein LolB,,,,,,,,,
572265,Candidatus Hamiltonella defensa 5AT (Acyrthosiphon pisum),66261657,0,live,lolB,"HDEF_RS09535, HDEF_2119",lipoprotein insertase outer membrane protein LolB,lipoprotein insertase outer membrane protein LolB,,,NC_012751.1,1940662,1941312,plus,0,,
202956,Acinetobacter towneri,64222528,0,live,lolB,"J4G44_RS05800, J4G44_05800",lipoprotein insertase outer membrane protein LolB,lipoprotein insertase outer membrane protein LolB,,,,,,,,,
930166,Pseudomonas brassicacearum,57261644,0,live,lolB,"ELZ14_RS26230, ELZ14_26225",lipoprotein insertase outer membrane protein LolB,lipoprotein insertase outer membrane protein LolB,,,,,,,,,
696485,Vibrio owensii,47099073,0,live,lolB,"A9237_RS04605, A9237_04605",lipoprotein insertase outer membrane protein LolB,lipoprotein insertase outer membrane protein LolB,,1,,,,,,,
743972,Actinobacillus suis ATCC 33415,34290887,0,live,lolB,"ASU1_RS02860, ASU1_02805",lipoprotein insertase outer membrane protein LolB,lipoprotein insertase outer membrane protein LolB,,,,,,,,,
228400,Histophilus somni 2336,31487774,0,live,lolB,"HSM_RS07585, HSM_1476",lipoprotein insertase outer membrane protein LolB,lipoprotein insertase outer membrane protein LolB,,,NC_010519.1,1683546,1684175,minus,0,,
2587529,Klebsiella pasteurii,77225849,0,live,lolB,"KCG39_RS07795, KCG39_07795",lipoprotein insertase outer membrane protein LolB,lipoprotein insertase outer membrane protein LolB,,,,,,,,,
666685,Rhodanobacter denitrificans,72425939,0,live,lolB,"LRK52_RS04790, LRK52_04790",lipoprotein insertase outer membrane protein LolB,lipoprotein insertase outer membrane protein LolB,,,,,,,,,
1094184,Xanthomonas vasicola pv. musacearum NCPPB 4379,69688957,0,live,lolB,"KWO_RS05025, KWO_005025",lipoprotein insertase outer membrane protein LolB,lipoprotein insertase outer membrane protein LolB,,,,,,,,,
546367,Hafnia paralvei,69638416,0,live,lolB,"K9N75_RS10215, K9N75_10215",lipoprotein insertase outer membrane protein LolB,lipoprotein insertase outer membrane protein LolB,,,,,,,,,
1748967,Citrobacter cronae,69431423,0,live,lolB,JSN25_RS17430,lipoprotein insertase outer membrane protein LolB,lipoprotein insertase outer membrane protein LolB,,,,,,,,,
611301,Xanthomonas citri pv. citri,66910133,0,live,lolB,"AMD14_RS05325, J164_01069, J164_RS05350",lipoprotein insertase outer membrane protein LolB,lipoprotein insertase outer membrane protein LolB,,,,,,,,,
349966,Yersinia frederiksenii ATCC 33641,57907049,0,live,lolB,"DJ58_RS18570, DJ58_3301",lipoprotein insertase outer membrane protein LolB,lipoprotein insertase outer membrane protein LolB,,,,,,,,,
1095774,Pantoea ananatis PA13,57268523,0,live,lolB,"PAGR_RS12600, PAGR_g2467",lipoprotein insertase outer membrane protein LolB,lipoprotein insertase outer membrane protein LolB,,,NC_017554.1,2680808,2681431,plus,0,,
62977,Acinetobacter baylyi ADP1,45235134,0,live,lolB,"ACIAD_RS13095, ACIAD2902",lipoprotein insertase outer membrane protein LolB,lipoprotein insertase outer membrane protein LolB,,,NC_005966.1,2842341,2842922,plus,0,,
1163748,Marinobacter nauticus ATCC 49840,31820377,0,live,lolB,"MARHY_RS04215, MARHY0879",lipoprotein insertase outer membrane protein LolB,lipoprotein insertase outer membrane protein LolB,,,NC_017067.1,915913,916539,minus,0,,
693973,Shewanella baltica OS678,11773757,0,live,lolB,"SBAL678_RS42330, Sbal678_3767",lipoprotein insertase outer membrane protein LolB,lipoprotein insertase outer membrane protein LolB,,,NC_016901.1,4353923,4354567,plus,0,,
529507,Proteus mirabilis HI4320,6800789,0,live,lolB,"PMI_RS05255, PMI1085",lipoprotein insertase outer membrane protein LolB,lipoprotein insertase outer membrane protein LolB,,,NC_010554.1,1148377,1149015,minus,0,,
622,Shigella dysenteriae,75171320,0,live,lolB,"HUZ68_RS10000, HUZ68_09910",lipoprotein insertase outer membrane protein LolB,lipoprotein insertase outer membrane protein LolB,,,,,,,,,
1035377,Yersinia pestis A1122,57976646,0,live,lolB,"A1122_RS16180, A1122_16090",lipoprotein insertase outer membrane protein LolB,lipoprotein insertase outer membrane protein LolB,,,NC_017168.1,3474182,3474805,plus,0,,
518,Bordetella bronchiseptica,56480432,0,live,lolB,"EL288_RS19725, NCTC10543_03948",lipoprotein insertase outer membrane protein LolB,lipoprotein insertase outer membrane protein LolB,,1,,,,,,,
1159491,Cronobacter malonaticus LMG 23826,45715338,0,live,lolB,"AFK66_RS08385, AFK66_008150",lipoprotein insertase outer membrane protein LolB,lipoprotein insertase outer membrane protein LolB,,,,,,,,,
280147,Acinetobacter courvalinii,80105544,0,live,lolB,"IEV39_RS14960, GCM10007354_29480",lipoprotein insertase outer membrane protein LolB,lipoprotein insertase outer membrane protein LolB,,,,,,,,,
28172,Vibrio metschnikovii,79888360,0,live,lolB,"DYH36_RS09175, NCTC8443_01886",lipoprotein insertase outer membrane protein LolB,lipoprotein insertase outer membrane protein LolB,,,,,,,,,
714,Aggregatibacter actinomycetemcomitans,77212348,0,live,lolB,LIN98_RS09460,lipoprotein insertase outer membrane protein LolB,lipoprotein insertase outer membrane protein LolB,,,,,,,,,
747,Pasteurella multocida,77207599,0,live,lolB,"A6J57_RS07810, A6J57_07795",lipoprotein insertase outer membrane protein LolB,lipoprotein insertase outer membrane protein LolB,,,,,,,,,
621,Shigella boydii,75203322,0,live,lolB,"CEH00_RS07405, CEH00_07455",lipoprotein insertase outer membrane protein LolB,lipoprotein insertase outer membrane protein LolB,,,,,,,,,
564,Escherichia fergusonii,75057211,0,live,lolB,"LA347_RS05325, LA347_05325",lipoprotein insertase outer membrane protein LolB,lipoprotein insertase outer membrane protein LolB,,,,,,,,,
1219067,Vibrio natriegens NBRC 15636 = ATCC 14048 = DSM 759,70913079,0,live,lolB,"PN96_RS09860, PN96_09730",lipoprotein insertase outer membrane protein LolB,lipoprotein insertase outer membrane protein LolB,,1,,,,,,,
2026240,Klebsiella quasivariicola,69754760,0,live,lolB,"LGM30_RS10145, LGM30_10165",lipoprotein insertase outer membrane protein LolB,lipoprotein insertase outer membrane protein LolB,,,,,,,,,
106648,Acinetobacter bereziniae,69461434,0,live,lolB,"I9192_RS05310, I9192_05310",lipoprotein insertase outer membrane protein LolB,lipoprotein insertase outer membrane protein LolB,,,,,,,,,
75985,Mannheimia haemolytica,67369279,0,live,lolB,"CKG22_RS08465, CKG22_08465",lipoprotein insertase outer membrane protein LolB,lipoprotein insertase outer membrane protein LolB,,,,,,,,,
29486,Yersinia ruckeri,66879289,0,live,lolB,"YR821_RS07330, YR821_1514",lipoprotein insertase outer membrane protein LolB,lipoprotein insertase outer membrane protein LolB,,,,,,,,,
738,Glaesserella parasuis,66619336,0,live,lolB,"J1G47_RS08585, J1G47_08585",lipoprotein insertase outer membrane protein LolB,lipoprotein insertase outer membrane protein LolB,,,,,,,,,
283686,Kosakonia radicincitans,66392303,0,live,lolB,"FEI17_RS12315, FEI17_12310",lipoprotein insertase outer membrane protein LolB,lipoprotein insertase outer membrane protein LolB,,,,,,,,,
1217716,Acinetobacter ursingii NIPH 706,66211737,0,live,lolB,"F943_RS07675, F943_01586",lipoprotein insertase outer membrane protein LolB,lipoprotein insertase outer membrane protein LolB,,,,,,,,,
48664,Xanthomonas fragariae,61895271,0,live,lolB,"PD885_RS14770, PD885_02966",lipoprotein insertase outer membrane protein LolB,lipoprotein insertase outer membrane protein LolB,,1,,,,,,,
61652,Serratia rubidaea,61766158,0,live,lolB,"I6G83_RS20260, I6G83_20260",lipoprotein insertase outer membrane protein LolB,lipoprotein insertase outer membrane protein LolB,,,,,,,,,
329,Ralstonia pickettii,61388138,0,live,lolB,FY486_RS06930,lipoprotein insertase outer membrane protein LolB,lipoprotein insertase outer membrane protein LolB,,,,,,,,,
66269,Pantoea stewartii,61250739,0,live,lolB,"G5574_RS00360, G5574_00360",lipoprotein insertase outer membrane protein LolB,lipoprotein insertase outer membrane protein LolB,,,,,,,,,
204042,Dickeya zeae,60868433,0,live,lolB,"C1O30_RS10995, C1O30_10995",lipoprotein insertase outer membrane protein LolB,lipoprotein insertase outer membrane protein LolB,,,,,,,,,
888057,Aggregatibacter segnis ATCC 33393,60799971,0,live,lolB,"DQN58_RS05365, NCTC10977_01074",lipoprotein insertase outer membrane protein LolB,lipoprotein insertase outer membrane protein LolB,,1,,,,,,,
673,Grimontia hollisae,58896948,0,live,lolB,"AL542_RS13625, AL542_13495",lipoprotein insertase outer membrane protein LolB,lipoprotein insertase outer membrane protein LolB,,1,,,,,,,
400946,Wohlfahrtiimonas chitiniclastica,58262749,0,live,lolB,"B9T10_RS00325, B9T10_00325",lipoprotein insertase outer membrane protein LolB,lipoprotein insertase outer membrane protein LolB,,,,,,,,,
1191460,Acinetobacter venetianus RAG-1 = CIP 110063,58195615,0,live,lolB,"F959_RS13670, F959_02775",lipoprotein insertase outer membrane protein LolB,lipoprotein insertase outer membrane protein LolB,,,,,,,,,
1124983,Pseudomonas protegens CHA0,57478119,0,live,lolB,"PPRCHA0_RS26200, PPRCHA0_5085",lipoprotein insertase outer membrane protein LolB,lipoprotein insertase outer membrane protein LolB,,1,,,,,,,
126385,Providencia alcalifaciens,57293947,0,live,lolB,"CO695_RS15425, CO695_15425",lipoprotein insertase outer membrane protein LolB,lipoprotein insertase outer membrane protein LolB,,,,,,,,,
29471,Pectobacterium atrosepticum,57209090,0,live,lolB,"GZ59_RS11455, GZ59_23750",lipoprotein insertase outer membrane protein LolB,lipoprotein insertase outer membrane protein LolB,,,,,,,,,
28141,Cronobacter sakazakii,56730352,0,live,lolB,"CsakCS931_RS04660, CsakCS931_24860",lipoprotein insertase outer membrane protein LolB,lipoprotein insertase outer membrane protein LolB,,,,,,,,,
1217662,Acinetobacter johnsonii ANC 3681,56339676,0,live,lolB,"F946_RS12410, F946_02519",lipoprotein insertase outer membrane protein LolB,lipoprotein insertase outer membrane protein LolB,,,,,,,,,
47951,Vibrio cyclitrophicus,50230729,0,live,lolB,"FAZ90_RS11250, FAZ90_11250",lipoprotein insertase outer membrane protein LolB,lipoprotein insertase outer membrane protein LolB,,1,,,,,,,
985008,Aggregatibacter aphrophilus ATCC 33389,49635126,0,live,lolB,"EL144_RS03485, NCTC5906_00703",lipoprotein insertase outer membrane protein LolB,lipoprotein insertase outer membrane protein LolB,,1,,,,,,,
925775,Xanthomonas vesicatoria ATCC 35937,46983160,0,live,lolB,"BJD12_RS17645, BJD12_17645",lipoprotein insertase outer membrane protein LolB,lipoprotein insertase outer membrane protein LolB,,,,,,,,,
29485,Yersinia rohdei,45565732,0,live,lolB,"CH64_RS01805, CH64_370",lipoprotein insertase outer membrane protein LolB,lipoprotein insertase outer membrane protein LolB,,,,,,,,,
280145,Acinetobacter colistiniresistens,45417386,0,live,lolB,"F907_RS04545, F907_02398",lipoprotein insertase outer membrane protein LolB,lipoprotein insertase outer membrane protein LolB,,,,,,,,,
290338,Citrobacter koseri ATCC BAA-895,45135389,0,live,lolB,"CKO_RS05485, CKO_01273",lipoprotein insertase outer membrane protein LolB,lipoprotein insertase outer membrane protein LolB,,,NC_009792.1,1241960,1242583,minus,0,,
482957,Burkholderia lata,45096011,0,live,lolB,"BCEP18194_RS20825, Bcep18194_A6130",lipoprotein insertase outer membrane protein LolB,lipoprotein insertase outer membrane protein LolB,,1,NC_007510.1,3274573,3275193,plus,0,,
150340,Vibrio antiquarius,45028401,0,live,lolB,"VEA_RS13290, VEA_004205",lipoprotein insertase outer membrane protein LolB,lipoprotein insertase outer membrane protein LolB,,1,NC_013456.1,2878976,2879587,plus,0,,
676,Vibrio fluvialis,29386542,0,live,lolB,"AL536_RS32375, AL536_09585",lipoprotein insertase outer membrane protein LolB,lipoprotein insertase outer membrane protein LolB,,2,,,,,,,
1604335,Yersinia rochesterensis,82550972,0,live,lolB,"DXZ79_RS09345, DXZ79_09325",lipoprotein insertase outer membrane protein LolB,lipoprotein insertase outer membrane protein LolB,,,,,,,,,
136468,Vibrio lentus,69649861,0,live,lolB,"BCT95_RS11920, BCT95_011845",lipoprotein insertase outer membrane protein LolB,lipoprotein insertase outer membrane protein LolB,,,,,,,,,
208223,Kosakonia cowanii,77483544,0,live,lolB,ODS25_RS09970,lipoprotein insertase outer membrane protein LolB,lipoprotein insertase outer membrane protein LolB,,,,,,,,,
626774,Proteus terrae subsp. cibarius,57333057,0,live,lolB,"GTH25_RS09415, GTH25_09345",lipoprotein insertase outer membrane protein LolB,lipoprotein insertase outer membrane protein LolB,,,,,,,,,
2364647,Pantoea piersonii,78232628,0,live,lolB,"D7S44_RS04055, D7S44_04050",lipoprotein insertase outer membrane protein LolB,lipoprotein insertase outer membrane protein LolB,,,,,,,,,
476,Moraxella bovis,77189547,0,live,lolB,"LP107_RS11695, LP107_11585",lipoprotein insertase outer membrane protein LolB,lipoprotein insertase outer membrane protein LolB,,,,,,,,,
1778540,Dickeya fangzhongdai,66564962,0,live,lolB,"CVE23_RS11525, CVE23_11525",lipoprotein insertase outer membrane protein LolB,lipoprotein insertase outer membrane protein LolB,,,,,,,,,
85698,Achromobacter xylosoxidans,75272825,0,live,lolB,"I6I48_RS00175, I6I48_00175",lipoprotein insertase outer membrane protein LolB,lipoprotein insertase outer membrane protein LolB,,,,,,,,,
2071710,Enterobacter sichuanensis,72832398,0,live,lolB,"C1N69_RS12780, C1N69_12885",lipoprotein insertase outer membrane protein LolB,lipoprotein insertase outer membrane protein LolB,,,,,,,,,
106649,Acinetobacter guillouiae,67743146,0,live,lolB,"AS4_RS05200, AS4_10360",lipoprotein insertase outer membrane protein LolB,lipoprotein insertase outer membrane protein LolB,,,,,,,,,
300181,Serratia ureilytica,64308696,0,live,lolB,"J0X03_RS13920, J0X03_13920",lipoprotein insertase outer membrane protein LolB,lipoprotein insertase outer membrane protein LolB,,,,,,,,,
2045451,Stenotrophomonas indicatrix,64103387,0,live,lolB,"DAIF1_RS03920, DAIF1_07800",lipoprotein insertase outer membrane protein LolB,lipoprotein insertase outer membrane protein LolB,,,,,,,,,
2494701,Enterobacter chengduensis,63142779,0,live,lolB,"FY206_RS14100, FY206_14100",lipoprotein insertase outer membrane protein LolB,lipoprotein insertase outer membrane protein LolB,,,,,,,,,
28108,Alteromonas macleodii,56266612,0,live,lolB,"TE101_RS07200, TE101_07215",lipoprotein insertase outer membrane protein LolB,lipoprotein insertase outer membrane protein LolB,,,,,,,,,
60550,Burkholderia pyrrocinia,55504490,0,live,lolB,"ABD05_RS04035, ABD05_04035",lipoprotein insertase outer membrane protein LolB,lipoprotein insertase outer membrane protein LolB,,1,,,,,,,
667120,Edwardsiella anguillarum ET080813,33940833,0,live,lolB,"ETEE_RS15360, ETEE_3394",lipoprotein insertase outer membrane protein LolB,lipoprotein insertase outer membrane protein LolB,,,,,,,,,
1196094,Snodgrassella alvi wkB2,32536757,0,live,lolB,"SALWKB2_RS05080, SALWKB2_1006",lipoprotein insertase outer membrane protein LolB,lipoprotein insertase outer membrane protein LolB,,,,,,,,,
1323664,Paraburkholderia caribensis MBA4,69967439,0,live,lolB,"K788_RS01940, K788_0004019",lipoprotein insertase outer membrane protein LolB,lipoprotein insertase outer membrane protein LolB,,1,,,,,,,
1159554,Cronobacter dublinensis subsp. dublinensis LMG 23823,45666944,0,live,lolB,"AFK67_RS11250, AFK67_11250",lipoprotein insertase outer membrane protein LolB,lipoprotein insertase outer membrane protein LolB,,,,,,,,,
1453495,Yersinia aldovae 670-83,45569866,0,live,lolB,"AT01_RS03070, AT01_622",lipoprotein insertase outer membrane protein LolB,lipoprotein insertase outer membrane protein LolB,,,,,,,,,
441162,Burkholderia oklahomensis C6786,60547347,0,live,lolB,"BG90_RS05270, BG90_1062",lipoprotein insertase outer membrane protein LolB,lipoprotein insertase outer membrane protein LolB,,I,,,,,,,
233316,Alteromonas stellipolaris,83257823,0,live,lolB,"AVL56_RS07860, AVL56_07860",lipoprotein insertase outer membrane protein LolB,lipoprotein insertase outer membrane protein LolB,,,,,,,,,
2259622,Xanthomonas euroxanthea,79388267,0,live,lolB,"H7A86_RS04615, XSP_000931",lipoprotein insertase outer membrane protein LolB,lipoprotein insertase outer membrane protein LolB,,1,,,,,,,
82983,Obesumbacterium proteus,78449913,0,live,lolB,"XK97_RS05445, XK97_05420",lipoprotein insertase outer membrane protein LolB,lipoprotein insertase outer membrane protein LolB,,,,,,,,,
41202,Ewingella americana,78380197,0,live,lolB,"F4W05_RS06935, F4W05_06935",lipoprotein insertase outer membrane protein LolB,lipoprotein insertase outer membrane protein LolB,,,,,,,,,
589873,Alteromonas australica,78254789,0,live,lolB,"EP13_RS07460, EP13_07670",lipoprotein insertase outer membrane protein LolB,lipoprotein insertase outer membrane protein LolB,,,,,,,,,
86102,Idiomarina abyssalis,78251735,0,live,lolB,"K5X84_RS04575, K5X84_04575",lipoprotein insertase outer membrane protein LolB,lipoprotein insertase outer membrane protein LolB,,,,,,,,,
735,Haemophilus parahaemolyticus,78223700,0,live,lolB,"I6J29_RS03185, I6J29_03185",lipoprotein insertase outer membrane protein LolB,lipoprotein insertase outer membrane protein LolB,,,,,,,,,
170679,Vibrio chagasii,77340608,0,live,lolB,OCV52_RS03785,lipoprotein insertase outer membrane protein LolB,lipoprotein insertase outer membrane protein LolB,,1,,,,,,,
212663,Vibrio tasmaniensis,77315564,0,live,lolB,OCV44_RS03860,lipoprotein insertase outer membrane protein LolB,lipoprotein insertase outer membrane protein LolB,,1,,,,,,,
1420917,Marinobacter salarius,77257129,0,live,lolB,"MARSALSMR5_RS15750, MARSALSMR5_03204",lipoprotein insertase outer membrane protein LolB,lipoprotein insertase outer membrane protein LolB,,,,,,,,,
1324617,Paraburkholderia aspalathi,77197628,0,live,lolB,"KHO30_RS27230, R20943_05493",lipoprotein insertase outer membrane protein LolB,lipoprotein insertase outer membrane protein LolB,,,,,,,,,
102862,Proteus penneri,76523037,0,live,lolB,H1225_RS07220,lipoprotein insertase outer membrane protein LolB,lipoprotein insertase outer membrane protein LolB,,,,,,,,,
183795,Pseudomonas mediterranea,76211826,0,live,lolB,"BLU23_RS07570, SAMN05216476_1586",lipoprotein insertase outer membrane protein LolB,lipoprotein insertase outer membrane protein LolB,,I,,,,,,,
2565368,Pseudomonas atacamensis,75524425,0,live,lolB,"JWU58_RS05285, JWU58_05285",lipoprotein insertase outer membrane protein LolB,lipoprotein insertase outer membrane protein LolB,,,,,,,,,
82995,Serratia grimesii,75281789,0,live,lolB,"SGBXF1_RS10025, SGBXF1_02017",lipoprotein insertase outer membrane protein LolB,lipoprotein insertase outer membrane protein LolB,,1,,,,,,,
2842346,Pseudomonas siliginis,75195477,0,live,lolB,"NF676_RS22655, NF676_22660",lipoprotein insertase outer membrane protein LolB,lipoprotein insertase outer membrane protein LolB,,,,,,,,,
2946699,Snodgrassella communis,75156896,0,live,lolB,MJ761_RS03625,lipoprotein insertase outer membrane protein LolB,lipoprotein insertase outer membrane protein LolB,,,,,,,,,
2890317,Yersinia alsatica,75141402,0,live,lolB,"N0H69_RS15345, N0H69_15345",lipoprotein insertase outer membrane protein LolB,lipoprotein insertase outer membrane protein LolB,,,,,,,,,
61645,Enterobacter asburiae,75134087,0,live,lolB,"FOY94_RS12540, EAS17NKHM_024210",lipoprotein insertase outer membrane protein LolB,lipoprotein insertase outer membrane protein LolB,,,,,,,,,
61651,Serratia ficaria,75027219,0,live,lolB,"CKW09_RS10290, SAMEA4384070_02059",lipoprotein insertase outer membrane protein LolB,lipoprotein insertase outer membrane protein LolB,,1,,,,,,,
137545,Serratia quinivorans,74950301,0,live,lolB,"EL336_RS10390, NCTC13188_02093",lipoprotein insertase outer membrane protein LolB,lipoprotein insertase outer membrane protein LolB,,1,,,,,,,
1263550,Edwardsiella piscicida,72528268,0,live,lolB,"L1P05_RS06860, L1P05_06860",lipoprotein insertase outer membrane protein LolB,lipoprotein insertase outer membrane protein LolB,,,,,,,,,
539813,Enterobacter mori,72515087,0,live,lolB,"L6Y89_RS12375, L6Y89_12375",lipoprotein insertase outer membrane protein LolB,lipoprotein insertase outer membrane protein LolB,,,,,,,,,
95485,Burkholderia stabilis,71055316,0,live,lolB,"BSTAB16_RS14840, BSTAB16_2850",lipoprotein insertase outer membrane protein LolB,lipoprotein insertase outer membrane protein LolB,,I,,,,,,,
1109412,Brenneria goodwinii,70906626,0,live,lolB,"ACN28R_RS07615, AWC36_07480, AWC36_RS07635",lipoprotein insertase outer membrane protein LolB,lipoprotein insertase outer membrane protein LolB,,,,,,,,,
82541,Cupriavidus gilardii,70689037,0,live,lolB,"FOB47_RS11855, FOB47_11855",lipoprotein insertase outer membrane protein LolB,lipoprotein insertase outer membrane protein LolB,,2,,,,,,,
675,Vibrio cincinnatiensis,70583020,0,live,lolB,"DX498_RS08205, NCTC12012_01654",lipoprotein insertase outer membrane protein LolB,lipoprotein insertase outer membrane protein LolB,,,,,,,,,
78544,Pseudomonas gessardii,70101673,0,live,lolB,"BLQ94_RS12620, SAMN04490207_2633",lipoprotein insertase outer membrane protein LolB,lipoprotein insertase outer membrane protein LolB,,,,,,,,,
703,Plesiomonas shigelloides,69705861,0,live,lolB,LPH35_RS10770,lipoprotein insertase outer membrane protein LolB,lipoprotein insertase outer membrane protein LolB,,1,,,,,,,
753,Pasteurella canis,69686225,0,live,lolB,"K7G93_RS01440, K7G93_000289",lipoprotein insertase outer membrane protein LolB,lipoprotein insertase outer membrane protein LolB,,,,,,,,,
67780,Edwardsiella ictaluri,69538540,0,live,lolB,"DB741_RS07085, DB741_07085",lipoprotein insertase outer membrane protein LolB,lipoprotein insertase outer membrane protein LolB,,,,,,,,,
265293,Burkholderia ubonensis subsp. mesacidophila,69002491,0,live,lolB,B7P44_RS15390,lipoprotein insertase outer membrane protein LolB,lipoprotein insertase outer membrane protein LolB,,1,,,,,,,
1108595,Chromobacterium vaccinii,68842950,0,live,lolB,"BKX93_RS17225, BKX93_17225",lipoprotein insertase outer membrane protein LolB,lipoprotein insertase outer membrane protein LolB,,,,,,,,,
1201031,Pectobacterium aroidearum,67794106,0,live,lolB,"I2D83_RS11375, I2D83_11375",lipoprotein insertase outer membrane protein LolB,lipoprotein insertase outer membrane protein LolB,,,,,,,,,
55211,Erwinia persicina,67477048,0,live,lolB,"K6L24_RS12440, K6L24_12440",lipoprotein insertase outer membrane protein LolB,lipoprotein insertase outer membrane protein LolB,,,,,,,,,
59814,Pantoea dispersa,67451567,0,live,lolB,"K7H94_RS08050, K7H94_08050",lipoprotein insertase outer membrane protein LolB,lipoprotein insertase outer membrane protein LolB,,1,,,,,,,
195709,Xanthomonas arboricola pv. juglandis,67405780,0,live,lolB,"KHN93_RS04980, XCY_000996",lipoprotein insertase outer membrane protein LolB,lipoprotein insertase outer membrane protein LolB,,1,,,,,,,
680,Vibrio campbellii,67378160,0,live,lolB,"C1N50_RS12700, C1N50_12695",lipoprotein insertase outer membrane protein LolB,lipoprotein insertase outer membrane protein LolB,,1,,,,,,,
1927127,Candidatus Enterovibrio escicola,66952480,0,live,lolB,"BTN49_RS10830, BTN49_2894",lipoprotein insertase outer membrane protein LolB,lipoprotein insertase outer membrane protein LolB,,,,,,,,,
158877,Yokenella regensburgei,66903017,0,live,lolB,"C7387_RS04735, C7387_0956",lipoprotein insertase outer membrane protein LolB,lipoprotein insertase outer membrane protein LolB,,,,,,,,,
69218,Enterobacter cancerogenus,66612080,0,live,lolB,K3T75_RS13395,lipoprotein insertase outer membrane protein LolB,lipoprotein insertase outer membrane protein LolB,,,,,,,,,
134537,Paraburkholderia fungorum,66515107,0,live,lolB,"OI25_RS10865, OI25_1117",lipoprotein insertase outer membrane protein LolB,lipoprotein insertase outer membrane protein LolB,,1,,,,,,,
28095,Burkholderia gladioli,66459205,0,live,lolB,JKG63_RS16610,lipoprotein insertase outer membrane protein LolB,lipoprotein insertase outer membrane protein LolB,,1,,,,,,,
536,Chromobacterium violaceum,66366480,0,live,lolB,"I6K03_RS10340, I6K03_10340",lipoprotein insertase outer membrane protein LolB,lipoprotein insertase outer membrane protein LolB,,,,,,,,,
728,Avibacterium paragallinarum,66255278,0,live,lolB,"HBL79_RS01595, HBL79_01595",lipoprotein insertase outer membrane protein LolB,lipoprotein insertase outer membrane protein LolB,,,,,,,,,
1331689,Ursidibacter maritimus,65549038,0,live,lolB,"A1D26_RS06070, A1D26_03465",lipoprotein insertase outer membrane protein LolB,lipoprotein insertase outer membrane protein LolB,,,,,,,,,
689,Vibrio mediterranei,64085256,0,live,lolB,"HOP38_RS03640, HOP38_03640",lipoprotein insertase outer membrane protein LolB,lipoprotein insertase outer membrane protein LolB,,I,,,,,,,
359387,Xanthomonas euvesicatoria pv. alfalfae,63990217,0,live,lolB,"XeaCFBP3836p_RS04950, XeaCFBP3836p_04950",lipoprotein insertase outer membrane protein LolB,lipoprotein insertase outer membrane protein LolB,,,,,,,,,
488731,Burkholderia seminalis,62012258,0,live,lolB,"WJ12_RS14080, WJ12_14065",lipoprotein insertase outer membrane protein LolB,lipoprotein insertase outer membrane protein LolB,,1,,,,,,,
28152,Yersinia kristensenii,61907707,0,live,lolB,"DX162_RS15290, NCTC11471_03023",lipoprotein insertase outer membrane protein LolB,lipoprotein insertase outer membrane protein LolB,,,,,,,,,
263819,Yersinia aleksiciae,61901800,0,live,lolB,"AP371_RS06215, ERS008671_01288",lipoprotein insertase outer membrane protein LolB,lipoprotein insertase outer membrane protein LolB,,,,,,,,,
1205683,Yersinia massiliensis CCUG 53443,61814432,0,live,lolB,"BN68_RS03645, BN68_03730",lipoprotein insertase outer membrane protein LolB,lipoprotein insertase outer membrane protein LolB,,,,,,,,,
190721,Ralstonia insidiosa,61524704,0,live,lolB,"A9Y76_RS01620, A9Y76_01620",lipoprotein insertase outer membrane protein LolB,lipoprotein insertase outer membrane protein LolB,,1,,,,,,,
216778,Stenotrophomonas rhizophila,61477463,0,live,lolB,"DX03_RS15965, DX03_16230",lipoprotein insertase outer membrane protein LolB,lipoprotein insertase outer membrane protein LolB,,,,,,,,,
2042057,Pectobacterium polaris,61408077,0,live,lolB,"BJK05_RS05765, BJK05_05550",lipoprotein insertase outer membrane protein LolB,lipoprotein insertase outer membrane protein LolB,,,,,,,,,
61647,Pluralibacter gergoviae,61385381,0,live,lolB,"A8H26_RS18960, A8H26_18945",lipoprotein insertase outer membrane protein LolB,lipoprotein insertase outer membrane protein LolB,,,,,,,,,
554,Pectobacterium carotovorum,61348000,0,live,lolB,"HER17_RS10470, HER17_10510",lipoprotein insertase outer membrane protein LolB,lipoprotein insertase outer membrane protein LolB,,,,,,,,,
92647,Paraburkholderia tropica,61301119,0,live,lolB,"G5S35_RS01490, G5S35_01490",lipoprotein insertase outer membrane protein LolB,lipoprotein insertase outer membrane protein LolB,,A,,,,,,,
661,Photobacterium angustum,61228532,0,live,lolB,"C0W36_RS05510, C0W36_05495",lipoprotein insertase outer membrane protein LolB,lipoprotein insertase outer membrane protein LolB,,,,,,,,,
486,Neisseria lactamica,61223870,0,live,lolB,DV311_RS03220,lipoprotein insertase outer membrane protein LolB,lipoprotein insertase outer membrane protein LolB,,,,,,,,,
1172565,Lonsdalea populi,61122023,0,live,lolB,"I6N93_RS07910, I6N93_07910",lipoprotein insertase outer membrane protein LolB,lipoprotein insertase outer membrane protein LolB,,,,,,,,,
656,Aeromonas allosaccharophila,60786028,0,live,lolB,"I6G90_RS10440, I6G90_10440",lipoprotein insertase outer membrane protein LolB,lipoprotein insertase outer membrane protein LolB,,,,,,,,,
1530123,Acinetobacter seifertii,60737213,0,live,lolB,"I8T81_RS14845, I8T81_14845",lipoprotein insertase outer membrane protein LolB,lipoprotein insertase outer membrane protein LolB,,,,,,,,,
730,[Haemophilus] ducreyi,60734034,0,live,lolB,"A6037_RS06805, A6037_06820",lipoprotein insertase outer membrane protein LolB,lipoprotein insertase outer membrane protein LolB,,,,,,,,,
498,Psychrobacter immobilis,60255202,0,live,lolB,"C8D84_RS07205, C8D84_10721",lipoprotein insertase outer membrane protein LolB,lipoprotein insertase outer membrane protein LolB,,,,,,,,,
646,Aeromonas sobria,58922236,0,live,lolB,BN1135_RS09280,lipoprotein insertase outer membrane protein LolB,lipoprotein insertase outer membrane protein LolB,,,,,,,,,
470934,Pantoea vagans,58738348,0,live,lolB,"EGO56_RS11065, EGO56_11065",lipoprotein insertase outer membrane protein LolB,lipoprotein insertase outer membrane protein LolB,,,,,,,,,
108981,Acinetobacter schindleri,58162481,0,live,lolB,"FSC11_RS04105, FSC11_04100",lipoprotein insertase outer membrane protein LolB,lipoprotein insertase outer membrane protein LolB,,,,,,,,,
631,Yersinia intermedia,58047192,0,live,lolB,"FOC38_RS09675, FOC38_09675",lipoprotein insertase outer membrane protein LolB,lipoprotein insertase outer membrane protein LolB,,,,,,,,,
359385,Xanthomonas campestris pv. raphani,58014554,0,live,lolB,"AD14011_RS16280, AD14011_16300",lipoprotein insertase outer membrane protein LolB,lipoprotein insertase outer membrane protein LolB,,,,,,,,,
325777,Xanthomonas axonopodis pv. vasculorum,58004332,0,live,lolB,"XAV_RS16550, XAV_16610",lipoprotein insertase outer membrane protein LolB,lipoprotein insertase outer membrane protein LolB,,,,,,,,,
349967,Yersinia mollaretii ATCC 43969,57919473,0,live,lolB,"HRD69_RS16760, HRD69_16760",lipoprotein insertase outer membrane protein LolB,lipoprotein insertase outer membrane protein LolB,,,,,,,,,
29447,Xanthomonas albilineans,57875798,0,live,lolB,"XaFJ1_RS02120, XaFJ1_GM000467",lipoprotein insertase outer membrane protein LolB,lipoprotein insertase outer membrane protein LolB,,,,,,,,,
577,Raoultella terrigena,57504321,0,live,lolB,"HCK03_RS10400, HCK03_10400",lipoprotein insertase outer membrane protein LolB,lipoprotein insertase outer membrane protein LolB,,,,,,,,,
472694,Pantoea brenneri,57343639,0,live,lolB,"HZS23_RS00730, HZS23_00730",lipoprotein insertase outer membrane protein LolB,lipoprotein insertase outer membrane protein LolB,,,,,,,,,
180957,Pectobacterium brasiliense,57244484,0,live,lolB,"GT391_RS18150, GT391_18150",lipoprotein insertase outer membrane protein LolB,lipoprotein insertase outer membrane protein LolB,,,,,,,,,
726,Haemophilus haemolyticus,56957842,0,live,lolB,"DQN30_RS06300, NCTC10839_01256",lipoprotein insertase outer membrane protein LolB,lipoprotein insertase outer membrane protein LolB,,1,,,,,,,
569,Hafnia alvei,56891596,0,live,lolB,"HBA19_RS09080, HBA19_09080",lipoprotein insertase outer membrane protein LolB,lipoprotein insertase outer membrane protein LolB,,,,,,,,,
292,Burkholderia cepacia,56662814,0,live,lolB,"BURCE16_RS15220, BURCE16_15010",lipoprotein insertase outer membrane protein LolB,lipoprotein insertase outer membrane protein LolB,,1,,,,,,,
123899,Bordetella trematum,56590893,0,live,lolB,"DY259_RS17705, NCTC12995_03562",lipoprotein insertase outer membrane protein LolB,lipoprotein insertase outer membrane protein LolB,,,,,,,,,
95486,Burkholderia cenocepacia,56559383,0,live,lolB,"WL90_RS14620, WL90_14605",lipoprotein insertase outer membrane protein LolB,lipoprotein insertase outer membrane protein LolB,,1,,,,,,,
179879,Burkholderia anthina,56503196,0,live,lolB,"BME24068_RS25880, BAN20980_05132, HU786_RS25880",lipoprotein insertase outer membrane protein LolB,lipoprotein insertase outer membrane protein LolB,,,,,,,,,
314275,Alteromonas mediterranea,56341947,0,live,lolB,"BM526_RS06715, BM526_06700",lipoprotein insertase outer membrane protein LolB,lipoprotein insertase outer membrane protein LolB,,,,,,,,,
47879,Pseudomonas corrugata,55644800,0,live,lolB,"AXG94_RS10520, AXG94_10510",lipoprotein insertase outer membrane protein LolB,lipoprotein insertase outer membrane protein LolB,,,,,,,,,
72557,Achromobacter ruhlandii,55562424,0,live,lolB,"AruCF_RS22060, AruCF_4396",lipoprotein insertase outer membrane protein LolB,lipoprotein insertase outer membrane protein LolB,,,,,,,,,
219574,Pseudomonas proteolytica,55539473,0,live,lolB,"BLW35_RS11620, SAMN04490200_2337",lipoprotein insertase outer membrane protein LolB,lipoprotein insertase outer membrane protein LolB,,,,,,,,,
169430,Paraburkholderia hospita,55527067,0,live,lolB,"C2L64_RS01770, C2L64_01770",lipoprotein insertase outer membrane protein LolB,lipoprotein insertase outer membrane protein LolB,,1,,,,,,,
56454,Xanthomonas hortorum,55513032,0,live,lolB,"XJ27_RS11170, XJ27_10695",lipoprotein insertase outer membrane protein LolB,lipoprotein insertase outer membrane protein LolB,,,,,,,,,
78398,Pectobacterium odoriferum,51389583,0,live,lolB,"EO763_RS10740, EO763_10920",lipoprotein insertase outer membrane protein LolB,lipoprotein insertase outer membrane protein LolB,,,,,,,,,
204039,Dickeya dianthicola,49322131,0,live,lolB,"DZA65_RS11410, DZA65_02223",lipoprotein insertase outer membrane protein LolB,lipoprotein insertase outer membrane protein LolB,,,,,,,,,
2025884,Aggregatibacter kilianii,48247437,0,live,lolB,DK428_RS07895,lipoprotein insertase outer membrane protein LolB,lipoprotein insertase outer membrane protein LolB,,,,,,,,,
1280002,Vibrio jasicida 090810c,48228730,0,live,lolB,C1S73_RS06835,lipoprotein insertase outer membrane protein LolB,lipoprotein insertase outer membrane protein LolB,,1,,,,,,,
190895,Vibrio rotiferianus,47657514,0,live,lolB,"BSZ04_RS19970, BSZ04_19715",lipoprotein insertase outer membrane protein LolB,lipoprotein insertase outer membrane protein LolB,,2,,,,,,,
1503055,Burkholderia territorii,46201372,0,live,lolB,"WS51_RS24370, WS51_24355",lipoprotein insertase outer membrane protein LolB,lipoprotein insertase outer membrane protein LolB,,1,,,,,,,
299767,Enterobacter ludwigii,45815664,0,live,lolB,"BH714_RS09020, BH714_09020",lipoprotein insertase outer membrane protein LolB,lipoprotein insertase outer membrane protein LolB,,,,,,,,,
1812935,Enterobacter roggenkampii,45796212,0,live,lolB,"BFV67_RS12720, BFV67_12720",lipoprotein insertase outer membrane protein LolB,lipoprotein insertase outer membrane protein LolB,,,,,,,,,
83655,Leclercia adecarboxylata,30332075,0,live,lolB,"APT61_RS09180, APT61_09180",lipoprotein insertase outer membrane protein LolB,lipoprotein insertase outer membrane protein LolB,,,,,,,,,
47917,Serratia fonticola,30323050,0,live,lolB,"WN53_RS22970, WN53_22975",lipoprotein insertase outer membrane protein LolB,lipoprotein insertase outer membrane protein LolB,,,,,,,,,
318456,Photobacterium kishitanii,29943489,0,live,lolB,"PPBDW_RS03965, PPBDW_I20391",lipoprotein insertase outer membrane protein LolB,lipoprotein insertase outer membrane protein LolB,,,,,,,,,
198214,Shigella flexneri 2a str. 301,1024152,0,live,lolB,SF1212,molecular chaperone LolB,,,,NC_004337.2,1259758,1260381,minus,0,,
56448,Xanthomonas arboricola,57958091,0,live,lolB,"FHY28_RS13790, FHY28_002706",lipoprotein localization protein LolB,lipoprotein localization protein LolB,,,,,,,,,
316,Stutzerimonas stutzeri,66822572,0,live,lolB,"PszF2a_RS16725, PszF2a_32760",lipoprotein insertase outer membrane protein LolB,lipoprotein insertase outer membrane protein LolB,,,,,,,,,
663,Vibrio alginolyticus,75168512,0,live,lolB,"NAL94_RS19875, NAL94_19880",lipoprotein insertase outer membrane protein LolB,lipoprotein insertase outer membrane protein LolB,,2,,,,,,,
53408,Pseudomonas citronellolis,72994143,0,live,lolB,"PcP3B5_RS04730, PcP3B5_09670",lipoprotein insertase outer membrane protein LolB,lipoprotein insertase outer membrane protein LolB,,,,,,,,,
563797,Pseudomonas coronafaciens pv. oryzae str. 1_6,72394561,0,live,lolB,"POR16_RS19490, POR16_19490",lipoprotein insertase outer membrane protein LolB,lipoprotein insertase outer membrane protein LolB,,,,,,,,,
1211579,Pseudomonas putida NBRC 14164,45526029,0,live,lolB,"PP4_RS22900, PP4_45490",lipoprotein insertase outer membrane protein LolB,lipoprotein insertase outer membrane protein LolB,,,NC_021505.1,5161178,5161795,plus,0,,
436717,Acinetobacter oleivorans DR1,9383529,0,live,lolB,"AOLE_RS15490, AOLE_15510",lipoprotein insertase outer membrane protein LolB,lipoprotein insertase outer membrane protein LolB,,,NC_014259.1,3303434,3304012,plus,0,,
223283,Pseudomonas syringae pv. tomato str. DC3000,1182742,0,live,lolB,"PSPTO_RS05855, PSPTO1106, PSPTO_1106",lipoprotein insertase outer membrane protein LolB,lipoprotein insertase outer membrane protein LolB,,,NC_004578.1,1220460,1221077,minus,0,,
359110,Pseudomonas extremaustralis,78555214,0,live,lolB,"BLR63_RS18725, SAMN05216591_3829",lipoprotein insertase outer membrane protein LolB,lipoprotein insertase outer membrane protein LolB,,I,,,,,,,
317,Pseudomonas syringae,77276899,0,live,lolB,"KIJ28_RS04585, KIJ28_04585",lipoprotein insertase outer membrane protein LolB,lipoprotein insertase outer membrane protein LolB,,,,,,,,,
847,Oxalobacter formigenes,77134049,0,live,lolB,"BRW83_RS00700, BRW83_0139",lipoprotein insertase outer membrane protein LolB,lipoprotein insertase outer membrane protein LolB,,,,,,,,,
296,Pseudomonas fragi,72387146,0,live,lolB,"IS178_RS05220, IS178_05220",lipoprotein insertase outer membrane protein LolB,lipoprotein insertase outer membrane protein LolB,,,,,,,,,
757414,Pseudomonas cannabina pv. alisalensis,64464191,0,live,lolB,"JGS08_RS05125, JGS08_05125",lipoprotein insertase outer membrane protein LolB,lipoprotein insertase outer membrane protein LolB,,,,,,,,,
573066,Pseudomonas amygdali pv. tabaci str. ATCC 11528,61868358,0,live,lolB,"PSYTB_RS05220, PSYTB_05225",lipoprotein insertase outer membrane protein LolB,lipoprotein insertase outer membrane protein LolB,,,,,,,,,
43658,Pseudoalteromonas rubra,61359453,0,live,lolB,"PRUB_RS18985, PRUB_a5021",lipoprotein insertase outer membrane protein LolB,lipoprotein insertase outer membrane protein LolB,,,,,,,,,
758,Rodentibacter pneumotropicus,61267082,0,live,lolB,TR34_RS05550,lipoprotein insertase outer membrane protein LolB,lipoprotein insertase outer membrane protein LolB,,,,,,,,,
564423,Pseudomonas tolaasii NCPPB 2192,55845509,0,live,lolB,"ATI14_RS10960, ATI14_2274",lipoprotein insertase outer membrane protein LolB,lipoprotein insertase outer membrane protein LolB,,,,,,,,,
484,Neisseria flavescens,49970762,0,live,lolB,"FAH67_RS03360, FAH67_03360",lipoprotein insertase outer membrane protein LolB,lipoprotein insertase outer membrane protein LolB,,,,,,,,,
76759,Pseudomonas monteilii,49866904,0,live,lolB,"CHR29_RS04215, CHR29_04190",lipoprotein insertase outer membrane protein LolB,lipoprotein insertase outer membrane protein LolB,,,,,,,,,
70775,Pseudomonas plecoglossicida,49615665,0,live,lolB,"DVB73_RS19785, DVB73_19780",lipoprotein insertase outer membrane protein LolB,lipoprotein insertase outer membrane protein LolB,,,,,,,,,
1261617,Duganella zoogloeoides ATCC 25935,43165037,0,live,lolB,F460_RS0119515,outer membrane lipoprotein LolB,outer membrane lipoprotein LolB,,,,,,,,,
129394,Xanthomonas oryzae pv. oryzicola,77338739,0,live,lolB,"XOCgx_RS18115, XOCgx_3929",lipoprotein insertase outer membrane protein LolB,lipoprotein insertase outer membrane protein LolB,,,,,,,,,
1123016,Stutzerimonas balearica DSM 6083,77259297,0,live,lolB,"CL52_RS05045, CL52_05130",lipoprotein insertase outer membrane protein LolB,lipoprotein insertase outer membrane protein LolB,,,,,,,,,
550540,Ferrimonas balearica DSM 9799,67183046,0,live,lolB,"FBAL_RS14485, Fbal_2827",lipoprotein insertase outer membrane protein LolB,lipoprotein insertase outer membrane protein LolB,,,NC_014541.1,3174705,3175178,plus,0,,
57706,Citrobacter braakii,66274225,0,live,lolB,"GFC06_RS14770, GFC06_14770",lipoprotein insertase outer membrane protein LolB,lipoprotein insertase outer membrane protein LolB,,,,,,,,,
319939,Metapseudomonas otitidis,57399980,0,live,lolB,"PotMrB4_RS23860, PtoMrB4_47620",lipoprotein insertase outer membrane protein LolB,lipoprotein insertase outer membrane protein LolB,,,,,,,,,
76761,Pseudomonas veronii,47554284,0,live,lolB,"PverR02_RS04030, PverR02_03930",lipoprotein insertase outer membrane protein LolB,lipoprotein insertase outer membrane protein LolB,,,,,,,,,
128785,Pseudoxanthomonas mexicana,81470979,0,live,lolB,"IAE60_RS08370, IAE60_08370",lipoprotein insertase outer membrane protein LolB,lipoprotein insertase outer membrane protein LolB,,,,,,,,,
1033846,Marinobacter adhaerens,78559316,0,live,lolB,"KQ249_RS07695, KQ249_07695",lipoprotein insertase outer membrane protein LolB,lipoprotein insertase outer membrane protein LolB,,,,,,,,,
128780,Stenotrophomonas acidaminiphila,78388594,0,live,lolB,F0P95_RS07375,lipoprotein insertase outer membrane protein LolB,lipoprotein insertase outer membrane protein LolB,,,,,,,,,
2994495,Pseudomonas paraeruginosa,77223172,0,live,lolB,"B7D75_RS24030, B7D75_24045",lipoprotein insertase outer membrane protein LolB,lipoprotein insertase outer membrane protein LolB,,,,,,,,,
2968969,Stutzerimonas frequens,75215733,0,live,lolB,"I6G34_RS20535, I6G34_20535",lipoprotein insertase outer membrane protein LolB,lipoprotein insertase outer membrane protein LolB,,,,,,,,,
332186,Shewanella xiamenensis,75187501,0,live,lolB,"KXJ80_RS06665, KXJ80_06630",lipoprotein insertase outer membrane protein LolB,lipoprotein insertase outer membrane protein LolB,,,,,,,,,
28110,Francisella philomiragia,72523180,0,live,lolB,"IMS64_RS00410, IMS64_00410",lipoprotein insertase outer membrane protein LolB,lipoprotein insertase outer membrane protein LolB,,,,,,,,,
2666183,Pseudomonas juntendi,72418632,0,live,lolB,"L1P09_RS03495, L1P09_03495",lipoprotein insertase outer membrane protein LolB,lipoprotein insertase outer membrane protein LolB,,,,,,,,,
40215,Acinetobacter junii,70091662,0,live,lolB,"H2677_RS03980, H2677_03980",lipoprotein insertase outer membrane protein LolB,lipoprotein insertase outer membrane protein LolB,,,,,,,,,
29438,Pseudomonas savastanoi,69857985,0,live,lolB,"KP808_RS04630, KP808_04595",lipoprotein insertase outer membrane protein LolB,lipoprotein insertase outer membrane protein LolB,,,,,,,,,
28090,Acinetobacter lwoffii,69584356,0,live,lolB,"J7649_RS14295, J7649_14295",lipoprotein insertase outer membrane protein LolB,lipoprotein insertase outer membrane protein LolB,,,,,,,,,
651,Aeromonas media,69409980,0,live,lolB,"KI797_RS05575, KI797_05565",lipoprotein insertase outer membrane protein LolB,lipoprotein insertase outer membrane protein LolB,,,,,,,,,
664683,Vreelandella titanicae,69282204,0,live,lolB,"HZS52_RS12305, HZS52_12305",lipoprotein insertase outer membrane protein LolB,lipoprotein insertase outer membrane protein LolB,,,,,,,,,
487316,Acinetobacter soli,67511947,0,live,lolB,KCV09_RS08345,lipoprotein insertase outer membrane protein LolB,lipoprotein insertase outer membrane protein LolB,,,,,,,,,
1238,Piscirickettsia salmonis,66741832,0,live,lolB,"Psal070_RS13325, Psal070_02690",lipoprotein insertase outer membrane protein LolB,lipoprotein insertase outer membrane protein LolB,,,,,,,,,
490,Neisseria sicca,64349840,0,live,lolB,"J7445_RS02185, J7445_02185",lipoprotein insertase outer membrane protein LolB,lipoprotein insertase outer membrane protein LolB,,,,,,,,,
353,Azotobacter chroococcum,61929910,0,live,lolB,"ACG10_RS04450, ACG10_04365",lipoprotein insertase outer membrane protein LolB,lipoprotein insertase outer membrane protein LolB,,,,,,,,,
86185,Pseudomonas lundensis,61882097,0,live,lolB,"IF654_RS18830, IF654_14655",lipoprotein insertase outer membrane protein LolB,lipoprotein insertase outer membrane protein LolB,,,,,,,,,
47883,Pseudomonas synxantha,61828595,0,live,lolB,"C4K01_RS03660, C4K01_0741",lipoprotein insertase outer membrane protein LolB,lipoprotein insertase outer membrane protein LolB,,,,,,,,,
46257,Pseudomonas avellanae,61790613,0,live,lolB,N010_RS0213705,lipoprotein insertase outer membrane protein LolB,lipoprotein insertase outer membrane protein LolB,,,,,,,,,
294,Pseudomonas fluorescens,61636799,0,live,lolB,"CPH89_RS14115, SAMN04488487_2901",lipoprotein insertase outer membrane protein LolB,lipoprotein insertase outer membrane protein LolB,,I,,,,,,,
1785128,Acinetobacter lactucae,60755043,0,live,lolB,HLV59_RS14505,lipoprotein insertase outer membrane protein LolB,lipoprotein insertase outer membrane protein LolB,,,,,,,,,
637390,Acidithiobacillus thiooxidans ATCC 19377,60697582,0,live,lolB,"GCD22_RS15830, GCD22_03374",lipoprotein insertase outer membrane protein LolB,lipoprotein insertase outer membrane protein LolB,,,,,,,,,
78327,Pseudomonas mosselii,58766588,0,live,lolB,CSH50_RS03980,lipoprotein insertase outer membrane protein LolB,lipoprotein insertase outer membrane protein LolB,,,,,,,,,
76760,Pseudomonas rhodesiae,58694653,0,live,lolB,"HRH33_RS04530, HRH33_04530",lipoprotein insertase outer membrane protein LolB,lipoprotein insertase outer membrane protein LolB,,,,,,,,,
394935,Chromobacterium haemolyticum,58561744,0,live,lolB,"GYH29_RS20240, CH06BL_39920",lipoprotein insertase outer membrane protein LolB,lipoprotein insertase outer membrane protein LolB,,,,,,,,,
1225174,Ectopseudomonas mendocina S5.2,57607804,0,live,lolB,"DW68_RS18100, DW68_018100",lipoprotein insertase outer membrane protein LolB,lipoprotein insertase outer membrane protein LolB,,,,,,,,,
47885,Pseudomonas oryzihabitans,57561172,0,live,lolB,FSV80_RS19745,lipoprotein insertase outer membrane protein LolB,lipoprotein insertase outer membrane protein LolB,,,,,,,,,
43657,Pseudoalteromonas luteoviolacea,57363408,0,live,lolB,"FLM44_RS18285, FLM44_13675",lipoprotein insertase outer membrane protein LolB,lipoprotein insertase outer membrane protein LolB,,,,,,,,,
40216,Acinetobacter radioresistens,56305130,0,live,lolB,"DOM24_RS03380, DOM24_03380",lipoprotein insertase outer membrane protein LolB,lipoprotein insertase outer membrane protein LolB,,,,,,,,,
28449,Neisseria subflava,49949400,0,live,lolB,"FAH66_RS03415, FAH66_03415",lipoprotein insertase outer membrane protein LolB,lipoprotein insertase outer membrane protein LolB,,,,,,,,,
70611,Legionella taurinensis,48946219,0,live,lolB,"DYE45_RS01865, NCTC13314_00375",lipoprotein insertase outer membrane protein LolB,lipoprotein insertase outer membrane protein LolB,,,,,,,,,
321846,Pseudomonas simiae,45621380,0,live,lolB,"PF1751_RS03585, PF1751_v1c07040",lipoprotein insertase outer membrane protein LolB,lipoprotein insertase outer membrane protein LolB,,,,,,,,,
1356861,Francisella orientalis LADL 07-285A,45432317,0,live,lolB,"M973_RS00925, M973_01020",lipoprotein insertase outer membrane protein LolB,lipoprotein insertase outer membrane protein LolB,,,NC_023029.1,177687,178331,plus,0,,
34062,Moraxella osloensis,35777661,0,live,lolB,"AXE82_RS07520, AXE82_07525",lipoprotein insertase outer membrane protein LolB,lipoprotein insertase outer membrane protein LolB,,,,,,,,,
105219,Ralstonia mannitolilytica,34790729,0,live,lolB,"TK49_RS05040, TK49_05045",lipoprotein insertase outer membrane protein LolB,lipoprotein insertase outer membrane protein LolB,,1,,,,,,,
1190813,Pseudoalteromonas shioyasakiensis,29846101,0,live,lolB,PASHI_RS15055,lipoprotein insertase outer membrane protein LolB,lipoprotein insertase outer membrane protein LolB,,,,,,,,,
99287,Salmonella enterica subsp. enterica serovar Typhimurium str. LT2,1253297,0,live,lolB,STM1778,outer membrane lipoprotein,outer membrane lipoprotein,,,NC_003197.2,1876001,1876641,plus,0,,
386585,Escherichia coli O157:H7 str. Sakai,913149,0,live,lolB,ECs_1714,lipoprotein localization factor,lipoprotein localization factor,,,NC_002695.2,1708896,1709519,minus,0,,
227377,Coxiella burnetii RSA 493,1209740,0,live,lolB,CBU_1829,outer-membrane lipoprotein,,,,NC_002971.4,1758451,1759083,plus,0,,
871585,Acinetobacter pittii PHEA-2,11638276,0,live,lolB,BDGL_000102,outer-membrane lipoprotein,,,,NC_016603.1,107085,107663,minus,0,,
212667,Vibrio fortis,303966055,0,live,lolB,OCV50_RS03705,lipoprotein insertase outer membrane protein LolB,lipoprotein insertase outer membrane protein LolB,,1,,,,,,,
1263829,Bibersteinia trehalosi USDA-ARS-USMARC-188,303778351,0,live,lolB,"F542_RS05955, F542_12100",lipoprotein insertase outer membrane protein LolB,lipoprotein insertase outer membrane protein LolB,,,,,,,,,
1074311,Vibrio alfacsensis,303980090,0,live,lolB,"VA249_RS03520, VYA_06670",lipoprotein insertase outer membrane protein LolB,lipoprotein insertase outer membrane protein LolB,,1,,,,,,,
680026,Photobacterium swingsii,303970760,0,live,lolB,OCU77_RS03970,lipoprotein insertase outer membrane protein LolB,lipoprotein insertase outer membrane protein LolB,,1,,,,,,,
1776742,Acinetobacter vivianii,303684766,0,live,lolB,"IEV36_RS14940, GCM10011446_29400",lipoprotein insertase outer membrane protein LolB,lipoprotein insertase outer membrane protein LolB,,,,,,,,,
470,Acinetobacter baumannii,92892766,0,live,lolB,"FQU82_RS04340, FQU82_00838",lipoprotein insertase outer membrane protein LolB,lipoprotein insertase outer membrane protein LolB,,,,,,,,,
615,Serratia marcescens,93696495,0,live,lolB,"QRD25_RS09600, QRD25_09600",lipoprotein insertase outer membrane protein LolB,lipoprotein insertase outer membrane protein LolB,,,,,,,,,
85581,Photobacterium damselae subsp. damselae,93398507,0,live,lolB,"WAX86_RS11265, WAX86_11265",lipoprotein insertase outer membrane protein LolB,lipoprotein insertase outer membrane protein LolB,,1,,,,,,,
548,Klebsiella aerogenes,93311531,0,live,lolB,"I6L72_RS08985, I6L72_08985",lipoprotein insertase outer membrane protein LolB,lipoprotein insertase outer membrane protein LolB,,,,,,,,,
158836,Enterobacter hormaechei,93199064,0,live,lolB,"I6L63_RS08300, I6L63_08300",lipoprotein insertase outer membrane protein LolB,lipoprotein insertase outer membrane protein LolB,,,,,,,,,
2608867,Escherichia ruysiae,86859978,0,live,lolB,"RGV86_RS03340, RGV86_03340",lipoprotein insertase outer membrane protein LolB,lipoprotein insertase outer membrane protein LolB,,,,,,,,,
624,Shigella sonnei,93775274,0,live,lolB,C1P89_RS04450,lipoprotein insertase outer membrane protein LolB,lipoprotein insertase outer membrane protein LolB,,,,,,,,,
571,Klebsiella oxytoca,93284365,0,live,lolB,"EL226_RS12530, NCTC13727_02487",lipoprotein insertase outer membrane protein LolB,lipoprotein insertase outer membrane protein LolB,,1,,,,,,,
2590157,Klebsiella variicola subsp. variicola,93272618,0,live,lolB,"LGN93_RS10290, LGN93_10290",lipoprotein insertase outer membrane protein LolB,lipoprotein insertase outer membrane protein LolB,,,,,,,,,
990288,Acidithiobacillus caldus SM-1,92930500,0,live,lolB,"ATC_RS02275, Atc_0462",lipoprotein insertase outer membrane protein LolB,lipoprotein insertase outer membrane protein LolB,,,NC_015850.1,474913,475524,minus,0,,
634500,Erwinia billingiae Eb661,90511847,0,live,lolB,"EBC_RS10940, EbC_18260",lipoprotein insertase outer membrane protein LolB,lipoprotein insertase outer membrane protein LolB,,,NC_014306.1,2070391,2071014,minus,0,,
87883,Burkholderia multivorans,89571330,0,live,lolB,"V1241_RS25360, V1241_25365",lipoprotein insertase outer membrane protein LolB,lipoprotein insertase outer membrane protein LolB,,,,,,,,,
243233,Methylococcus capsulatus str. Bath,88223346,0,live,lolB,"MCA_RS05160, MCA1054",lipoprotein insertase outer membrane protein LolB,lipoprotein insertase outer membrane protein LolB,,,NC_002977.6,1105580,1106188,plus,0,,
322710,Azotobacter vinelandii DJ,88187081,0,live,lolB,"AVIN_RS18905, Avin_41500",lipoprotein insertase outer membrane protein LolB,lipoprotein insertase outer membrane protein LolB,,,NC_012560.1,4185001,4185627,plus,0,,
1639133,Citrobacter portucalensis,86976200,0,live,lolB,"LY264_RS11460, LY264_11460",lipoprotein insertase outer membrane protein LolB,lipoprotein insertase outer membrane protein LolB,,,,,,,,,
141679,Photorhabdus laumondii subsp. laumondii,48848344,0,live,lolB,"PluTT01m_RS10720, PluTT01m_10680",lipoprotein insertase outer membrane protein LolB,lipoprotein insertase outer membrane protein LolB,,,,,,,,,
218493,Salmonella bongori NCTC 12419,44980640,0,live,lolB,"SBG_RS08405, SBG_1638",lipoprotein insertase outer membrane protein LolB,lipoprotein insertase outer membrane protein LolB,,,NC_015761.1,1790100,1790723,plus,0,,
384676,Pseudomonas entomophila L48,32804165,0,live,lolB,"PSEEN_RS03990, PSEEN0859",lipoprotein insertase outer membrane protein LolB,lipoprotein insertase outer membrane protein LolB,,,NC_008027.1,893213,893830,minus,0,,
930944,Yersinia enterocolitica subsp. palearctica Y11,31409328,0,live,lolB,"Y11_RS05830, Y11_12571",lipoprotein insertase outer membrane protein LolB,lipoprotein insertase outer membrane protein LolB,,,NC_017564.1,1282001,1282624,plus,0,,
406817,Xenorhabdus nematophila ATCC 19061,24905172,0,live,lolB,"XNC1_RS08870, XNC1_2109",lipoprotein insertase outer membrane protein LolB,lipoprotein insertase outer membrane protein LolB,,,NC_014228.1,2020141,2020758,minus,0,,
1235834,Kosakonia sacchari SP1,23845703,0,live,lolB,"C813_RS33360, C813_02115",lipoprotein insertase outer membrane protein LolB,lipoprotein insertase outer membrane protein LolB,,,,,,,,,
1051646,Vibrio tubiashii ATCC 19109,23445276,0,live,lolB,"IX91_RS10915, IX91_11140",lipoprotein insertase outer membrane protein LolB,lipoprotein insertase outer membrane protein LolB,,1,,,,,,,
380703,Aeromonas hydrophila subsp. hydrophila ATCC 7966,4489792,0,live,lolB,"AHA_RS15950, AHA_3151",lipoprotein insertase outer membrane protein LolB,lipoprotein insertase outer membrane protein LolB,,,NC_008570.1,3564694,3565278,plus,0,,
54291,Raoultella ornithinolytica,93753488,0,live,lolB,"Q1L34_RS09880, Q1L34_09875",lipoprotein insertase outer membrane protein LolB,lipoprotein insertase outer membrane protein LolB,,,,,,,,,
208224,Enterobacter kobei,93155665,0,live,lolB,"LCD42_RS12795, LCD42_12820",lipoprotein insertase outer membrane protein LolB,lipoprotein insertase outer membrane protein LolB,,,,,,,,,
546,Citrobacter freundii,87000989,0,live,lolB,JMV71_RS11035,lipoprotein insertase outer membrane protein LolB,lipoprotein insertase outer membrane protein LolB,,1,,,,,,,
1499973,Escherichia marmotae,86946691,0,live,lolB,"J8I93_RS11885, J8I93_11750",lipoprotein insertase outer membrane protein LolB,lipoprotein insertase outer membrane protein LolB,,,,,,,,,
633,Yersinia pseudotuberculosis,49786008,0,live,lolB,"EL213_RS10325, NCTC10275_02036",lipoprotein insertase outer membrane protein LolB,lipoprotein insertase outer membrane protein LolB,,1,,,,,,,
1042878,Cupriavidus necator N-1,34309415,0,live,lolB,"CNE_RS01925, CNE_1c03920",lipoprotein insertase outer membrane protein LolB,lipoprotein insertase outer membrane protein LolB,,1,NC_015726.1,384846,385439,minus,0,,
1229205,Paraburkholderia phenoliruptrix BR3459a,27795548,0,live,lolB,"BUPH_RS01465, BUPH_04200",lipoprotein insertase outer membrane protein LolB,lipoprotein insertase outer membrane protein LolB,,1,NC_018695.1,316635,317267,minus,0,,
339670,Burkholderia ambifaria AMMD,93084939,0,live,lolB,"CH72_RS09795, CH72_1929",lipoprotein insertase outer membrane protein LolB,lipoprotein insertase outer membrane protein LolB,,1,,,,,,,
1449978,Burkholderia vietnamiensis LMG 10929,45681108,0,live,lolB,"AK36_RS15410, AK36_1099",lipoprotein insertase outer membrane protein LolB,lipoprotein insertase outer membrane protein LolB,,I,,,,,,,
674,Vibrio mimicus,93952721,0,live,lolB,"DYA86_RS07150, NCTC11435_01420",lipoprotein insertase outer membrane protein LolB,lipoprotein insertase outer membrane protein LolB,,,,,,,,,
2371,Xylella fastidiosa,93905880,0,live,lolB,"PXH81_RS10990, PXH81_10990",lipoprotein insertase outer membrane protein LolB,lipoprotein insertase outer membrane protein LolB,,,,,,,,,
1219061,Vibrio vulnificus NBRC 15645 = ATCC 27562,93894587,0,live,lolB,"AOT11_RS03210, AOT11_10355",lipoprotein insertase outer membrane protein LolB,lipoprotein insertase outer membrane protein LolB,,1,,,,,,,
2426,Teredinibacter turnerae,93855062,0,live,lolB,"WKI13_RS03675, WKI13_03675",lipoprotein insertase outer membrane protein LolB,lipoprotein insertase outer membrane protein LolB,,,,,,,,,
1646377,Rouxiella badensis,93566322,0,live,lolB,"O1V65_RS09465, O1V65_09460",lipoprotein insertase outer membrane protein LolB,lipoprotein insertase outer membrane protein LolB,,,,,,,,,
470931,Pantoea anthophila,93533381,0,live,lolB,"OJ965_RS13100, OJ965_13095",lipoprotein insertase outer membrane protein LolB,lipoprotein insertase outer membrane protein LolB,,,,,,,,,
333,Pseudomonas chlororaphis subsp. chlororaphis,93405746,0,live,lolB,"V4Y05_RS26860, V4Y05_26860",lipoprotein insertase outer membrane protein LolB,lipoprotein insertase outer membrane protein LolB,,,,,,,,,
729,Haemophilus parainfluenzae,93297424,0,live,lolB,"I6H57_RS02840, I6H57_02840",lipoprotein insertase outer membrane protein LolB,lipoprotein insertase outer membrane protein LolB,,,,,,,,,
1094715,Fluoribacter dumoffii NY 23,93293645,0,live,lolB,KYQ_RS14045,lipoprotein insertase outer membrane protein LolB,lipoprotein insertase outer membrane protein LolB,,,,,,,,,
519,Bordetella parapertussis,93202565,0,live,lolB,"LK409_RS01925, LK409_01925",lipoprotein insertase outer membrane protein LolB,lipoprotein insertase outer membrane protein LolB,,,,,,,,,
152500,Burkholderia dolosa,93125843,0,live,lolB,"K8O94_RS01200, K8O94_01190",lipoprotein insertase outer membrane protein LolB,lipoprotein insertase outer membrane protein LolB,,1,,,,,,,
35814,Bordetella holmesii,93119099,0,live,lolB,"LK440_RS03065, LK440_03065",lipoprotein insertase outer membrane protein LolB,lipoprotein insertase outer membrane protein LolB,,,,,,,,,
28450,Burkholderia pseudomallei,93059045,0,live,lolB,"QUF21_RS02720, GTC254T_05330",lipoprotein insertase outer membrane protein LolB,lipoprotein insertase outer membrane protein LolB,,1,,,,,,,
13373,Burkholderia mallei,92980783,0,live,lolB,atcc23344_RS25050,lipoprotein insertase outer membrane protein LolB,lipoprotein insertase outer membrane protein LolB,,1,,,,,,,
471,Acinetobacter calcoaceticus,92918559,0,live,lolB,"DY143_RS02250, NCTC12983_00447",lipoprotein insertase outer membrane protein LolB,lipoprotein insertase outer membrane protein LolB,,,,,,,,,
1776740,Acinetobacter modestus,92836136,0,live,lolB,"F992_RS12885, F992_02786",lipoprotein insertase outer membrane protein LolB,lipoprotein insertase outer membrane protein LolB,,,,,,,,,
565,Atlantibacter hermannii,92828097,0,live,lolB,"I6G45_RS07515, I6G45_07515",lipoprotein insertase outer membrane protein LolB,lipoprotein insertase outer membrane protein LolB,,,,,,,,,
413502,Cronobacter turicensis,92805998,0,live,lolB,"AB8W27_RS08780, AB8W27_08780",lipoprotein insertase outer membrane protein LolB,lipoprotein insertase outer membrane protein LolB,,,,,,,,,
106654,Acinetobacter nosocomialis,92795398,0,live,lolB,"ABLC00_RS04230, ABLC00_04230",lipoprotein insertase outer membrane protein LolB,lipoprotein insertase outer membrane protein LolB,,,,,,,,,
1940636,Pseudomonas shirazica,92662607,0,live,lolB,IMX18_RS20645,lipoprotein insertase outer membrane protein LolB,lipoprotein insertase outer membrane protein LolB,,,,,,,,,
2529382,Enterobacter quasihormaechei,92385488,0,live,lolB,"E0L16_RS11905, E0L16_11905",lipoprotein insertase outer membrane protein LolB,lipoprotein insertase outer membrane protein LolB,,,,,,,,,
79967,Erwinia pyrifoliae,92236874,0,live,lolB,"CPI84_RS08700, CPI84_08750",lipoprotein insertase outer membrane protein LolB,lipoprotein insertase outer membrane protein LolB,,,,,,,,,
1279018,Stenotrophomonas maltophilia ATCC 19867,90526489,0,live,lolB,G370_RS0113990,lipoprotein insertase outer membrane protein LolB,lipoprotein insertase outer membrane protein LolB,,,,,,,,,
470933,Pantoea eucalypti,90521392,0,live,lolB,"EE896_RS11005, EE896_11005",lipoprotein insertase outer membrane protein LolB,lipoprotein insertase outer membrane protein LolB,,,,,,,,,
208962,Escherichia albertii,89516063,0,live,lolB,"PS053_RS01525, PS053_01525",lipoprotein insertase outer membrane protein LolB,lipoprotein insertase outer membrane protein LolB,,,,,,,,,
885040,Enterobacter soli,88089715,0,live,lolB,"ENTAS_RS12350, Entas_2445",lipoprotein insertase outer membrane protein LolB,lipoprotein insertase outer membrane protein LolB,,,NC_015968.1,2638218,2638829,plus,0,,
86188,Stenotrophomonas geniculata,86936715,0,live,lolB,RI032_RS05240,lipoprotein insertase outer membrane protein LolB,lipoprotein insertase outer membrane protein LolB,,,,,,,,,
70347,Acinetobacter higginsii,86816967,0,live,lolB,"F885_RS18230, F885_01783",lipoprotein insertase outer membrane protein LolB,lipoprotein insertase outer membrane protein LolB,,,,,,,,,
861445,Psychrobacter sanguinis,84621400,0,live,lolB,"LK417_RS07345, LK417_07345",lipoprotein insertase outer membrane protein LolB,lipoprotein insertase outer membrane protein LolB,,,,,,,,,
1120926,Acinetobacter gerneri DSM 14967 = CIP 107464 = MTCC 9824,84209502,0,live,lolB,"F960_RS09345, F960_02155",lipoprotein insertase outer membrane protein LolB,lipoprotein insertase outer membrane protein LolB,,,,,,,,,
1940621,Pseudomonas alloputida,83678073,0,live,lolB,"LU682_RS03920, LU682_003920",lipoprotein insertase outer membrane protein LolB,lipoprotein insertase outer membrane protein LolB,,,,,,,,,
485880,Pseudomonas kurunegalensis,83668015,0,live,lolB,"QQ992_RS04045, QQ992_04045",lipoprotein insertase outer membrane protein LolB,lipoprotein insertase outer membrane protein LolB,,,,,,,,,
669,Vibrio harveyi,83582647,0,live,lolB,"QMY49_RS11010, QMY49_11010",lipoprotein insertase outer membrane protein LolB,lipoprotein insertase outer membrane protein LolB,,I,,,,,,,
24,Shewanella putrefaciens,67442306,0,live,lolB,JEZ96_RS03570,lipoprotein insertase outer membrane protein LolB,lipoprotein insertase outer membrane protein LolB,,,,,,,,,
305,Ralstonia solanacearum,61363118,0,live,lolB,"RALBFv3_RS11115, RALBFv3_11110",lipoprotein insertase outer membrane protein LolB,lipoprotein insertase outer membrane protein LolB,,,,,,,,,
446,Legionella pneumophila,57034545,0,live,lolB,"AVR58_RS02785, AVR58_02690",lipoprotein insertase outer membrane protein LolB,lipoprotein insertase outer membrane protein LolB,,,,,,,,,
204038,Dickeya dadantii,55489148,0,live,lolB,CO076_RS11705,lipoprotein insertase outer membrane protein LolB,lipoprotein insertase outer membrane protein LolB,,,,,,,,,
715,Actinobacillus pleuropneumoniae,48598963,0,live,lolB,"DRF63_RS04150, DRF63_04145",lipoprotein insertase outer membrane protein LolB,lipoprotein insertase outer membrane protein LolB,,,,,,,,,
75612,Pseudomonas mandelii,46430232,0,live,lolB,"BLU63_RS15685, SAMN04489801_3173",lipoprotein insertase outer membrane protein LolB,lipoprotein insertase outer membrane protein LolB,,I,,,,,,,
1282356,Pseudomonas poae RE*1-1-14,45486094,0,live,lolB,"H045_RS00500, H045_00500",lipoprotein insertase outer membrane protein LolB,lipoprotein insertase outer membrane protein LolB,,,NC_020209.1,111471,112088,minus,0,,
561229,Dickeya chrysanthemi Ech1591,45080157,0,live,lolB,"DD1591_RS10330, Dd1591_2070",lipoprotein insertase outer membrane protein LolB,lipoprotein insertase outer membrane protein LolB,,,NC_012912.1,2381090,2381710,minus,0,,
1121869,Enterovibrio norvegicus DSM 15893,35871380,0,live,lolB,"BM082_RS16235, SAMN03084138_03256",lipoprotein insertase outer membrane protein LolB,lipoprotein insertase outer membrane protein LolB,,,,,,,,,
964,Herbaspirillum seropedicae,29389937,0,live,lolB,"ACP92_RS19505, ACP92_19535",lipoprotein insertase outer membrane protein LolB,lipoprotein insertase outer membrane protein LolB,,,,,,,,,
1163398,Pseudomonas donghuensis,98281506,0,live,lolB,"BV82_RS04435, BV82_0110",lipoprotein insertase outer membrane protein LolB,lipoprotein insertase outer membrane protein LolB,,,,,,,,,
2923283,Providencia manganoxydans,92279289,0,live,lolB,"JI723_RS11215, JI723_11190",lipoprotein insertase outer membrane protein LolB,lipoprotein insertase outer membrane protein LolB,,,,,,,,,
312309,Aliivibrio fischeri ES114,54163433,0,live,lolB,"VF_RS04025, VF0766, VF_0766",lipoprotein insertase outer membrane protein LolB,lipoprotein insertase outer membrane protein LolB,,I,NC_006840.2,836284,836910,minus,0,,
488447,Burkholderia contaminans,93194126,0,live,lolB,"ABNN95_RS30185, ABNN95_30165",lipoprotein insertase outer membrane protein LolB,lipoprotein insertase outer membrane protein LolB,,2,,,,,,,
1114970,Pseudomonas ogarae,98113341,0,live,lolB,"HU749_RS25050, HU749_025050",lipoprotein insertase outer membrane protein LolB,lipoprotein insertase outer membrane protein LolB,,,,,,,,,
2745512,Pseudomonas shahriarae,97823778,0,live,lolB,"HU773_RS05225, HU773_005225",lipoprotein insertase outer membrane protein LolB,lipoprotein insertase outer membrane protein LolB,,,,,,,,,
588,Providencia stuartii,93519472,0,live,lolB,"VQ573_RS11150, VQ573_11150",lipoprotein insertase outer membrane protein LolB,lipoprotein insertase outer membrane protein LolB,,,,,,,,,
2703885,Rahnella aceris,95417272,0,live,lolB,"MNO10_RS06675, MNO10_06675",lipoprotein insertase outer membrane protein LolB,lipoprotein insertase outer membrane protein LolB,,,,,,,,,
38313,Shewanella algae,93810325,0,live,lolB,"E1N14_RS16430, E1N14_016435",lipoprotein insertase outer membrane protein LolB,lipoprotein insertase outer membrane protein LolB,,,,,,,,,
515393,Pseudomonas yamanorum,93512940,0,live,lolB,"BLU46_RS11595, SAMN05216237_2389",lipoprotein insertase outer membrane protein LolB,lipoprotein insertase outer membrane protein LolB,,I,,,,,,,
2488639,Pectobacterium versatile,93390341,0,live,lolB,"EIP93_RS11680, EIP93_11715",lipoprotein insertase outer membrane protein LolB,lipoprotein insertase outer membrane protein LolB,,,,,,,,,
2778550,Pectobacterium parvum,90771133,0,live,lolB,"LOZ86_RS09940, LOZ86_09940",lipoprotein insertase outer membrane protein LolB,lipoprotein insertase outer membrane protein LolB,,,,,,,,,
673372,Vibrio casei,303189000,0,live,lolB,"CIK83_RS08710, CIK83_08710",lipoprotein insertase outer membrane protein LolB,lipoprotein insertase outer membrane protein LolB,,,,,,,,,
2502979,Ectopseudomonas khazarica,99815826,0,live,lolB,"JLK41_RS05350, JLK41_05350",lipoprotein insertase outer membrane protein LolB,lipoprotein insertase outer membrane protein LolB,,,,,,,,,
203122,Saccharophagus degradans 2-40,98614875,0,live,lolB,"SDE_RS17025, Sde_3254",lipoprotein insertase outer membrane protein LolB,lipoprotein insertase outer membrane protein LolB,,,NC_007912.1,4153099,4153728,plus,0,,
945550,Vibrio sinaloensis DSM 21326,95568523,0,live,lolB,"RH45_RS06530, VISI1226_21664",lipoprotein insertase outer membrane protein LolB,lipoprotein insertase outer membrane protein LolB,,,,,,,,,
290398,Chromohalobacter israelensis DSM 3043,95334257,0,live,lolB,"CSAL_RS07775, Csal_1526",lipoprotein insertase outer membrane protein LolB,lipoprotein insertase outer membrane protein LolB,,,NC_007963.1,1738145,1738789,minus,0,,
232846,Alcaligenes phenolicus,94038555,0,live,lolB,U2949_RS04755,lipoprotein insertase outer membrane protein LolB,lipoprotein insertase outer membrane protein LolB,,,,,,,,,
36746,Pseudomonas cichorii,93657607,0,live,lolB,"KGD89_RS04405, KGD89_04405",lipoprotein insertase outer membrane protein LolB,lipoprotein insertase outer membrane protein LolB,,,,,,,,,
3031799,Providencia hangzhouensis,92275138,0,live,lolB,"PZ638_RS11715, PZ638_11725",lipoprotein insertase outer membrane protein LolB,lipoprotein insertase outer membrane protein LolB,,,,,,,,,
768066,Halomonas elongata DSM 2581,91009134,0,live,lolB,"HELO_RS04770, HELO_1879",lipoprotein insertase outer membrane protein LolB,lipoprotein insertase outer membrane protein LolB,,,NC_014532.2,1020640,1021263,minus,0,,
2056231,Pseudomonas qingdaonensis,87479376,0,live,lolB,"KH389_RS03940, KH389_03940",lipoprotein insertase outer membrane protein LolB,lipoprotein insertase outer membrane protein LolB,,,,,,,,,
228410,Nitrosomonas europaea ATCC 19718,87104987,0,live,lolB,"ALW85_RS09530, NE1828, RK28_RS09520",lipoprotein insertase outer membrane protein LolB,lipoprotein insertase outer membrane protein LolB,,,NC_004757.1,1975012,1975698,minus,0,,
1298593,Thalassolituus oleivorans MIL-1,79175784,0,live,lolB,"TOL_RS04035, TOL_0832",lipoprotein insertase outer membrane protein LolB,lipoprotein insertase outer membrane protein LolB,,,NC_020888.1,891359,891880,minus,0,,
243159,Acidithiobacillus ferrooxidans ATCC 23270,65281801,0,live,lolB,"AFE_RS12690, AFE_2763",lipoprotein insertase outer membrane protein LolB,lipoprotein insertase outer membrane protein LolB,,,NC_011761.1,2459386,2460024,plus,0,,
151081,Pseudoalteromonas ruthenica,58229636,0,live,lolB,"TW72_RS14145, TW72_14140",lipoprotein insertase outer membrane protein LolB,lipoprotein insertase outer membrane protein LolB,,,,,,,,,
50719,Vibrio diabolicus,57841413,0,live,lolB,"FR741_RS11540, FR741_11975",lipoprotein insertase outer membrane protein LolB,lipoprotein insertase outer membrane protein LolB,,1,,,,,,,
271848,Burkholderia thailandensis E264,45120240,0,live,lolB,"BTH_RS14615, BTH_I0477",lipoprotein insertase outer membrane protein LolB,lipoprotein insertase outer membrane protein LolB,,I,NC_007651.1,529427,530059,minus,0,,
283942,Idiomarina loihiensis L2TR,41336082,0,live,lolB,"IL_RS04710, IL0927",lipoprotein insertase outer membrane protein LolB,lipoprotein insertase outer membrane protein LolB,,,NC_006512.1,980953,981579,plus,0,,
661367,Legionella longbeachae NSW150,40924637,0,live,lolB,"LLO_RS02105, LLO_0408, llo0408",lipoprotein insertase outer membrane protein LolB,lipoprotein insertase outer membrane protein LolB,,,NC_013861.1,459408,460007,minus,0,,
1346614,Serratia liquefaciens ATCC 27592,29906537,0,live,lolB,"M495_RS09595, M495_09735",lipoprotein insertase outer membrane protein LolB,lipoprotein insertase outer membrane protein LolB,,,NC_021741.1,2047962,2048585,minus,0,,
169427,Paraburkholderia terricola,301976895,0,live,lolB,"CUJ90_RS01760, CUJ90_01765",lipoprotein insertase outer membrane protein LolB,lipoprotein insertase outer membrane protein LolB,,mHS1_A,,,,,,,
3020826,Serratia sarumanii,301145611,0,live,lolB,"VOT19_RS09635, VOT19_09635",lipoprotein insertase outer membrane protein LolB,lipoprotein insertase outer membrane protein LolB,,,,,,,,,
2058152,Klebsiella grimontii,97394866,0,live,lolB,"ACE3MN_RS10565, ACE3MN_10565",lipoprotein insertase outer membrane protein LolB,lipoprotein insertase outer membrane protein LolB,,,,,,,,,
1463165,Klebsiella quasipneumoniae,93249501,0,live,lolB,"LA349_RS03030, LA349_03030",lipoprotein insertase outer membrane protein LolB,lipoprotein insertase outer membrane protein LolB,,,,,,,,,
1159613,Cronobacter muytjensii ATCC 51329,92212804,0,live,lolB,"AFK63_RS07200, AFK63_07215",lipoprotein insertase outer membrane protein LolB,lipoprotein insertase outer membrane protein LolB,,,,,,,,,
2316085,Pseudomonas bubulae,89546206,0,live,lolB,"V6L81_RS22445, V6L81_22440",lipoprotein insertase outer membrane protein LolB,lipoprotein insertase outer membrane protein LolB,,,,,,,,,
915099,Pseudomonas canadensis,88823115,0,live,lolB,RB216_RS03585,lipoprotein insertase outer membrane protein LolB,lipoprotein insertase outer membrane protein LolB,,,,,,,,,
1176492,Burkholderia glumae LMG 2196 = ATCC 33617,45696110,0,live,lolB,"KS03_RS15440, KS03_586",lipoprotein insertase outer membrane protein LolB,lipoprotein insertase outer membrane protein LolB,,I,,,,,,,
134533,Acinetobacter parvus,99690419,0,live,lolB,"ACFPRF_RS03390, ACFPRF_03390",lipoprotein insertase outer membrane protein LolB,lipoprotein insertase outer membrane protein LolB,,,,,,,,,
2053287,Acinetobacter pseudolwoffii,97175910,0,live,lolB,"ACFOJ7_RS01510, ACFOJ7_01510",lipoprotein insertase outer membrane protein LolB,lipoprotein insertase outer membrane protein LolB,,,,,,,,,
306572,Psychrobacter celer,303306756,0,live,lolB,JFC05_RS02755,lipoprotein insertase outer membrane protein LolB,lipoprotein insertase outer membrane protein LolB,,,,,,,,,
292733,Psychrobacter aquimaris,303299733,0,live,lolB,JMV81_RS01530,lipoprotein insertase outer membrane protein LolB,lipoprotein insertase outer membrane protein LolB,,,,,,,,,
1315282,Pseudoalteromonas prydzensis ACAM 620,303293162,0,live,lolB,"PPRY_RS11845, PPRY_a1104",lipoprotein insertase outer membrane protein LolB,lipoprotein insertase outer membrane protein LolB,,,,,,,,,
272774,Vreelandella alkaliphila,303167047,0,live,lolB,"SIL78_RS16090, SIL78_16090",lipoprotein insertase outer membrane protein LolB,lipoprotein insertase outer membrane protein LolB,,,,,,,,,
574964,Rahnella variigena,302710074,0,live,lolB,"CKQ54_RS14860, CKQ54_14785",lipoprotein insertase outer membrane protein LolB,lipoprotein insertase outer membrane protein LolB,,,,,,,,,
1240404,Dickeya oryzae,302582135,0,live,lolB,"LF929_RS10650, LF929_010650",lipoprotein insertase outer membrane protein LolB,lipoprotein insertase outer membrane protein LolB,,,,,,,,,
3064349,Pseudomonas alabamensis,302508789,0,live,lolB,"Q6A49_RS06985, Q6A49_06980",lipoprotein insertase outer membrane protein LolB,lipoprotein insertase outer membrane protein LolB,,,,,,,,,
203192,Stutzerimonas chloritidismutans,302372029,0,live,lolB,"LLJ08_RS04680, LLJ08_04685",lipoprotein insertase outer membrane protein LolB,lipoprotein insertase outer membrane protein LolB,,,,,,,,,
477,Moraxella lacunata,302271429,0,live,lolB,"DYD53_RS14410, NCTC7911_02951",lipoprotein insertase outer membrane protein LolB,lipoprotein insertase outer membrane protein LolB,,,,,,,,,
416213,Ferrovum myxofaciens,301709415,0,live,lolB,"HO274_RS05425, HO274_05405",lipoprotein insertase outer membrane protein LolB,lipoprotein insertase outer membrane protein LolB,,,,,,,,,
2726434,Shewanella oncorhynchi,301341165,0,live,lolB,"RA178_RS18245, RA178_18240",lipoprotein insertase outer membrane protein LolB,lipoprotein insertase outer membrane protein LolB,,,,,,,,,
86265,Pseudomonas thivervalensis,301221459,0,live,lolB,AD659_RS22430,lipoprotein insertase outer membrane protein LolB,lipoprotein insertase outer membrane protein LolB,,,,,,,,,
2782701,Paraburkholderia youngii,301104117,0,live,lolB,"G5S42_RS27480, G5S42_27590",lipoprotein insertase outer membrane protein LolB,lipoprotein insertase outer membrane protein LolB,,,,,,,,,
2654982,Paraburkholderia atlantica,301091710,0,live,lolB,"BC1002_RS01570, BC1002_0312",lipoprotein insertase outer membrane protein LolB,lipoprotein insertase outer membrane protein LolB,,1,NC_014117.1,336014,336646,minus,0,,
1495066,Pseudomonas capeferrum,301037465,0,live,lolB,"PC358_RS17100, PC358_17380",lipoprotein insertase outer membrane protein LolB,lipoprotein insertase outer membrane protein LolB,,,,,,,,,
2843302,Burkholderia sola,300972737,0,live,lolB,"KPB01_RS16305, KPB01_16195",lipoprotein insertase outer membrane protein LolB,lipoprotein insertase outer membrane protein LolB,,,,,,,,,
28109,Pseudoalteromonas nigrifaciens,300941126,0,live,lolB,"PNIG_RS05555, PNIG_a1274",lipoprotein insertase outer membrane protein LolB,lipoprotein insertase outer membrane protein LolB,,I,,,,,,,
1880678,Pseudomonas sivasensis,300935347,0,live,lolB,LRO94_RS04545,lipoprotein insertase outer membrane protein LolB,lipoprotein insertase outer membrane protein LolB,,,,,,,,,
1198456,Ectopseudomonas guguanensis,300930273,0,live,lolB,"BLS61_RS02575, SAMN05216213_10224",lipoprotein insertase outer membrane protein LolB,lipoprotein insertase outer membrane protein LolB,,,,,,,,,
112002,Psychrobacter pacificensis,300925083,0,live,lolB,"GYK50_RS11715, GYK50_11720",lipoprotein insertase outer membrane protein LolB,lipoprotein insertase outer membrane protein LolB,,,,,,,,,
301,Ectopseudomonas oleovorans,300416711,0,live,lolB,"N5J71_RS10435, N5J71_10440",lipoprotein insertase outer membrane protein LolB,lipoprotein insertase outer membrane protein LolB,,,,,,,,,
46680,Pseudomonas nitroreducens,300407916,0,live,lolB,GJV37_RS00140,lipoprotein insertase outer membrane protein LolB,lipoprotein insertase outer membrane protein LolB,,,,,,,,,
3061285,Phocoenobacter atlanticus subsp. atlanticus,300270293,0,live,lolB,"QJU42_RS00780, QJU42_00780",lipoprotein insertase outer membrane protein LolB,lipoprotein insertase outer membrane protein LolB,,,,,,,,,
1215106,Pseudomonas luteola NBRC 103146,300265791,0,live,lolB,PLU01S_RS03965,lipoprotein insertase outer membrane protein LolB,lipoprotein insertase outer membrane protein LolB,,,,,,,,,
53407,Pseudomonas asplenii,300207376,0,live,lolB,"BLU37_RS11860, SAMN05216598_2399",lipoprotein insertase outer membrane protein LolB,lipoprotein insertase outer membrane protein LolB,,I,,,,,,,
1194427,Vibrio toranzoniae,300179145,0,live,lolB,OCU50_RS10540,lipoprotein insertase outer membrane protein LolB,lipoprotein insertase outer membrane protein LolB,,1,,,,,,,
751,Avibacterium avium,300133174,0,live,lolB,"DYC50_RS04825, NCTC11297_00962",lipoprotein insertase outer membrane protein LolB,lipoprotein insertase outer membrane protein LolB,,,,,,,,,
70348,Acinetobacter dispersus,300095505,0,live,lolB,"FPL17_RS09900, FPL17_10040",lipoprotein insertase outer membrane protein LolB,lipoprotein insertase outer membrane protein LolB,,,,,,,,,
2493633,Ectopseudomonas hydrolytica,300083254,0,live,lolB,"L1F06_RS19765, L1F06_019765",lipoprotein insertase outer membrane protein LolB,lipoprotein insertase outer membrane protein LolB,,,,,,,,,
55212,Erwinia rhapontici,99866304,0,live,lolB,"LJN55_RS10045, LJN55_10045",lipoprotein insertase outer membrane protein LolB,lipoprotein insertase outer membrane protein LolB,,,,,,,,,
633417,Aeromonas taiwanensis,99813158,0,live,lolB,BN1136_RS12135,lipoprotein insertase outer membrane protein LolB,lipoprotein insertase outer membrane protein LolB,,,,,,,,,
1398493,Pseudocitrobacter faecalis,99807116,0,live,lolB,"IE167_RS04020, GCM10011445_07890",lipoprotein insertase outer membrane protein LolB,lipoprotein insertase outer membrane protein LolB,,,,,,,,,
558541,Shewanella chilikensis,99801287,0,live,lolB,"WKR14_RS15410, WKR14_15410",lipoprotein insertase outer membrane protein LolB,lipoprotein insertase outer membrane protein LolB,,,,,,,,,
1211807,Stutzerimonas kunmingensis,99796919,0,live,lolB,"BM275_RS15925, SAMN05216194_106193",lipoprotein insertase outer membrane protein LolB,lipoprotein insertase outer membrane protein LolB,,,,,,,,,
488446,Burkholderia latens,99792861,0,live,lolB,"BSE24067_RS28265, BLA24064_05565, HU783_RS28220",lipoprotein insertase outer membrane protein LolB,lipoprotein insertase outer membrane protein LolB,,,,,,,,,
2978683,Burkholderia orbicola,99782442,0,live,lolB,"BLS50_RS10575, SAMN05443026_2059",lipoprotein insertase outer membrane protein LolB,lipoprotein insertase outer membrane protein LolB,,,,,,,,,
1218112,Kluyvera cryocrescens NBRC 102467,99776845,0,live,lolB,KCR01S_RS06450,lipoprotein insertase outer membrane protein LolB,lipoprotein insertase outer membrane protein LolB,,,,,,,,,
948519,Aeromonas rivipollensis,99768258,0,live,lolB,"ACEUDA_RS01625, ACEUDA_01620",lipoprotein insertase outer membrane protein LolB,lipoprotein insertase outer membrane protein LolB,,,,,,,,,
172371,Alloalcanivorax venustensis,99767716,0,live,lolB,"ACMG4O_RS15110, ACMG4O_15110",lipoprotein insertase outer membrane protein LolB,lipoprotein insertase outer membrane protein LolB,,,,,,,,,
1970738,Gilliamella apis,99745101,0,live,lolB,"RAM03_RS06850, RAM03_06850",lipoprotein insertase outer membrane protein LolB,lipoprotein insertase outer membrane protein LolB,,,,,,,,,
48408,Photobacterium leiognathi subsp. mandapamensis,99740023,0,live,lolB,"ACN08M_RS03150, ACN08M_03150",lipoprotein insertase outer membrane protein LolB,lipoprotein insertase outer membrane protein LolB,,1,,,,,,,
574096,Pantoea allii,99737267,0,live,lolB,"QNH99_RS13000, QNH99_12985",lipoprotein insertase outer membrane protein LolB,lipoprotein insertase outer membrane protein LolB,,,,,,,,,
470868,Achromobacter marplatensis,99734516,0,live,lolB,"HV795_RS31470, LMG26219_06267",lipoprotein insertase outer membrane protein LolB,lipoprotein insertase outer membrane protein LolB,,,,,,,,,
206506,Kerstersia gyiorum,99725458,0,live,lolB,"ACEW7X_RS03020, ACEW7X_03020",lipoprotein insertase outer membrane protein LolB,lipoprotein insertase outer membrane protein LolB,,,,,,,,,
244566,Pseudomonas lurida,99719829,0,live,lolB,"ATH90_RS03895, ATH90_0802",lipoprotein insertase outer membrane protein LolB,lipoprotein insertase outer membrane protein LolB,,,,,,,,,
3133180,Enterobacter intestinihominis,99706208,0,live,lolB,"ACN6BD_RS12540, ACN6BD_12540",lipoprotein insertase outer membrane protein LolB,lipoprotein insertase outer membrane protein LolB,,,,,,,,,
43659,Pseudoalteromonas tetraodonis,99694748,0,live,lolB,"ACI9H9_RS09900, ACI9H9_002004",lipoprotein insertase outer membrane protein LolB,lipoprotein insertase outer membrane protein LolB,,,,,,,,,
488,Neisseria mucosa,99688341,0,live,lolB,DBY90_RS05275,lipoprotein insertase outer membrane protein LolB,lipoprotein insertase outer membrane protein LolB,,,,,,,,,
2015348,Burkholderia aenigmatica,99660188,0,live,lolB,"ACN8ZM_RS15125, ACN8ZM_15125",lipoprotein insertase outer membrane protein LolB,lipoprotein insertase outer membrane protein LolB,,1,,,,,,,
2750625,Pseudomonas paracarnis,99642579,0,live,lolB,"ACK2V3_RS25110, ACK2V3_25110",lipoprotein insertase outer membrane protein LolB,lipoprotein insertase outer membrane protein LolB,,,,,,,,,
570156,Pseudoalteromonas lipolytica,99505878,0,live,lolB,"D0907_RS10425, D0907_10425",lipoprotein insertase outer membrane protein LolB,lipoprotein insertase outer membrane protein LolB,,,,,,,,,
134534,Acinetobacter gyllenbergii,99061021,0,live,lolB,"NG55_RS13040, NG55_13030",lipoprotein insertase outer membrane protein LolB,lipoprotein insertase outer membrane protein LolB,,,,,,,,,
271420,Stutzerimonas xanthomarina,98639249,0,live,lolB,"BLW61_RS17110, SAMN05216535_3506",lipoprotein insertase outer membrane protein LolB,lipoprotein insertase outer membrane protein LolB,,I,,,,,,,
68895,Cupriavidus basilensis,98399704,0,live,lolB,"F7R26_RS02255, F7R26_002250",lipoprotein insertase outer membrane protein LolB,lipoprotein insertase outer membrane protein LolB,,1,,,,,,,
2725494,Kluyvera sichuanensis,98388817,0,live,lolB,"AB2B48_RS07695, AB2B48_07695",lipoprotein insertase outer membrane protein LolB,lipoprotein insertase outer membrane protein LolB,,,,,,,,,
942865,Cupriavidus plantarum,98338954,0,live,lolB,"KHP16_RS01195, LMG26296_00240",lipoprotein insertase outer membrane protein LolB,lipoprotein insertase outer membrane protein LolB,,,,,,,,,
184924,Pseudoalteromonas maricaloris,98334784,0,live,lolB,"CTT31_RS03910, CTT31_03910",lipoprotein insertase outer membrane protein LolB,lipoprotein insertase outer membrane protein LolB,,1,,,,,,,
134874,Xanthomonas translucens pv. graminis,98192085,0,live,lolB,"KHF85_RS03980, KHF85_03960",lipoprotein insertase outer membrane protein LolB,lipoprotein insertase outer membrane protein LolB,,,,,,,,,
2703794,Serratia nevei,98187929,0,live,lolB,"V8N38_RS10205, V8N38_10205",lipoprotein insertase outer membrane protein LolB,lipoprotein insertase outer membrane protein LolB,,,,,,,,,
28082,Legionella anisa,98063981,0,live,lolB,"DLD14_RS01090, DLD14_01090",lipoprotein insertase outer membrane protein LolB,lipoprotein insertase outer membrane protein LolB,,,,,,,,,
191390,Pseudomonas palleroniana,97923656,0,live,lolB,"MJP36_RS26315, MJP36_26315",lipoprotein insertase outer membrane protein LolB,lipoprotein insertase outer membrane protein LolB,,,,,,,,,
435897,Lysobacter capsici,97904707,0,live,lolB,"IEQ11_RS18295, IEQ11_18295",lipoprotein insertase outer membrane protein LolB,lipoprotein insertase outer membrane protein LolB,,,,,,,,,
633415,Aeromonas sanarellii,97858096,0,live,lolB,BN1132_RS12895,lipoprotein insertase outer membrane protein LolB,lipoprotein insertase outer membrane protein LolB,,,,,,,,,
71657,Lonsdalea quercina,97763707,0,live,lolB,"BLU64_RS03890, SAMN02982996_00787",lipoprotein insertase outer membrane protein LolB,lipoprotein insertase outer membrane protein LolB,,,,,,,,,
552,Erwinia amylovora,97605881,0,live,lolB,ACFXQC_RS08020,lipoprotein insertase outer membrane protein LolB,lipoprotein insertase outer membrane protein LolB,,,,,,,,,
69220,Lelliottia nimipressuralis,97602018,0,live,lolB,"ACB496_RS12070, ACB496_12070",lipoprotein insertase outer membrane protein LolB,lipoprotein insertase outer membrane protein LolB,,,,,,,,,
28173,Vibrio nigripulchritudo,97540280,0,live,lolB,"QMG91_RS04085, TUMSATVNIG2_07580",lipoprotein insertase outer membrane protein LolB,lipoprotein insertase outer membrane protein LolB,,1,,,,,,,
487832,Xanthomonas axonopodis pv. maculifoliigardeniae,97509310,0,live,lolB,"ACDH77_RS04550, ACDH77_04550",lipoprotein insertase outer membrane protein LolB,lipoprotein insertase outer membrane protein LolB,,,,,,,,,
686831,Chromobacterium piscinae,97478132,0,live,lolB,"ACFFU8_RS09890, ACFFU8_09900",lipoprotein insertase outer membrane protein LolB,lipoprotein insertase outer membrane protein LolB,,,,,,,,,
2890318,Yersinia vastinensis,97456464,0,live,lolB,"ACIOG0_RS12315, ACIOG0_12315",lipoprotein insertase outer membrane protein LolB,lipoprotein insertase outer membrane protein LolB,,,,,,,,,
2497436,Enterobacter quasiroggenkampii,97445878,0,live,lolB,"V1572_RS15975, V1572_15940",lipoprotein insertase outer membrane protein LolB,lipoprotein insertase outer membrane protein LolB,,,,,,,,,
3151487,Acinetobacter thermotolerans,97426888,0,live,lolB,"ABEF82_RS10820, ABEF82_10820",lipoprotein insertase outer membrane protein LolB,lipoprotein insertase outer membrane protein LolB,,,,,,,,,
1055104,Cobetia amphilecti,97325311,0,live,lolB,"R1T44_RS04855, R1T44_04855",lipoprotein insertase outer membrane protein LolB,lipoprotein insertase outer membrane protein LolB,,,,,,,,,
1310167,Ralstonia syzygii subsp. indonesiensis,97322355,0,live,lolB,"AACJ33_RS14430, MAFF211271_28100",lipoprotein insertase outer membrane protein LolB,lipoprotein insertase outer membrane protein LolB,,,,,,,,,
1211383,Paraburkholderia dipogonis,97305844,0,live,lolB,"ACFSNN_RS13900, ACFSNN_13905",lipoprotein insertase outer membrane protein LolB,lipoprotein insertase outer membrane protein LolB,,,,,,,,,
77097,Vreelandella aquamarina,97276224,0,live,lolB,"HME01_RS05375, HME01_10340",lipoprotein insertase outer membrane protein LolB,lipoprotein insertase outer membrane protein LolB,,,,,,,,,
2860290,Stenotrophomonas sepilia,97259901,0,live,lolB,"AB9H29_RS03575, AB9H29_03575",lipoprotein insertase outer membrane protein LolB,lipoprotein insertase outer membrane protein LolB,,,,,,,,,
1608996,Pseudomonas helleri,97255863,0,live,lolB,"ACJJU9_RS20800, ACJJU9_20800",lipoprotein insertase outer membrane protein LolB,lipoprotein insertase outer membrane protein LolB,,,,,,,,,
2045214,Stenotrophomonas lactitubi,97225768,0,live,lolB,"AB9L18_RS16600, AB9L18_16600",lipoprotein insertase outer membrane protein LolB,lipoprotein insertase outer membrane protein LolB,,,,,,,,,
440079,Aeromonas bivalvium,97220079,0,live,lolB,"ACEUCR_RS08230, ACEUCR_08230",lipoprotein insertase outer membrane protein LolB,lipoprotein insertase outer membrane protein LolB,,,,,,,,,
1843581,Xanthomonas nasturtii,97210478,0,live,lolB,"M3O59_RS04665, M3O59_004640",lipoprotein insertase outer membrane protein LolB,lipoprotein insertase outer membrane protein LolB,,,,,,,,,
3050585,Lelliottia wanjuensis,97185272,0,live,lolB,"QQF30_RS07775, QQF30_07775",lipoprotein insertase outer membrane protein LolB,lipoprotein insertase outer membrane protein LolB,,,,,,,,,
379097,Vibrio sinaloensis,97171979,0,live,lolB,"ACFFVE_RS05065, ACFFVE_05065",lipoprotein insertase outer membrane protein LolB,lipoprotein insertase outer membrane protein LolB,,,,,,,,,
2219225,Pseudomonas asiatica,97166276,0,live,lolB,"PsasTeo6_RS04035, PsasTeo6_06416",lipoprotein insertase outer membrane protein LolB,lipoprotein insertase outer membrane protein LolB,,,,,,,,,
440079,Aeromonas bivalvium,97136121,0,live,lolB,BN1119_RS02105,lipoprotein insertase outer membrane protein LolB,lipoprotein insertase outer membrane protein LolB,,,,,,,,,
290112,Xenorhabdus szentirmaii,97123541,0,live,lolB,"Xszus_RS02940, Xszus_00607",lipoprotein insertase outer membrane protein LolB,lipoprotein insertase outer membrane protein LolB,,,,,,,,,
2793076,Paraburkholderia nemoris,97055297,0,live,lolB,"KHO33_RS24445, R75461_04924",lipoprotein insertase outer membrane protein LolB,lipoprotein insertase outer membrane protein LolB,,,,,,,,,
458836,Paraburkholderia sediminicola,97042643,0,live,lolB,"R8871_RS19980, LMG24238_04035",lipoprotein insertase outer membrane protein LolB,lipoprotein insertase outer membrane protein LolB,,,,,,,,,
1245417,Paraburkholderia strydomiana,97036500,0,live,lolB,"J2W46_RS23610, J2W46_004818",lipoprotein insertase outer membrane protein LolB,lipoprotein insertase outer membrane protein LolB,,,,,,,,,
134536,Paraburkholderia caledonica,97016057,0,live,lolB,H281_RS0110020,lipoprotein insertase outer membrane protein LolB,lipoprotein insertase outer membrane protein LolB,,,,,,,,,
60548,Paraburkholderia graminis,97000293,0,live,lolB,"CUJ91_RS01890, CUJ91_01885",lipoprotein insertase outer membrane protein LolB,lipoprotein insertase outer membrane protein LolB,,PHS1_A,,,,,,,
638,Arsenophonus nasoniae,96876857,0,live,lolB,"ArsFIN_RS08005, ArsFIN_17060",lipoprotein insertase outer membrane protein LolB,lipoprotein insertase outer membrane protein LolB,,,,,,,,,
45658,Vibrio scophthalmi,96873006,0,live,lolB,"RJD38_RS10610, RJD38_10610",lipoprotein insertase outer membrane protein LolB,lipoprotein insertase outer membrane protein LolB,,1,,,,,,,
367190,Yersinia similis,96665498,0,live,lolB,"BF17_RS18100, BF17_19055",lipoprotein insertase outer membrane protein LolB,lipoprotein insertase outer membrane protein LolB,,,,,,,,,
122355,Pseudomonas psychrophila,96622312,0,live,lolB,"G5J76_RS22990, G5J76_22920",lipoprotein insertase outer membrane protein LolB,lipoprotein insertase outer membrane protein LolB,,,,,,,,,
129140,Pseudomonas syringae pv. tagetis,96217337,0,live,lolB,"MME58_RS04680, MME58_04680",lipoprotein insertase outer membrane protein LolB,lipoprotein insertase outer membrane protein LolB,,,,,,,,,
1763883,Vibrio cidicii,95679422,0,live,lolB,EWA64_RS12685,lipoprotein insertase outer membrane protein LolB,lipoprotein insertase outer membrane protein LolB,,1,,,,,,,
743699,Xanthomonas dyei,95583289,0,live,lolB,"NYR95_RS05425, NYR95_05420",lipoprotein insertase outer membrane protein LolB,lipoprotein insertase outer membrane protein LolB,,,,,,,,,
28094,Trinickia caryophylli,95550541,0,live,lolB,"U0034_RS12130, U0034_12120",lipoprotein insertase outer membrane protein LolB,lipoprotein insertase outer membrane protein LolB,,1,,,,,,,
2864211,Shewanella mangrovisoli,94726751,0,live,lolB,"K0H60_RS04125, K0H60_04125",lipoprotein insertase outer membrane protein LolB,lipoprotein insertase outer membrane protein LolB,,,,,,,,,
1389223,Marinobacter shengliensis,94722817,0,live,lolB,"QUE75_RS05010, MAALD49_09800",lipoprotein insertase outer membrane protein LolB,lipoprotein insertase outer membrane protein LolB,,,,,,,,,
1094342,Alloalcanivorax xenomutans,94687982,0,live,lolB,"RYH70_RS16145, RYH70_16145",lipoprotein insertase outer membrane protein LolB,lipoprotein insertase outer membrane protein LolB,,,,,,,,,
194197,Neisseria dentiae,94579936,0,live,lolB,"H3L92_RS01970, H3L92_01970",lipoprotein insertase outer membrane protein LolB,lipoprotein insertase outer membrane protein LolB,,,,,,,,,
1287738,Achromobacter dolens,94355127,0,live,lolB,"HV771_RS07950, LMG26841_01578",lipoprotein insertase outer membrane protein LolB,lipoprotein insertase outer membrane protein LolB,,,,,,,,,
693153,Vibrio atlanticus,94232202,0,live,lolB,OCV30_RS04055,lipoprotein insertase outer membrane protein LolB,lipoprotein insertase outer membrane protein LolB,,1,,,,,,,
685,Vibrio diazotrophicus,94025433,0,live,lolB,AAGA51_RS11415,lipoprotein insertase outer membrane protein LolB,lipoprotein insertase outer membrane protein LolB,,1,,,,,,,
1481663,Vibrio metoecus,94013170,0,live,lolB,"QYQ96_RS03585, QYQ96_03585",lipoprotein insertase outer membrane protein LolB,lipoprotein insertase outer membrane protein LolB,,1,,,,,,,
92828,Xanthomonas phaseoli pv. dieffenbachiae,93990168,0,live,lolB,"FLG15_RS04375, FLG15_04380",lipoprotein insertase outer membrane protein LolB,lipoprotein insertase outer membrane protein LolB,,,,,,,,,
1885674,Xanthomonas cannabis,93986230,0,live,lolB,"RZV17_RS04895, RZV17_04870",lipoprotein insertase outer membrane protein LolB,lipoprotein insertase outer membrane protein LolB,,,,,,,,,
1697053,Thiopseudomonas alkaliphila,93983459,0,live,lolB,"AKN87_RS04160, AKN87_04170",lipoprotein insertase outer membrane protein LolB,lipoprotein insertase outer membrane protein LolB,,,,,,,,,
2890316,Yersinia proxima,93972785,0,live,lolB,FTB31_RS20085,lipoprotein insertase outer membrane protein LolB,lipoprotein insertase outer membrane protein LolB,,,,,,,,,
170673,Vibrio kanaloae,93965333,0,live,lolB,OCV24_RS03955,lipoprotein insertase outer membrane protein LolB,lipoprotein insertase outer membrane protein LolB,,1,,,,,,,
44935,Vreelandella venusta,93946405,0,live,lolB,"IR195_RS06085, IR195_06090",lipoprotein insertase outer membrane protein LolB,lipoprotein insertase outer membrane protein LolB,,,,,,,,,
190893,Vibrio coralliilyticus,93941316,0,live,lolB,"P6988_RS07110, P6988_07110",lipoprotein insertase outer membrane protein LolB,lipoprotein insertase outer membrane protein LolB,,1,,,,,,,
2943489,Xenorhabdus bovienii subsp. africana,93908754,0,live,lolB,"M5U04_RS13460, M5U04_13465",lipoprotein insertase outer membrane protein LolB,lipoprotein insertase outer membrane protein LolB,,,,,,,,,
246167,Vibrio crassostreae,93899285,0,live,lolB,OC193_RS03990,lipoprotein insertase outer membrane protein LolB,lipoprotein insertase outer membrane protein LolB,,1,,,,,,,
56458,Xanthomonas sacchari,93880481,0,live,lolB,"RAB71_RS17765, RAB71_17755",lipoprotein insertase outer membrane protein LolB,lipoprotein insertase outer membrane protein LolB,,,,,,,,,
1310165,Ralstonia pseudosolanacearum,93853885,0,live,lolB,"NY025_RS23675, NY025_23675",lipoprotein insertase outer membrane protein LolB,lipoprotein insertase outer membrane protein LolB,,1,,,,,,,
40324,Stenotrophomonas maltophilia,93831903,0,live,lolB,"CKW06_RS04060, SAMEA4076705_00825",lipoprotein insertase outer membrane protein LolB,lipoprotein insertase outer membrane protein LolB,,1,,,,,,,
2480810,Pseudoxanthomonas winnipegensis,93828228,0,live,lolB,"MWN52_RS05175, MWN52_05190",lipoprotein insertase outer membrane protein LolB,lipoprotein insertase outer membrane protein LolB,,,,,,,,,
2963283,Stenotrophomonas muris,93744130,0,live,lolB,"NSA55_RS19275, NSA55_19270",lipoprotein insertase outer membrane protein LolB,lipoprotein insertase outer membrane protein LolB,,,,,,,,,
138074,Serratia symbiotica,93736213,0,live,lolB,"SYMBAF_RS06720, SYMBAF_06740",lipoprotein insertase outer membrane protein LolB,lipoprotein insertase outer membrane protein LolB,,,,,,,,,
487698,Stenotrophomonas pavanii,93706326,0,live,lolB,"BLS66_RS08320, SAMN04487784_1668",lipoprotein insertase outer membrane protein LolB,lipoprotein insertase outer membrane protein LolB,,,,,,,,,
1306993,Pseudomonas soli,93675806,0,live,lolB,"LU688_RS03665, LU688_03665",lipoprotein insertase outer membrane protein LolB,lipoprotein insertase outer membrane protein LolB,,,,,,,,,
587,Providencia rettgeri,93673392,0,live,lolB,"I6L80_RS13480, I6L80_13480",lipoprotein insertase outer membrane protein LolB,lipoprotein insertase outer membrane protein LolB,,,,,,,,,
1314868,Pseudoalteromonas carrageenovora IAM 12662,93663031,0,live,lolB,"ALFOR1_RS05505, PCAR9_A20825, PCAR9_RS05550",lipoprotein insertase outer membrane protein LolB,lipoprotein insertase outer membrane protein LolB,,PCAR9a,,,,,,,
2810614,Pseudomonas capsici,93562866,0,live,lolB,"JSY17_RS17975, JSY17_17970",lipoprotein insertase outer membrane protein LolB,lipoprotein insertase outer membrane protein LolB,,,,,,,,,
56192,Photobacterium iliopiscarium,93550428,0,live,lolB,"C9J51_RS18835, C9J51_18810",lipoprotein insertase outer membrane protein LolB,lipoprotein insertase outer membrane protein LolB,,,,,,,,,
1288410,Pseudomonas guariconensis,93542517,0,live,lolB,"AB1N67_RS03850, AB1N67_03850",lipoprotein insertase outer membrane protein LolB,lipoprotein insertase outer membrane protein LolB,,,,,,,,,
200450,Pseudomonas trivialis,93498606,0,live,lolB,"VRB54_RS03325, VRB54_03325",lipoprotein insertase outer membrane protein LolB,lipoprotein insertase outer membrane protein LolB,,,,,,,,,
198620,Pseudomonas koreensis,93491076,0,live,lolB,"A8L59_RS22035, A8L59_22015",lipoprotein insertase outer membrane protein LolB,lipoprotein insertase outer membrane protein LolB,,,,,,,,,
298,Pseudomonas marginalis,93462351,0,live,lolB,"QMK57_RS04030, QMK57_04035",lipoprotein insertase outer membrane protein LolB,lipoprotein insertase outer membrane protein LolB,,,,,,,,,
47880,Pseudomonas fulva,93443735,0,live,lolB,"Q9323_RS18710, Q9323_18735",lipoprotein insertase outer membrane protein LolB,lipoprotein insertase outer membrane protein LolB,,,,,,,,,
158850,Providencia rustigianii,93421133,0,live,lolB,"EL244_RS08155, NCTC8113_01650",lipoprotein insertase outer membrane protein LolB,lipoprotein insertase outer membrane protein LolB,,1,,,,,,,
585,Proteus vulgaris,93394196,0,live,lolB,"N1711_RS08290, N1711_08290",lipoprotein insertase outer membrane protein LolB,lipoprotein insertase outer membrane protein LolB,,,,,,,,,
180434,Morganella morganii subsp. morganii,93360650,0,live,lolB,"EO986_RS10430, EO986_10435",lipoprotein insertase outer membrane protein LolB,lipoprotein insertase outer membrane protein LolB,,,,,,,,,
61646,Lelliottia amnigena,93309494,0,live,lolB,"I6L74_RS20380, I6L74_20380",lipoprotein insertase outer membrane protein LolB,lipoprotein insertase outer membrane protein LolB,,,,,,,,,
2797505,Enterobacter vonholyi,93265924,0,live,lolB,"AB3N39_RS12005, AB3N39_12005",lipoprotein insertase outer membrane protein LolB,lipoprotein insertase outer membrane protein LolB,,,,,,,,,
360196,Francisella noatunensis subsp. noatunensis,93255408,0,live,lolB,F8C69_RS06460,lipoprotein insertase outer membrane protein LolB,lipoprotein insertase outer membrane protein LolB,,,,,,,,,
2497875,Enterobacter chuandaensis,93246024,0,live,lolB,"MX657_RS13055, MX657_13045",lipoprotein insertase outer membrane protein LolB,lipoprotein insertase outer membrane protein LolB,,,,,,,,,
67857,Exercitatus varius,93225562,0,live,lolB,"P7M01_RS00090, P7M01_00090",lipoprotein insertase outer membrane protein LolB,lipoprotein insertase outer membrane protein LolB,,,,,,,,,
727,Haemophilus influenzae,93220264,0,live,lolB,"LK401_RS06730, LK401_06730",lipoprotein insertase outer membrane protein LolB,lipoprotein insertase outer membrane protein LolB,,,,,,,,,
1207504,Burkholderia pseudomultivorans,93171222,0,live,lolB,"BST28156_RS21245, BPS26883_04187, HU779_RS21265",lipoprotein insertase outer membrane protein LolB,lipoprotein insertase outer membrane protein LolB,,,,,,,,,
636,Edwardsiella tarda,93123758,0,live,lolB,"K8O98_RS08475, K8O98_08450",lipoprotein insertase outer membrane protein LolB,lipoprotein insertase outer membrane protein LolB,,,,,,,,,
1503054,Burkholderia stagnalis,93052431,0,live,lolB,ABFO07_RS04470,lipoprotein insertase outer membrane protein LolB,lipoprotein insertase outer membrane protein LolB,,,,,,,,,
35703,Citrobacter amalonaticus,93033287,0,live,lolB,"LA348_RS08525, LA348_08525",lipoprotein insertase outer membrane protein LolB,lipoprotein insertase outer membrane protein LolB,,,,,,,,,
488732,Burkholderia diffusa,93025312,0,live,lolB,"BTE28158_RS01225, BDI24065_00241, HU778_RS01225",lipoprotein insertase outer membrane protein LolB,lipoprotein insertase outer membrane protein LolB,,,,,,,,,
103855,Bordetella hinzii,92996812,0,live,lolB,"EL326_RS20090, NCTC13199_04030",lipoprotein insertase outer membrane protein LolB,lipoprotein insertase outer membrane protein LolB,,1,,,,,,,
67824,Citrobacter farmeri,92972970,0,live,lolB,"I6L53_RS09670, I6L53_09670",lipoprotein insertase outer membrane protein LolB,lipoprotein insertase outer membrane protein LolB,,,,,,,,,
521,Bordetella avium,92936286,0,live,lolB,"U0029_RS14800, U0029_14815",lipoprotein insertase outer membrane protein LolB,lipoprotein insertase outer membrane protein LolB,,,,,,,,,
217203,Achromobacter spanius,92906430,0,live,lolB,"CVS48_RS10835, CVS48_10835",lipoprotein insertase outer membrane protein LolB,lipoprotein insertase outer membrane protein LolB,,,,,,,,,
1287735,Achromobacter insuavis,92896779,0,live,lolB,"H0523_RS04800, LMG26845_00934",lipoprotein insertase outer membrane protein LolB,lipoprotein insertase outer membrane protein LolB,,,,,,,,,
32002,Achromobacter denitrificans,92844190,0,live,lolB,"FOC80_RS08685, FOC80_08685",lipoprotein insertase outer membrane protein LolB,lipoprotein insertase outer membrane protein LolB,,,,,,,,,
82633,Cupriavidus pauculus,92819229,0,live,lolB,"K8O84_RS10765, K8O84_10725",lipoprotein insertase outer membrane protein LolB,lipoprotein insertase outer membrane protein LolB,,1,,,,,,,
29489,Aeromonas enteropelogenes,92810988,0,live,lolB,"LA321_RS11875, LA321_11875",lipoprotein insertase outer membrane protein LolB,lipoprotein insertase outer membrane protein LolB,,,,,,,,,
1389922,Achromobacter mucicolens,92786920,0,live,lolB,"QEP15_RS21800, QEP15_21800",lipoprotein insertase outer membrane protein LolB,lipoprotein insertase outer membrane protein LolB,,,,,,,,,
217204,Achromobacter insolitus,92762265,0,live,lolB,"EL339_RS04435, NCTC13520_00886",lipoprotein insertase outer membrane protein LolB,lipoprotein insertase outer membrane protein LolB,,1,,,,,,,
718,Actinobacillus equuli,92744690,0,live,lolB,"EL121_RS10415, NCTC8529_02086",lipoprotein insertase outer membrane protein LolB,lipoprotein insertase outer membrane protein LolB,,1,,,,,,,
105751,Aeromonas bestiarum,92722409,0,live,lolB,"IU367_RS05735, IU367_05715",lipoprotein insertase outer membrane protein LolB,lipoprotein insertase outer membrane protein LolB,,,,,,,,,
61648,Kluyvera intermedia,91972638,0,live,lolB,"GHC21_RS09515, GHC21_09515",lipoprotein insertase outer membrane protein LolB,lipoprotein insertase outer membrane protein LolB,,,,,,,,,
2108399,Pectobacterium punjabense,90763499,0,live,lolB,"E2566_RS11035, E2566_11130",lipoprotein insertase outer membrane protein LolB,lipoprotein insertase outer membrane protein LolB,,,,,,,,,
2570351,Marinobacter alexandrii,90605344,0,live,lolB,FCS96_RS13330,lipoprotein insertase outer membrane protein LolB,lipoprotein insertase outer membrane protein LolB,,,,,,,,,
518738,Shewanella vesiculosa,90571312,0,live,lolB,"GW828_RS14610, GW828_14515",lipoprotein insertase outer membrane protein LolB,lipoprotein insertase outer membrane protein LolB,,,,,,,,,
2213015,Pseudomonas sichuanensis,90538750,0,live,lolB,"LOY51_RS23005, LOY51_22965",lipoprotein insertase outer membrane protein LolB,lipoprotein insertase outer membrane protein LolB,,,,,,,,,
863372,Herbaspirillum huttiense,90166344,0,live,lolB,"E2K99_RS20115, E2K99_20115",lipoprotein insertase outer membrane protein LolB,lipoprotein insertase outer membrane protein LolB,,,,,,,,,
251747,Chromobacterium subtsugae,89687647,0,live,lolB,"U6151_RS20905, U6151_20915",lipoprotein insertase outer membrane protein LolB,lipoprotein insertase outer membrane protein LolB,,,,,,,,,
70346,Acinetobacter variabilis,89665326,0,live,lolB,"Q3F87_RS05070, Q3F87_05070",lipoprotein insertase outer membrane protein LolB,lipoprotein insertase outer membrane protein LolB,,,,,,,,,
1689834,Acidithiobacillus ferriphilus,89662016,0,live,lolB,"PJU76_RS02190, PJU76_02190",lipoprotein insertase outer membrane protein LolB,lipoprotein insertase outer membrane protein LolB,,,,,,,,,
1689450,Pseudomonas moraviensis subsp. stanleyae,89623257,0,live,lolB,"GXB78_RS09570, GXB78_09465",lipoprotein insertase outer membrane protein LolB,lipoprotein insertase outer membrane protein LolB,,,,,,,,,
1908198,Salinivibrio kushneri,89608752,0,live,lolB,"O4546_RS03940, O4546_03940",lipoprotein insertase outer membrane protein LolB,lipoprotein insertase outer membrane protein LolB,,,,,,,,,
634,Yersinia bercovieri,89597162,0,live,lolB,"QJR59_RS11280, QJR59_11235",lipoprotein insertase outer membrane protein LolB,lipoprotein insertase outer membrane protein LolB,,,,,,,,,
1516159,Vibrio coralliirubri,89594090,0,live,lolB,V7R44_RS19695,lipoprotein insertase outer membrane protein LolB,lipoprotein insertase outer membrane protein LolB,,,,,,,,,
1914243,Citrobacter europaeus,89549288,0,live,lolB,WHR59_RS13700,lipoprotein insertase outer membrane protein LolB,lipoprotein insertase outer membrane protein LolB,,,,,,,,,
650003,Vibrio paracholerae,89513843,0,live,lolB,"R4537_RS09090, R4537_09090",lipoprotein insertase outer membrane protein LolB,lipoprotein insertase outer membrane protein LolB,,1,,,,,,,
2027290,Providencia huaxiensis,89490384,0,live,lolB,V6066_RS11570,lipoprotein insertase outer membrane protein LolB,lipoprotein insertase outer membrane protein LolB,,,,,,,,,
68334,Erwinia aphidicola,89475707,0,live,lolB,WFJ98_RS17750,lipoprotein insertase outer membrane protein LolB,lipoprotein insertase outer membrane protein LolB,,,,,,,,,
1572645,Neptunomonas phycophila,89457413,0,live,lolB,"FLM49_RS14480, FLM49_14445",lipoprotein insertase outer membrane protein LolB,lipoprotein insertase outer membrane protein LolB,,,,,,,,,
351672,Xenorhabdus griffiniae,88856122,0,live,lolB,"QL128_RS11150, QL128_11150",lipoprotein insertase outer membrane protein LolB,lipoprotein insertase outer membrane protein LolB,,,,,,,,,
1247546,Pseudomonas hunanensis,88820451,0,live,lolB,"J2W83_RS15785, J2W83_003186",lipoprotein insertase outer membrane protein LolB,lipoprotein insertase outer membrane protein LolB,,,,,,,,,
566,Pseudescherichia vulneris,88815472,0,live,lolB,FN633_RS09330,lipoprotein insertase outer membrane protein LolB,lipoprotein insertase outer membrane protein LolB,,1,,,,,,,
2029681,Photorhabdus bodei,88806816,0,live,lolB,"CKY02_RS13395, CKY02_13240",lipoprotein insertase outer membrane protein LolB,lipoprotein insertase outer membrane protein LolB,,,,,,,,,
2014742,Vibrio tarriae,88782999,0,live,lolB,"DLR62_RS01650, DLR62_01650",lipoprotein insertase outer membrane protein LolB,lipoprotein insertase outer membrane protein LolB,,,,,,,,,
77608,Pseudoalteromonas distincta,88775936,0,live,lolB,"FFU37_RS09775, FFU37_09775",lipoprotein insertase outer membrane protein LolB,lipoprotein insertase outer membrane protein LolB,,L1,,,,,,,
170651,Vibrio neptunius,88757847,0,live,lolB,"TW84_RS16355, TW84_16350",lipoprotein insertase outer membrane protein LolB,lipoprotein insertase outer membrane protein LolB,,,,,,,,,
768528,Shewanella indica,88622098,0,live,lolB,"SIL79_RS01280, SIL79_01280",lipoprotein insertase outer membrane protein LolB,lipoprotein insertase outer membrane protein LolB,,,,,,,,,
333965,Providencia vermicola,88352450,0,live,lolB,KDJ85_RS02325,lipoprotein insertase outer membrane protein LolB,lipoprotein insertase outer membrane protein LolB,,,,,,,,,
58169,Rahnella inusitata,88080979,0,live,lolB,"I2123_RS13145, I2123_13135",lipoprotein insertase outer membrane protein LolB,lipoprotein insertase outer membrane protein LolB,,,,,,,,,
2703793,Serratia bockelmannii,87005074,0,live,lolB,"QAO66_RS06215, QAO66_06215",lipoprotein insertase outer membrane protein LolB,lipoprotein insertase outer membrane protein LolB,,,,,,,,,
2487355,Pseudomonas carnis,86979845,0,live,lolB,"NVV81_RS03780, NVV81_03780",lipoprotein insertase outer membrane protein LolB,lipoprotein insertase outer membrane protein LolB,,,,,,,,,
489,Neisseria polysaccharea,86928993,0,live,lolB,RDY34_RS02405,lipoprotein insertase outer membrane protein LolB,lipoprotein insertase outer membrane protein LolB,,,,,,,,,
2665161,Acinetobacter faecalis,86888228,0,live,lolB,"SKM54_RS05350, SKM54_05350",lipoprotein insertase outer membrane protein LolB,lipoprotein insertase outer membrane protein LolB,,,,,,,,,
2827233,Pasteurella atlantica,86853907,0,live,lolB,U9966_RS03765,lipoprotein insertase outer membrane protein LolB,lipoprotein insertase outer membrane protein LolB,,1,,,,,,,
1218075,Paraburkholderia bannensis NBRC 103871,86201170,0,live,lolB,BBA01S_RS06285,lipoprotein insertase outer membrane protein LolB,lipoprotein insertase outer membrane protein LolB,,,,,,,,,
51048,Actinobacillus porcinus,86155211,0,live,lolB,"E7T07_RS04085, SAMEA1410922_00812",lipoprotein insertase outer membrane protein LolB,lipoprotein insertase outer membrane protein LolB,,,,,,,,,
1796644,Rodentibacter caecimuris,85656673,0,live,lolB,"FEE42_RS00900, FEE42_00895",lipoprotein insertase outer membrane protein LolB,lipoprotein insertase outer membrane protein LolB,,,,,,,,,
51288,Kluyvera ascorbata,85161824,0,live,lolB,"MY052_RS10295, MY052_10295",lipoprotein insertase outer membrane protein LolB,lipoprotein insertase outer membrane protein LolB,,,,,,,,,
1287736,Achromobacter aegrifaciens,84693882,0,live,lolB,"HV793_RS02475, LMG26854_00493",lipoprotein insertase outer membrane protein LolB,lipoprotein insertase outer membrane protein LolB,,,,,,,,,
472693,Pantoea eucrina,84691528,0,live,lolB,"LAC65_RS08880, LAC65_08880",lipoprotein insertase outer membrane protein LolB,lipoprotein insertase outer membrane protein LolB,,,,,,,,,
255519,Atlantibacter subterraneus,84664811,0,live,lolB,"NLZ15_RS09305, NLZ15_09305",lipoprotein insertase outer membrane protein LolB,lipoprotein insertase outer membrane protein LolB,,,,,,,,,
1450134,Stenotrophomonas bentonitica,84661984,0,live,lolB,HGB51_RS15980,lipoprotein insertase outer membrane protein LolB,lipoprotein insertase outer membrane protein LolB,,,,,,,,,
180588,Psychrobacter faecalis,84653795,0,live,lolB,JMV84_RS09440,lipoprotein insertase outer membrane protein LolB,lipoprotein insertase outer membrane protein LolB,,,,,,,,,
665913,Mixta calida,84630664,0,live,lolB,FS650_RS01925,lipoprotein insertase outer membrane protein LolB,lipoprotein insertase outer membrane protein LolB,,,,,,,,,
1619313,Duffyella gerundensis,84613369,0,live,lolB,"J9874_RS08940, J9874_01787",lipoprotein insertase outer membrane protein LolB,lipoprotein insertase outer membrane protein LolB,,,,,,,,,
2482751,Stutzerimonas nitrititolerans,84610543,0,live,lolB,"EA795_RS15980, EA795_15990",lipoprotein insertase outer membrane protein LolB,lipoprotein insertase outer membrane protein LolB,,,,,,,,,
1987580,Proteus columbae,84587202,0,live,lolB,CBE70_RS16745,lipoprotein insertase outer membrane protein LolB,lipoprotein insertase outer membrane protein LolB,,,,,,,,,
67826,Citrobacter sedlakii,84236387,0,live,lolB,"JY391_RS09990, JY391_09990",lipoprotein insertase outer membrane protein LolB,lipoprotein insertase outer membrane protein LolB,,,,,,,,,
483,Neisseria cinerea,84021273,0,live,lolB,"DQM57_RS04820, NCTC10294_00921",lipoprotein insertase outer membrane protein LolB,lipoprotein insertase outer membrane protein LolB,,1,,,,,,,
55601,Vibrio anguillarum,83859676,0,live,lolB,"DD616_RS08645, DD616_08775",lipoprotein insertase outer membrane protein LolB,lipoprotein insertase outer membrane protein LolB,,1,,,,,,,
28151,Serratia proteamaculans,83698853,0,live,lolB,QOT07_RS10205,lipoprotein insertase outer membrane protein LolB,lipoprotein insertase outer membrane protein LolB,,EBP3064_c1,,,,,,,
133448,Citrobacter youngae,83646821,0,live,lolB,"QRZ63_RS12210, QRZ63_12210",lipoprotein insertase outer membrane protein LolB,lipoprotein insertase outer membrane protein LolB,,,,,,,,,
489632,Pseudomonas chengduensis,83640308,0,live,lolB,MYO55_RS05640,lipoprotein insertase outer membrane protein LolB,lipoprotein insertase outer membrane protein LolB,,,,,,,,,
2050967,Proteus faecis,83612341,0,live,lolB,"QSH13_RS07675, QSH13_07665",lipoprotein insertase outer membrane protein LolB,lipoprotein insertase outer membrane protein LolB,,,,,,,,,
550,Enterobacter cloacae,83573979,0,live,lolB,"LQ108_RS13335, AI2999V1_2600",lipoprotein insertase outer membrane protein LolB,lipoprotein insertase outer membrane protein LolB,,main,,,,,,,
97481,Phocoenobacter skyensis,83544658,0,live,lolB,"A6B44_RS05795, A6B44_05750",lipoprotein insertase outer membrane protein LolB,lipoprotein insertase outer membrane protein LolB,,,,,,,,,
69,Lysobacter enzymogenes,83063206,0,live,lolB,"LEN_RS06500, LEN_1333",lipoprotein insertase outer membrane protein LolB,lipoprotein insertase outer membrane protein LolB,,,,,,,,,
28171,Vibrio aestuarianus,79916796,0,live,lolB,"MCT08_RS05370, MCT08_05365",lipoprotein insertase outer membrane protein LolB,lipoprotein insertase outer membrane protein LolB,,,,,,,,,
645,Aeromonas salmonicida,79878813,0,live,lolB,"ONZ54_RS06410, ONZ54_06410",lipoprotein insertase outer membrane protein LolB,lipoprotein insertase outer membrane protein LolB,,,,,,,,,
158849,Moellerella wisconsensis,79717100,0,live,lolB,"MNY66_RS07470, MNY66_07470",lipoprotein insertase outer membrane protein LolB,lipoprotein insertase outer membrane protein LolB,,,,,,,,,
472695,Pantoea septica,78549019,0,live,lolB,FX113_RS10840,lipoprotein insertase outer membrane protein LolB,lipoprotein insertase outer membrane protein LolB,,,,,,,,,
1215114,Pseudomonas parafulva NBRC 16636 = DSM 17004,78505129,0,live,lolB,PPA02S_RS18425,lipoprotein insertase outer membrane protein LolB,lipoprotein insertase outer membrane protein LolB,,,,,,,,,
300876,Vibrio europaeus,78075653,0,live,lolB,"AZ468_RS08495, AZ468_08120",lipoprotein insertase outer membrane protein LolB,lipoprotein insertase outer membrane protein LolB,,1,,,,,,,
553239,Vibrio breoganii,77306333,0,live,lolB,OCU35_RS09850,lipoprotein insertase outer membrane protein LolB,lipoprotein insertase outer membrane protein LolB,,1,,,,,,,
1121910,Gallibacterium anatis DSM 16844 = F 149,77263161,0,live,lolB,"IE01_RS03460, IE01_03525",lipoprotein insertase outer membrane protein LolB,lipoprotein insertase outer membrane protein LolB,,,,,,,,,
252514,Microbulbifer thermotolerans,76607382,0,live,lolB,"A3224_RS04870, A3224_04870",lipoprotein insertase outer membrane protein LolB,lipoprotein insertase outer membrane protein LolB,,,,,,,,,
2053930,Xanthomonas prunicola,75150955,0,live,lolB,"M0D43_RS06360, M0D43_06335",lipoprotein insertase outer membrane protein LolB,lipoprotein insertase outer membrane protein LolB,,,,,,,,,
1122157,Laribacter hongkongensis DSM 14985,75109452,0,live,lolB,G542_RS0107895,lipoprotein insertase outer membrane protein LolB,lipoprotein insertase outer membrane protein LolB,,,,,,,,,
42906,Serratia entomophila,75022302,0,live,lolB,"KHA73_RS10125, KHA73_10130",lipoprotein insertase outer membrane protein LolB,lipoprotein insertase outer membrane protein LolB,,,,,,,,,
200454,Pseudomonas tremae,73734070,0,live,lolB,"I9H09_RS04530, I9H09_04530",lipoprotein insertase outer membrane protein LolB,lipoprotein insertase outer membrane protein LolB,,,,,,,,,
29497,Vibrio splendidus,72396951,0,live,lolB,"LTQ54_RS05035, LTQ54_05035",lipoprotein insertase outer membrane protein LolB,lipoprotein insertase outer membrane protein LolB,,1,,,,,,,
198618,Pseudomonas umsongensis,72197166,0,live,lolB,"HGP31_RS26425, HGP31_26425",lipoprotein insertase outer membrane protein LolB,lipoprotein insertase outer membrane protein LolB,,,,,,,,,
1544694,Rosenbergiella epipactidis,71072787,0,live,lolB,"HGT71_RS00880, HGT71_00885",lipoprotein insertase outer membrane protein LolB,lipoprotein insertase outer membrane protein LolB,,,,,,,,,
2023717,Photobacterium carnosum,69966847,0,live,lolB,"GLP24_RS18720, GLP24_18660",lipoprotein insertase outer membrane protein LolB,lipoprotein insertase outer membrane protein LolB,,,,,,,,,
650,Aeromonas jandaei,69552882,0,live,lolB,"I6H43_RS16360, I6H43_16360",lipoprotein insertase outer membrane protein LolB,lipoprotein insertase outer membrane protein LolB,,,,,,,,,
1444770,Xylella taiwanensis,68901717,0,live,lolB,"PLS229_RS10435, PLS229_10470",lipoprotein insertase outer membrane protein LolB,lipoprotein insertase outer membrane protein LolB,,,,,,,,,
488729,Burkholderia metallica,67905186,0,live,lolB,"WJ16_RS14280, WJ16_14265",lipoprotein insertase outer membrane protein LolB,lipoprotein insertase outer membrane protein LolB,,1,,,,,,,
43662,Pseudoalteromonas piscicida,67500794,0,live,lolB,"K5642_RS04020, K5642_04020",lipoprotein insertase outer membrane protein LolB,lipoprotein insertase outer membrane protein LolB,,1,,,,,,,
487909,Xanthomonas translucens pv. undulosa,66888285,0,live,lolB,"ISN38_RS06500, ISN38_06495",lipoprotein insertase outer membrane protein LolB,lipoprotein insertase outer membrane protein LolB,,,,,,,,,
1922217,Candidatus Erwinia haradaeae,66304676,0,live,lolB,"HACICURV3402_RS01985, E4U99_RS01985, ERCICURV3402_398",lipoprotein insertase outer membrane protein LolB,lipoprotein insertase outer membrane protein LolB,,1,,,,,,,
200452,Pseudomonas congelans,65075328,0,live,lolB,"BLR20_RS10800, SAMN05216596_102800",lipoprotein insertase outer membrane protein LolB,lipoprotein insertase outer membrane protein LolB,,,,,,,,,
442694,Xanthomonas perforans,61777837,0,live,lolB,"HLH45_RS09465, HLH45_09495",lipoprotein insertase outer membrane protein LolB,lipoprotein insertase outer membrane protein LolB,,,,,,,,,
76758,Pseudomonas orientalis,61615952,0,live,lolB,"C4J98_RS03575, C4J98_0714",lipoprotein insertase outer membrane protein LolB,lipoprotein insertase outer membrane protein LolB,,,,,,,,,
80854,Moritella viscosa,61295895,0,live,lolB,"BT797_RS11065, LFI5006_2249, concatenated_sequence_orf02529",lipoprotein insertase outer membrane protein LolB,lipoprotein insertase outer membrane protein LolB,,,,,,,,,
117681,Pseudomonas gingeri,57661526,0,live,lolB,"HX881_RS16225, HX881_16225",lipoprotein insertase outer membrane protein LolB,lipoprotein insertase outer membrane protein LolB,,,,,,,,,
575,Raoultella planticola,57431131,0,live,lolB,"MC50_RS24385, MC50_024385",lipoprotein insertase outer membrane protein LolB,lipoprotein insertase outer membrane protein LolB,,,,,,,,,
47878,Pseudomonas azotoformans,57377587,0,live,lolB,"BLR69_RS25415, SAMN04489799_5200",lipoprotein insertase outer membrane protein LolB,lipoprotein insertase outer membrane protein LolB,,I,,,,,,,
659,Photobacterium phosphoreum,57353027,0,live,lolB,"BTO21_RS08930, BTO21_08945",lipoprotein insertase outer membrane protein LolB,lipoprotein insertase outer membrane protein LolB,,,,,,,,,
511998,Aliivibrio finisterrensis,56274437,0,live,lolB,"ERW49_RS05250, ERW49_05250",lipoprotein insertase outer membrane protein LolB,lipoprotein insertase outer membrane protein LolB,,,,,,,,,
29494,Vibrio furnissii,50536309,0,live,lolB,"FIU11_RS14140, FIU11_14140",lipoprotein insertase outer membrane protein LolB,lipoprotein insertase outer membrane protein LolB,,1,,,,,,,
648,Aeromonas caviae,48823361,0,live,lolB,"DQN91_RS15285, NCTC12244_03055",lipoprotein insertase outer membrane protein LolB,lipoprotein insertase outer membrane protein LolB,,1,,,,,,,
881260,Enterobacter bugandensis,48574129,0,live,lolB,DG357_RS13310,lipoprotein insertase outer membrane protein LolB,lipoprotein insertase outer membrane protein LolB,,I,,,,,,,
196024,Aeromonas dhakensis,47844505,0,live,lolB,"CK627_RS10010, CK627_10010",lipoprotein insertase outer membrane protein LolB,lipoprotein insertase outer membrane protein LolB,,,,,,,,,
33069,Pseudomonas viridiflava,47766058,0,live,lolB,"CFBP1590_RS21990, CFBP1590__4411",lipoprotein insertase outer membrane protein LolB,lipoprotein insertase outer membrane protein LolB,,I,,,,,,,
104087,Pseudomonas frederiksbergensis,46910159,0,live,lolB,"BLL42_RS18325, BLL42_17960",lipoprotein insertase outer membrane protein LolB,lipoprotein insertase outer membrane protein LolB,,,,,,,,,
1905730,Pectobacterium parmentieri,45849125,0,live,lolB,"A8F97_RS06595, A8F97_06590",lipoprotein insertase outer membrane protein LolB,lipoprotein insertase outer membrane protein LolB,,,,,,,,,
1615674,Pseudomonas lactis,45733902,0,live,lolB,"TX24_RS16920, TX24_16935",lipoprotein insertase outer membrane protein LolB,lipoprotein insertase outer membrane protein LolB,,,,,,,,,
171439,Photorhabdus luminescens subsp. luminescens,45654937,0,live,lolB,"TI10_RS03605, TI10_03610",lipoprotein insertase outer membrane protein LolB,lipoprotein insertase outer membrane protein LolB,,,,,,,,,
29495,Vibrio navarrensis,43682472,0,live,lolB,"EA26_RS04450, EA26_04560",lipoprotein insertase outer membrane protein LolB,lipoprotein insertase outer membrane protein LolB,,,,,,,,,
1225786,Dickeya solani IPO 2222,43520867,0,live,lolB,"A4U42_RS19915, A4U42_19920",lipoprotein insertase outer membrane protein LolB,lipoprotein insertase outer membrane protein LolB,,,,,,,,,
28258,Cobetia marina,43178949,0,live,lolB,"BFX80_RS14220, BFX80_13880",lipoprotein insertase outer membrane protein LolB,lipoprotein insertase outer membrane protein LolB,,,,,,,,,
43263,Aquipseudomonas alcaligenes,42929362,0,live,lolB,"A0T30_RS06175, A0T30_06175",lipoprotein insertase outer membrane protein LolB,lipoprotein insertase outer membrane protein LolB,,,,,,,,,
318167,Shewanella frigidimarina NCIMB 400,41836091,0,live,lolB,"SFRI_RS03750, Sfri_0721",lipoprotein insertase outer membrane protein LolB,lipoprotein insertase outer membrane protein LolB,,,NC_008345.1,847641,848252,minus,0,,
261164,Psychrobacter alimentarius,33061166,0,live,lolB,"A3K91_RS01090, A3K91_0218",lipoprotein insertase outer membrane protein LolB,lipoprotein insertase outer membrane protein LolB,,,,,,,,,
1217648,Acinetobacter beijerinckii CIP 110307,29855001,0,live,lolB,"F933_RS00795, F933_00162",lipoprotein insertase outer membrane protein LolB,lipoprotein insertase outer membrane protein LolB,,,,,,,,,
1196095,Gilliamella apicola,29850477,0,live,lolB,"GAPWK_RS07645, GAPWK_1522",lipoprotein insertase outer membrane protein LolB,lipoprotein insertase outer membrane protein LolB,,,,,,,,,
1313298,Teredinibacter turnerae 1133Y.S.0a.04,58411141,0,live,lolB,K255_RS0120215,outer membrane lipoprotein LolB,outer membrane lipoprotein LolB,,,,,,,,,
