tax_id,Org_name,GeneID,CurrentID,Status,Symbol,Aliases,description,other_designations,map_location,chromosome,genomic_nucleotide_accession.version,start_position_on_the_genomic_accession,end_position_on_the_genomic_accession,orientation,exon_count,OMIM,
511145,Escherichia coli str. K-12 substr. MG1655,945670,0,live,lolD,"b1117, ECK1103, ycfV",lipoprotein release complex - ATP binding subunit,lipoprotein release complex - ATP binding subunit,,,NC_000913.3,1176619,1177320,plus,0,,
1604335,Yersinia rochesterensis,82551496,0,live,lolD,"DXZ79_RS12095, DXZ79_12080",lipoprotein-releasing ABC transporter ATP-binding protein LolD,lipoprotein-releasing ABC transporter ATP-binding protein LolD,,,,,,,,,
29471,Pectobacterium atrosepticum,57209467,0,live,lolD,"GZ59_RS13375, GZ59_27790",lipoprotein-releasing ABC transporter ATP-binding protein LolD,lipoprotein-releasing ABC transporter ATP-binding protein LolD,,,,,,,,,
768492,Serratia plymuthica AS9,57666748,0,live,lolD,"SERAS9_RS09845, SerAS9_1953",lipoprotein-releasing ABC transporter ATP-binding protein LolD,lipoprotein-releasing ABC transporter ATP-binding protein LolD,,,NC_015567.1,2106463,2107167,plus,0,,
61652,Serratia rubidaea,61765355,0,live,lolD,"I6G83_RS16245, I6G83_16245",lipoprotein-releasing ABC transporter ATP-binding protein LolD,lipoprotein-releasing ABC transporter ATP-binding protein LolD,,,,,,,,,
1263550,Edwardsiella piscicida,72528875,0,live,lolD,"L1P05_RS09895, L1P05_09895",lipoprotein-releasing ABC transporter ATP-binding protein LolD,lipoprotein-releasing ABC transporter ATP-binding protein LolD,,,,,,,,,
549,Pantoea agglomerans,66826277,0,live,lolD,"I6L77_RS13835, I6L77_13835",lipoprotein-releasing ABC transporter ATP-binding protein LolD,lipoprotein-releasing ABC transporter ATP-binding protein LolD,,,,,,,,,
1134687,Klebsiella michiganensis,66560416,0,live,lolD,"JLG71_RS16770, THOKLE011_32750",lipoprotein-releasing ABC transporter ATP-binding protein LolD,lipoprotein-releasing ABC transporter ATP-binding protein LolD,,,,,,,,,
180957,Pectobacterium brasiliense,57244819,0,live,lolD,"GT391_RS19825, GT391_19825",lipoprotein-releasing ABC transporter ATP-binding protein LolD,lipoprotein-releasing ABC transporter ATP-binding protein LolD,,,,,,,,,
2587529,Klebsiella pasteurii,77224718,0,live,lolD,"KCG39_RS02080, KCG39_02080",lipoprotein-releasing ABC transporter ATP-binding protein LolD,lipoprotein-releasing ABC transporter ATP-binding protein LolD,,,,,,,,,
622,Shigella dysenteriae,75171241,0,live,lolD,"HUZ68_RS09605, HUZ68_09520",lipoprotein-releasing ABC transporter ATP-binding protein LolD,lipoprotein-releasing ABC transporter ATP-binding protein LolD,,,,,,,,,
61645,Enterobacter asburiae,75133293,0,live,lolD,"FOY94_RS08495, EAS17NKHM_016250",lipoprotein-releasing ABC transporter ATP-binding protein LolD,lipoprotein-releasing ABC transporter ATP-binding protein LolD,,,,,,,,,
546367,Hafnia paralvei,69638499,0,live,lolD,"K9N75_RS10630, K9N75_10630",lipoprotein-releasing ABC transporter ATP-binding protein LolD,lipoprotein-releasing ABC transporter ATP-binding protein LolD,,,,,,,,,
57706,Citrobacter braakii,66275006,0,live,lolD,"GFC06_RS18715, GFC06_18715",lipoprotein-releasing ABC transporter ATP-binding protein LolD,lipoprotein-releasing ABC transporter ATP-binding protein LolD,,,,,,,,,
300181,Serratia ureilytica,64308683,0,live,lolD,"J0X03_RS13855, J0X03_13855",lipoprotein-releasing ABC transporter ATP-binding protein LolD,lipoprotein-releasing ABC transporter ATP-binding protein LolD,,,,,,,,,
2494701,Enterobacter chengduensis,63141985,0,live,lolD,"FY206_RS10095, FY206_10095",lipoprotein-releasing ABC transporter ATP-binding protein LolD,lipoprotein-releasing ABC transporter ATP-binding protein LolD,,,,,,,,,
1095774,Pantoea ananatis PA13,57268688,0,live,lolD,"PAGR_RS13460, PAGR_g2640",lipoprotein-releasing ABC transporter ATP-binding protein LolD,lipoprotein-releasing ABC transporter ATP-binding protein LolD,,,NC_017554.1,2859725,2860429,minus,0,,
529507,Proteus mirabilis HI4320,6801402,0,live,lolD,"PMI_RS04315, PMI0879",lipoprotein-releasing ABC transporter ATP-binding protein LolD,lipoprotein-releasing ABC transporter ATP-binding protein LolD,,,NC_010554.1,970096,970800,plus,0,,
564,Escherichia fergusonii,75057674,0,live,lolD,"LA347_RS07640, LA347_07640",lipoprotein-releasing ABC transporter ATP-binding protein LolD,lipoprotein-releasing ABC transporter ATP-binding protein LolD,,,,,,,,,
1035377,Yersinia pestis A1122,57976946,0,live,lolD,"A1122_RS17835, A1122_17750",lipoprotein-releasing ABC transporter ATP-binding protein LolD,lipoprotein-releasing ABC transporter ATP-binding protein LolD,,,NC_017168.1,3806683,3807387,minus,0,,
28141,Cronobacter sakazakii,56731037,0,live,lolD,"CsakCS931_RS08085, CsakCS931_28290",lipoprotein-releasing ABC transporter ATP-binding protein LolD,lipoprotein-releasing ABC transporter ATP-binding protein LolD,,,,,,,,,
1159491,Cronobacter malonaticus LMG 23826,45715941,0,live,lolD,"AFK66_RS11455, AFK66_011885",lipoprotein-releasing ABC transporter ATP-binding protein LolD,lipoprotein-releasing ABC transporter ATP-binding protein LolD,,,,,,,,,
621,Shigella boydii,75203703,0,live,lolD,"CEH00_RS09485, CEH00_09535",lipoprotein-releasing ABC transporter ATP-binding protein LolD,lipoprotein-releasing ABC transporter ATP-binding protein LolD,,,,,,,,,
539813,Enterobacter mori,72514291,0,live,lolD,"L6Y89_RS08395, L6Y89_08395",lipoprotein-releasing ABC transporter ATP-binding protein LolD,lipoprotein-releasing ABC transporter ATP-binding protein LolD,,,,,,,,,
2026240,Klebsiella quasivariicola,69755996,0,live,lolD,"LGM30_RS16325, LGM30_16360",lipoprotein-releasing ABC transporter ATP-binding protein LolD,lipoprotein-releasing ABC transporter ATP-binding protein LolD,,,,,,,,,
67780,Edwardsiella ictaluri,69539264,0,live,lolD,"DB741_RS10705, DB741_10705",lipoprotein-releasing ABC transporter ATP-binding protein LolD,lipoprotein-releasing ABC transporter ATP-binding protein LolD,,,,,,,,,
1201031,Pectobacterium aroidearum,67794474,0,live,lolD,"I2D83_RS13215, I2D83_13220",lipoprotein-releasing ABC transporter ATP-binding protein LolD,lipoprotein-releasing ABC transporter ATP-binding protein LolD,,,,,,,,,
158877,Yokenella regensburgei,66903767,0,live,lolD,"C7387_RS08535, C7387_1739",lipoprotein-releasing ABC transporter ATP-binding protein LolD,lipoprotein-releasing ABC transporter ATP-binding protein LolD,,,,,,,,,
283686,Kosakonia radicincitans,66393058,0,live,lolD,"FEI17_RS16120, FEI17_16110",lipoprotein-releasing ABC transporter ATP-binding protein LolD,lipoprotein-releasing ABC transporter ATP-binding protein LolD,,,,,,,,,
554,Pectobacterium carotovorum,61347663,0,live,lolD,"HER17_RS08785, HER17_08820",lipoprotein-releasing ABC transporter ATP-binding protein LolD,lipoprotein-releasing ABC transporter ATP-binding protein LolD,,,,,,,,,
204042,Dickeya zeae,60868818,0,live,lolD,"C1O30_RS12950, C1O30_12950",lipoprotein-releasing ABC transporter ATP-binding protein LolD,lipoprotein-releasing ABC transporter ATP-binding protein LolD,,,,,,,,,
126385,Providencia alcalifaciens,57293404,0,live,lolD,"CO695_RS12700, CO695_12700",lipoprotein-releasing ABC transporter ATP-binding protein LolD,lipoprotein-releasing ABC transporter ATP-binding protein LolD,,,,,,,,,
290338,Citrobacter koseri ATCC BAA-895,45135916,0,live,lolD,"CKO_RS08210, CKO_01934",lipoprotein-releasing ABC transporter ATP-binding protein LolD,lipoprotein-releasing ABC transporter ATP-binding protein LolD,,,NC_009792.1,1808702,1809403,minus,0,,
41202,Ewingella americana,78380529,0,live,lolD,"F4W05_RS08645, F4W05_08645",lipoprotein-releasing ABC transporter ATP-binding protein LolD,lipoprotein-releasing ABC transporter ATP-binding protein LolD,,,,,,,,,
59814,Pantoea dispersa,67452188,0,live,lolD,"K7H94_RS11155, K7H94_11155",lipoprotein-releasing ABC transporter ATP-binding protein LolD,lipoprotein-releasing ABC transporter ATP-binding protein LolD,,1,,,,,,,
29486,Yersinia ruckeri,66879203,0,live,lolD,"YR821_RS06900, YR821_1418",lipoprotein-releasing ABC transporter ATP-binding protein LolD,lipoprotein-releasing ABC transporter ATP-binding protein LolD,,,,,,,,,
569,Hafnia alvei,56892256,0,live,lolD,"HBA19_RS12380, HBA19_12380",lipoprotein-releasing ABC transporter ATP-binding protein LolD,lipoprotein-releasing ABC transporter ATP-binding protein LolD,,,,,,,,,
299767,Enterobacter ludwigii,45814810,0,live,lolD,"BH714_RS04655, BH714_04655",lipoprotein-releasing ABC transporter ATP-binding protein LolD,lipoprotein-releasing ABC transporter ATP-binding protein LolD,,,,,,,,,
2042057,Pectobacterium polaris,61408499,0,live,lolD,"BJK05_RS07995, BJK05_07690",lipoprotein-releasing ABC transporter ATP-binding protein LolD,lipoprotein-releasing ABC transporter ATP-binding protein LolD,,,,,,,,,
204039,Dickeya dianthicola,49322539,0,live,lolD,"DZA65_RS13520, DZA65_02634",lipoprotein-releasing ABC transporter ATP-binding protein LolD,lipoprotein-releasing ABC transporter ATP-binding protein LolD,,,,,,,,,
1812935,Enterobacter roggenkampii,45795333,0,live,lolD,"BFV67_RS08245, BFV67_08245",lipoprotein-releasing ABC transporter ATP-binding protein LolD,lipoprotein-releasing ABC transporter ATP-binding protein LolD,,,,,,,,,
2071710,Enterobacter sichuanensis,72831604,0,live,lolD,"C1N69_RS08735, C1N69_08830",lipoprotein-releasing ABC transporter ATP-binding protein LolD,lipoprotein-releasing ABC transporter ATP-binding protein LolD,,,,,,,,,
667120,Edwardsiella anguillarum ET080813,33937893,0,live,lolD,"ETEE_RS00245, ETEE_0053",lipoprotein-releasing ABC transporter ATP-binding protein LolD,lipoprotein-releasing ABC transporter ATP-binding protein LolD,,,,,,,,,
631,Yersinia intermedia,58047736,0,live,lolD,"FOC38_RS12395, FOC38_12395",lipoprotein-releasing ABC transporter ATP-binding protein LolD,lipoprotein-releasing ABC transporter ATP-binding protein LolD,,,,,,,,,
2364647,Pantoea piersonii,78232528,0,live,lolD,"D7S44_RS03540, D7S44_03540",lipoprotein-releasing ABC transporter ATP-binding protein LolD,lipoprotein-releasing ABC transporter ATP-binding protein LolD,,,,,,,,,
102862,Proteus penneri,76522575,0,live,lolD,H1225_RS04910,lipoprotein-releasing ABC transporter ATP-binding protein LolD,lipoprotein-releasing ABC transporter ATP-binding protein LolD,,,,,,,,,
82995,Serratia grimesii,75281803,0,live,lolD,"SGBXF1_RS10095, SGBXF1_02032",lipoprotein-releasing ABC transporter ATP-binding protein LolD,lipoprotein-releasing ABC transporter ATP-binding protein LolD,,1,,,,,,,
703,Plesiomonas shigelloides,69706799,0,live,lolD,LPH35_RS15460,lipoprotein-releasing ABC transporter ATP-binding protein LolD,lipoprotein-releasing ABC transporter ATP-binding protein LolD,,1,,,,,,,
67827,Citrobacter werkmanii,69486316,0,live,lolD,"FOB24_RS11315, FOB24_11315",lipoprotein-releasing ABC transporter ATP-binding protein LolD,lipoprotein-releasing ABC transporter ATP-binding protein LolD,,,,,,,,,
1748967,Citrobacter cronae,69430762,0,live,lolD,JSN25_RS14090,lipoprotein-releasing ABC transporter ATP-binding protein LolD,lipoprotein-releasing ABC transporter ATP-binding protein LolD,,,,,,,,,
55211,Erwinia persicina,67477170,0,live,lolD,"K6L24_RS13050, K6L24_13050",lipoprotein-releasing ABC transporter ATP-binding protein LolD,lipoprotein-releasing ABC transporter ATP-binding protein LolD,,,,,,,,,
69218,Enterobacter cancerogenus,66611311,0,live,lolD,K3T75_RS09550,lipoprotein-releasing ABC transporter ATP-binding protein LolD,lipoprotein-releasing ABC transporter ATP-binding protein LolD,,,,,,,,,
1778540,Dickeya fangzhongdai,66565389,0,live,lolD,"CVE23_RS13730, CVE23_13730",lipoprotein-releasing ABC transporter ATP-binding protein LolD,lipoprotein-releasing ABC transporter ATP-binding protein LolD,,,,,,,,,
1922217,Candidatus Erwinia haradaeae,66304803,0,live,lolD,"HACICURV3402_RS02620, E4U99_RS02620, ERCICURV3402_530",lipoprotein-releasing ABC transporter ATP-binding protein LolD,lipoprotein-releasing ABC transporter ATP-binding protein LolD,,1,,,,,,,
28152,Yersinia kristensenii,61908313,0,live,lolD,"DX162_RS18445, NCTC11471_03645",lipoprotein-releasing ABC transporter ATP-binding protein LolD,lipoprotein-releasing ABC transporter ATP-binding protein LolD,,,,,,,,,
1205683,Yersinia massiliensis CCUG 53443,61814270,0,live,lolD,"BN68_RS02825, BN68_02885",lipoprotein-releasing ABC transporter ATP-binding protein LolD,lipoprotein-releasing ABC transporter ATP-binding protein LolD,,,,,,,,,
66269,Pantoea stewartii,61254865,0,live,lolD,"G5574_RS21030, G5574_21030",lipoprotein-releasing ABC transporter ATP-binding protein LolD,lipoprotein-releasing ABC transporter ATP-binding protein LolD,,,,,,,,,
1172565,Lonsdalea populi,61121792,0,live,lolD,"I6N93_RS06755, I6N93_06755",lipoprotein-releasing ABC transporter ATP-binding protein LolD,lipoprotein-releasing ABC transporter ATP-binding protein LolD,,,,,,,,,
349967,Yersinia mollaretii ATCC 43969,57919561,0,live,lolD,"HRD69_RS17200, HRD69_17200",lipoprotein-releasing ABC transporter ATP-binding protein LolD,lipoprotein-releasing ABC transporter ATP-binding protein LolD,,,,,,,,,
577,Raoultella terrigena,57505581,0,live,lolD,"HCK03_RS16700, HCK03_16695",lipoprotein-releasing ABC transporter ATP-binding protein LolD,lipoprotein-releasing ABC transporter ATP-binding protein LolD,,,,,,,,,
626774,Proteus terrae subsp. cibarius,57332588,0,live,lolD,"GTH25_RS07070, GTH25_07015",lipoprotein-releasing ABC transporter ATP-binding protein LolD,lipoprotein-releasing ABC transporter ATP-binding protein LolD,,,,,,,,,
78398,Pectobacterium odoriferum,51389262,0,live,lolD,"EO763_RS09135, EO763_09265",lipoprotein-releasing ABC transporter ATP-binding protein LolD,lipoprotein-releasing ABC transporter ATP-binding protein LolD,,,,,,,,,
83655,Leclercia adecarboxylata,30333005,0,live,lolD,"APT61_RS13865, APT61_13865",lipoprotein-releasing ABC transporter ATP-binding protein LolD,lipoprotein-releasing ABC transporter ATP-binding protein LolD,,,,,,,,,
47917,Serratia fonticola,30322331,0,live,lolD,"WN53_RS19335, WN53_19340",lipoprotein-releasing ABC transporter ATP-binding protein LolD,lipoprotein-releasing ABC transporter ATP-binding protein LolD,,,,,,,,,
223926,Vibrio parahaemolyticus RIMD 2210633,1188482,0,live,lolD,"VP_RS04780, VP0978",lipoprotein-releasing ABC transporter ATP-binding protein LolD,lipoprotein-releasing ABC transporter ATP-binding protein LolD,,1,NC_004603.1,1020348,1021055,plus,0,,
747,Pasteurella multocida,77208090,0,live,lolD,"A6J57_RS10320, A6J57_10300",lipoprotein-releasing ABC transporter ATP-binding protein LolD,lipoprotein-releasing ABC transporter ATP-binding protein LolD,,,,,,,,,
666,Vibrio cholerae,69719487,0,live,lolD,"F0316_RS04840, F0316_04840",lipoprotein-releasing ABC transporter ATP-binding protein LolD,lipoprotein-releasing ABC transporter ATP-binding protein LolD,,1,,,,,,,
756892,Acinetobacter indicus,69465385,0,live,lolD,GA693_RS02510,lipoprotein-releasing ABC transporter ATP-binding protein LolD,lipoprotein-releasing ABC transporter ATP-binding protein LolD,,,,,,,,,
129394,Xanthomonas oryzae pv. oryzicola,77337343,0,live,lolD,"XOCgx_RS10525, XOCgx_2287",lipoprotein-releasing ABC transporter ATP-binding protein LolD,lipoprotein-releasing ABC transporter ATP-binding protein LolD,,,,,,,,,
75985,Mannheimia haemolytica,67368249,0,live,lolD,"CKG22_RS03145, CKG22_03145",lipoprotein-releasing ABC transporter ATP-binding protein LolD,lipoprotein-releasing ABC transporter ATP-binding protein LolD,,,,,,,,,
696485,Vibrio owensii,47098846,0,live,lolD,"A9237_RS03435, A9237_03435",lipoprotein-releasing ABC transporter ATP-binding protein LolD,lipoprotein-releasing ABC transporter ATP-binding protein LolD,,1,,,,,,,
1450527,Francisella tularensis subsp. novicida D9876,75264015,0,live,lolD,"AQ14_RS01850, AQ14_374",lipoprotein-releasing ABC transporter ATP-binding protein LolD,lipoprotein-releasing ABC transporter ATP-binding protein LolD,,,,,,,,,
1094184,Xanthomonas vasicola pv. musacearum NCPPB 4379,69690119,0,live,lolD,"KWO_RS11175, KWO_011175",lipoprotein-releasing ABC transporter ATP-binding protein LolD,lipoprotein-releasing ABC transporter ATP-binding protein LolD,,,,,,,,,
550540,Ferrimonas balearica DSM 9799,67182718,0,live,lolD,"FBAL_RS12800, Fbal_2509",lipoprotein-releasing ABC transporter ATP-binding protein LolD,lipoprotein-releasing ABC transporter ATP-binding protein LolD,,,NC_014541.1,2796047,2796739,minus,0,,
46257,Pseudomonas avellanae,61788707,0,live,lolD,N010_RS0203385,lipoprotein-releasing ABC transporter ATP-binding protein LolD,lipoprotein-releasing ABC transporter ATP-binding protein LolD,,,,,,,,,
743972,Actinobacillus suis ATCC 33415,34292198,0,live,lolD,"ASU1_RS11585, ASU1_11305",lipoprotein-releasing ABC transporter ATP-binding protein LolD,lipoprotein-releasing ABC transporter ATP-binding protein LolD,,,,,,,,,
228400,Histophilus somni 2336,31487716,0,live,lolD,"HSM_RS07295, HSM_1418",lipoprotein-releasing ABC transporter ATP-binding protein LolD,lipoprotein-releasing ABC transporter ATP-binding protein LolD,,,NC_010519.1,1623340,1624023,minus,0,,
663,Vibrio alginolyticus,75168280,0,live,lolD,"NAL94_RS18715, NAL94_18720",lipoprotein-releasing ABC transporter ATP-binding protein LolD,lipoprotein-releasing ABC transporter ATP-binding protein LolD,,2,,,,,,,
53408,Pseudomonas citronellolis,72995095,0,live,lolD,"PcP3B5_RS09550, PcP3B5_19440",lipoprotein-releasing ABC transporter ATP-binding protein LolD,lipoprotein-releasing ABC transporter ATP-binding protein LolD,,,,,,,,,
60550,Burkholderia pyrrocinia,55503799,0,live,lolD,"ABD05_RS00480, ABD05_00480",lipoprotein-releasing ABC transporter ATP-binding protein LolD,lipoprotein-releasing ABC transporter ATP-binding protein LolD,,1,,,,,,,
398578,Delftia acidovorans SPH-1,24115294,0,live,lolD,"DACI_RS27310, Daci_5400",lipoprotein-releasing ABC transporter ATP-binding protein LolD,lipoprotein-releasing ABC transporter ATP-binding protein LolD,,,NC_010002.1,5993920,5994636,minus,0,,
693973,Shewanella baltica OS678,11772614,0,live,lolD,"SBAL678_RS35915, Sbal678_2509",lipoprotein-releasing ABC transporter ATP-binding protein LolD,lipoprotein-releasing ABC transporter ATP-binding protein LolD,,,NC_016901.1,2908524,2909219,minus,0,,
223283,Pseudomonas syringae pv. tomato str. DC3000,1183757,0,live,lolD,"PSPTO_RS10925, PSPTO2110, PSPTO_2110",lipoprotein-releasing ABC transporter ATP-binding protein LolD,lipoprotein-releasing ABC transporter ATP-binding protein LolD,,,NC_004578.1,2285367,2286050,plus,0,,
280147,Acinetobacter courvalinii,80104236,0,live,lolD,"IEV39_RS08365, GCM10007354_16680",lipoprotein-releasing ABC transporter ATP-binding protein LolD,lipoprotein-releasing ABC transporter ATP-binding protein LolD,,,,,,,,,
28172,Vibrio metschnikovii,79888143,0,live,lolD,"DYH36_RS08070, NCTC8443_01661",lipoprotein-releasing ABC transporter ATP-binding protein LolD,lipoprotein-releasing ABC transporter ATP-binding protein LolD,,,,,,,,,
645,Aeromonas salmonicida,79879608,0,live,lolD,"ONZ54_RS10385, ONZ54_10395",lipoprotein-releasing ABC transporter ATP-binding protein LolD,lipoprotein-releasing ABC transporter ATP-binding protein LolD,,,,,,,,,
80869,Paracidovorax citrulli,79791409,0,live,lolD,"FRC97_RS13200, FRC97_13215",lipoprotein-releasing ABC transporter ATP-binding protein LolD,lipoprotein-releasing ABC transporter ATP-binding protein LolD,,,,,,,,,
735,Haemophilus parahaemolyticus,78224208,0,live,lolD,"I6J29_RS05735, I6J29_05735",lipoprotein-releasing ABC transporter ATP-binding protein LolD,lipoprotein-releasing ABC transporter ATP-binding protein LolD,,,,,,,,,
553239,Vibrio breoganii,77306016,0,live,lolD,OCU35_RS08265,lipoprotein-releasing ABC transporter ATP-binding protein LolD,lipoprotein-releasing ABC transporter ATP-binding protein LolD,,1,,,,,,,
1121910,Gallibacterium anatis DSM 16844 = F 149,77262705,0,live,lolD,"IE01_RS01125, IE01_01160",lipoprotein-releasing ABC transporter ATP-binding protein LolD,lipoprotein-releasing ABC transporter ATP-binding protein LolD,,,,,,,,,
714,Aggregatibacter actinomycetemcomitans,77212079,0,live,lolD,LIN98_RS08115,lipoprotein-releasing ABC transporter ATP-binding protein LolD,lipoprotein-releasing ABC transporter ATP-binding protein LolD,,,,,,,,,
847,Oxalobacter formigenes,77135103,0,live,lolD,"BRW83_RS06130, BRW83_1219",lipoprotein-releasing ABC transporter ATP-binding protein LolD,lipoprotein-releasing ABC transporter ATP-binding protein LolD,,,,,,,,,
391735,Verminephrobacter eiseniae EF01-2,76461636,0,live,lolD,"VEIS_RS15470, Veis_3180",lipoprotein-releasing ABC transporter ATP-binding protein LolD,lipoprotein-releasing ABC transporter ATP-binding protein LolD,,,NC_008786.1,3545586,3546290,minus,0,,
29497,Vibrio splendidus,72396642,0,live,lolD,"LTQ54_RS03490, LTQ54_03490",lipoprotein-releasing ABC transporter ATP-binding protein LolD,lipoprotein-releasing ABC transporter ATP-binding protein LolD,,1,,,,,,,
1219067,Vibrio natriegens NBRC 15636 = ATCC 14048 = DSM 759,70912840,0,live,lolD,"PN96_RS08635, PN96_08530",lipoprotein-releasing ABC transporter ATP-binding protein LolD,lipoprotein-releasing ABC transporter ATP-binding protein LolD,,1,,,,,,,
40215,Acinetobacter junii,70091814,0,live,lolD,"H2677_RS04745, H2677_04745",lipoprotein-releasing ABC transporter ATP-binding protein LolD,lipoprotein-releasing ABC transporter ATP-binding protein LolD,,,,,,,,,
28090,Acinetobacter lwoffii,69581598,0,live,lolD,"J7649_RS00450, J7649_00450",lipoprotein-releasing ABC transporter ATP-binding protein LolD,lipoprotein-releasing ABC transporter ATP-binding protein LolD,,,,,,,,,
316,Stutzerimonas stutzeri,66821959,0,live,lolD,"PszF2a_RS13660, PszF2a_26700",lipoprotein-releasing ABC transporter ATP-binding protein LolD,lipoprotein-releasing ABC transporter ATP-binding protein LolD,,,,,,,,,
485,Neisseria gonorrhoeae,66753111,0,live,lolD,"HT085_RS04295, TUM19854C_08270",lipoprotein-releasing ABC transporter ATP-binding protein LolD,lipoprotein-releasing ABC transporter ATP-binding protein LolD,,,,,,,,,
1238,Piscirickettsia salmonis,66741324,0,live,lolD,"Psal070_RS10755, Psal070_02172",lipoprotein-releasing ABC transporter ATP-binding protein LolD,lipoprotein-releasing ABC transporter ATP-binding protein LolD,,,,,,,,,
536,Chromobacterium violaceum,66368663,0,live,lolD,"I6K03_RS21255, I6K03_21255",lipoprotein-releasing ABC transporter ATP-binding protein LolD,lipoprotein-releasing ABC transporter ATP-binding protein LolD,,,,,,,,,
1217716,Acinetobacter ursingii NIPH 706,66211811,0,live,lolD,"F943_RS08055, F943_01665",lipoprotein-releasing ABC transporter ATP-binding protein LolD,lipoprotein-releasing ABC transporter ATP-binding protein LolD,,,,,,,,,
285,Comamonas testosteroni,63995695,0,live,lolD,"IYN88_RS01940, IYN88_01940",lipoprotein-releasing ABC transporter ATP-binding protein LolD,lipoprotein-releasing ABC transporter ATP-binding protein LolD,,,,,,,,,
329,Ralstonia pickettii,61387307,0,live,lolD,FY486_RS02685,lipoprotein-releasing ABC transporter ATP-binding protein LolD,lipoprotein-releasing ABC transporter ATP-binding protein LolD,,,,,,,,,
43658,Pseudoalteromonas rubra,61357389,0,live,lolD,"PRUB_RS08665, PRUB_a4500",lipoprotein-releasing ABC transporter ATP-binding protein LolD,lipoprotein-releasing ABC transporter ATP-binding protein LolD,,,,,,,,,
758,Rodentibacter pneumotropicus,61267035,0,live,lolD,TR34_RS05310,lipoprotein-releasing ABC transporter ATP-binding protein LolD,lipoprotein-releasing ABC transporter ATP-binding protein LolD,,,,,,,,,
888057,Aggregatibacter segnis ATCC 33393,60800437,0,live,lolD,"DQN58_RS07720, NCTC10977_01547",lipoprotein-releasing ABC transporter ATP-binding protein LolD,lipoprotein-releasing ABC transporter ATP-binding protein LolD,,1,,,,,,,
539,Eikenella corrodens,60769296,0,live,lolD,"CKV94_RS01955, SAMEA4412678_00394",lipoprotein-releasing ABC transporter ATP-binding protein LolD,lipoprotein-releasing ABC transporter ATP-binding protein LolD,,1,,,,,,,
673,Grimontia hollisae,58897478,0,live,lolD,"AL542_RS16320, AL542_16135",lipoprotein-releasing ABC transporter ATP-binding protein LolD,lipoprotein-releasing ABC transporter ATP-binding protein LolD,,1,,,,,,,
1191460,Acinetobacter venetianus RAG-1 = CIP 110063,58194186,0,live,lolD,"F959_RS06405, F959_01295",lipoprotein-releasing ABC transporter ATP-binding protein LolD,lipoprotein-releasing ABC transporter ATP-binding protein LolD,,,,,,,,,
108981,Acinetobacter schindleri,58162575,0,live,lolD,"FSC11_RS04575, FSC11_04580",lipoprotein-releasing ABC transporter ATP-binding protein LolD,lipoprotein-releasing ABC transporter ATP-binding protein LolD,,,,,,,,,
1225174,Ectopseudomonas mendocina S5.2,57607286,0,live,lolD,"DW68_RS15490, DW68_015490",lipoprotein-releasing ABC transporter ATP-binding protein LolD,lipoprotein-releasing ABC transporter ATP-binding protein LolD,,,,,,,,,
95486,Burkholderia cenocepacia,56558683,0,live,lolD,"WL90_RS11095, WL90_11075",lipoprotein-releasing ABC transporter ATP-binding protein LolD,lipoprotein-releasing ABC transporter ATP-binding protein LolD,,1,,,,,,,
29494,Vibrio furnissii,50535072,0,live,lolD,"FIU11_RS07935, FIU11_07935",lipoprotein-releasing ABC transporter ATP-binding protein LolD,lipoprotein-releasing ABC transporter ATP-binding protein LolD,,1,,,,,,,
47951,Vibrio cyclitrophicus,50230459,0,live,lolD,"FAZ90_RS09860, FAZ90_09860",lipoprotein-releasing ABC transporter ATP-binding protein LolD,lipoprotein-releasing ABC transporter ATP-binding protein LolD,,1,,,,,,,
484,Neisseria flavescens,49970991,0,live,lolD,"FAH67_RS04540, FAH67_04540",lipoprotein-releasing ABC transporter ATP-binding protein LolD,lipoprotein-releasing ABC transporter ATP-binding protein LolD,,,,,,,,,
28449,Neisseria subflava,49949631,0,live,lolD,"FAH66_RS04600, FAH66_04600",lipoprotein-releasing ABC transporter ATP-binding protein LolD,lipoprotein-releasing ABC transporter ATP-binding protein LolD,,,,,,,,,
2025884,Aggregatibacter kilianii,48246144,0,live,lolD,DK428_RS01355,lipoprotein-releasing ABC transporter ATP-binding protein LolD,lipoprotein-releasing ABC transporter ATP-binding protein LolD,,,,,,,,,
190895,Vibrio rotiferianus,47657240,0,live,lolD,"BSZ04_RS18535, BSZ04_18300",lipoprotein-releasing ABC transporter ATP-binding protein LolD,lipoprotein-releasing ABC transporter ATP-binding protein LolD,,2,,,,,,,
280145,Acinetobacter colistiniresistens,45418518,0,live,lolD,"F907_RS10290, F907_01213",lipoprotein-releasing ABC transporter ATP-binding protein LolD,lipoprotein-releasing ABC transporter ATP-binding protein LolD,,,,,,,,,
150340,Vibrio antiquarius,45028184,0,live,lolD,"VEA_RS12195, VEA_003991",lipoprotein-releasing ABC transporter ATP-binding protein LolD,lipoprotein-releasing ABC transporter ATP-binding protein LolD,,1,NC_013456.1,2637358,2638065,minus,0,,
1261617,Duganella zoogloeoides ATCC 25935,43162628,0,live,lolD,F460_RS0106005,lipoprotein-releasing ABC transporter ATP-binding protein LolD,lipoprotein-releasing ABC transporter ATP-binding protein LolD,,,,,,,,,
1159554,Cronobacter dublinensis subsp. dublinensis LMG 23823,45666326,0,live,lolD,"AFK67_RS08080, AFK67_08080",lipoprotein-releasing ABC transporter ATP-binding protein LolD,lipoprotein-releasing ABC transporter ATP-binding protein LolD,,,,,,,,,
137545,Serratia quinivorans,74950315,0,live,lolD,"EL336_RS10460, NCTC13188_02107",lipoprotein-releasing ABC transporter ATP-binding protein LolD,lipoprotein-releasing ABC transporter ATP-binding protein LolD,,1,,,,,,,
650,Aeromonas jandaei,69553664,0,live,lolD,"I6H43_RS20310, I6H43_20310",lipoprotein-releasing ABC transporter ATP-binding protein LolD,lipoprotein-releasing ABC transporter ATP-binding protein LolD,,,,,,,,,
487909,Xanthomonas translucens pv. undulosa,66887219,0,live,lolD,"ISN38_RS01170, ISN38_01170",lipoprotein-releasing ABC transporter ATP-binding protein LolD,lipoprotein-releasing ABC transporter ATP-binding protein LolD,,,,,,,,,
666685,Rhodanobacter denitrificans,72427085,0,live,lolD,"LRK52_RS10520, LRK52_10520",lipoprotein-releasing ABC transporter ATP-binding protein LolD,lipoprotein-releasing ABC transporter ATP-binding protein LolD,,,,,,,,,
363952,Comamonas thiooxydans,69558545,0,live,lolD,"Cthiooxydans_RS04445, Cthiooxydans_08480",lipoprotein-releasing ABC transporter ATP-binding protein LolD,lipoprotein-releasing ABC transporter ATP-binding protein LolD,,,,,,,,,
611301,Xanthomonas citri pv. citri,66911217,0,live,lolD,"AMD14_RS11030, J164_02230, J164_RS11050",lipoprotein-releasing ABC transporter ATP-binding protein LolD,lipoprotein-releasing ABC transporter ATP-binding protein LolD,,,,,,,,,
689,Vibrio mediterranei,64086738,0,live,lolD,"HOP38_RS11050, HOP38_11050",lipoprotein-releasing ABC transporter ATP-binding protein LolD,lipoprotein-releasing ABC transporter ATP-binding protein LolD,,I,,,,,,,
319939,Metapseudomonas otitidis,57396972,0,live,lolD,"PotMrB4_RS08820, PtoMrB4_17570",lipoprotein-releasing ABC transporter ATP-binding protein LolD,lipoprotein-releasing ABC transporter ATP-binding protein LolD,,,,,,,,,
930166,Pseudomonas brassicacearum,57258500,0,live,lolD,"ELZ14_RS09725, ELZ14_09725",lipoprotein-releasing ABC transporter ATP-binding protein LolD,lipoprotein-releasing ABC transporter ATP-binding protein LolD,,,,,,,,,
29581,Janthinobacterium lividum,56947271,0,live,lolD,"G3257_RS18260, G3257_18225",lipoprotein-releasing ABC transporter ATP-binding protein LolD,lipoprotein-releasing ABC transporter ATP-binding protein LolD,,,,,,,,,
104087,Pseudomonas frederiksbergensis,46907426,0,live,lolD,"BLL42_RS04385, BLL42_04280",lipoprotein-releasing ABC transporter ATP-binding protein LolD,lipoprotein-releasing ABC transporter ATP-binding protein LolD,,,,,,,,,
321846,Pseudomonas simiae,45622224,0,live,lolD,"PF1751_RS07885, PF1751_v1c15580",lipoprotein-releasing ABC transporter ATP-binding protein LolD,lipoprotein-releasing ABC transporter ATP-binding protein LolD,,,,,,,,,
1196094,Snodgrassella alvi wkB2,32537132,0,live,lolD,"SALWKB2_RS04390, SALWKB2_0872",lipoprotein-releasing ABC transporter ATP-binding protein LolD,lipoprotein-releasing ABC transporter ATP-binding protein LolD,,,,,,,,,
563797,Pseudomonas coronafaciens pv. oryzae str. 1_6,72392441,0,live,lolD,"POR16_RS08630, POR16_08630",lipoprotein-releasing ABC transporter ATP-binding protein LolD,lipoprotein-releasing ABC transporter ATP-binding protein LolD,,,,,,,,,
1323664,Paraburkholderia caribensis MBA4,69969685,0,live,lolD,"K788_RS13410, K788_0007495",lipoprotein-releasing ABC transporter ATP-binding protein LolD,lipoprotein-releasing ABC transporter ATP-binding protein LolD,,1,,,,,,,
92647,Paraburkholderia tropica,61302008,0,live,lolD,"G5S35_RS05935, G5S35_05920",lipoprotein-releasing ABC transporter ATP-binding protein LolD,lipoprotein-releasing ABC transporter ATP-binding protein LolD,,A,,,,,,,
93220,Pandoraea pnomenusa,57198258,0,live,lolD,"X636_RS08765, X636_19485",lipoprotein-releasing ABC transporter ATP-binding protein LolD,lipoprotein-releasing ABC transporter ATP-binding protein LolD,,,NC_023018.2,1922927,1923652,plus,0,,
76761,Pseudomonas veronii,47555090,0,live,lolD,"PverR02_RS08100, PverR02_08010",lipoprotein-releasing ABC transporter ATP-binding protein LolD,lipoprotein-releasing ABC transporter ATP-binding protein LolD,,,,,,,,,
1211579,Pseudomonas putida NBRC 14164,45525178,0,live,lolD,"PP4_RS18590, PP4_36930",lipoprotein-releasing ABC transporter ATP-binding protein LolD,lipoprotein-releasing ABC transporter ATP-binding protein LolD,,,NC_021505.1,4197206,4197889,minus,0,,
170679,Vibrio chagasii,77340891,0,live,lolD,OCV52_RS05200,lipoprotein-releasing ABC transporter ATP-binding protein LolD,lipoprotein-releasing ABC transporter ATP-binding protein LolD,,1,,,,,,,
212663,Vibrio tasmaniensis,77316701,0,live,lolD,OCV44_RS09545,lipoprotein-releasing ABC transporter ATP-binding protein LolD,lipoprotein-releasing ABC transporter ATP-binding protein LolD,,1,,,,,,,
134537,Paraburkholderia fungorum,66516807,0,live,lolD,"OI25_RS19580, OI25_2866",lipoprotein-releasing ABC transporter ATP-binding protein LolD,lipoprotein-releasing ABC transporter ATP-binding protein LolD,,1,,,,,,,
441162,Burkholderia oklahomensis C6786,60549022,0,live,lolD,"BG90_RS14085, BG90_2832",lipoprotein-releasing ABC transporter ATP-binding protein LolD,lipoprotein-releasing ABC transporter ATP-binding protein LolD,,I,,,,,,,
233316,Alteromonas stellipolaris,83257656,0,live,lolD,"AVL56_RS07025, AVL56_07025",lipoprotein-releasing ABC transporter ATP-binding protein LolD,lipoprotein-releasing ABC transporter ATP-binding protein LolD,,,,,,,,,
225992,Comamonas kerstersii,83039409,0,live,lolD,"B5M06_RS08755, B5M06_08755",lipoprotein-releasing ABC transporter ATP-binding protein LolD,lipoprotein-releasing ABC transporter ATP-binding protein LolD,,,,,,,,,
436515,Variovorax boronicumulans,82270274,0,live,lolD,"VHAB30_RS19940, VHAB30_40030",lipoprotein-releasing ABC transporter ATP-binding protein LolD,lipoprotein-releasing ABC transporter ATP-binding protein LolD,,,,,,,,,
128785,Pseudoxanthomonas mexicana,81472342,0,live,lolD,"IAE60_RS15250, IAE60_15250",lipoprotein-releasing ABC transporter ATP-binding protein LolD,lipoprotein-releasing ABC transporter ATP-binding protein LolD,,,,,,,,,
1219032,Comamonas terrigena NBRC 13299,80800370,0,live,lolD,"CT3_RS04320, CT3_08380",lipoprotein-releasing ABC transporter ATP-binding protein LolD,lipoprotein-releasing ABC transporter ATP-binding protein LolD,,,,,,,,,
2259622,Xanthomonas euroxanthea,79389552,0,live,lolD,"H7A86_RS11135, XSP_002243",lipoprotein-releasing ABC transporter ATP-binding protein LolD,lipoprotein-releasing ABC transporter ATP-binding protein LolD,,1,,,,,,,
359110,Pseudomonas extremaustralis,78554349,0,live,lolD,"BLR63_RS14280, SAMN05216591_2918",lipoprotein-releasing ABC transporter ATP-binding protein LolD,lipoprotein-releasing ABC transporter ATP-binding protein LolD,,I,,,,,,,
1215114,Pseudomonas parafulva NBRC 16636 = DSM 17004,78502520,0,live,lolD,PPA02S_RS05135,lipoprotein-releasing ABC transporter ATP-binding protein LolD,lipoprotein-releasing ABC transporter ATP-binding protein LolD,,,,,,,,,
128780,Stenotrophomonas acidaminiphila,78389366,0,live,lolD,F0P95_RS11240,lipoprotein-releasing ABC transporter ATP-binding protein LolD,lipoprotein-releasing ABC transporter ATP-binding protein LolD,,,,,,,,,
589873,Alteromonas australica,78254944,0,live,lolD,"EP13_RS08245, EP13_08455",lipoprotein-releasing ABC transporter ATP-binding protein LolD,lipoprotein-releasing ABC transporter ATP-binding protein LolD,,,,,,,,,
300876,Vibrio europaeus,78075363,0,live,lolD,"AZ468_RS07035, AZ468_06660",lipoprotein-releasing ABC transporter ATP-binding protein LolD,lipoprotein-releasing ABC transporter ATP-binding protein LolD,,1,,,,,,,
317,Pseudomonas syringae,77277740,0,live,lolD,"KIJ28_RS08810, KIJ28_08810",lipoprotein-releasing ABC transporter ATP-binding protein LolD,lipoprotein-releasing ABC transporter ATP-binding protein LolD,,,,,,,,,
1324617,Paraburkholderia aspalathi,77194583,0,live,lolD,"KHO30_RS11915, R20943_02414",lipoprotein-releasing ABC transporter ATP-binding protein LolD,lipoprotein-releasing ABC transporter ATP-binding protein LolD,,,,,,,,,
183795,Pseudomonas mediterranea,76214474,0,live,lolD,"BLU23_RS21215, SAMN05216476_4455",lipoprotein-releasing ABC transporter ATP-binding protein LolD,lipoprotein-releasing ABC transporter ATP-binding protein LolD,,I,,,,,,,
2968969,Stutzerimonas frequens,75215141,0,live,lolD,"I6G34_RS17565, I6G34_17565",lipoprotein-releasing ABC transporter ATP-binding protein LolD,lipoprotein-releasing ABC transporter ATP-binding protein LolD,,,,,,,,,
332186,Shewanella xiamenensis,75188981,0,live,lolD,"KXJ80_RS14065, KXJ80_14010",lipoprotein-releasing ABC transporter ATP-binding protein LolD,lipoprotein-releasing ABC transporter ATP-binding protein LolD,,,,,,,,,
225991,Comamonas aquatica,74937250,0,live,lolD,"KAQ61_RS01240, KAQ61_01240",lipoprotein-releasing ABC transporter ATP-binding protein LolD,lipoprotein-releasing ABC transporter ATP-binding protein LolD,,,,,,,,,
200454,Pseudomonas tremae,73736400,0,live,lolD,"I9H09_RS16180, I9H09_16120",lipoprotein-releasing ABC transporter ATP-binding protein LolD,lipoprotein-releasing ABC transporter ATP-binding protein LolD,,,,,,,,,
28110,Francisella philomiragia,72523536,0,live,lolD,"IMS64_RS02205, IMS64_02205",lipoprotein-releasing ABC transporter ATP-binding protein LolD,lipoprotein-releasing ABC transporter ATP-binding protein LolD,,,,,,,,,
2666183,Pseudomonas juntendi,72419527,0,live,lolD,"L1P09_RS07970, L1P09_07970",lipoprotein-releasing ABC transporter ATP-binding protein LolD,lipoprotein-releasing ABC transporter ATP-binding protein LolD,,,,,,,,,
95485,Burkholderia stabilis,71052575,0,live,lolD,"BSTAB16_RS00395, BSTAB16_0074",lipoprotein-releasing ABC transporter ATP-binding protein LolD,lipoprotein-releasing ABC transporter ATP-binding protein LolD,,I,,,,,,,
82541,Cupriavidus gilardii,70689744,0,live,lolD,"FOB47_RS15400, FOB47_15400",lipoprotein-releasing ABC transporter ATP-binding protein LolD,lipoprotein-releasing ABC transporter ATP-binding protein LolD,,2,,,,,,,
675,Vibrio cincinnatiensis,70583931,0,live,lolD,"DX498_RS12795, NCTC12012_02601",lipoprotein-releasing ABC transporter ATP-binding protein LolD,lipoprotein-releasing ABC transporter ATP-binding protein LolD,,,,,,,,,
78544,Pseudomonas gessardii,70104509,0,live,lolD,"BLQ94_RS27170, SAMN04490207_5682",lipoprotein-releasing ABC transporter ATP-binding protein LolD,lipoprotein-releasing ABC transporter ATP-binding protein LolD,,,,,,,,,
2023717,Photobacterium carnosum,69964482,0,live,lolD,"GLP24_RS06895, GLP24_06860",lipoprotein-releasing ABC transporter ATP-binding protein LolD,lipoprotein-releasing ABC transporter ATP-binding protein LolD,,,,,,,,,
29438,Pseudomonas savastanoi,69858826,0,live,lolD,"KP808_RS08835, KP808_08810",lipoprotein-releasing ABC transporter ATP-binding protein LolD,lipoprotein-releasing ABC transporter ATP-binding protein LolD,,,,,,,,,
753,Pasteurella canis,69686579,0,live,lolD,"K7G93_RS03210, K7G93_000643",lipoprotein-releasing ABC transporter ATP-binding protein LolD,lipoprotein-releasing ABC transporter ATP-binding protein LolD,,,,,,,,,
136468,Vibrio lentus,69649505,0,live,lolD,"BCT95_RS10140, BCT95_010075",lipoprotein-releasing ABC transporter ATP-binding protein LolD,lipoprotein-releasing ABC transporter ATP-binding protein LolD,,,,,,,,,
651,Aeromonas media,69413037,0,live,lolD,"KI797_RS11190, KI797_11165",lipoprotein-releasing ABC transporter ATP-binding protein LolD,lipoprotein-releasing ABC transporter ATP-binding protein LolD,,,,,,,,,
488729,Burkholderia metallica,67904519,0,live,lolD,"WJ16_RS10910, WJ16_10895",lipoprotein-releasing ABC transporter ATP-binding protein LolD,lipoprotein-releasing ABC transporter ATP-binding protein LolD,,1,,,,,,,
195709,Xanthomonas arboricola pv. juglandis,67407034,0,live,lolD,"KHN93_RS11250, XCY_002250",lipoprotein-releasing ABC transporter ATP-binding protein LolD,lipoprotein-releasing ABC transporter ATP-binding protein LolD,,1,,,,,,,
680,Vibrio campbellii,67377932,0,live,lolD,"C1N50_RS11505, C1N50_11500",lipoprotein-releasing ABC transporter ATP-binding protein LolD,lipoprotein-releasing ABC transporter ATP-binding protein LolD,,1,,,,,,,
738,Glaesserella parasuis,66619811,0,live,lolD,"J1G47_RS10960, J1G47_10960",lipoprotein-releasing ABC transporter ATP-binding protein LolD,lipoprotein-releasing ABC transporter ATP-binding protein LolD,,,,,,,,,
28095,Burkholderia gladioli,66458503,0,live,lolD,JKG63_RS13100,lipoprotein-releasing ABC transporter ATP-binding protein LolD,lipoprotein-releasing ABC transporter ATP-binding protein LolD,,1,,,,,,,
728,Avibacterium paragallinarum,66255855,0,live,lolD,"HBL79_RS04505, HBL79_04505",lipoprotein-releasing ABC transporter ATP-binding protein LolD,lipoprotein-releasing ABC transporter ATP-binding protein LolD,,,,,,,,,
1331689,Ursidibacter maritimus,65548744,0,live,lolD,"A1D26_RS04590, A1D26_02080",lipoprotein-releasing ABC transporter ATP-binding protein LolD,lipoprotein-releasing ABC transporter ATP-binding protein LolD,,,,,,,,,
200452,Pseudomonas congelans,65073377,0,live,lolD,"BLR20_RS00510, SAMN05216596_101100",lipoprotein-releasing ABC transporter ATP-binding protein LolD,lipoprotein-releasing ABC transporter ATP-binding protein LolD,,,,,,,,,
757414,Pseudomonas cannabina pv. alisalensis,64466628,0,live,lolD,"JGS08_RS17310, JGS08_17310",lipoprotein-releasing ABC transporter ATP-binding protein LolD,lipoprotein-releasing ABC transporter ATP-binding protein LolD,,,,,,,,,
490,Neisseria sicca,64350117,0,live,lolD,"J7445_RS03570, J7445_03570",lipoprotein-releasing ABC transporter ATP-binding protein LolD,lipoprotein-releasing ABC transporter ATP-binding protein LolD,,,,,,,,,
2045451,Stenotrophomonas indicatrix,64104238,0,live,lolD,"DAIF1_RS08225, DAIF1_16300",lipoprotein-releasing ABC transporter ATP-binding protein LolD,lipoprotein-releasing ABC transporter ATP-binding protein LolD,,,,,,,,,
359387,Xanthomonas euvesicatoria pv. alfalfae,63991438,0,live,lolD,"XeaCFBP3836p_RS11055, XeaCFBP3836p_11055",lipoprotein-releasing ABC transporter ATP-binding protein LolD,lipoprotein-releasing ABC transporter ATP-binding protein LolD,,,,,,,,,
488731,Burkholderia seminalis,62011580,0,live,lolD,"WJ12_RS10675, WJ12_10655",lipoprotein-releasing ABC transporter ATP-binding protein LolD,lipoprotein-releasing ABC transporter ATP-binding protein LolD,,1,,,,,,,
48664,Xanthomonas fragariae,61894773,0,live,lolD,"PD885_RS12140, PD885_02432",lipoprotein-releasing ABC transporter ATP-binding protein LolD,lipoprotein-releasing ABC transporter ATP-binding protein LolD,,1,,,,,,,
86185,Pseudomonas lundensis,61879871,0,live,lolD,"IF654_RS07700, IF654_03215",lipoprotein-releasing ABC transporter ATP-binding protein LolD,lipoprotein-releasing ABC transporter ATP-binding protein LolD,,,,,,,,,
573066,Pseudomonas amygdali pv. tabaci str. ATCC 11528,61869299,0,live,lolD,"PSYTB_RS10235, PSYTB_10240",lipoprotein-releasing ABC transporter ATP-binding protein LolD,lipoprotein-releasing ABC transporter ATP-binding protein LolD,,,,,,,,,
47883,Pseudomonas synxantha,61829597,0,live,lolD,"C4K01_RS08795, C4K01_1770",lipoprotein-releasing ABC transporter ATP-binding protein LolD,lipoprotein-releasing ABC transporter ATP-binding protein LolD,,,,,,,,,
294,Pseudomonas fluorescens,61637782,0,live,lolD,"CPH89_RS19150, SAMN04488487_3941",lipoprotein-releasing ABC transporter ATP-binding protein LolD,lipoprotein-releasing ABC transporter ATP-binding protein LolD,,I,,,,,,,
76758,Pseudomonas orientalis,61616732,0,live,lolD,"C4J98_RS07555, C4J98_1516",lipoprotein-releasing ABC transporter ATP-binding protein LolD,lipoprotein-releasing ABC transporter ATP-binding protein LolD,,,,,,,,,
190721,Ralstonia insidiosa,61526389,0,live,lolD,"A9Y76_RS10195, A9Y76_10195",lipoprotein-releasing ABC transporter ATP-binding protein LolD,lipoprotein-releasing ABC transporter ATP-binding protein LolD,,1,,,,,,,
216778,Stenotrophomonas rhizophila,61476686,0,live,lolD,"DX03_RS12005, DX03_12220",lipoprotein-releasing ABC transporter ATP-binding protein LolD,lipoprotein-releasing ABC transporter ATP-binding protein LolD,,,,,,,,,
80854,Moritella viscosa,61297442,0,live,lolD,"BT797_RS18950, LFI5006_3820, concatenated_sequence_orf04288",lipoprotein-releasing ABC transporter ATP-binding protein LolD,lipoprotein-releasing ABC transporter ATP-binding protein LolD,,,,,,,,,
661,Photobacterium angustum,61228057,0,live,lolD,"C0W36_RS03120, C0W36_03105",lipoprotein-releasing ABC transporter ATP-binding protein LolD,lipoprotein-releasing ABC transporter ATP-binding protein LolD,,,,,,,,,
486,Neisseria lactamica,61224190,0,live,lolD,DV311_RS05035,lipoprotein-releasing ABC transporter ATP-binding protein LolD,lipoprotein-releasing ABC transporter ATP-binding protein LolD,,,,,,,,,
654,Aeromonas veronii,60843601,0,live,lolD,"FOB40_RS02720, FOB40_02720",lipoprotein-releasing ABC transporter ATP-binding protein LolD,lipoprotein-releasing ABC transporter ATP-binding protein LolD,,,,,,,,,
656,Aeromonas allosaccharophila,60784727,0,live,lolD,"I6G90_RS03935, I6G90_03935",lipoprotein-releasing ABC transporter ATP-binding protein LolD,lipoprotein-releasing ABC transporter ATP-binding protein LolD,,,,,,,,,
1785128,Acinetobacter lactucae,60753011,0,live,lolD,HLV59_RS04345,lipoprotein-releasing ABC transporter ATP-binding protein LolD,lipoprotein-releasing ABC transporter ATP-binding protein LolD,,,,,,,,,
730,[Haemophilus] ducreyi,60733006,0,live,lolD,"A6037_RS01630, A6037_01650",lipoprotein-releasing ABC transporter ATP-binding protein LolD,lipoprotein-releasing ABC transporter ATP-binding protein LolD,,,,,,,,,
646,Aeromonas sobria,58922475,0,live,lolD,BN1135_RS10500,lipoprotein-releasing ABC transporter ATP-binding protein LolD,lipoprotein-releasing ABC transporter ATP-binding protein LolD,,,,,,,,,
78327,Pseudomonas mosselii,58769179,0,live,lolD,CSH50_RS17230,lipoprotein-releasing ABC transporter ATP-binding protein LolD,lipoprotein-releasing ABC transporter ATP-binding protein LolD,,,,,,,,,
76760,Pseudomonas rhodesiae,58695450,0,live,lolD,"HRH33_RS08515, HRH33_08515",lipoprotein-releasing ABC transporter ATP-binding protein LolD,lipoprotein-releasing ABC transporter ATP-binding protein LolD,,,,,,,,,
394935,Chromobacterium haemolyticum,58559805,0,live,lolD,"GYH29_RS10510, CH06BL_20870",lipoprotein-releasing ABC transporter ATP-binding protein LolD,lipoprotein-releasing ABC transporter ATP-binding protein LolD,,,,,,,,,
151081,Pseudoalteromonas ruthenica,58228776,0,live,lolD,"TW72_RS09765, TW72_09765",lipoprotein-releasing ABC transporter ATP-binding protein LolD,lipoprotein-releasing ABC transporter ATP-binding protein LolD,,,,,,,,,
359385,Xanthomonas campestris pv. raphani,58013307,0,live,lolD,"AD14011_RS10045, AD14011_10060",lipoprotein-releasing ABC transporter ATP-binding protein LolD,lipoprotein-releasing ABC transporter ATP-binding protein LolD,,,,,,,,,
56448,Xanthomonas arboricola,57956851,0,live,lolD,"FHY28_RS07590, FHY28_001489",lipoprotein-releasing ABC transporter ATP-binding protein LolD,lipoprotein-releasing ABC transporter ATP-binding protein LolD,,,,,,,,,
29447,Xanthomonas albilineans,57877128,0,live,lolD,"XaFJ1_RS08770, XaFJ1_GM001804",lipoprotein-releasing ABC transporter ATP-binding protein LolD,lipoprotein-releasing ABC transporter ATP-binding protein LolD,,,,,,,,,
117681,Pseudomonas gingeri,57662659,0,live,lolD,"HX881_RS21890, HX881_21890",lipoprotein-releasing ABC transporter ATP-binding protein LolD,lipoprotein-releasing ABC transporter ATP-binding protein LolD,,,,,,,,,
47885,Pseudomonas oryzihabitans,57558647,0,live,lolD,FSV80_RS07120,lipoprotein-releasing ABC transporter ATP-binding protein LolD,lipoprotein-releasing ABC transporter ATP-binding protein LolD,,,,,,,,,
1124983,Pseudomonas protegens CHA0,57475007,0,live,lolD,"PPRCHA0_RS10335, PPRCHA0_2002",lipoprotein-releasing ABC transporter ATP-binding protein LolD,lipoprotein-releasing ABC transporter ATP-binding protein LolD,,1,,,,,,,
47878,Pseudomonas azotoformans,57378399,0,live,lolD,"BLR69_RS29525, SAMN04489799_6028",lipoprotein-releasing ABC transporter ATP-binding protein LolD,lipoprotein-releasing ABC transporter ATP-binding protein LolD,,I,,,,,,,
43657,Pseudoalteromonas luteoviolacea,57361781,0,live,lolD,"FLM44_RS10150, FLM44_05540",lipoprotein-releasing ABC transporter ATP-binding protein LolD,lipoprotein-releasing ABC transporter ATP-binding protein LolD,,,,,,,,,
726,Haemophilus haemolyticus,56957904,0,live,lolD,"DQN30_RS06615, NCTC10839_01316",lipoprotein-releasing ABC transporter ATP-binding protein LolD,lipoprotein-releasing ABC transporter ATP-binding protein LolD,,1,,,,,,,
292,Burkholderia cepacia,56662061,0,live,lolD,"BURCE16_RS11455, BURCE16_11305",lipoprotein-releasing ABC transporter ATP-binding protein LolD,lipoprotein-releasing ABC transporter ATP-binding protein LolD,,1,,,,,,,
179879,Burkholderia anthina,56503469,0,live,lolD,"BME24068_RS27240, BAN20980_05401, HU786_RS27245",lipoprotein-releasing ABC transporter ATP-binding protein LolD,lipoprotein-releasing ABC transporter ATP-binding protein LolD,,,,,,,,,
47879,Pseudomonas corrugata,55647628,0,live,lolD,"AXG94_RS24845, AXG94_24810",lipoprotein-releasing ABC transporter ATP-binding protein LolD,lipoprotein-releasing ABC transporter ATP-binding protein LolD,,,,,,,,,
219574,Pseudomonas proteolytica,55538192,0,live,lolD,"BLW35_RS05090, SAMN04490200_1026",lipoprotein-releasing ABC transporter ATP-binding protein LolD,lipoprotein-releasing ABC transporter ATP-binding protein LolD,,,,,,,,,
56454,Xanthomonas hortorum,55511845,0,live,lolD,"XJ27_RS04935, XJ27_04700",lipoprotein-releasing ABC transporter ATP-binding protein LolD,lipoprotein-releasing ABC transporter ATP-binding protein LolD,,,,,,,,,
76759,Pseudomonas monteilii,49867882,0,live,lolD,"CHR29_RS09160, CHR29_09120",lipoprotein-releasing ABC transporter ATP-binding protein LolD,lipoprotein-releasing ABC transporter ATP-binding protein LolD,,,,,,,,,
985008,Aggregatibacter aphrophilus ATCC 33389,49635889,0,live,lolD,"EL144_RS07365, NCTC5906_01480",lipoprotein-releasing ABC transporter ATP-binding protein LolD,lipoprotein-releasing ABC transporter ATP-binding protein LolD,,1,,,,,,,
70611,Legionella taurinensis,48946928,0,live,lolD,"DYE45_RS05460, NCTC13314_01108",lipoprotein-releasing ABC transporter ATP-binding protein LolD,lipoprotein-releasing ABC transporter ATP-binding protein LolD,,,,,,,,,
1280002,Vibrio jasicida 090810c,48228479,0,live,lolD,C1S73_RS05550,lipoprotein-releasing ABC transporter ATP-binding protein LolD,lipoprotein-releasing ABC transporter ATP-binding protein LolD,,1,,,,,,,
33069,Pseudomonas viridiflava,47763628,0,live,lolD,"CFBP1590_RS09620, CFBP1590__1965",lipoprotein-releasing ABC transporter ATP-binding protein LolD,lipoprotein-releasing ABC transporter ATP-binding protein LolD,,I,,,,,,,
93218,Pandoraea apista,47014194,0,live,lolD,"AT395_RS10260, AT395_01275",lipoprotein-releasing ABC transporter ATP-binding protein LolD,lipoprotein-releasing ABC transporter ATP-binding protein LolD,,,,,,,,,
925775,Xanthomonas vesicatoria ATCC 35937,46980238,0,live,lolD,"BJD12_RS02170, BJD12_02170",lipoprotein-releasing ABC transporter ATP-binding protein LolD,lipoprotein-releasing ABC transporter ATP-binding protein LolD,,,,,,,,,
1503055,Burkholderia territorii,46200695,0,live,lolD,"WS51_RS20930, WS51_20910",lipoprotein-releasing ABC transporter ATP-binding protein LolD,lipoprotein-releasing ABC transporter ATP-binding protein LolD,,1,,,,,,,
482957,Burkholderia lata,45095300,0,live,lolD,"BCEP18194_RS17205, Bcep18194_A5419",lipoprotein-releasing ABC transporter ATP-binding protein LolD,lipoprotein-releasing ABC transporter ATP-binding protein LolD,,1,NC_007510.1,2487703,2488461,minus,0,,
43263,Aquipseudomonas alcaligenes,42930983,0,live,lolD,"A0T30_RS14375, A0T30_14375",lipoprotein-releasing ABC transporter ATP-binding protein LolD,lipoprotein-releasing ABC transporter ATP-binding protein LolD,,,,,,,,,
34062,Moraxella osloensis,35778887,0,live,lolD,"AXE82_RS03185, AXE82_03185",lipoprotein-releasing ABC transporter ATP-binding protein LolD,lipoprotein-releasing ABC transporter ATP-binding protein LolD,,,,,,,,,
105219,Ralstonia mannitolilytica,34791649,0,live,lolD,"TK49_RS09705, TK49_09710",lipoprotein-releasing ABC transporter ATP-binding protein LolD,lipoprotein-releasing ABC transporter ATP-binding protein LolD,,1,,,,,,,
318456,Photobacterium kishitanii,29943990,0,live,lolD,"PPBDW_RS10040, PPBDW_I21650",lipoprotein-releasing ABC transporter ATP-binding protein LolD,lipoprotein-releasing ABC transporter ATP-binding protein LolD,,,,,,,,,
1190813,Pseudoalteromonas shioyasakiensis,29848292,0,live,lolD,PASHI_RS02660,lipoprotein-releasing ABC transporter ATP-binding protein LolD,lipoprotein-releasing ABC transporter ATP-binding protein LolD,,,,,,,,,
676,Vibrio fluvialis,29384855,0,live,lolD,"AL536_RS38175, AL536_15340",lipoprotein-releasing ABC transporter ATP-binding protein LolD,lipoprotein-releasing ABC transporter ATP-binding protein LolD,,2,,,,,,,
263819,Yersinia aleksiciae,61901902,0,live,lolD,"AP371_RS06725, ERS008671_01391",lipoprotein-releasing ABC transporter ATP-binding protein LolD,lipoprotein-releasing ABC transporter ATP-binding protein LolD,,,,,,,,,
349966,Yersinia frederiksenii ATCC 33641,57906296,0,live,lolD,"DJ58_RS14770, DJ58_2550",lipoprotein-releasing ABC transporter ATP-binding protein LolD,lipoprotein-releasing ABC transporter ATP-binding protein LolD,,,,,,,,,
1453495,Yersinia aldovae 670-83,45570091,0,live,lolD,"AT01_RS04270, AT01_867",lipoprotein-releasing ABC transporter ATP-binding protein LolD,lipoprotein-releasing ABC transporter ATP-binding protein LolD,,,,,,,,,
29485,Yersinia rohdei,45566249,0,live,lolD,"CH64_RS04465, CH64_911",lipoprotein-releasing ABC transporter ATP-binding protein LolD,lipoprotein-releasing ABC transporter ATP-binding protein LolD,,,,,,,,,
158849,Moellerella wisconsensis,79717469,0,live,lolD,"MNY66_RS09315, MNY66_09315",lipoprotein-releasing ABC transporter ATP-binding protein LolD,lipoprotein-releasing ABC transporter ATP-binding protein LolD,,,,,,,,,
82983,Obesumbacterium proteus,78449560,0,live,lolD,"XK97_RS03640, XK97_03630",lipoprotein-releasing ABC transporter ATP-binding protein LolD,lipoprotein-releasing ABC transporter ATP-binding protein LolD,,,,,,,,,
2890317,Yersinia alsatica,75140732,0,live,lolD,"N0H69_RS11995, N0H69_11995",lipoprotein-releasing ABC transporter ATP-binding protein LolD,lipoprotein-releasing ABC transporter ATP-binding protein LolD,,,,,,,,,
61651,Serratia ficaria,75027232,0,live,lolD,"CKW09_RS10355, SAMEA4384070_02073",lipoprotein-releasing ABC transporter ATP-binding protein LolD,lipoprotein-releasing ABC transporter ATP-binding protein LolD,,1,,,,,,,
61647,Pluralibacter gergoviae,61384611,0,live,lolD,"A8H26_RS15025, A8H26_15005",lipoprotein-releasing ABC transporter ATP-binding protein LolD,lipoprotein-releasing ABC transporter ATP-binding protein LolD,,,,,,,,,
470934,Pantoea vagans,58738455,0,live,lolD,"EGO56_RS11610, EGO56_11610",lipoprotein-releasing ABC transporter ATP-binding protein LolD,lipoprotein-releasing ABC transporter ATP-binding protein LolD,,,,,,,,,
659,Photobacterium phosphoreum,57351934,0,live,lolD,"BTO21_RS03390, BTO21_03405",lipoprotein-releasing ABC transporter ATP-binding protein LolD,lipoprotein-releasing ABC transporter ATP-binding protein LolD,,,,,,,,,
80852,Aliivibrio wodanis,28542782,0,live,lolD,"AWOD_RS16400, AWOD_II_0531",lipoprotein-releasing system ATP-binding protein LolD,,,2,,,,,,,
386585,Escherichia coli O157:H7 str. Sakai,913145,0,live,lolD,ECs_1495,lipoprotein-releasing system ATP-binding protein,lipoprotein-releasing system ATP-binding protein,,,NC_002695.2,1535885,1536586,plus,0,,
198214,Shigella flexneri 2a str. 301,1026274,0,live,lolD,SF1121,lipoprotein transporter ATP-binding subunit,,,,NC_004337.2,1164360,1165061,plus,0,,
227377,Coxiella burnetii RSA 493,1208896,0,live,lolD,CBU_1000,lipoprotein releasing system ATP-binding protein,,,,NC_002971.4,945990,946691,minus,0,,
871585,Acinetobacter pittii PHEA-2,11636567,0,live,lolD,BDGL_002048,"transport protein of outer membrane lipoproteins (ABC superfamily, ATP-bind)",,,,NC_016603.1,2208007,2208693,minus,0,,
1074311,Vibrio alfacsensis,303981271,0,live,lolD,"VA249_RS09785, VYA_18440",lipoprotein-releasing ABC transporter ATP-binding protein LolD,lipoprotein-releasing ABC transporter ATP-binding protein LolD,,1,,,,,,,
212667,Vibrio fortis,303967153,0,live,lolD,OCV50_RS09215,lipoprotein-releasing ABC transporter ATP-binding protein LolD,lipoprotein-releasing ABC transporter ATP-binding protein LolD,,1,,,,,,,
1263829,Bibersteinia trehalosi USDA-ARS-USMARC-188,303777879,0,live,lolD,"F542_RS03540, F542_7210",lipoprotein-releasing ABC transporter ATP-binding protein LolD,lipoprotein-releasing ABC transporter ATP-binding protein LolD,,,,,,,,,
1776742,Acinetobacter vivianii,303684129,0,live,lolD,"IEV36_RS11730, GCM10011446_23110",lipoprotein-releasing ABC transporter ATP-binding protein LolD,lipoprotein-releasing ABC transporter ATP-binding protein LolD,,,,,,,,,
680026,Photobacterium swingsii,303971260,0,live,lolD,OCU77_RS06480,lipoprotein-releasing ABC transporter ATP-binding protein LolD,lipoprotein-releasing ABC transporter ATP-binding protein LolD,,1,,,,,,,
312309,Aliivibrio fischeri ES114,54165787,0,live,lolD,"VF_RS15800, VFA0463, VF_A0463",lipoprotein-releasing ABC transporter ATP-binding protein LolD,lipoprotein-releasing ABC transporter ATP-binding protein LolD,,II,NC_006841.2,532326,533042,plus,0,,
470,Acinetobacter baumannii,92894885,0,live,lolD,"FQU82_RS15005, FQU82_02971",lipoprotein-releasing ABC transporter ATP-binding protein LolD,lipoprotein-releasing ABC transporter ATP-binding protein LolD,,,,,,,,,
198804,Buchnera aphidicola str. Sg (Schizaphis graminum),93003755,0,live,lolD,"BUSG_RS01500, BUsg285, BUsg_285",lipoprotein-releasing ABC transporter ATP-binding protein LolD,lipoprotein-releasing ABC transporter ATP-binding protein LolD,,,NC_004061.1,326772,327461,plus,0,,
648,Aeromonas caviae,48822642,0,live,lolD,"DQN91_RS11640, NCTC12244_02329",lipoprotein-releasing ABC transporter ATP-binding protein LolD,lipoprotein-releasing ABC transporter ATP-binding protein LolD,,1,,,,,,,
55601,Vibrio anguillarum,83859955,0,live,lolD,"DD616_RS10040, DD616_10175",lipoprotein-releasing ABC transporter ATP-binding protein LolD,lipoprotein-releasing ABC transporter ATP-binding protein LolD,,1,,,,,,,
1776740,Acinetobacter modestus,92834724,0,live,lolD,"F992_RS05635, F992_01311",lipoprotein-releasing ABC transporter ATP-binding protein LolD,lipoprotein-releasing ABC transporter ATP-binding protein LolD,,,,,,,,,
243233,Methylococcus capsulatus str. Bath,88224808,0,live,lolD,"MCA_RS12855, MCA2625",lipoprotein-releasing ABC transporter ATP-binding protein LolD,lipoprotein-releasing ABC transporter ATP-binding protein LolD,,,NC_002977.6,2811345,2812019,plus,0,,
228410,Nitrosomonas europaea ATCC 19718,87104243,0,live,lolD,"ALW85_RS05495, NE1056, RK28_RS05480",lipoprotein-releasing ABC transporter ATP-binding protein LolD,lipoprotein-releasing ABC transporter ATP-binding protein LolD,,,NC_004757.1,1144671,1145345,minus,0,,
164759,Diaphorobacter nitroreducens,84684214,0,live,lolD,"BA022_RS18945, BA022_18570",lipoprotein-releasing ABC transporter ATP-binding protein LolD,lipoprotein-releasing ABC transporter ATP-binding protein LolD,,,,,,,,,
436717,Acinetobacter oleivorans DR1,9381273,0,live,lolD,"AOLE_RS04390, AOLE_04265",lipoprotein-releasing ABC transporter ATP-binding protein LolD,lipoprotein-releasing ABC transporter ATP-binding protein LolD,,,NC_014259.1,941697,942383,plus,0,,
519,Bordetella parapertussis,93203825,0,live,lolD,"LK409_RS08275, LK409_08275",lipoprotein-releasing ABC transporter ATP-binding protein LolD,lipoprotein-releasing ABC transporter ATP-binding protein LolD,,,,,,,,,
322710,Azotobacter vinelandii DJ,88184769,0,live,lolD,"AVIN_RS06720, Avin_14700",lipoprotein-releasing ABC transporter ATP-binding protein LolD,lipoprotein-releasing ABC transporter ATP-binding protein LolD,,,NC_012560.1,1452175,1452873,plus,0,,
180282,Delftia tsuruhatensis,83665867,0,live,lolD,"PW274_RS25630, PW274_25630",lipoprotein-releasing ABC transporter ATP-binding protein LolD,lipoprotein-releasing ABC transporter ATP-binding protein LolD,,,,,,,,,
520,Bordetella pertussis,69601030,0,live,lolD,"CXD86_RS05855, CXD86_05815",lipoprotein-releasing ABC transporter ATP-binding protein LolD,lipoprotein-releasing ABC transporter ATP-binding protein LolD,,,,,,,,,
50719,Vibrio diabolicus,57841191,0,live,lolD,"FR741_RS10425, FR741_10810",lipoprotein-releasing ABC transporter ATP-binding protein LolD,lipoprotein-releasing ABC transporter ATP-binding protein LolD,,1,,,,,,,
518,Bordetella bronchiseptica,56478414,0,live,lolD,"EL288_RS09575, NCTC10543_01919",lipoprotein-releasing ABC transporter ATP-binding protein LolD,lipoprotein-releasing ABC transporter ATP-binding protein LolD,,1,,,,,,,
1905730,Pectobacterium parmentieri,45848761,0,live,lolD,"A8F97_RS04725, A8F97_04720",lipoprotein-releasing ABC transporter ATP-binding protein LolD,lipoprotein-releasing ABC transporter ATP-binding protein LolD,,,,,,,,,
1042878,Cupriavidus necator N-1,34307907,0,live,lolD,"CNE_RS05445, CNE_1c11180",lipoprotein-releasing ABC transporter ATP-binding protein LolD,lipoprotein-releasing ABC transporter ATP-binding protein LolD,,1,NC_015726.1,1146985,1147725,plus,0,,
977880,Cupriavidus taiwanensis LMG 19424,29760491,0,live,lolD,"RALTA_RS05510, RALTA_A1154",lipoprotein-releasing ABC transporter ATP-binding protein LolD,lipoprotein-releasing ABC transporter ATP-binding protein LolD,,1,NC_010528.1,1183946,1184686,plus,0,,
1229205,Paraburkholderia phenoliruptrix BR3459a,27797628,0,live,lolD,"BUPH_RS11930, BUPH_02854",lipoprotein-releasing ABC transporter ATP-binding protein LolD,lipoprotein-releasing ABC transporter ATP-binding protein LolD,,1,NC_018695.1,2752653,2753396,minus,0,,
1051646,Vibrio tubiashii ATCC 19109,23444986,0,live,lolD,"IX91_RS09465, IX91_09660",lipoprotein-releasing ABC transporter ATP-binding protein LolD,lipoprotein-releasing ABC transporter ATP-binding protein LolD,,1,,,,,,,
170673,Vibrio kanaloae,93965582,0,live,lolD,OCV24_RS05200,lipoprotein-releasing ABC transporter ATP-binding protein LolD,lipoprotein-releasing ABC transporter ATP-binding protein LolD,,1,,,,,,,
339670,Burkholderia ambifaria AMMD,93085646,0,live,lolD,"CH72_RS13390, CH72_2658",lipoprotein-releasing ABC transporter ATP-binding protein LolD,lipoprotein-releasing ABC transporter ATP-binding protein LolD,,1,,,,,,,
1176492,Burkholderia glumae LMG 2196 = ATCC 33617,45698593,0,live,lolD,"KS03_RS28335, KS03_3225",lipoprotein-releasing ABC transporter ATP-binding protein LolD,lipoprotein-releasing ABC transporter ATP-binding protein LolD,,I,,,,,,,
1449978,Burkholderia vietnamiensis LMG 10929,45681768,0,live,lolD,"AK36_RS18745, AK36_1775",lipoprotein-releasing ABC transporter ATP-binding protein LolD,lipoprotein-releasing ABC transporter ATP-binding protein LolD,,I,,,,,,,
674,Vibrio mimicus,93952412,0,live,lolD,"DYA86_RS05560, NCTC11435_01108",lipoprotein-releasing ABC transporter ATP-binding protein LolD,lipoprotein-releasing ABC transporter ATP-binding protein LolD,,,,,,,,,
2371,Xylella fastidiosa,93904058,0,live,lolD,"PXH81_RS01840, PXH81_01840",lipoprotein-releasing ABC transporter ATP-binding protein LolD,lipoprotein-releasing ABC transporter ATP-binding protein LolD,,,,,,,,,
1219061,Vibrio vulnificus NBRC 15645 = ATCC 27562,93896282,0,live,lolD,"AOT11_RS11860, AOT11_18885",lipoprotein-releasing ABC transporter ATP-binding protein LolD,lipoprotein-releasing ABC transporter ATP-binding protein LolD,,1,,,,,,,
2426,Teredinibacter turnerae,93856982,0,live,lolD,"WKI13_RS13275, WKI13_13275",lipoprotein-releasing ABC transporter ATP-binding protein LolD,lipoprotein-releasing ABC transporter ATP-binding protein LolD,,,,,,,,,
615,Serratia marcescens,93696507,0,live,lolD,"QRD25_RS09660, QRD25_09660",lipoprotein-releasing ABC transporter ATP-binding protein LolD,lipoprotein-releasing ABC transporter ATP-binding protein LolD,,,,,,,,,
487,Neisseria meningitidis,93385997,0,live,lolD,"IUJ45_RS00785, IUJ45_00810",lipoprotein-releasing ABC transporter ATP-binding protein LolD,lipoprotein-releasing ABC transporter ATP-binding protein LolD,,,,,,,,,
729,Haemophilus parainfluenzae,93297467,0,live,lolD,"I6H57_RS03055, I6H57_03055",lipoprotein-releasing ABC transporter ATP-binding protein LolD,lipoprotein-releasing ABC transporter ATP-binding protein LolD,,,,,,,,,
1094715,Fluoribacter dumoffii NY 23,93292779,0,live,lolD,KYQ_RS09350,lipoprotein-releasing ABC transporter ATP-binding protein LolD,lipoprotein-releasing ABC transporter ATP-binding protein LolD,,,,,,,,,
504,Kingella kingae,93262098,0,live,lolD,"DQN52_RS04035, NCTC10529_00789",lipoprotein-releasing ABC transporter ATP-binding protein LolD,lipoprotein-releasing ABC transporter ATP-binding protein LolD,,1,,,,,,,
727,Haemophilus influenzae,93220323,0,live,lolD,"LK401_RS07045, LK401_07045",lipoprotein-releasing ABC transporter ATP-binding protein LolD,lipoprotein-releasing ABC transporter ATP-binding protein LolD,,,,,,,,,
106654,Acinetobacter nosocomialis,92797349,0,live,lolD,"ABLC00_RS13985, ABLC00_13985",lipoprotein-releasing ABC transporter ATP-binding protein LolD,lipoprotein-releasing ABC transporter ATP-binding protein LolD,,,,,,,,,
718,Actinobacillus equuli,92744138,0,live,lolD,"EL121_RS07635, NCTC8529_01527",lipoprotein-releasing ABC transporter ATP-binding protein LolD,lipoprotein-releasing ABC transporter ATP-binding protein LolD,,1,,,,,,,
1279018,Stenotrophomonas maltophilia ATCC 19867,90526544,0,live,lolD,G370_RS0114280,lipoprotein-releasing ABC transporter ATP-binding protein LolD,lipoprotein-releasing ABC transporter ATP-binding protein LolD,,,,,,,,,
87883,Burkholderia multivorans,89570642,0,live,lolD,"V1241_RS21920, V1241_21920",lipoprotein-releasing ABC transporter ATP-binding protein LolD,lipoprotein-releasing ABC transporter ATP-binding protein LolD,,,,,,,,,
208962,Escherichia albertii,89515989,0,live,lolD,"PS053_RS01150, PS053_01150",lipoprotein-releasing ABC transporter ATP-binding protein LolD,lipoprotein-releasing ABC transporter ATP-binding protein LolD,,,,,,,,,
2014742,Vibrio tarriae,88782709,0,live,lolD,"DLR62_RS00145, DLR62_00145",lipoprotein-releasing ABC transporter ATP-binding protein LolD,lipoprotein-releasing ABC transporter ATP-binding protein LolD,,,,,,,,,
77608,Pseudoalteromonas distincta,88775213,0,live,lolD,"FFU37_RS06080, FFU37_06080",lipoprotein-releasing ABC transporter ATP-binding protein LolD,lipoprotein-releasing ABC transporter ATP-binding protein LolD,,L1,,,,,,,
70347,Acinetobacter higginsii,86814098,0,live,lolD,"F885_RS03615, F885_00680",lipoprotein-releasing ABC transporter ATP-binding protein LolD,lipoprotein-releasing ABC transporter ATP-binding protein LolD,,,,,,,,,
505,Kingella oralis,84906881,0,live,lolD,"H3L93_RS07735, H3L93_07715",lipoprotein-releasing ABC transporter ATP-binding protein LolD,lipoprotein-releasing ABC transporter ATP-binding protein LolD,,,,,,,,,
861445,Psychrobacter sanguinis,84620979,0,live,lolD,"LK417_RS05240, LK417_05240",lipoprotein-releasing ABC transporter ATP-binding protein LolD,lipoprotein-releasing ABC transporter ATP-binding protein LolD,,,,,,,,,
2482751,Stutzerimonas nitrititolerans,84609452,0,live,lolD,"EA795_RS10410, EA795_10415",lipoprotein-releasing ABC transporter ATP-binding protein LolD,lipoprotein-releasing ABC transporter ATP-binding protein LolD,,,,,,,,,
1120926,Acinetobacter gerneri DSM 14967 = CIP 107464 = MTCC 9824,84209184,0,live,lolD,"F960_RS07675, F960_01823",lipoprotein-releasing ABC transporter ATP-binding protein LolD,lipoprotein-releasing ABC transporter ATP-binding protein LolD,,,,,,,,,
489632,Pseudomonas chengduensis,83640862,0,live,lolD,MYO55_RS08415,lipoprotein-releasing ABC transporter ATP-binding protein LolD,lipoprotein-releasing ABC transporter ATP-binding protein LolD,,,,,,,,,
669,Vibrio harveyi,83582403,0,live,lolD,"QMY49_RS09790, QMY49_09790",lipoprotein-releasing ABC transporter ATP-binding protein LolD,lipoprotein-releasing ABC transporter ATP-binding protein LolD,,I,,,,,,,
1122157,Laribacter hongkongensis DSM 14985,75108788,0,live,lolD,G542_RS0103740,lipoprotein-releasing ABC transporter ATP-binding protein LolD,lipoprotein-releasing ABC transporter ATP-binding protein LolD,,,,,,,,,
106648,Acinetobacter bereziniae,69461966,0,live,lolD,"I9192_RS08010, I9192_08010",lipoprotein-releasing ABC transporter ATP-binding protein LolD,lipoprotein-releasing ABC transporter ATP-binding protein LolD,,,,,,,,,
487316,Acinetobacter soli,67511774,0,live,lolD,KCV09_RS07480,lipoprotein-releasing ABC transporter ATP-binding protein LolD,lipoprotein-releasing ABC transporter ATP-binding protein LolD,,,,,,,,,
24,Shewanella putrefaciens,67443689,0,live,lolD,JEZ96_RS10485,lipoprotein-releasing ABC transporter ATP-binding protein LolD,lipoprotein-releasing ABC transporter ATP-binding protein LolD,,,,,,,,,
305,Ralstonia solanacearum,61363828,0,live,lolD,"RALBFv3_RS14755, RALBFv3_14740",lipoprotein-releasing ABC transporter ATP-binding protein LolD,lipoprotein-releasing ABC transporter ATP-binding protein LolD,,,,,,,,,
1530123,Acinetobacter seifertii,60735176,0,live,lolD,"I8T81_RS04660, I8T81_04660",lipoprotein-releasing ABC transporter ATP-binding protein LolD,lipoprotein-releasing ABC transporter ATP-binding protein LolD,,,,,,,,,
400946,Wohlfahrtiimonas chitiniclastica,58264568,0,live,lolD,"B9T10_RS09480, B9T10_09480",lipoprotein-releasing ABC transporter ATP-binding protein LolD,lipoprotein-releasing ABC transporter ATP-binding protein LolD,,,,,,,,,
446,Legionella pneumophila,57036277,0,live,lolD,"AVR58_RS11730, AVR58_11430",lipoprotein-releasing ABC transporter ATP-binding protein LolD,lipoprotein-releasing ABC transporter ATP-binding protein LolD,,,,,,,,,
1217662,Acinetobacter johnsonii ANC 3681,56338646,0,live,lolD,"F946_RS07180, F946_01459",lipoprotein-releasing ABC transporter ATP-binding protein LolD,lipoprotein-releasing ABC transporter ATP-binding protein LolD,,,,,,,,,
169430,Paraburkholderia hospita,55527892,0,live,lolD,"C2L64_RS06000, C2L64_06000",lipoprotein-releasing ABC transporter ATP-binding protein LolD,lipoprotein-releasing ABC transporter ATP-binding protein LolD,,1,,,,,,,
1356861,Francisella orientalis LADL 07-285A,45432673,0,live,lolD,"M973_RS02765, M973_02950",lipoprotein-releasing ABC transporter ATP-binding protein LolD,lipoprotein-releasing ABC transporter ATP-binding protein LolD,,,NC_023029.1,514312,515007,plus,0,,
1121869,Enterovibrio norvegicus DSM 15893,35870950,0,live,lolD,"BM082_RS12360, SAMN03084138_02472",lipoprotein-releasing ABC transporter ATP-binding protein LolD,lipoprotein-releasing ABC transporter ATP-binding protein LolD,,,,,,,,,
643561,Paracidovorax avenae ATCC 19860,34239048,0,live,lolD,"ACAV_RS17910, Acav_3614",lipoprotein-releasing ABC transporter ATP-binding protein LolD,lipoprotein-releasing ABC transporter ATP-binding protein LolD,,,NC_015138.1,4091501,4092193,minus,0,,
964,Herbaspirillum seropedicae,29391343,0,live,lolD,"ACP92_RS13900, ACP92_13930",lipoprotein-releasing ABC transporter ATP-binding protein LolD,lipoprotein-releasing ABC transporter ATP-binding protein LolD,,,,,,,,,
624,Shigella sonnei,93776291,0,live,lolD,C1P89_RS09755,lipoprotein-releasing ABC transporter ATP-binding protein LolD,lipoprotein-releasing ABC transporter ATP-binding protein LolD,,,,,,,,,
548,Klebsiella aerogenes,93311487,0,live,lolD,"I6L72_RS08765, I6L72_08765",lipoprotein-releasing ABC transporter ATP-binding protein LolD,lipoprotein-releasing ABC transporter ATP-binding protein LolD,,,,,,,,,
571,Klebsiella oxytoca,93285440,0,live,lolD,"EL226_RS18120, NCTC13727_03591",lipoprotein-releasing ABC transporter ATP-binding protein LolD,lipoprotein-releasing ABC transporter ATP-binding protein LolD,,1,,,,,,,
2590157,Klebsiella variicola subsp. variicola,93273953,0,live,lolD,"LGN93_RS17000, LGN93_17000",lipoprotein-releasing ABC transporter ATP-binding protein LolD,lipoprotein-releasing ABC transporter ATP-binding protein LolD,,,,,,,,,
158836,Enterobacter hormaechei,93199906,0,live,lolD,"I6L63_RS12555, I6L63_12555",lipoprotein-releasing ABC transporter ATP-binding protein LolD,lipoprotein-releasing ABC transporter ATP-binding protein LolD,,,,,,,,,
2608867,Escherichia ruysiae,86863617,0,live,lolD,"RGV86_RS21535, RGV86_21535",lipoprotein-releasing ABC transporter ATP-binding protein LolD,lipoprotein-releasing ABC transporter ATP-binding protein LolD,,,,,,,,,
550,Enterobacter cloacae,83573073,0,live,lolD,"LQ108_RS08805, AI2999V1_1708",lipoprotein-releasing ABC transporter ATP-binding protein LolD,lipoprotein-releasing ABC transporter ATP-binding protein LolD,,main,,,,,,,
572265,Candidatus Hamiltonella defensa 5AT (Acyrthosiphon pisum),66260061,0,live,lolD,"HDEF_RS00735, HDEF_0123",lipoprotein-releasing ABC transporter ATP-binding protein LolD,lipoprotein-releasing ABC transporter ATP-binding protein LolD,,,NC_012751.1,128652,129362,plus,0,,
54291,Raoultella ornithinolytica,93754843,0,live,lolD,"Q1L34_RS16675, Q1L34_16670",lipoprotein-releasing ABC transporter ATP-binding protein LolD,lipoprotein-releasing ABC transporter ATP-binding protein LolD,,,,,,,,,
634500,Erwinia billingiae Eb661,90511704,0,live,lolD,"EBC_RS10175, EbC_16750",lipoprotein-releasing ABC transporter ATP-binding protein LolD,lipoprotein-releasing ABC transporter ATP-binding protein LolD,,,NC_014306.1,1881649,1882353,plus,0,,
1639133,Citrobacter portucalensis,86976929,0,live,lolD,"LY264_RS15115, LY264_15110",lipoprotein-releasing ABC transporter ATP-binding protein LolD,lipoprotein-releasing ABC transporter ATP-binding protein LolD,,,,,,,,,
141679,Photorhabdus laumondii subsp. laumondii,48849076,0,live,lolD,"PluTT01m_RS14480, PluTT01m_14435",lipoprotein-releasing ABC transporter ATP-binding protein LolD,lipoprotein-releasing ABC transporter ATP-binding protein LolD,,,,,,,,,
218493,Salmonella bongori NCTC 12419,44980076,0,live,lolD,"SBG_RS05505, SBG_1056",lipoprotein-releasing ABC transporter ATP-binding protein LolD,lipoprotein-releasing ABC transporter ATP-binding protein LolD,,,NC_015761.1,1167093,1167794,plus,0,,
930944,Yersinia enterocolitica subsp. palearctica Y11,31408704,0,live,lolD,"Y11_RS02580, Y11_05541",lipoprotein-releasing ABC transporter ATP-binding protein LolD,lipoprotein-releasing ABC transporter ATP-binding protein LolD,,,NC_017564.1,593843,594547,plus,0,,
406817,Xenorhabdus nematophila ATCC 19061,24903929,0,live,lolD,"XNC1_RS11350, XNC1_2719",lipoprotein-releasing ABC transporter ATP-binding protein LolD,lipoprotein-releasing ABC transporter ATP-binding protein LolD,,,NC_014228.1,2691960,2692664,minus,0,,
1235834,Kosakonia sacchari SP1,23847142,0,live,lolD,"C813_RS36525, C813_05455",lipoprotein-releasing ABC transporter ATP-binding protein LolD,lipoprotein-releasing ABC transporter ATP-binding protein LolD,,,,,,,,,
546,Citrobacter freundii,87001672,0,live,lolD,JMV71_RS14475,lipoprotein-releasing ABC transporter ATP-binding protein LolD,lipoprotein-releasing ABC transporter ATP-binding protein LolD,,1,,,,,,,
1499973,Escherichia marmotae,86945988,0,live,lolD,"J8I93_RS08370, J8I93_08285",lipoprotein-releasing ABC transporter ATP-binding protein LolD,lipoprotein-releasing ABC transporter ATP-binding protein LolD,,,,,,,,,
633,Yersinia pseudotuberculosis,49785554,0,live,lolD,"EL213_RS07920, NCTC10275_01570",lipoprotein-releasing ABC transporter ATP-binding protein LolD,lipoprotein-releasing ABC transporter ATP-binding protein LolD,,1,,,,,,,
1646377,Rouxiella badensis,93566705,0,live,lolD,"O1V65_RS11380, O1V65_11375",lipoprotein-releasing ABC transporter ATP-binding protein LolD,lipoprotein-releasing ABC transporter ATP-binding protein LolD,,,,,,,,,
588,Providencia stuartii,93518956,0,live,lolD,"VQ573_RS08570, VQ573_08570",lipoprotein-releasing ABC transporter ATP-binding protein LolD,lipoprotein-releasing ABC transporter ATP-binding protein LolD,,,,,,,,,
158850,Providencia rustigianii,93421555,0,live,lolD,"EL244_RS10325, NCTC8113_02090",lipoprotein-releasing ABC transporter ATP-binding protein LolD,lipoprotein-releasing ABC transporter ATP-binding protein LolD,,1,,,,,,,
180434,Morganella morganii subsp. morganii,93359932,0,live,lolD,"EO986_RS06745, EO986_06750",lipoprotein-releasing ABC transporter ATP-binding protein LolD,lipoprotein-releasing ABC transporter ATP-binding protein LolD,,,,,,,,,
2797505,Enterobacter vonholyi,93265145,0,live,lolD,"AB3N39_RS08110, AB3N39_08110",lipoprotein-releasing ABC transporter ATP-binding protein LolD,lipoprotein-releasing ABC transporter ATP-binding protein LolD,,,,,,,,,
565,Atlantibacter hermannii,92828827,0,live,lolD,"I6G45_RS11185, I6G45_11185",lipoprotein-releasing ABC transporter ATP-binding protein LolD,lipoprotein-releasing ABC transporter ATP-binding protein LolD,,,,,,,,,
413502,Cronobacter turicensis,92806708,0,live,lolD,"AB8W27_RS12330, AB8W27_12345",lipoprotein-releasing ABC transporter ATP-binding protein LolD,lipoprotein-releasing ABC transporter ATP-binding protein LolD,,,,,,,,,
79967,Erwinia pyrifoliae,92236741,0,live,lolD,"CPI84_RS07995, CPI84_08050",lipoprotein-releasing ABC transporter ATP-binding protein LolD,lipoprotein-releasing ABC transporter ATP-binding protein LolD,,,,,,,,,
1914243,Citrobacter europaeus,89549405,0,live,lolD,WHR59_RS14285,lipoprotein-releasing ABC transporter ATP-binding protein LolD,lipoprotein-releasing ABC transporter ATP-binding protein LolD,,,,,,,,,
885040,Enterobacter soli,88088951,0,live,lolD,"ENTAS_RS08440, Entas_1651",lipoprotein-releasing ABC transporter ATP-binding protein LolD,lipoprotein-releasing ABC transporter ATP-binding protein LolD,,,NC_015968.1,1793900,1794601,plus,0,,
2703793,Serratia bockelmannii,87005061,0,live,lolD,"QAO66_RS06150, QAO66_06150",lipoprotein-releasing ABC transporter ATP-binding protein LolD,lipoprotein-releasing ABC transporter ATP-binding protein LolD,,,,,,,,,
133448,Citrobacter youngae,83646171,0,live,lolD,"QRZ63_RS08960, QRZ63_08960",lipoprotein-releasing ABC transporter ATP-binding protein LolD,lipoprotein-releasing ABC transporter ATP-binding protein LolD,,,,,,,,,
204038,Dickeya dadantii,55489567,0,live,lolD,CO076_RS13850,lipoprotein-releasing ABC transporter ATP-binding protein LolD,lipoprotein-releasing ABC transporter ATP-binding protein LolD,,,,,,,,,
881260,Enterobacter bugandensis,48573274,0,live,lolD,DG357_RS08955,lipoprotein-releasing ABC transporter ATP-binding protein LolD,lipoprotein-releasing ABC transporter ATP-binding protein LolD,,I,,,,,,,
561229,Dickeya chrysanthemi Ech1591,45079752,0,live,lolD,"DD1591_RS08265, Dd1591_1649",lipoprotein-releasing ABC transporter ATP-binding protein LolD,lipoprotein-releasing ABC transporter ATP-binding protein LolD,,,NC_012912.1,1879660,1880367,plus,0,,
1163398,Pseudomonas donghuensis,98284280,0,live,lolD,"BV82_RS18395, BV82_3890",lipoprotein-releasing ABC transporter ATP-binding protein LolD,lipoprotein-releasing ABC transporter ATP-binding protein LolD,,,,,,,,,
488447,Burkholderia contaminans,93191461,0,live,lolD,"ABNN95_RS16860, ABNN95_16840",lipoprotein-releasing ABC transporter ATP-binding protein LolD,lipoprotein-releasing ABC transporter ATP-binding protein LolD,,2,,,,,,,
1114970,Pseudomonas ogarae,98110466,0,live,lolD,"HU749_RS10615, HU749_010615",lipoprotein-releasing ABC transporter ATP-binding protein LolD,lipoprotein-releasing ABC transporter ATP-binding protein LolD,,,,,,,,,
2745512,Pseudomonas shahriarae,97826612,0,live,lolD,"HU773_RS19510, HU773_019510",lipoprotein-releasing ABC transporter ATP-binding protein LolD,lipoprotein-releasing ABC transporter ATP-binding protein LolD,,,,,,,,,
28450,Burkholderia pseudomallei,93060833,0,live,lolD,"QUF21_RS11695, GTC254T_22680",lipoprotein-releasing ABC transporter ATP-binding protein LolD,lipoprotein-releasing ABC transporter ATP-binding protein LolD,,1,,,,,,,
38313,Shewanella algae,93809824,0,live,lolD,"E1N14_RS13905, E1N14_013910",lipoprotein-releasing ABC transporter ATP-binding protein LolD,lipoprotein-releasing ABC transporter ATP-binding protein LolD,,,,,,,,,
2654982,Paraburkholderia atlantica,301093222,0,live,lolD,"BC1002_RS09365, BC1002_1878",lipoprotein-releasing ABC transporter ATP-binding protein LolD,lipoprotein-releasing ABC transporter ATP-binding protein LolD,,1,NC_014117.1,2101778,2102494,minus,0,,
2502979,Ectopseudomonas khazarica,99816413,0,live,lolD,"JLK41_RS08295, JLK41_08295",lipoprotein-releasing ABC transporter ATP-binding protein LolD,lipoprotein-releasing ABC transporter ATP-binding protein LolD,,,,,,,,,
203122,Saccharophagus degradans 2-40,98613482,0,live,lolD,"SDE_RS09460, Sde_1810",lipoprotein-releasing ABC transporter ATP-binding protein LolD,lipoprotein-releasing ABC transporter ATP-binding protein LolD,,,NC_007912.1,2302663,2303349,plus,0,,
1123016,Stutzerimonas balearica DSM 6083,77259706,0,live,lolD,"CL52_RS07105, CL52_07210",lipoprotein-releasing ABC transporter ATP-binding protein LolD,lipoprotein-releasing ABC transporter ATP-binding protein LolD,,,,,,,,,
271848,Burkholderia thailandensis E264,45121620,0,live,lolD,"BTH_RS21865, BTH_I1888",lipoprotein-releasing ABC transporter ATP-binding protein LolD,lipoprotein-releasing ABC transporter ATP-binding protein LolD,,I,NC_007651.1,2134678,2135427,plus,0,,
283942,Idiomarina loihiensis L2TR,41336694,0,live,lolD,"IL_RS07775, IL1517",lipoprotein-releasing ABC transporter ATP-binding protein LolD,lipoprotein-releasing ABC transporter ATP-binding protein LolD,,,NC_006512.1,1628038,1628724,minus,0,,
661367,Legionella longbeachae NSW150,40924833,0,live,lolD,"LLO_RS03090, LLO_0594, llo0594",lipoprotein-releasing ABC transporter ATP-binding protein LolD,lipoprotein-releasing ABC transporter ATP-binding protein LolD,,,NC_013861.1,673749,674432,plus,0,,
380703,Aeromonas hydrophila subsp. hydrophila ATCC 7966,4489239,0,live,lolD,"AHA_RS10130, AHA_2006",lipoprotein-releasing ABC transporter ATP-binding protein LolD,lipoprotein-releasing ABC transporter ATP-binding protein LolD,,,NC_008570.1,2209602,2210300,plus,0,,
169427,Paraburkholderia terricola,301977776,0,live,lolD,"CUJ90_RS06275, CUJ90_06280",lipoprotein-releasing ABC transporter ATP-binding protein LolD,lipoprotein-releasing ABC transporter ATP-binding protein LolD,,mHS1_A,,,,,,,
60548,Paraburkholderia graminis,97002155,0,live,lolD,"CUJ91_RS11580, CUJ91_11565",lipoprotein-releasing ABC transporter ATP-binding protein LolD,lipoprotein-releasing ABC transporter ATP-binding protein LolD,,PHS1_A,,,,,,,
945550,Vibrio sinaloensis DSM 21326,95567789,0,live,lolD,"RH45_RS02730, VISI1226_19102",lipoprotein-releasing ABC transporter ATP-binding protein LolD,lipoprotein-releasing ABC transporter ATP-binding protein LolD,,,,,,,,,
36746,Pseudomonas cichorii,93659847,0,live,lolD,"KGD89_RS15710, KGD89_15710",lipoprotein-releasing ABC transporter ATP-binding protein LolD,lipoprotein-releasing ABC transporter ATP-binding protein LolD,,,,,,,,,
2316085,Pseudomonas bubulae,89543807,0,live,lolD,"V6L81_RS10450, V6L81_10450",lipoprotein-releasing ABC transporter ATP-binding protein LolD,lipoprotein-releasing ABC transporter ATP-binding protein LolD,,,,,,,,,
2027290,Providencia huaxiensis,89489839,0,live,lolD,V6066_RS08845,lipoprotein-releasing ABC transporter ATP-binding protein LolD,lipoprotein-releasing ABC transporter ATP-binding protein LolD,,,,,,,,,
2056231,Pseudomonas qingdaonensis,87482253,0,live,lolD,"KH389_RS18460, KH389_18460",lipoprotein-releasing ABC transporter ATP-binding protein LolD,lipoprotein-releasing ABC transporter ATP-binding protein LolD,,,,,,,,,
384676,Pseudomonas entomophila L48,32806753,0,live,lolD,"PSEEN_RS17085, PSEEN3707",lipoprotein-releasing ABC transporter ATP-binding protein LolD,lipoprotein-releasing ABC transporter ATP-binding protein LolD,,,NC_008027.1,3982166,3982849,minus,0,,
2923283,Providencia manganoxydans,92278825,0,live,lolD,"JI723_RS08895, JI723_08875",lipoprotein-releasing ABC transporter ATP-binding protein LolD,lipoprotein-releasing ABC transporter ATP-binding protein LolD,,,,,,,,,
134533,Acinetobacter parvus,99690247,0,live,lolD,"ACFPRF_RS02530, ACFPRF_02530",lipoprotein-releasing ABC transporter ATP-binding protein LolD,lipoprotein-releasing ABC transporter ATP-binding protein LolD,,,,,,,,,
1211383,Paraburkholderia dipogonis,97307331,0,live,lolD,"ACFSNN_RS21335, ACFSNN_21350",lipoprotein-releasing ABC transporter ATP-binding protein LolD,lipoprotein-releasing ABC transporter ATP-binding protein LolD,,,,,,,,,
2053287,Acinetobacter pseudolwoffii,97175823,0,live,lolD,"ACFOJ7_RS01075, ACFOJ7_01075",lipoprotein-releasing ABC transporter ATP-binding protein LolD,lipoprotein-releasing ABC transporter ATP-binding protein LolD,,,,,,,,,
306572,Psychrobacter celer,303306559,0,live,lolD,JFC05_RS01755,lipoprotein-releasing ABC transporter ATP-binding protein LolD,lipoprotein-releasing ABC transporter ATP-binding protein LolD,,,,,,,,,
292733,Psychrobacter aquimaris,303300818,0,live,lolD,JMV81_RS07030,lipoprotein-releasing ABC transporter ATP-binding protein LolD,lipoprotein-releasing ABC transporter ATP-binding protein LolD,,,,,,,,,
1315282,Pseudoalteromonas prydzensis ACAM 620,303293860,0,live,lolD,"PPRY_RS15355, PPRY_a1668",lipoprotein-releasing ABC transporter ATP-binding protein LolD,lipoprotein-releasing ABC transporter ATP-binding protein LolD,,,,,,,,,
3394203,Variovorax atrisoli,303197942,0,live,lolD,"FHY06_RS08385, FHY06_001690",lipoprotein-releasing ABC transporter ATP-binding protein LolD,lipoprotein-releasing ABC transporter ATP-binding protein LolD,,,,,,,,,
673372,Vibrio casei,303188744,0,live,lolD,"CIK83_RS07405, CIK83_07405",lipoprotein-releasing ABC transporter ATP-binding protein LolD,lipoprotein-releasing ABC transporter ATP-binding protein LolD,,,,,,,,,
3064349,Pseudomonas alabamensis,302510894,0,live,lolD,"Q6A49_RS17550, Q6A49_17545",lipoprotein-releasing ABC transporter ATP-binding protein LolD,lipoprotein-releasing ABC transporter ATP-binding protein LolD,,,,,,,,,
203192,Stutzerimonas chloritidismutans,302372566,0,live,lolD,"LLJ08_RS07375, LLJ08_07380",lipoprotein-releasing ABC transporter ATP-binding protein LolD,lipoprotein-releasing ABC transporter ATP-binding protein LolD,,,,,,,,,
477,Moraxella lacunata,302269170,0,live,lolD,"DYD53_RS02450, NCTC7911_00508",lipoprotein-releasing ABC transporter ATP-binding protein LolD,lipoprotein-releasing ABC transporter ATP-binding protein LolD,,,,,,,,,
386891,Moraxella bovoculi,301975052,0,live,lolD,"AAX10_RS02815, AAX10_02765",lipoprotein-releasing ABC transporter ATP-binding protein LolD,lipoprotein-releasing ABC transporter ATP-binding protein LolD,,,,,,,,,
2726434,Shewanella oncorhynchi,301339615,0,live,lolD,"RA178_RS10495, RA178_10490",lipoprotein-releasing ABC transporter ATP-binding protein LolD,lipoprotein-releasing ABC transporter ATP-binding protein LolD,,,,,,,,,
86265,Pseudomonas thivervalensis,301219066,0,live,lolD,AD659_RS10165,lipoprotein-releasing ABC transporter ATP-binding protein LolD,lipoprotein-releasing ABC transporter ATP-binding protein LolD,,,,,,,,,
2782701,Paraburkholderia youngii,301102425,0,live,lolD,"G5S42_RS18905, G5S42_18990",lipoprotein-releasing ABC transporter ATP-binding protein LolD,lipoprotein-releasing ABC transporter ATP-binding protein LolD,,,,,,,,,
1495066,Pseudomonas capeferrum,301036634,0,live,lolD,"PC358_RS12880, PC358_13110",lipoprotein-releasing ABC transporter ATP-binding protein LolD,lipoprotein-releasing ABC transporter ATP-binding protein LolD,,,,,,,,,
2843302,Burkholderia sola,300976635,0,live,lolD,"KPB01_RS36010, KPB01_35820",lipoprotein-releasing ABC transporter ATP-binding protein LolD,lipoprotein-releasing ABC transporter ATP-binding protein LolD,,,,,,,,,
28109,Pseudoalteromonas nigrifaciens,300941598,0,live,lolD,"PNIG_RS07990, PNIG_a1852",lipoprotein-releasing ABC transporter ATP-binding protein LolD,lipoprotein-releasing ABC transporter ATP-binding protein LolD,,I,,,,,,,
1880678,Pseudomonas sivasensis,300936102,0,live,lolD,LRO94_RS08330,lipoprotein-releasing ABC transporter ATP-binding protein LolD,lipoprotein-releasing ABC transporter ATP-binding protein LolD,,,,,,,,,
1198456,Ectopseudomonas guguanensis,300929985,0,live,lolD,"BLS61_RS01100, SAMN05216213_101226",lipoprotein-releasing ABC transporter ATP-binding protein LolD,lipoprotein-releasing ABC transporter ATP-binding protein LolD,,,,,,,,,
112002,Psychrobacter pacificensis,300923706,0,live,lolD,"GYK50_RS04795, GYK50_04800",lipoprotein-releasing ABC transporter ATP-binding protein LolD,lipoprotein-releasing ABC transporter ATP-binding protein LolD,,,,,,,,,
301,Ectopseudomonas oleovorans,300417682,0,live,lolD,"N5J71_RS15325, N5J71_15325",lipoprotein-releasing ABC transporter ATP-binding protein LolD,lipoprotein-releasing ABC transporter ATP-binding protein LolD,,,,,,,,,
46680,Pseudomonas nitroreducens,300408887,0,live,lolD,GJV37_RS05020,lipoprotein-releasing ABC transporter ATP-binding protein LolD,lipoprotein-releasing ABC transporter ATP-binding protein LolD,,,,,,,,,
2508299,Pandoraea pneumonica,300403566,0,live,lolD,"PPN31114_RS07515, PPN31114_01515",lipoprotein-releasing ABC transporter ATP-binding protein LolD,lipoprotein-releasing ABC transporter ATP-binding protein LolD,,,,,,,,,
3061285,Phocoenobacter atlanticus subsp. atlanticus,300270841,0,live,lolD,"QJU42_RS03520, QJU42_03520",lipoprotein-releasing ABC transporter ATP-binding protein LolD,lipoprotein-releasing ABC transporter ATP-binding protein LolD,,,,,,,,,
1215106,Pseudomonas luteola NBRC 103146,300267940,0,live,lolD,PLU01S_RS14890,lipoprotein-releasing ABC transporter ATP-binding protein LolD,lipoprotein-releasing ABC transporter ATP-binding protein LolD,,,,,,,,,
1215106,Pseudomonas luteola NBRC 103146,300267938,0,live,lolD,PLU01S_RS14880,lipoprotein-releasing ABC transporter ATP-binding protein LolD,lipoprotein-releasing ABC transporter ATP-binding protein LolD,,,,,,,,,
53407,Pseudomonas asplenii,300208374,0,live,lolD,"BLU37_RS17000, SAMN05216598_3438",lipoprotein-releasing ABC transporter ATP-binding protein LolD,lipoprotein-releasing ABC transporter ATP-binding protein LolD,,I,,,,,,,
1194427,Vibrio toranzoniae,300178863,0,live,lolD,OCU50_RS09130,lipoprotein-releasing ABC transporter ATP-binding protein LolD,lipoprotein-releasing ABC transporter ATP-binding protein LolD,,1,,,,,,,
751,Avibacterium avium,300133742,0,live,lolD,"DYC50_RS07720, NCTC11297_01544",lipoprotein-releasing ABC transporter ATP-binding protein LolD,lipoprotein-releasing ABC transporter ATP-binding protein LolD,,,,,,,,,
70348,Acinetobacter dispersus,300095192,0,live,lolD,"FPL17_RS08315, FPL17_08410",lipoprotein-releasing ABC transporter ATP-binding protein LolD,lipoprotein-releasing ABC transporter ATP-binding protein LolD,,,,,,,,,
2493633,Ectopseudomonas hydrolytica,300082576,0,live,lolD,"L1F06_RS16370, L1F06_016370",lipoprotein-releasing ABC transporter ATP-binding protein LolD,lipoprotein-releasing ABC transporter ATP-binding protein LolD,,,,,,,,,
1194168,Comamonas jiangduensis,300070495,0,live,lolD,QEP12_RS04135,lipoprotein-releasing ABC transporter ATP-binding protein LolD,lipoprotein-releasing ABC transporter ATP-binding protein LolD,,,,,,,,,
633417,Aeromonas taiwanensis,99812328,0,live,lolD,BN1136_RS07910,lipoprotein-releasing ABC transporter ATP-binding protein LolD,lipoprotein-releasing ABC transporter ATP-binding protein LolD,,,,,,,,,
558541,Shewanella chilikensis,99799665,0,live,lolD,"WKR14_RS07300, WKR14_07300",lipoprotein-releasing ABC transporter ATP-binding protein LolD,lipoprotein-releasing ABC transporter ATP-binding protein LolD,,,,,,,,,
1211807,Stutzerimonas kunmingensis,99796058,0,live,lolD,"BM275_RS11540, SAMN05216194_104122",lipoprotein-releasing ABC transporter ATP-binding protein LolD,lipoprotein-releasing ABC transporter ATP-binding protein LolD,,,,,,,,,
488446,Burkholderia latens,99792299,0,live,lolD,"BSE24067_RS25455, BLA24064_05007, HU783_RS25400",lipoprotein-releasing ABC transporter ATP-binding protein LolD,lipoprotein-releasing ABC transporter ATP-binding protein LolD,,,,,,,,,
2978683,Burkholderia orbicola,99783156,0,live,lolD,"BLS50_RS14305, SAMN05443026_2790",lipoprotein-releasing ABC transporter ATP-binding protein LolD,lipoprotein-releasing ABC transporter ATP-binding protein LolD,,,,,,,,,
948519,Aeromonas rivipollensis,99768953,0,live,lolD,"ACEUDA_RS05100, ACEUDA_05095",lipoprotein-releasing ABC transporter ATP-binding protein LolD,lipoprotein-releasing ABC transporter ATP-binding protein LolD,,,,,,,,,
48408,Photobacterium leiognathi subsp. mandapamensis,99739534,0,live,lolD,"ACN08M_RS00705, ACN08M_00705",lipoprotein-releasing ABC transporter ATP-binding protein LolD,lipoprotein-releasing ABC transporter ATP-binding protein LolD,,1,,,,,,,
244566,Pseudomonas lurida,99720620,0,live,lolD,"ATH90_RS07895, ATH90_1617",lipoprotein-releasing ABC transporter ATP-binding protein LolD,lipoprotein-releasing ABC transporter ATP-binding protein LolD,,,,,,,,,
1321610,Variovorax paradoxus NBRC 15149,99712798,0,live,lolD,"ABL837_RS05530, ABL837_05525",lipoprotein-releasing ABC transporter ATP-binding protein LolD,lipoprotein-releasing ABC transporter ATP-binding protein LolD,,1,,,,,,,
43659,Pseudoalteromonas tetraodonis,99693221,0,live,lolD,"ACI9H9_RS02265, ACI9H9_000456",lipoprotein-releasing ABC transporter ATP-binding protein LolD,lipoprotein-releasing ABC transporter ATP-binding protein LolD,,,,,,,,,
488,Neisseria mucosa,99688514,0,live,lolD,DBY90_RS06240,lipoprotein-releasing ABC transporter ATP-binding protein LolD,lipoprotein-releasing ABC transporter ATP-binding protein LolD,,,,,,,,,
2015348,Burkholderia aenigmatica,99659439,0,live,lolD,"ACN8ZM_RS11380, ACN8ZM_11380",lipoprotein-releasing ABC transporter ATP-binding protein LolD,lipoprotein-releasing ABC transporter ATP-binding protein LolD,,1,,,,,,,
2750625,Pseudomonas paracarnis,99641672,0,live,lolD,"ACK2V3_RS20575, ACK2V3_20575",lipoprotein-releasing ABC transporter ATP-binding protein LolD,lipoprotein-releasing ABC transporter ATP-binding protein LolD,,,,,,,,,
570156,Pseudoalteromonas lipolytica,99505286,0,live,lolD,"D0907_RS07425, D0907_07425",lipoprotein-releasing ABC transporter ATP-binding protein LolD,lipoprotein-releasing ABC transporter ATP-binding protein LolD,,,,,,,,,
134534,Acinetobacter gyllenbergii,99059292,0,live,lolD,"NG55_RS04190, NG55_04190",lipoprotein-releasing ABC transporter ATP-binding protein LolD,lipoprotein-releasing ABC transporter ATP-binding protein LolD,,,,,,,,,
271420,Stutzerimonas xanthomarina,98637525,0,live,lolD,"BLW61_RS08305, SAMN05216535_1694",lipoprotein-releasing ABC transporter ATP-binding protein LolD,lipoprotein-releasing ABC transporter ATP-binding protein LolD,,I,,,,,,,
68895,Cupriavidus basilensis,98400526,0,live,lolD,"F7R26_RS06380, F7R26_006375",lipoprotein-releasing ABC transporter ATP-binding protein LolD,lipoprotein-releasing ABC transporter ATP-binding protein LolD,,1,,,,,,,
942865,Cupriavidus plantarum,98339638,0,live,lolD,"KHP16_RS04635, LMG26296_00933",lipoprotein-releasing ABC transporter ATP-binding protein LolD,lipoprotein-releasing ABC transporter ATP-binding protein LolD,,,,,,,,,
184924,Pseudoalteromonas maricaloris,98335910,0,live,lolD,"CTT31_RS09555, CTT31_09605",lipoprotein-releasing ABC transporter ATP-binding protein LolD,lipoprotein-releasing ABC transporter ATP-binding protein LolD,,1,,,,,,,
134874,Xanthomonas translucens pv. graminis,98192969,0,live,lolD,"KHF85_RS08430, KHF85_08405",lipoprotein-releasing ABC transporter ATP-binding protein LolD,lipoprotein-releasing ABC transporter ATP-binding protein LolD,,,,,,,,,
28082,Legionella anisa,98064830,0,live,lolD,"DLD14_RS05445, DLD14_05445",lipoprotein-releasing ABC transporter ATP-binding protein LolD,lipoprotein-releasing ABC transporter ATP-binding protein LolD,,,,,,,,,
191390,Pseudomonas palleroniana,97922880,0,live,lolD,"MJP36_RS22435, MJP36_22435",lipoprotein-releasing ABC transporter ATP-binding protein LolD,lipoprotein-releasing ABC transporter ATP-binding protein LolD,,,,,,,,,
633415,Aeromonas sanarellii,97856553,0,live,lolD,BN1132_RS05010,lipoprotein-releasing ABC transporter ATP-binding protein LolD,lipoprotein-releasing ABC transporter ATP-binding protein LolD,,,,,,,,,
28173,Vibrio nigripulchritudo,97541747,0,live,lolD,"QMG91_RS11435, TUMSATVNIG2_22290",lipoprotein-releasing ABC transporter ATP-binding protein LolD,lipoprotein-releasing ABC transporter ATP-binding protein LolD,,1,,,,,,,
487832,Xanthomonas axonopodis pv. maculifoliigardeniae,97510543,0,live,lolD,"ACDH77_RS10715, ACDH77_10715",lipoprotein-releasing ABC transporter ATP-binding protein LolD,lipoprotein-releasing ABC transporter ATP-binding protein LolD,,,,,,,,,
686831,Chromobacterium piscinae,97479644,0,live,lolD,"ACFFU8_RS17450, ACFFU8_17460",lipoprotein-releasing ABC transporter ATP-binding protein LolD,lipoprotein-releasing ABC transporter ATP-binding protein LolD,,,,,,,,,
3151487,Acinetobacter thermotolerans,97426797,0,live,lolD,"ABEF82_RS10365, ABEF82_10365",lipoprotein-releasing ABC transporter ATP-binding protein LolD,lipoprotein-releasing ABC transporter ATP-binding protein LolD,,,,,,,,,
1310167,Ralstonia syzygii subsp. indonesiensis,97321649,0,live,lolD,"AACJ33_RS10900, MAFF211271_21160",lipoprotein-releasing ABC transporter ATP-binding protein LolD,lipoprotein-releasing ABC transporter ATP-binding protein LolD,,,,,,,,,
2860290,Stenotrophomonas sepilia,97260712,0,live,lolD,"AB9H29_RS07630, AB9H29_07630",lipoprotein-releasing ABC transporter ATP-binding protein LolD,lipoprotein-releasing ABC transporter ATP-binding protein LolD,,,,,,,,,
1608996,Pseudomonas helleri,97253148,0,live,lolD,"ACJJU9_RS07225, ACJJU9_07225",lipoprotein-releasing ABC transporter ATP-binding protein LolD,lipoprotein-releasing ABC transporter ATP-binding protein LolD,,,,,,,,,
2045214,Stenotrophomonas lactitubi,97224944,0,live,lolD,"AB9L18_RS12480, AB9L18_12480",lipoprotein-releasing ABC transporter ATP-binding protein LolD,lipoprotein-releasing ABC transporter ATP-binding protein LolD,,,,,,,,,
440079,Aeromonas bivalvium,97218501,0,live,lolD,"ACEUCR_RS00340, ACEUCR_00340",lipoprotein-releasing ABC transporter ATP-binding protein LolD,lipoprotein-releasing ABC transporter ATP-binding protein LolD,,,,,,,,,
1843581,Xanthomonas nasturtii,97211720,0,live,lolD,"M3O59_RS10875, M3O59_010865",lipoprotein-releasing ABC transporter ATP-binding protein LolD,lipoprotein-releasing ABC transporter ATP-binding protein LolD,,,,,,,,,
379097,Vibrio sinaloensis,97174421,0,live,lolD,"ACFFVE_RS17275, ACFFVE_17270",lipoprotein-releasing ABC transporter ATP-binding protein LolD,lipoprotein-releasing ABC transporter ATP-binding protein LolD,,,,,,,,,
2219225,Pseudomonas asiatica,97167176,0,live,lolD,"PsasTeo6_RS08550, PsasTeo6_13664",lipoprotein-releasing ABC transporter ATP-binding protein LolD,lipoprotein-releasing ABC transporter ATP-binding protein LolD,,,,,,,,,
440079,Aeromonas bivalvium,97137500,0,live,lolD,BN1119_RS09180,lipoprotein-releasing ABC transporter ATP-binding protein LolD,lipoprotein-releasing ABC transporter ATP-binding protein LolD,,,,,,,,,
2793076,Paraburkholderia nemoris,97055068,0,live,lolD,"KHO33_RS23285, R75461_04691",lipoprotein-releasing ABC transporter ATP-binding protein LolD,lipoprotein-releasing ABC transporter ATP-binding protein LolD,,,,,,,,,
458836,Paraburkholderia sediminicola,97044598,0,live,lolD,"R8871_RS29785, LMG24238_06016",lipoprotein-releasing ABC transporter ATP-binding protein LolD,lipoprotein-releasing ABC transporter ATP-binding protein LolD,,,,,,,,,
1245417,Paraburkholderia strydomiana,97035830,0,live,lolD,"J2W46_RS20260, J2W46_004129",lipoprotein-releasing ABC transporter ATP-binding protein LolD,lipoprotein-releasing ABC transporter ATP-binding protein LolD,,,,,,,,,
134536,Paraburkholderia caledonica,97014700,0,live,lolD,H281_RS0102520,lipoprotein-releasing ABC transporter ATP-binding protein LolD,lipoprotein-releasing ABC transporter ATP-binding protein LolD,,,,,,,,,
45658,Vibrio scophthalmi,96873382,0,live,lolD,"RJD38_RS12490, RJD38_12485",lipoprotein-releasing ABC transporter ATP-binding protein LolD,lipoprotein-releasing ABC transporter ATP-binding protein LolD,,1,,,,,,,
122355,Pseudomonas psychrophila,96619840,0,live,lolD,"G5J76_RS10530, G5J76_10505",lipoprotein-releasing ABC transporter ATP-binding protein LolD,lipoprotein-releasing ABC transporter ATP-binding protein LolD,,,,,,,,,
129140,Pseudomonas syringae pv. tagetis,96218339,0,live,lolD,"MME58_RS09720, MME58_09720",lipoprotein-releasing ABC transporter ATP-binding protein LolD,lipoprotein-releasing ABC transporter ATP-binding protein LolD,,,,,,,,,
1763883,Vibrio cidicii,95679662,0,live,lolD,EWA64_RS13885,lipoprotein-releasing ABC transporter ATP-binding protein LolD,lipoprotein-releasing ABC transporter ATP-binding protein LolD,,1,,,,,,,
743699,Xanthomonas dyei,95584617,0,live,lolD,"NYR95_RS12065, NYR95_12050",lipoprotein-releasing ABC transporter ATP-binding protein LolD,lipoprotein-releasing ABC transporter ATP-binding protein LolD,,,,,,,,,
28094,Trinickia caryophylli,95548660,0,live,lolD,"U0034_RS02725, U0034_02725",lipoprotein-releasing ABC transporter ATP-binding protein LolD,lipoprotein-releasing ABC transporter ATP-binding protein LolD,,1,,,,,,,
2864211,Shewanella mangrovisoli,94728205,0,live,lolD,"K0H60_RS11415, K0H60_11415",lipoprotein-releasing ABC transporter ATP-binding protein LolD,lipoprotein-releasing ABC transporter ATP-binding protein LolD,,,,,,,,,
558537,Delftia lacustris,94690598,0,live,lolD,U6958_RS08325,lipoprotein-releasing ABC transporter ATP-binding protein LolD,lipoprotein-releasing ABC transporter ATP-binding protein LolD,,,,,,,,,
194197,Neisseria dentiae,94580663,0,live,lolD,"H3L92_RS05660, H3L92_05660",lipoprotein-releasing ABC transporter ATP-binding protein LolD,lipoprotein-releasing ABC transporter ATP-binding protein LolD,,,,,,,,,
693153,Vibrio atlanticus,94233458,0,live,lolD,OCV30_RS10335,lipoprotein-releasing ABC transporter ATP-binding protein LolD,lipoprotein-releasing ABC transporter ATP-binding protein LolD,,1,,,,,,,
685,Vibrio diazotrophicus,94024181,0,live,lolD,AAGA51_RS05155,lipoprotein-releasing ABC transporter ATP-binding protein LolD,lipoprotein-releasing ABC transporter ATP-binding protein LolD,,1,,,,,,,
1481663,Vibrio metoecus,94013461,0,live,lolD,"QYQ96_RS05040, QYQ96_05040",lipoprotein-releasing ABC transporter ATP-binding protein LolD,lipoprotein-releasing ABC transporter ATP-binding protein LolD,,1,,,,,,,
92828,Xanthomonas phaseoli pv. dieffenbachiae,93991384,0,live,lolD,"FLG15_RS10785, FLG15_10795",lipoprotein-releasing ABC transporter ATP-binding protein LolD,lipoprotein-releasing ABC transporter ATP-binding protein LolD,,,,,,,,,
1885674,Xanthomonas cannabis,93987378,0,live,lolD,"RZV17_RS10635, RZV17_10610",lipoprotein-releasing ABC transporter ATP-binding protein LolD,lipoprotein-releasing ABC transporter ATP-binding protein LolD,,,,,,,,,
1697053,Thiopseudomonas alkaliphila,93982775,0,live,lolD,"AKN87_RS00640, AKN87_00640",lipoprotein-releasing ABC transporter ATP-binding protein LolD,lipoprotein-releasing ABC transporter ATP-binding protein LolD,,,,,,,,,
190893,Vibrio coralliilyticus,93942607,0,live,lolD,"P6988_RS13655, P6988_13655",lipoprotein-releasing ABC transporter ATP-binding protein LolD,lipoprotein-releasing ABC transporter ATP-binding protein LolD,,1,,,,,,,
246167,Vibrio crassostreae,93899590,0,live,lolD,OC193_RS05515,lipoprotein-releasing ABC transporter ATP-binding protein LolD,lipoprotein-releasing ABC transporter ATP-binding protein LolD,,1,,,,,,,
56458,Xanthomonas sacchari,93878714,0,live,lolD,"RAB71_RS08930, RAB71_08935",lipoprotein-releasing ABC transporter ATP-binding protein LolD,lipoprotein-releasing ABC transporter ATP-binding protein LolD,,,,,,,,,
2029117,Vandammella animalimorsus,93873206,0,live,lolD,"CLI93_RS02955, CLI93_02955",lipoprotein-releasing ABC transporter ATP-binding protein LolD,lipoprotein-releasing ABC transporter ATP-binding protein LolD,,,,,,,,,
1310165,Ralstonia pseudosolanacearum,93852230,0,live,lolD,"NY025_RS15355, NY025_15355",lipoprotein-releasing ABC transporter ATP-binding protein LolD,lipoprotein-releasing ABC transporter ATP-binding protein LolD,,1,,,,,,,
40324,Stenotrophomonas maltophilia,93833003,0,live,lolD,"CKW06_RS09730, SAMEA4076705_01958",lipoprotein-releasing ABC transporter ATP-binding protein LolD,lipoprotein-releasing ABC transporter ATP-binding protein LolD,,1,,,,,,,
2480810,Pseudoxanthomonas winnipegensis,93829328,0,live,lolD,"MWN52_RS10685, MWN52_10710",lipoprotein-releasing ABC transporter ATP-binding protein LolD,lipoprotein-releasing ABC transporter ATP-binding protein LolD,,,,,,,,,
2963283,Stenotrophomonas muris,93744439,0,live,lolD,"NSA55_RS20830, NSA55_20825",lipoprotein-releasing ABC transporter ATP-binding protein LolD,lipoprotein-releasing ABC transporter ATP-binding protein LolD,,,,,,,,,
487698,Stenotrophomonas pavanii,93707383,0,live,lolD,"BLS66_RS13785, SAMN04487784_2775",lipoprotein-releasing ABC transporter ATP-binding protein LolD,lipoprotein-releasing ABC transporter ATP-binding protein LolD,,,,,,,,,
1306993,Pseudomonas soli,93677039,0,live,lolD,"LU688_RS09835, LU688_09835",lipoprotein-releasing ABC transporter ATP-binding protein LolD,lipoprotein-releasing ABC transporter ATP-binding protein LolD,,,,,,,,,
1314868,Pseudoalteromonas carrageenovora IAM 12662,93663413,0,live,lolD,"ALFOR1_RS07430, PCAR9_A21206, PCAR9_RS07510",lipoprotein-releasing ABC transporter ATP-binding protein LolD,lipoprotein-releasing ABC transporter ATP-binding protein LolD,,PCAR9a,,,,,,,
2810614,Pseudomonas capsici,93562353,0,live,lolD,"JSY17_RS15390, JSY17_15385",lipoprotein-releasing ABC transporter ATP-binding protein LolD,lipoprotein-releasing ABC transporter ATP-binding protein LolD,,,,,,,,,
56192,Photobacterium iliopiscarium,93547452,0,live,lolD,"C9J51_RS03735, C9J51_03735",lipoprotein-releasing ABC transporter ATP-binding protein LolD,lipoprotein-releasing ABC transporter ATP-binding protein LolD,,,,,,,,,
1288410,Pseudomonas guariconensis,93545133,0,live,lolD,"AB1N67_RS16930, AB1N67_16930",lipoprotein-releasing ABC transporter ATP-binding protein LolD,lipoprotein-releasing ABC transporter ATP-binding protein LolD,,,,,,,,,
515393,Pseudomonas yamanorum,93512140,0,live,lolD,"BLU46_RS07475, SAMN05216237_1532",lipoprotein-releasing ABC transporter ATP-binding protein LolD,lipoprotein-releasing ABC transporter ATP-binding protein LolD,,I,,,,,,,
200450,Pseudomonas trivialis,93499353,0,live,lolD,"VRB54_RS07060, VRB54_07060",lipoprotein-releasing ABC transporter ATP-binding protein LolD,lipoprotein-releasing ABC transporter ATP-binding protein LolD,,,,,,,,,
198620,Pseudomonas koreensis,93490162,0,live,lolD,"A8L59_RS17380, A8L59_17370",lipoprotein-releasing ABC transporter ATP-binding protein LolD,lipoprotein-releasing ABC transporter ATP-binding protein LolD,,,,,,,,,
298,Pseudomonas marginalis,93463183,0,live,lolD,"QMK57_RS08190, QMK57_08195",lipoprotein-releasing ABC transporter ATP-binding protein LolD,lipoprotein-releasing ABC transporter ATP-binding protein LolD,,,,,,,,,
47880,Pseudomonas fulva,93441530,0,live,lolD,"Q9323_RS07685, Q9323_07690",lipoprotein-releasing ABC transporter ATP-binding protein LolD,lipoprotein-releasing ABC transporter ATP-binding protein LolD,,,,,,,,,
333,Pseudomonas chlororaphis subsp. chlororaphis,93402593,0,live,lolD,"V4Y05_RS11095, V4Y05_11095",lipoprotein-releasing ABC transporter ATP-binding protein LolD,lipoprotein-releasing ABC transporter ATP-binding protein LolD,,,,,,,,,
85581,Photobacterium damselae subsp. damselae,93398021,0,live,lolD,"WAX86_RS08835, WAX86_08835",lipoprotein-releasing ABC transporter ATP-binding protein LolD,lipoprotein-releasing ABC transporter ATP-binding protein LolD,,1,,,,,,,
2488639,Pectobacterium versatile,93390688,0,live,lolD,"EIP93_RS13480, EIP93_13525",lipoprotein-releasing ABC transporter ATP-binding protein LolD,lipoprotein-releasing ABC transporter ATP-binding protein LolD,,,,,,,,,
495,Neisseria elongata,93351347,0,live,lolD,"DYA92_RS01700, NCTC10660_00333",lipoprotein-releasing ABC transporter ATP-binding protein LolD,lipoprotein-releasing ABC transporter ATP-binding protein LolD,,,,,,,,,
360196,Francisella noatunensis subsp. noatunensis,93255865,0,live,lolD,F8C69_RS08955,lipoprotein-releasing ABC transporter ATP-binding protein LolD,lipoprotein-releasing ABC transporter ATP-binding protein LolD,,,,,,,,,
67857,Exercitatus varius,93225937,0,live,lolD,"P7M01_RS01965, P7M01_01960",lipoprotein-releasing ABC transporter ATP-binding protein LolD,lipoprotein-releasing ABC transporter ATP-binding protein LolD,,,,,,,,,
1207504,Burkholderia pseudomultivorans,93169171,0,live,lolD,"BST28156_RS10880, BPS26883_02142, HU779_RS10885",lipoprotein-releasing ABC transporter ATP-binding protein LolD,lipoprotein-releasing ABC transporter ATP-binding protein LolD,,,,,,,,,
152500,Burkholderia dolosa,93128344,0,live,lolD,"K8O94_RS13745, K8O94_13690",lipoprotein-releasing ABC transporter ATP-binding protein LolD,lipoprotein-releasing ABC transporter ATP-binding protein LolD,,1,,,,,,,
1503054,Burkholderia stagnalis,93053163,0,live,lolD,ABFO07_RS08130,lipoprotein-releasing ABC transporter ATP-binding protein LolD,lipoprotein-releasing ABC transporter ATP-binding protein LolD,,,,,,,,,
488732,Burkholderia diffusa,93028919,0,live,lolD,"BTE28158_RS19420, BDI24065_03851, HU778_RS19415",lipoprotein-releasing ABC transporter ATP-binding protein LolD,lipoprotein-releasing ABC transporter ATP-binding protein LolD,,,,,,,,,
103855,Bordetella hinzii,92993365,0,live,lolD,"EL326_RS02605, NCTC13199_00527",lipoprotein-releasing ABC transporter ATP-binding protein LolD,lipoprotein-releasing ABC transporter ATP-binding protein LolD,,1,,,,,,,
13373,Burkholderia mallei,92979416,0,live,lolD,atcc23344_RS18215,lipoprotein-releasing ABC transporter ATP-binding protein LolD,lipoprotein-releasing ABC transporter ATP-binding protein LolD,,1,,,,,,,
82633,Cupriavidus pauculus,92819901,0,live,lolD,"K8O84_RS14130, K8O84_14090",lipoprotein-releasing ABC transporter ATP-binding protein LolD,lipoprotein-releasing ABC transporter ATP-binding protein LolD,,1,,,,,,,
29489,Aeromonas enteropelogenes,92812085,0,live,lolD,"LA321_RS17370, LA321_17370",lipoprotein-releasing ABC transporter ATP-binding protein LolD,lipoprotein-releasing ABC transporter ATP-binding protein LolD,,,,,,,,,
105751,Aeromonas bestiarum,92723726,0,live,lolD,"IU367_RS12320, IU367_12240",lipoprotein-releasing ABC transporter ATP-binding protein LolD,lipoprotein-releasing ABC transporter ATP-binding protein LolD,,,,,,,,,
1940636,Pseudomonas shirazica,92661677,0,live,lolD,IMX18_RS15975,lipoprotein-releasing ABC transporter ATP-binding protein LolD,lipoprotein-releasing ABC transporter ATP-binding protein LolD,,,,,,,,,
518738,Shewanella vesiculosa,90568770,0,live,lolD,"GW828_RS01885, GW828_01865",lipoprotein-releasing ABC transporter ATP-binding protein LolD,lipoprotein-releasing ABC transporter ATP-binding protein LolD,,,,,,,,,
2213015,Pseudomonas sichuanensis,90535980,0,live,lolD,"LOY51_RS09110, LOY51_09105",lipoprotein-releasing ABC transporter ATP-binding protein LolD,lipoprotein-releasing ABC transporter ATP-binding protein LolD,,,,,,,,,
863372,Herbaspirillum huttiense,90165249,0,live,lolD,"E2K99_RS14560, E2K99_14560",lipoprotein-releasing ABC transporter ATP-binding protein LolD,lipoprotein-releasing ABC transporter ATP-binding protein LolD,,,,,,,,,
251747,Chromobacterium subtsugae,89685393,0,live,lolD,"U6151_RS09635, U6151_09645",lipoprotein-releasing ABC transporter ATP-binding protein LolD,lipoprotein-releasing ABC transporter ATP-binding protein LolD,,,,,,,,,
70346,Acinetobacter variabilis,89665417,0,live,lolD,"Q3F87_RS05525, Q3F87_05525",lipoprotein-releasing ABC transporter ATP-binding protein LolD,lipoprotein-releasing ABC transporter ATP-binding protein LolD,,,,,,,,,
1689450,Pseudomonas moraviensis subsp. stanleyae,89626267,0,live,lolD,"GXB78_RS24620, GXB78_24375",lipoprotein-releasing ABC transporter ATP-binding protein LolD,lipoprotein-releasing ABC transporter ATP-binding protein LolD,,,,,,,,,
1908198,Salinivibrio kushneri,89609423,0,live,lolD,"O4546_RS07300, O4546_07300",lipoprotein-releasing ABC transporter ATP-binding protein LolD,lipoprotein-releasing ABC transporter ATP-binding protein LolD,,,,,,,,,
1516159,Vibrio coralliirubri,89592920,0,live,lolD,V7R44_RS13845,lipoprotein-releasing ABC transporter ATP-binding protein LolD,lipoprotein-releasing ABC transporter ATP-binding protein LolD,,,,,,,,,
650003,Vibrio paracholerae,89514727,0,live,lolD,"R4537_RS13510, R4537_13505",lipoprotein-releasing ABC transporter ATP-binding protein LolD,lipoprotein-releasing ABC transporter ATP-binding protein LolD,,1,,,,,,,
1572645,Neptunomonas phycophila,89456063,0,live,lolD,"FLM49_RS07690, FLM49_07695",lipoprotein-releasing ABC transporter ATP-binding protein LolD,lipoprotein-releasing ABC transporter ATP-binding protein LolD,,,,,,,,,
915099,Pseudomonas canadensis,88823934,0,live,lolD,RB216_RS07680,lipoprotein-releasing ABC transporter ATP-binding protein LolD,lipoprotein-releasing ABC transporter ATP-binding protein LolD,,,,,,,,,
1247546,Pseudomonas hunanensis,88822101,0,live,lolD,"J2W83_RS24035, J2W83_004848",lipoprotein-releasing ABC transporter ATP-binding protein LolD,lipoprotein-releasing ABC transporter ATP-binding protein LolD,,,,,,,,,
170651,Vibrio neptunius,88755621,0,live,lolD,"TW84_RS04940, TW84_04940",lipoprotein-releasing ABC transporter ATP-binding protein LolD,lipoprotein-releasing ABC transporter ATP-binding protein LolD,,,,,,,,,
768528,Shewanella indica,88624512,0,live,lolD,"SIL79_RS13350, SIL79_13350",lipoprotein-releasing ABC transporter ATP-binding protein LolD,lipoprotein-releasing ABC transporter ATP-binding protein LolD,,,,,,,,,
93222,Pandoraea sputorum,88095667,0,live,lolD,"CKW10_RS15140, SAMEA4530655_03047",lipoprotein-releasing ABC transporter ATP-binding protein LolD,lipoprotein-releasing ABC transporter ATP-binding protein LolD,,1,,,,,,,
2340,Solemya velum gill symbiont,86991800,0,live,lolD,"BOW06_RS07550, BOW06_07525",lipoprotein-releasing ABC transporter ATP-binding protein LolD,lipoprotein-releasing ABC transporter ATP-binding protein LolD,,,,,,,,,
2487355,Pseudomonas carnis,86982775,0,live,lolD,"NVV81_RS18445, NVV81_18445",lipoprotein-releasing ABC transporter ATP-binding protein LolD,lipoprotein-releasing ABC transporter ATP-binding protein LolD,,,,,,,,,
86188,Stenotrophomonas geniculata,86935849,0,live,lolD,RI032_RS00910,lipoprotein-releasing ABC transporter ATP-binding protein LolD,lipoprotein-releasing ABC transporter ATP-binding protein LolD,,,,,,,,,
489,Neisseria polysaccharea,86929562,0,live,lolD,RDY34_RS05250,lipoprotein-releasing ABC transporter ATP-binding protein LolD,lipoprotein-releasing ABC transporter ATP-binding protein LolD,,,,,,,,,
1906581,Neisseria bergeri,86875653,0,live,lolD,Q9I80_RS00560,lipoprotein-releasing ABC transporter ATP-binding protein LolD,lipoprotein-releasing ABC transporter ATP-binding protein LolD,,,,,,,,,
2827233,Pasteurella atlantica,86854170,0,live,lolD,U9966_RS05080,lipoprotein-releasing ABC transporter ATP-binding protein LolD,lipoprotein-releasing ABC transporter ATP-binding protein LolD,,1,,,,,,,
51048,Actinobacillus porcinus,86155653,0,live,lolD,"E7T07_RS06340, SAMEA1410922_01257",lipoprotein-releasing ABC transporter ATP-binding protein LolD,lipoprotein-releasing ABC transporter ATP-binding protein LolD,,,,,,,,,
1796644,Rodentibacter caecimuris,85656740,0,live,lolD,"FEE42_RS01235, FEE42_01235",lipoprotein-releasing ABC transporter ATP-binding protein LolD,lipoprotein-releasing ABC transporter ATP-binding protein LolD,,,,,,,,,
51288,Kluyvera ascorbata,85162677,0,live,lolD,"MY052_RS14575, MY052_14575",lipoprotein-releasing ABC transporter ATP-binding protein LolD,lipoprotein-releasing ABC transporter ATP-binding protein LolD,,,,,,,,,
1450134,Stenotrophomonas bentonitica,84661721,0,live,lolD,HGB51_RS14665,lipoprotein-releasing ABC transporter ATP-binding protein LolD,lipoprotein-releasing ABC transporter ATP-binding protein LolD,,,,,,,,,
180588,Psychrobacter faecalis,84652161,0,live,lolD,JMV84_RS01205,lipoprotein-releasing ABC transporter ATP-binding protein LolD,lipoprotein-releasing ABC transporter ATP-binding protein LolD,,,,,,,,,
1619313,Duffyella gerundensis,84613501,0,live,lolD,"J9874_RS09600, J9874_01921",lipoprotein-releasing ABC transporter ATP-binding protein LolD,lipoprotein-releasing ABC transporter ATP-binding protein LolD,,,,,,,,,
483,Neisseria cinerea,84021066,0,live,lolD,"DQM57_RS03720, NCTC10294_00709",lipoprotein-releasing ABC transporter ATP-binding protein LolD,lipoprotein-releasing ABC transporter ATP-binding protein LolD,,1,,,,,,,
1940621,Pseudomonas alloputida,83681324,0,live,lolD,"LU682_RS20175, LU682_020175",lipoprotein-releasing ABC transporter ATP-binding protein LolD,lipoprotein-releasing ABC transporter ATP-binding protein LolD,,,,,,,,,
485880,Pseudomonas kurunegalensis,83668947,0,live,lolD,"QQ992_RS08705, QQ992_08705",lipoprotein-releasing ABC transporter ATP-binding protein LolD,lipoprotein-releasing ABC transporter ATP-binding protein LolD,,,,,,,,,
1522312,Kingella negevensis,83625930,0,live,lolD,"QEO93_RS06080, QEO93_06080",lipoprotein-releasing ABC transporter ATP-binding protein LolD,lipoprotein-releasing ABC transporter ATP-binding protein LolD,,,,,,,,,
2830648,Neisseria viridiae,83618428,0,live,lolD,Q9J84_RS08730,lipoprotein-releasing ABC transporter ATP-binding protein LolD,lipoprotein-releasing ABC transporter ATP-binding protein LolD,,,,,,,,,
2830647,Neisseria blantyrii,83615492,0,live,lolD,Q9J80_RS04915,lipoprotein-releasing ABC transporter ATP-binding protein LolD,lipoprotein-releasing ABC transporter ATP-binding protein LolD,,,,,,,,,
97481,Phocoenobacter skyensis,83545196,0,live,lolD,"A6B44_RS08505, A6B44_08425",lipoprotein-releasing ABC transporter ATP-binding protein LolD,lipoprotein-releasing ABC transporter ATP-binding protein LolD,,,,,,,,,
69,Lysobacter enzymogenes,83063864,0,live,lolD,"LEN_RS09860, LEN_1998",lipoprotein-releasing ABC transporter ATP-binding protein LolD,lipoprotein-releasing ABC transporter ATP-binding protein LolD,,,,,,,,,
29575,Taylorella equigenitalis,79938851,0,live,lolD,"KPH58_RS03070, KPH58_03075",lipoprotein-releasing ABC transporter ATP-binding protein LolD,lipoprotein-releasing ABC transporter ATP-binding protein LolD,,,,,,,,,
28171,Vibrio aestuarianus,79917782,0,live,lolD,"MCT08_RS10300, MCT08_10290",lipoprotein-releasing ABC transporter ATP-binding protein LolD,lipoprotein-releasing ABC transporter ATP-binding protein LolD,,,,,,,,,
86102,Idiomarina abyssalis,78251828,0,live,lolD,"K5X84_RS05040, K5X84_05040",lipoprotein-releasing ABC transporter ATP-binding protein LolD,lipoprotein-releasing ABC transporter ATP-binding protein LolD,,,,,,,,,
2994495,Pseudomonas paraeruginosa,77220522,0,live,lolD,"B7D75_RS10240, B7D75_10240",lipoprotein-releasing ABC transporter ATP-binding protein LolD,lipoprotein-releasing ABC transporter ATP-binding protein LolD,,,,,,,,,
476,Moraxella bovis,77189090,0,live,lolD,"LP107_RS09410, LP107_09315",lipoprotein-releasing ABC transporter ATP-binding protein LolD,lipoprotein-releasing ABC transporter ATP-binding protein LolD,,,,,,,,,
252514,Microbulbifer thermotolerans,76608092,0,live,lolD,"A3224_RS08535, A3224_08535",lipoprotein-releasing ABC transporter ATP-binding protein LolD,lipoprotein-releasing ABC transporter ATP-binding protein LolD,,,,,,,,,
2565368,Pseudomonas atacamensis,75525271,0,live,lolD,"JWU58_RS09525, JWU58_09525",lipoprotein-releasing ABC transporter ATP-binding protein LolD,lipoprotein-releasing ABC transporter ATP-binding protein LolD,,,,,,,,,
2842346,Pseudomonas siliginis,75194618,0,live,lolD,"NF676_RS18360, NF676_18365",lipoprotein-releasing ABC transporter ATP-binding protein LolD,lipoprotein-releasing ABC transporter ATP-binding protein LolD,,,,,,,,,
2946699,Snodgrassella communis,75157700,0,live,lolD,MJ761_RS07645,lipoprotein-releasing ABC transporter ATP-binding protein LolD,lipoprotein-releasing ABC transporter ATP-binding protein LolD,,,,,,,,,
2053930,Xanthomonas prunicola,75153983,0,live,lolD,"M0D43_RS21500, M0D43_21475",lipoprotein-releasing ABC transporter ATP-binding protein LolD,lipoprotein-releasing ABC transporter ATP-binding protein LolD,,,,,,,,,
296,Pseudomonas fragi,72389456,0,live,lolD,"IS178_RS16840, IS178_16840",lipoprotein-releasing ABC transporter ATP-binding protein LolD,lipoprotein-releasing ABC transporter ATP-binding protein LolD,,,,,,,,,
198618,Pseudomonas umsongensis,72193815,0,live,lolD,"HGP31_RS09530, HGP31_09530",lipoprotein-releasing ABC transporter ATP-binding protein LolD,lipoprotein-releasing ABC transporter ATP-binding protein LolD,,,,,,,,,
265293,Burkholderia ubonensis subsp. mesacidophila,69003773,0,live,lolD,B7P44_RS11520,lipoprotein-releasing ABC transporter ATP-binding protein LolD,lipoprotein-releasing ABC transporter ATP-binding protein LolD,,1,,,,,,,
1444770,Xylella taiwanensis,68900108,0,live,lolD,"PLS229_RS02290, PLS229_02290",lipoprotein-releasing ABC transporter ATP-binding protein LolD,lipoprotein-releasing ABC transporter ATP-binding protein LolD,,,,,,,,,
1108595,Chromobacterium vaccinii,68840660,0,live,lolD,"BKX93_RS05510, BKX93_05510",lipoprotein-releasing ABC transporter ATP-binding protein LolD,lipoprotein-releasing ABC transporter ATP-binding protein LolD,,,,,,,,,
106649,Acinetobacter guillouiae,67743505,0,live,lolD,"AS4_RS07005, AS4_13920",lipoprotein-releasing ABC transporter ATP-binding protein LolD,lipoprotein-releasing ABC transporter ATP-binding protein LolD,,,,,,,,,
43662,Pseudoalteromonas piscicida,67501909,0,live,lolD,"K5642_RS09595, K5642_09595",lipoprotein-releasing ABC transporter ATP-binding protein LolD,lipoprotein-releasing ABC transporter ATP-binding protein LolD,,1,,,,,,,
1927127,Candidatus Enterovibrio escicola,66950777,0,live,lolD,"BTN49_RS00895, BTN49_0095",lipoprotein-releasing ABC transporter ATP-binding protein LolD,lipoprotein-releasing ABC transporter ATP-binding protein LolD,,,,,,,,,
480,Moraxella catarrhalis,66585922,0,live,lolD,"MC195_RS05285, MC195_05305",lipoprotein-releasing ABC transporter ATP-binding protein LolD,lipoprotein-releasing ABC transporter ATP-binding protein LolD,,,,,,,,,
202956,Acinetobacter towneri,64222700,0,live,lolD,"J4G44_RS06660, J4G44_06660",lipoprotein-releasing ABC transporter ATP-binding protein LolD,lipoprotein-releasing ABC transporter ATP-binding protein LolD,,,,,,,,,
353,Azotobacter chroococcum,61930227,0,live,lolD,"ACG10_RS06065, ACG10_05935",lipoprotein-releasing ABC transporter ATP-binding protein LolD,lipoprotein-releasing ABC transporter ATP-binding protein LolD,,,,,,,,,
442694,Xanthomonas perforans,61779080,0,live,lolD,"HLH45_RS15680, HLH45_15725",lipoprotein-releasing ABC transporter ATP-binding protein LolD,lipoprotein-releasing ABC transporter ATP-binding protein LolD,,,,,,,,,
498,Psychrobacter immobilis,60255062,0,live,lolD,"C8D84_RS06500, C8D84_105146",lipoprotein-releasing ABC transporter ATP-binding protein LolD,lipoprotein-releasing ABC transporter ATP-binding protein LolD,,,,,,,,,
1313298,Teredinibacter turnerae 1133Y.S.0a.04,58409453,0,live,lolD,K255_RS0111045,lipoprotein-releasing ABC transporter ATP-binding protein LolD,lipoprotein-releasing ABC transporter ATP-binding protein LolD,,,,,,,,,
325777,Xanthomonas axonopodis pv. vasculorum,58003146,0,live,lolD,"XAV_RS10620, XAV_10665",lipoprotein-releasing ABC transporter ATP-binding protein LolD,lipoprotein-releasing ABC transporter ATP-binding protein LolD,,,,,,,,,
123899,Bordetella trematum,56589930,0,live,lolD,"DY259_RS12825, NCTC12995_02582",lipoprotein-releasing ABC transporter ATP-binding protein LolD,lipoprotein-releasing ABC transporter ATP-binding protein LolD,,,,,,,,,
314275,Alteromonas mediterranea,56342130,0,live,lolD,"BM526_RS07660, BM526_07640",lipoprotein-releasing ABC transporter ATP-binding protein LolD,lipoprotein-releasing ABC transporter ATP-binding protein LolD,,,,,,,,,
29430,Acinetobacter haemolyticus,56328563,0,live,lolD,DS737_RS04760,lipoprotein-releasing ABC transporter ATP-binding protein LolD,lipoprotein-releasing ABC transporter ATP-binding protein LolD,,,,,,,,,
40216,Acinetobacter radioresistens,56306342,0,live,lolD,"DOM24_RS09615, DOM24_09615",lipoprotein-releasing ABC transporter ATP-binding protein LolD,lipoprotein-releasing ABC transporter ATP-binding protein LolD,,,,,,,,,
511998,Aliivibrio finisterrensis,56275691,0,live,lolD,"ERW49_RS11550, ERW49_11550",lipoprotein-releasing ABC transporter ATP-binding protein LolD,lipoprotein-releasing ABC transporter ATP-binding protein LolD,,,,,,,,,
28108,Alteromonas macleodii,56266793,0,live,lolD,"TE101_RS08115, TE101_08125",lipoprotein-releasing ABC transporter ATP-binding protein LolD,lipoprotein-releasing ABC transporter ATP-binding protein LolD,,,,,,,,,
564423,Pseudomonas tolaasii NCPPB 2192,55846306,0,live,lolD,"ATI14_RS15015, ATI14_3126",lipoprotein-releasing ABC transporter ATP-binding protein LolD,lipoprotein-releasing ABC transporter ATP-binding protein LolD,,,,,,,,,
47920,Acidovorax delafieldii,51111870,0,live,lolD,"ATF69_RS13965, ATF69_2812",lipoprotein-releasing ABC transporter ATP-binding protein LolD,lipoprotein-releasing ABC transporter ATP-binding protein LolD,,,,,,,,,
70775,Pseudomonas plecoglossicida,49613292,0,live,lolD,"DVB73_RS07680, DVB73_07675",lipoprotein-releasing ABC transporter ATP-binding protein LolD,lipoprotein-releasing ABC transporter ATP-binding protein LolD,,,,,,,,,
715,Actinobacillus pleuropneumoniae,48600339,0,live,lolD,"DRF63_RS11065, DRF63_11055",lipoprotein-releasing ABC transporter ATP-binding protein LolD,lipoprotein-releasing ABC transporter ATP-binding protein LolD,,,,,,,,,
196024,Aeromonas dhakensis,47845267,0,live,lolD,"CK627_RS13895, CK627_13895",lipoprotein-releasing ABC transporter ATP-binding protein LolD,lipoprotein-releasing ABC transporter ATP-binding protein LolD,,,,,,,,,
75612,Pseudomonas mandelii,46431431,0,live,lolD,"BLU63_RS21820, SAMN04489801_4432",lipoprotein-releasing ABC transporter ATP-binding protein LolD,lipoprotein-releasing ABC transporter ATP-binding protein LolD,,I,,,,,,,
1615674,Pseudomonas lactis,45734252,0,live,lolD,"TX24_RS18720, TX24_18750",lipoprotein-releasing ABC transporter ATP-binding protein LolD,lipoprotein-releasing ABC transporter ATP-binding protein LolD,,,,,,,,,
1282356,Pseudomonas poae RE*1-1-14,45486851,0,live,lolD,"H045_RS04340, H045_04375",lipoprotein-releasing ABC transporter ATP-binding protein LolD,lipoprotein-releasing ABC transporter ATP-binding protein LolD,,,NC_020209.1,942466,943149,plus,0,,
29495,Vibrio navarrensis,43682726,0,live,lolD,"EA26_RS05745, EA26_05875",lipoprotein-releasing ABC transporter ATP-binding protein LolD,lipoprotein-releasing ABC transporter ATP-binding protein LolD,,,,,,,,,
318167,Shewanella frigidimarina NCIMB 400,41837761,0,live,lolD,"SFRI_RS12310, Sfri_2396",lipoprotein-releasing ABC transporter ATP-binding protein LolD,lipoprotein-releasing ABC transporter ATP-binding protein LolD,,,NC_008345.1,2857648,2858367,minus,0,,
592050,Acidovorax soli,34231930,0,live,lolD,"BLW02_RS12945, SAMN05421875_11973",lipoprotein-releasing ABC transporter ATP-binding protein LolD,lipoprotein-releasing ABC transporter ATP-binding protein LolD,,,,,,,,,
261164,Psychrobacter alimentarius,33060832,0,live,lolD,"A3K91_RS09195, A3K91_1834",lipoprotein-releasing ABC transporter ATP-binding protein LolD,lipoprotein-releasing ABC transporter ATP-binding protein LolD,,,,,,,,,
1217648,Acinetobacter beijerinckii CIP 110307,29857903,0,live,lolD,"F933_RS15570, F933_03153",lipoprotein-releasing ABC transporter ATP-binding protein LolD,lipoprotein-releasing ABC transporter ATP-binding protein LolD,,,,,,,,,
552,Erwinia amylovora,97605805,0,live,lolD,ACFXQC_RS07640,lipoprotein-releasing ABC transporter ATP-binding protein LolD,lipoprotein-releasing ABC transporter ATP-binding protein LolD,,,,,,,,,
290112,Xenorhabdus szentirmaii,97124054,0,live,lolD,"Xszus_RS05720, Xszus_01191",lipoprotein-releasing ABC transporter ATP-binding protein LolD,lipoprotein-releasing ABC transporter ATP-binding protein LolD,,,,,,,,,
367190,Yersinia similis,96665957,0,live,lolD,"BF17_RS20575, BF17_21635",lipoprotein-releasing ABC transporter ATP-binding protein LolD,lipoprotein-releasing ABC transporter ATP-binding protein LolD,,,,,,,,,
2703885,Rahnella aceris,95416489,0,live,lolD,"MNO10_RS02755, MNO10_02755",lipoprotein-releasing ABC transporter ATP-binding protein LolD,lipoprotein-releasing ABC transporter ATP-binding protein LolD,,,,,,,,,
138074,Serratia symbiotica,93736203,0,live,lolD,"SYMBAF_RS06670, SYMBAF_06690",lipoprotein-releasing ABC transporter ATP-binding protein LolD,lipoprotein-releasing ABC transporter ATP-binding protein LolD,,,,,,,,,
35703,Citrobacter amalonaticus,93032718,0,live,lolD,"LA348_RS05660, LA348_05660",lipoprotein-releasing ABC transporter ATP-binding protein LolD,lipoprotein-releasing ABC transporter ATP-binding protein LolD,,,,,,,,,
2778550,Pectobacterium parvum,90770983,0,live,lolD,"LOZ86_RS09190, LOZ86_09190",lipoprotein-releasing ABC transporter ATP-binding protein LolD,lipoprotein-releasing ABC transporter ATP-binding protein LolD,,,,,,,,,
2029681,Photorhabdus bodei,88804876,0,live,lolD,"CKY02_RS03055, CKY02_03010",lipoprotein-releasing ABC transporter ATP-binding protein LolD,lipoprotein-releasing ABC transporter ATP-binding protein LolD,,,,,,,,,
333965,Providencia vermicola,88353117,0,live,lolD,KDJ85_RS05665,lipoprotein-releasing ABC transporter ATP-binding protein LolD,lipoprotein-releasing ABC transporter ATP-binding protein LolD,,,,,,,,,
58169,Rahnella inusitata,88080277,0,live,lolD,"I2123_RS09595, I2123_09585",lipoprotein-releasing ABC transporter ATP-binding protein LolD,lipoprotein-releasing ABC transporter ATP-binding protein LolD,,,,,,,,,
28151,Serratia proteamaculans,83698868,0,live,lolD,QOT07_RS10280,lipoprotein-releasing ABC transporter ATP-binding protein LolD,lipoprotein-releasing ABC transporter ATP-binding protein LolD,,EBP3064_c1,,,,,,,
3020826,Serratia sarumanii,301145623,0,live,lolD,"VOT19_RS09695, VOT19_09695",lipoprotein-releasing ABC transporter ATP-binding protein LolD,lipoprotein-releasing ABC transporter ATP-binding protein LolD,,,,,,,,,
2703794,Serratia nevei,98187944,0,live,lolD,"V8N38_RS10280, V8N38_10280",lipoprotein-releasing ABC transporter ATP-binding protein LolD,lipoprotein-releasing ABC transporter ATP-binding protein LolD,,,,,,,,,
208224,Enterobacter kobei,93154801,0,live,lolD,"LCD42_RS08460, LCD42_08470",lipoprotein-releasing ABC transporter ATP-binding protein LolD,lipoprotein-releasing ABC transporter ATP-binding protein LolD,,,,,,,,,
3031799,Providencia hangzhouensis,92274611,0,live,lolD,"PZ638_RS09080, PZ638_09085",lipoprotein-releasing ABC transporter ATP-binding protein LolD,lipoprotein-releasing ABC transporter ATP-binding protein LolD,,,,,,,,,
575,Raoultella planticola,57429949,0,live,lolD,"MC50_RS18410, MC50_018410",lipoprotein-releasing ABC transporter ATP-binding protein LolD,lipoprotein-releasing ABC transporter ATP-binding protein LolD,,,,,,,,,
1346614,Serratia liquefaciens ATCC 27592,29903476,0,live,lolD,"M495_RS09665, M495_09800",lipoprotein-releasing ABC transporter ATP-binding protein LolD,lipoprotein-releasing ABC transporter ATP-binding protein LolD,,,NC_021741.1,2065274,2065978,plus,0,,
1196095,Gilliamella apicola,29849670,0,live,lolD,"GAPWK_RS07790, GAPWK_1552",lipoprotein-releasing ABC transporter ATP-binding protein LolD,lipoprotein-releasing ABC transporter ATP-binding protein LolD,,,,,,,,,
565050,Caulobacter vibrioides NA1000,7333113,0,live,lolD,CCNA_00981,"ABC-type transport system involved in lipoprotein release, ATPase component LolD","ABC-type transport system involved in lipoprotein release, ATPase component LolD",,,NC_011916.1,1060597,1061301,plus,0,,
2058152,Klebsiella grimontii,97395980,0,live,lolD,"ACE3MN_RS16135, ACE3MN_16135",lipoprotein-releasing ABC transporter ATP-binding protein LolD,lipoprotein-releasing ABC transporter ATP-binding protein LolD,,,,,,,,,
1159613,Cronobacter muytjensii ATCC 51329,92213494,0,live,lolD,"AFK63_RS10785, AFK63_10805",lipoprotein-releasing ABC transporter ATP-binding protein LolD,lipoprotein-releasing ABC transporter ATP-binding protein LolD,,,,,,,,,
1398493,Pseudocitrobacter faecalis,99807727,0,live,lolD,"IE167_RS07080, GCM10011445_14020",lipoprotein-releasing ABC transporter ATP-binding protein LolD,lipoprotein-releasing ABC transporter ATP-binding protein LolD,,,,,,,,,
574964,Rahnella variigena,302709326,0,live,lolD,"CKQ54_RS11005, CKQ54_10960",lipoprotein-releasing ABC transporter ATP-binding protein LolD,lipoprotein-releasing ABC transporter ATP-binding protein LolD,,,,,,,,,
1240404,Dickeya oryzae,302582535,0,live,lolD,"LF929_RS12660, LF929_012660",lipoprotein-releasing ABC transporter ATP-binding protein LolD,lipoprotein-releasing ABC transporter ATP-binding protein LolD,,,,,,,,,
55212,Erwinia rhapontici,99866023,0,live,lolD,"LJN55_RS08635, LJN55_08635",lipoprotein-releasing ABC transporter ATP-binding protein LolD,lipoprotein-releasing ABC transporter ATP-binding protein LolD,,,,,,,,,
1218112,Kluyvera cryocrescens NBRC 102467,99776485,0,live,lolD,KCR01S_RS04625,lipoprotein-releasing ABC transporter ATP-binding protein LolD,lipoprotein-releasing ABC transporter ATP-binding protein LolD,,,,,,,,,
1970738,Gilliamella apis,99745123,0,live,lolD,"RAM03_RS06965, RAM03_06965",lipoprotein-releasing ABC transporter ATP-binding protein LolD,lipoprotein-releasing ABC transporter ATP-binding protein LolD,,,,,,,,,
574096,Pantoea allii,99737461,0,live,lolD,"QNH99_RS13970, QNH99_13950",lipoprotein-releasing ABC transporter ATP-binding protein LolD,lipoprotein-releasing ABC transporter ATP-binding protein LolD,,,,,,,,,
3133180,Enterobacter intestinihominis,99705368,0,live,lolD,"ACN6BD_RS08340, ACN6BD_08340",lipoprotein-releasing ABC transporter ATP-binding protein LolD,lipoprotein-releasing ABC transporter ATP-binding protein LolD,,,,,,,,,
2725494,Kluyvera sichuanensis,98387882,0,live,lolD,"AB2B48_RS03020, AB2B48_03020",lipoprotein-releasing ABC transporter ATP-binding protein LolD,lipoprotein-releasing ABC transporter ATP-binding protein LolD,,,,,,,,,
71657,Lonsdalea quercina,97763944,0,live,lolD,"BLU64_RS05100, SAMN02982996_01030",lipoprotein-releasing ABC transporter ATP-binding protein LolD,lipoprotein-releasing ABC transporter ATP-binding protein LolD,,,,,,,,,
69220,Lelliottia nimipressuralis,97601248,0,live,lolD,"ACB496_RS08220, ACB496_08220",lipoprotein-releasing ABC transporter ATP-binding protein LolD,lipoprotein-releasing ABC transporter ATP-binding protein LolD,,,,,,,,,
2890318,Yersinia vastinensis,97455817,0,live,lolD,"ACIOG0_RS09080, ACIOG0_09080",lipoprotein-releasing ABC transporter ATP-binding protein LolD,lipoprotein-releasing ABC transporter ATP-binding protein LolD,,,,,,,,,
2497436,Enterobacter quasiroggenkampii,97444955,0,live,lolD,"V1572_RS11360, V1572_11340",lipoprotein-releasing ABC transporter ATP-binding protein LolD,lipoprotein-releasing ABC transporter ATP-binding protein LolD,,,,,,,,,
3050585,Lelliottia wanjuensis,97187297,0,live,lolD,"QQF30_RS17920, QQF30_17920",lipoprotein-releasing ABC transporter ATP-binding protein LolD,lipoprotein-releasing ABC transporter ATP-binding protein LolD,,,,,,,,,
638,Arsenophonus nasoniae,96877502,0,live,lolD,"ArsFIN_RS11415, ArsFIN_24610",lipoprotein-releasing ABC transporter ATP-binding protein LolD,lipoprotein-releasing ABC transporter ATP-binding protein LolD,,,,,,,,,
2890316,Yersinia proxima,93969239,0,live,lolD,FTB31_RS02270,lipoprotein-releasing ABC transporter ATP-binding protein LolD,lipoprotein-releasing ABC transporter ATP-binding protein LolD,,,,,,,,,
2943489,Xenorhabdus bovienii subsp. africana,93906692,0,live,lolD,"M5U04_RS03060, M5U04_03060",lipoprotein-releasing ABC transporter ATP-binding protein LolD,lipoprotein-releasing ABC transporter ATP-binding protein LolD,,,,,,,,,
587,Providencia rettgeri,93672894,0,live,lolD,"I6L80_RS10950, I6L80_10950",lipoprotein-releasing ABC transporter ATP-binding protein LolD,lipoprotein-releasing ABC transporter ATP-binding protein LolD,,,,,,,,,
470931,Pantoea anthophila,93533518,0,live,lolD,"OJ965_RS13785, OJ965_13780",lipoprotein-releasing ABC transporter ATP-binding protein LolD,lipoprotein-releasing ABC transporter ATP-binding protein LolD,,,,,,,,,
585,Proteus vulgaris,93394754,0,live,lolD,"N1711_RS11090, N1711_11090",lipoprotein-releasing ABC transporter ATP-binding protein LolD,lipoprotein-releasing ABC transporter ATP-binding protein LolD,,,,,,,,,
61646,Lelliottia amnigena,93308716,0,live,lolD,"I6L74_RS16455, I6L74_16455",lipoprotein-releasing ABC transporter ATP-binding protein LolD,lipoprotein-releasing ABC transporter ATP-binding protein LolD,,,,,,,,,
1463165,Klebsiella quasipneumoniae,93253386,0,live,lolD,"LA349_RS22515, LA349_22515",lipoprotein-releasing ABC transporter ATP-binding protein LolD,lipoprotein-releasing ABC transporter ATP-binding protein LolD,,,,,,,,,
2497875,Enterobacter chuandaensis,93245224,0,live,lolD,"MX657_RS09055, MX657_09045",lipoprotein-releasing ABC transporter ATP-binding protein LolD,lipoprotein-releasing ABC transporter ATP-binding protein LolD,,,,,,,,,
636,Edwardsiella tarda,93124449,0,live,lolD,"K8O98_RS11960, K8O98_11915",lipoprotein-releasing ABC transporter ATP-binding protein LolD,lipoprotein-releasing ABC transporter ATP-binding protein LolD,,,,,,,,,
67824,Citrobacter farmeri,92973582,0,live,lolD,"I6L53_RS12740, I6L53_12740",lipoprotein-releasing ABC transporter ATP-binding protein LolD,lipoprotein-releasing ABC transporter ATP-binding protein LolD,,,,,,,,,
2529382,Enterobacter quasihormaechei,92385865,0,live,lolD,"E0L16_RS13845, E0L16_13845",lipoprotein-releasing ABC transporter ATP-binding protein LolD,lipoprotein-releasing ABC transporter ATP-binding protein LolD,,,,,,,,,
61648,Kluyvera intermedia,91973313,0,live,lolD,"GHC21_RS12930, GHC21_12930",lipoprotein-releasing ABC transporter ATP-binding protein LolD,lipoprotein-releasing ABC transporter ATP-binding protein LolD,,,,,,,,,
2108399,Pectobacterium punjabense,90763842,0,live,lolD,"E2566_RS12760, E2566_12870",lipoprotein-releasing ABC transporter ATP-binding protein LolD,lipoprotein-releasing ABC transporter ATP-binding protein LolD,,,,,,,,,
470933,Pantoea eucalypti,90521578,0,live,lolD,"EE896_RS11995, EE896_11995",lipoprotein-releasing ABC transporter ATP-binding protein LolD,lipoprotein-releasing ABC transporter ATP-binding protein LolD,,,,,,,,,
634,Yersinia bercovieri,89597248,0,live,lolD,"QJR59_RS11710, QJR59_11660",lipoprotein-releasing ABC transporter ATP-binding protein LolD,lipoprotein-releasing ABC transporter ATP-binding protein LolD,,,,,,,,,
68334,Erwinia aphidicola,89472850,0,live,lolD,WFJ98_RS03465,lipoprotein-releasing ABC transporter ATP-binding protein LolD,lipoprotein-releasing ABC transporter ATP-binding protein LolD,,,,,,,,,
351672,Xenorhabdus griffiniae,88855436,0,live,lolD,"QL128_RS07720, QL128_07720",lipoprotein-releasing ABC transporter ATP-binding protein LolD,lipoprotein-releasing ABC transporter ATP-binding protein LolD,,,,,,,,,
566,Pseudescherichia vulneris,88814773,0,live,lolD,FN633_RS05785,lipoprotein-releasing ABC transporter ATP-binding protein LolD,lipoprotein-releasing ABC transporter ATP-binding protein LolD,,1,,,,,,,
472693,Pantoea eucrina,84690999,0,live,lolD,"LAC65_RS06225, LAC65_06225",lipoprotein-releasing ABC transporter ATP-binding protein LolD,lipoprotein-releasing ABC transporter ATP-binding protein LolD,,,,,,,,,
255519,Atlantibacter subterraneus,84665460,0,live,lolD,"NLZ15_RS12550, NLZ15_12550",lipoprotein-releasing ABC transporter ATP-binding protein LolD,lipoprotein-releasing ABC transporter ATP-binding protein LolD,,,,,,,,,
665913,Mixta calida,84633957,0,live,lolD,FS650_RS18660,lipoprotein-releasing ABC transporter ATP-binding protein LolD,lipoprotein-releasing ABC transporter ATP-binding protein LolD,,,,,,,,,
1987580,Proteus columbae,84584128,0,live,lolD,CBE70_RS01050,lipoprotein-releasing ABC transporter ATP-binding protein LolD,lipoprotein-releasing ABC transporter ATP-binding protein LolD,,,,,,,,,
67826,Citrobacter sedlakii,84236375,0,live,lolD,"JY391_RS09925, JY391_09925",lipoprotein-releasing ABC transporter ATP-binding protein LolD,lipoprotein-releasing ABC transporter ATP-binding protein LolD,,,,,,,,,
2050967,Proteus faecis,83611128,0,live,lolD,"QSH13_RS01610, QSH13_01610",lipoprotein-releasing ABC transporter ATP-binding protein LolD,lipoprotein-releasing ABC transporter ATP-binding protein LolD,,,,,,,,,
472695,Pantoea septica,78548908,0,live,lolD,FX113_RS10280,lipoprotein-releasing ABC transporter ATP-binding protein LolD,lipoprotein-releasing ABC transporter ATP-binding protein LolD,,,,,,,,,
208223,Kosakonia cowanii,77484212,0,live,lolD,ODS25_RS13310,lipoprotein-releasing ABC transporter ATP-binding protein LolD,lipoprotein-releasing ABC transporter ATP-binding protein LolD,,,,,,,,,
42906,Serratia entomophila,75022316,0,live,lolD,"KHA73_RS10195, KHA73_10200",lipoprotein-releasing ABC transporter ATP-binding protein LolD,lipoprotein-releasing ABC transporter ATP-binding protein LolD,,,,,,,,,
1544694,Rosenbergiella epipactidis,71072725,0,live,lolD,"HGT71_RS00570, HGT71_00575",lipoprotein-releasing ABC transporter ATP-binding protein LolD,lipoprotein-releasing ABC transporter ATP-binding protein LolD,,,,,,,,,
1109412,Brenneria goodwinii,70906258,0,live,lolD,"ACN28R_RS05715, AWC36_05620, AWC36_RS05745",lipoprotein-releasing ABC transporter ATP-binding protein LolD,lipoprotein-releasing ABC transporter ATP-binding protein LolD,,,,,,,,,
472694,Pantoea brenneri,57343504,0,live,lolD,"HZS23_RS00055, HZS23_00055",lipoprotein-releasing ABC transporter ATP-binding protein LolD,lipoprotein-releasing ABC transporter ATP-binding protein LolD,,,,,,,,,
171439,Photorhabdus luminescens subsp. luminescens,45654257,0,live,lolD,"TI10_RS00075, TI10_00075",lipoprotein-releasing ABC transporter ATP-binding protein LolD,lipoprotein-releasing ABC transporter ATP-binding protein LolD,,,,,,,,,
1225786,Dickeya solani IPO 2222,43517097,0,live,lolD,"A4U42_RS00855, A4U42_00855",lipoprotein-releasing ABC transporter ATP-binding protein LolD,lipoprotein-releasing ABC transporter ATP-binding protein LolD,,,,,,,,,
96344,Cupriavidus oxalaticus,303491350,0,live,lolD,"JTE92_RS17505, JTE92_17505",lipoprotein-releasing ABC transporter ATP-binding protein LolD,lipoprotein-releasing ABC transporter ATP-binding protein LolD,,2,,,,,,,
